Дата;  1-кімнатна ; 2-кімнатна ; 3-кімнатна ; Курс долара 
23.11.15; 5 000,00 ? ; 7 391,00 ? ; 12 000,00 ? ; 24,06 ? 
24.11.15; 5 000,00 ? ; 7 396,00 ? ; 12 000,00 ? ; 24,06 ? 
25.11.15; 5 000,00 ? ; 7 402,00 ? ; 12 000,00 ? ;  
26.11.15; 5 000,00 ? ; 7 407,00 ? ; 12 000,00 ? ; 23,60 ? 
27.11.15; 5 000,00 ? ; 7 412,00 ? ; 12 000,00 ? ; 23,88 ? 
28.11.15; 5 000,00 ? ; 7 418,00 ? ; 12 000,00 ? ; 23,88 ? 
29.11.15; 5 000,00 ? ; 7 424,00 ? ; 12 000,00 ? ; 23,88 ? 
30.11.15; 5 000,00 ? ; 7 429,00 ? ; 12 000,00 ? ; 23,95 ? 
01.12.15; 5 000,00 ? ; 7 439,00 ? ; 12 000,00 ? ; 23,84 ? 
02.12.15; 5 000,00 ? ; 7 448,00 ? ; 12 000,00 ? ; 23,65 ? 
03.12.15; 5 000,00 ? ; 7 456,00 ? ; 12 000,00 ? ; 23,09 ? 
04.12.15; 5 000,00 ? ; 7 463,00 ? ; 12 000,00 ? ; 23,65 ? 
05.12.15; 5 000,00 ? ; 7 472,00 ? ; 12 004,00 ? ; 23,65 ? 
06.12.15; 5 001,00 ? ; 7 483,00 ? ; 12 013,00 ? ; 23,65 ? 
07.12.15; 5 004,00 ? ; 7 495,00 ? ; 12 027,00 ? ; 23,45 ? 
08.12.15; 5 009,00 ? ; 7 509,00 ? ; 12 044,00 ? ; 22,91 ? 
09.12.15; 5 017,00 ? ; 7 525,00 ? ; 12 067,00 ? ; 22,89 ? 
10.12.15; 5 027,00 ? ; 7 541,00 ? ; 12 092,00 ? ; 23,37 ? 
11.12.15; 5 039,00 ? ; 7 560,00 ? ; 12 119,00 ? ; 23,86 ? 
12.12.15; 5 053,00 ? ; 7 579,00 ? ; 12 149,00 ? ; 23,86 ? 
13.12.15; 5 069,00 ? ; 7 600,00 ? ; 12 180,00 ? ; 23,86 ? 
14.12.15; 5 086,00 ? ; 7 622,00 ? ; 12 213,00 ? ; 23,81 ? 
15.12.15; 5 105,00 ? ; 7 647,00 ? ; 12 249,00 ? ; 23,45 ? 
16.12.15; 5 125,00 ? ; 7 673,00 ? ; 12 287,00 ? ; 23,52 ? 
17.12.15; 5 145,00 ? ; 7 701,00 ? ; 12 329,00 ? ; 23,49 ? 
18.12.15; 5 166,00 ? ; 7 730,00 ? ; 12 375,00 ? ; 23,55 ? 
19.12.15; 5 188,00 ? ; 7 761,00 ? ; 12 425,00 ? ; 23,55 ? 
20.12.15; 5 209,00 ? ; 7 790,00 ? ; 12 469,00 ? ; 23,55 ? 
21.12.15; 5 230,00 ? ; 7 816,00 ? ; 12 509,00 ? ; 23,52 ? 
22.12.15; 5 245,00 ? ; 7 839,00 ? ; 12 543,00 ? ; 23,15 ? 
23.12.15; 5 257,00 ? ; 7 859,00 ? ; 12 571,00 ? ; 23 
24.12.15; 5 263,00 ? ; 7 876,00 ? ; 12 592,00 ? ; 22,96 ? 
25.12.15; 5 266,00 ? ; 7 890,00 ? ; 12 609,00 ? ; 23,14 ? 
26.12.15; 5 264,00 ? ; 7 899,00 ? ; 12 622,00 ? ; 23,14 ? 
27.12.15; 5 257,00 ? ; 7 906,00 ? ; 12 633,00 ? ; 23,14 ? 
28.12.15; 5 247,00 ? ; 7 908,00 ? ; 12 644,00 ? ; 23,81 ? 
29.12.15; 5 235,00 ? ; 7 907,00 ? ; 12 654,00 ? ; 23,79 ? 
30.12.15; 5 219,00 ? ; 7 902,00 ? ; 12 664,00 ? ; 24 
31.12.15; 5 202,00 ? ; 7 895,00 ? ; 12 670,00 ? ; 24 
01.01.16; 5 183,00 ? ; 7 887,00 ? ; 12 675,00 ? ; 24 
02.01.16; 5 165,00 ? ; 7 876,00 ? ; 12 677,00 ? ; 24 
03.01.16; 5 146,00 ? ; 7 864,00 ? ; 12 676,00 ? ; 24 
04.01.16; 5 129,00 ? ; 7 853,00 ? ; 12 677,00 ? ; 24 
05.01.16; 5 113,00 ? ; 7 842,00 ? ; 12 677,00 ? ; 23,78 ? 
06.01.16; 5 100,00 ? ; 7 832,00 ? ; 12 680,00 ? ; 23,50 ? 
07.01.16; 5 089,00 ? ; 7 823,00 ? ; 12 687,00 ? ; 23,50 ? 
08.01.16; 5 081,00 ? ; 7 817,00 ? ; 12 697,00 ? ; 23,50 ? 
09.01.16; 5 075,00 ? ; 7 813,00 ? ; 12 713,00 ? ; 23,50 ? 
10.01.16; 5 072,00 ? ; 7 811,00 ? ; 12 734,00 ? ; 23,50 ? 
11.01.16; 5 070,00 ? ; 7 813,00 ? ; 12 757,00 ? ; 23,50 ? 
12.01.16; 5 071,00 ? ; 7 817,00 ? ; 12 779,00 ? ; 23,27 ? 
13.01.16; 5 073,00 ? ; 7 824,00 ? ; 12 802,00 ? ; 23,64 ? 
14.01.16; 5 076,00 ? ; 7 833,00 ? ; 12 824,00 ? ; 23,95 ? 
15.01.16; 5 080,00 ? ; 7 845,00 ? ; 12 845,00 ? ; 24,19 ? 
16.01.16; 5 083,00 ? ; 7 856,00 ? ; 12 865,00 ? ; 24,38 ? 
17.01.16; 5 086,00 ? ; 7 869,00 ? ; 12 883,00 ? ; 24,38 ? 
18.01.16; 5 086,00 ? ; 7 882,00 ? ; 12 902,00 ? ; 24,64 ? 
19.01.16; 5 084,00 ? ; 7 895,00 ? ; 12 919,00 ? ; 24,84 ? 
20.01.16; 5 080,00 ? ; 7 908,00 ? ; 12 939,00 ? ; 24,66 ? 
21.01.16; 5 076,00 ? ; 7 920,00 ? ; 12 962,00 ? ; 24,52 ? 
22.01.16; 5 070,00 ? ; 7 932,00 ? ; 12 988,00 ? ; 24,79 ? 
23.01.16; 5 064,00 ? ; 7 943,00 ? ; 13 017,00 ? ; 24,79 ? 
24.01.16; 5 057,00 ? ; 7 953,00 ? ; 13 050,00 ? ; 24,79 ? 
25.01.16; 5 051,00 ? ; 7 962,00 ? ; 13 086,00 ? ; 24,83 ? 
26.01.16; 5 045,00 ? ; 7 969,00 ? ; 13 123,00 ? ; 24,85 ? 
27.01.16; 5 038,00 ? ; 7 976,00 ? ; 13 166,00 ? ; 24,87 ? 
28.01.16; 5 032,00 ? ; 7 981,00 ? ; 13 213,00 ? ; 25,15 ? 
29.01.16; 5 025,00 ? ; 7 984,00 ? ; 13 265,00 ? ; 25,56 ? 
30.01.16; 5 019,00 ? ; 7 987,00 ? ; 13 322,00 ? ; 25,56 ? 
31.01.16; 5 013,00 ? ; 7 989,00 ? ; 13 387,00 ? ; 25,56 ? 
01.02.16; 5 009,00 ? ; 7 990,00 ? ; 13 457,00 ? ; 25,45 ? 
02.02.16; 5 005,00 ? ; 7 991,00 ? ; 13 534,00 ? ; 25,87 ? 
03.02.16; 5 003,00 ? ; 7 993,00 ? ; 13 617,00 ? ; 25,70 ? 
04.02.16; 5 001,00 ? ; 7 993,00 ? ; 13 699,00 ? ; 25,89 ? 
05.02.16; 5 000,00 ? ; 7 994,00 ? ; 13 777,00 ? ; 25,91 ? 
06.02.16; 5 000,00 ? ; 7 995,00 ? ; 13 852,00 ? ; 25,91 ? 
07.02.16; 5 000,00 ? ; 7 996,00 ? ; 13 922,00 ? ; 25,91 ? 
08.02.16; 5 000,00 ? ; 7 997,00 ? ; 13 983,00 ? ; 25,88 ? 
09.02.16; 5 000,00 ? ; 7 998,00 ? ; 14 036,00 ? ; 25,94 ? 
10.02.16; 5 000,00 ? ; 7 999,00 ? ; 14 086,00 ? ; 25,94 ? 
11.02.16; 5 000,00 ? ; 8 001,00 ? ; 14 128,00 ? ; 26,08 ? 
12.02.16; 5 000,00 ? ; 8 004,00 ? ; 14 168,00 ? ; 26,15 ? 
13.02.16; 5 000,00 ? ; 8 008,00 ? ; 14 202,00 ? ; 26,15 ? 
14.02.16; 5 000,00 ? ; 8 012,00 ? ; 14 230,00 ? ; 26,15 ? 
15.02.16; 5 000,00 ? ; 8 017,00 ? ; 14 252,00 ? ; 26,82 ? 
16.02.16; 5 000,00 ? ; 8 022,00 ? ; 14 266,00 ? ; 27,02 ? 
17.02.16; 5 000,00 ? ; 8 026,00 ? ; 14 271,00 ? ; 26,72 ? 
18.02.16; 5 000,00 ? ; 8 031,00 ? ; 14 268,00 ? ; 26,46 ? 
19.02.16; 5 000,00 ? ; 8 035,00 ? ; 14 260,00 ? ; 26,86 ? 
20.02.16; 5 000,00 ? ; 8 040,00 ? ; 14 251,00 ? ; 26,86 ? 
21.02.16; 5 000,00 ? ; 8 044,00 ? ; 14 237,00 ? ; 26,86 ? 
22.02.16; 5 001,00 ? ; 8 049,00 ? ; 14 224,00 ? ; 27,01 ? 
23.02.16; 5 001,00 ? ; 8 053,00 ? ; 14 211,00 ? ; 27,23 ? 
24.02.16; 5 003,00 ? ; 8 058,00 ? ; 14 201,00 ? ; 27,22 ? 
25.02.16; 5 004,00 ? ; 8 063,00 ? ; 14 186,00 ? ; 27,25 ? 
26.02.16; 5 006,00 ? ; 8 065,00 ? ; 14 172,00 ? ; 27,05 ? 
27.02.16; 5 008,00 ? ; 8 065,00 ? ; 14 153,00 ? ; 27,05 ? 
28.02.16; 5 010,00 ? ; 8 065,00 ? ; 14 131,00 ? ; 27,05 ? 
29.02.16; 5 012,00 ? ; 8 063,00 ? ; 14 107,00 ? ; 27,09 ? 
01.03.16; 5 013,00 ? ; 8 060,00 ? ; 14 080,00 ? ; 27,09 ? 
02.03.16; 5 015,00 ? ; 8 058,00 ? ; 14 051,00 ? ; 26,81 ? 
03.03.16; 5 017,00 ? ; 8 055,00 ? ; 14 024,00 ? ; 26,21 ? 
04.03.16; 5 019,00 ? ; 8 052,00 ? ; 13 997,00 ? ; 26,50 ? 
05.03.16; 5 021,00 ? ; 8 049,00 ? ; 13 974,00 ? ; 26,50 ? 
06.03.16; 5 023,00 ? ; 8 046,00 ? ; 13 953,00 ? ; 26,50 ? 
07.03.16; 5 026,00 ? ; 8 043,00 ? ; 13 936,00 ? ; 26,50 ? 
08.03.16; 5 028,00 ? ; 8 041,00 ? ; 13 918,00 ? ; 26,50 ? 
09.03.16; 5 029,00 ? ; 8 038,00 ? ; 13 899,00 ? ; 26,18 ? 
10.03.16; 5 030,00 ? ; 8 032,00 ? ; 13 878,00 ? ; 25,52 ? 
11.03.16; 5 030,00 ? ; 8 027,00 ? ; 13 857,00 ? ; 25,85 ? 
12.03.16; 5 030,00 ? ; 8 023,00 ? ; 13 836,00 ? ; 26,02 ? 
13.03.16; 5 031,00 ? ; 8 020,00 ? ; 13 819,00 ? ; 26,02 ? 
14.03.16; 5 033,00 ? ; 8 018,00 ? ; 13 805,00 ? ; 26,52 ? 
15.03.16; 5 036,00 ? ; 8 016,00 ? ; 13 794,00 ? ; 26,89 ? 
16.03.16; 5 039,00 ? ; 8 015,00 ? ; 13 789,00 ? ; 26,84 ? 
17.03.16; 5 044,00 ? ; 8 014,00 ? ; 13 786,00 ? ; 26,70 ? 
18.03.16; 5 049,00 ? ; 8 012,00 ? ; 13 784,00 ? ; 26,24 ? 
19.03.16; 5 055,00 ? ; 8 011,00 ? ; 13 783,00 ? ; 26,24 ? 
20.03.16; 5 060,00 ? ; 8 010,00 ? ; 13 779,00 ? ; 26,24 ? 
21.03.16; 5 064,00 ? ; 8 009,00 ? ; 13 771,00 ? ; 26,60 ? 
22.03.16; 5 068,00 ? ; 8 008,00 ? ; 13 760,00 ? ; 26,10 ? 
23.03.16; 5 071,00 ? ; 8 007,00 ? ; 13 747,00 ? ; 26,02 ? 
24.03.16; 5 075,00 ? ; 8 005,00 ? ; 13 736,00 ? ; 26,25 ? 
25.03.16; 5 079,00 ? ; 8 005,00 ? ; 13 726,00 ? ; 26,07 ? 
26.03.16; 5 084,00 ? ; 8 005,00 ? ; 13 715,00 ? ; 26,07 ? 
27.03.16; 5 087,00 ? ; 8 006,00 ? ; 13 701,00 ? ; 26,07 ? 
28.03.16; 5 089,00 ? ; 8 006,00 ? ; 13 681,00 ? ; 26,28 ? 
29.03.16; 5 089,00 ? ; 8 006,00 ? ; 13 656,00 ? ; 26,44 ? 
30.03.16; 5 087,00 ? ; 8 006,00 ? ; 13 627,00 ? ; 26,22 ? 
31.03.16; 5 083,00 ? ; 8 005,00 ? ; 13 591,00 ? ; 26,22 ? 
01.04.16; 5 077,00 ? ; 8 005,00 ? ; 13 552,00 ? ; 26,11 ? 
02.04.16; 5 071,00 ? ; 8 004,00 ? ; 13 512,00 ? ; 26,11 ? 
03.04.16; 5 064,00 ? ; 8 004,00 ? ; 13 470,00 ? ; 26,11 ? 
04.04.16; 5 056,00 ? ; 8 003,00 ? ; 13 429,00 ? ; 25,99 ? 
05.04.16; 5 051,00 ? ; 8 004,00 ? ; 13 392,00 ? ; 26,08 ? 
06.04.16; 5 047,00 ? ; 8 006,00 ? ; 13 360,00 ? ; 25,96 ? 
07.04.16; 5 044,00 ? ; 8 009,00 ? ; 13 329,00 ? ; 25,80 ? 
08.04.16; 5 043,00 ? ; 8 012,00 ? ; 13 296,00 ? ; 25,63 ? 
09.04.16; 5 043,00 ? ; 8 017,00 ? ; 13 264,00 ? ; 25,63 ? 
10.04.16; 5 044,00 ? ; 8 024,00 ? ; 13 234,00 ? ; 25,63 ? 
11.04.16; 5 047,00 ? ; 8 033,00 ? ; 13 209,00 ? ; 25,57 ? 
12.04.16; 5 052,00 ? ; 8 043,00 ? ; 13 190,00 ? ; 25,55 ? 
13.04.16; 5 059,00 ? ; 8 056,00 ? ; 13 178,00 ? ; 25,48 ? 
14.04.16; 5 069,00 ? ; 8 070,00 ? ; 13 171,00 ? ; 25,65 ? 
15.04.16;;;; 25,48 ? 
16.04.16; 5 081,00 ? ; 8 085,00 ? ; 13 170,00 ? ; 25,48 ? 
17.04.16; 5 095,00 ? ; 8 102,00 ? ; 13 172,00 ? ; 25,48 ? 
18.04.16; 5 111,00 ? ; 8 119,00 ? ; 13 176,00 ? ; 25,48 ? 
19.04.16; 5 130,00 ? ; 8 137,00 ? ; 13 180,00 ? ;  
20.04.16; 5 150,00 ? ; 8 157,00 ? ; 13 185,00 ? ;  
21.04.16; 5 171,00 ? ; 8 174,00 ? ; 13 186,00 ? ; 25,37 ? 
22.04.16; 5 191,00 ? ; 8 189,00 ? ; 13 184,00 ? ; 25,34 ? 
23.04.16; 5 210,00 ? ; 8 203,00 ? ; 13 180,00 ? ; 25,34 ? 
24.04.16; 5 229,00 ? ; 8 215,00 ? ; 13 179,00 ? ; 25,34 ? 
25.04.16; 5 246,00 ? ; 8 225,00 ? ; 13 178,00 ? ; 25,34 ? 
26.04.16; 5 263,00 ? ; 8 231,00 ? ; 13 177,00 ? ; 25,30 ? 
27.04.16; 5 278,00 ? ; 8 232,00 ? ; 13 174,00 ? ; 25,22 ? 
28.04.16; 5 292,00 ? ; 8 229,00 ? ; 13 167,00 ? ; 25,19 ? 
29.04.16; 5 305,00 ? ; 8 223,00 ? ; 13 158,00 ? ; 25,20 ? 
30.04.16; 5 318,00 ? ; 8 214,00 ? ; 13 149,00 ? ; 25,20 ? 
01.05.16; 5 329,00 ? ; 8 202,00 ? ; 13 136,00 ? ; 25,20 ? 
02.05.16; 5 341,00 ? ; 8 189,00 ? ; 13 122,00 ? ; 25,20 ? 
03.05.16; 5 351,00 ? ; 8 173,00 ? ; 13 109,00 ? ; 25,20 ? 
04.05.16; 5 360,00 ? ; 8 154,00 ? ; 13 096,00 ? ; 25,20 ? 
05.05.16; 5 366,00 ? ; 8 132,00 ? ; 13 087,00 ? ; 25,12 ? 
06.05.16; 5 371,00 ? ; 8 111,00 ? ; 13 079,00 ? ; 25,16 ? 
07.05.16; 5 376,00 ? ; 8 092,00 ? ; 13 074,00 ? ; 25,16 ? 
08.05.16; 5 379,00 ? ; 8 072,00 ? ; 13 071,00 ? ; 25,16 ? 
09.05.16; 5 381,00 ? ; 8 052,00 ? ; 13 068,00 ? ; 25,16 ? 
10.05.16; 5 383,00 ? ; 8 034,00 ? ; 13 065,00 ? ; 25,20 ? 
11.05.16; 5 384,00 ? ; 8 017,00 ? ; 13 062,00 ? ; 25,33 ? 
12.05.16; 5 384,00 ? ; 8 004,00 ? ; 13 061,00 ? ; 25,31 ? 
13.05.16; 5 383,00 ? ; 7 992,00 ? ; 13 060,00 ? ; 25,45 ? 
14.05.16; 5 379,00 ? ; 7 982,00 ? ; 13 060,00 ? ; 25,45 ? 
15.05.16; 5 372,00 ? ; 7 972,00 ? ; 13 058,00 ? ; 25,45 ? 
16.05.16; 5 364,00 ? ; 7 963,00 ? ; 13 057,00 ? ; 25,39 ? 
17.05.16; 5 353,00 ? ; 7 953,00 ? ; 13 056,00 ? ; 25,27 ? 
18.05.16; 5 338,00 ? ; 7 943,00 ? ; 13 055,00 ? ; 25,26 ? 
19.05.16; 5 322,00 ? ; 7 934,00 ? ; 13 055,00 ? ; 25,26 ? 
20.05.16; 5 304,00 ? ; 7 926,00 ? ; 13 050,00 ? ; 25,20 ? 
21.05.16; 5 283,00 ? ; 7 916,00 ? ; 13 046,00 ? ; 25,20 ? 
22.05.16; 5 261,00 ? ; 7 904,00 ? ; 13 042,00 ? ; 25,20 ? 
23.05.16; 5 239,00 ? ; 7 893,00 ? ; 13 038,00 ? ; 25,12 ? 
24.05.16; 5 215,00 ? ; 7 880,00 ? ; 13 034,00 ? ; 25,13 ? 
25.05.16; 5 192,00 ? ; 7 866,00 ? ; 13 031,00 ? ; 25,11 ? 
26.05.16; 5 168,00 ? ; 7 852,00 ? ; 13 027,00 ? ; 25,10 ? 
27.05.16; 5 144,00 ? ; 7 836,00 ? ; 13 023,00 ? ; 25,14 ? 
28.05.16; 5 123,00 ? ; 7 820,00 ? ; 13 019,00 ? ; 25,14 ? 
29.05.16; 5 104,00 ? ; 7 805,00 ? ; 13 017,00 ? ; 25,14 ? 
30.05.16; 5 088,00 ? ; 7 791,00 ? ; 13 016,00 ? ; 25,17 ? 
31.05.16; 5 074,00 ? ; 7 779,00 ? ; 13 014,00 ? ; 25,14 ? 
01.06.16; 5 063,00 ? ; 7 770,00 ? ; 13 013,00 ? ; 25,10 ? 
02.06.16; 5 054,00 ? ; 7 763,00 ? ; 13 012,00 ? ; 25,05 ? 
03.06.16; 5 049,00 ? ; 7 759,00 ? ; 13 011,00 ? ; 25 
04.06.16; 5 046,00 ? ; 7 757,00 ? ; 13 012,00 ? ; 25 
05.06.16; 5 047,00 ? ; 7 757,00 ? ; 13 013,00 ? ; 25 
06.06.16; 5 050,00 ? ; 7 759,00 ? ; 13 012,00 ? ; 24,99 ? 
07.06.16; 5 053,00 ? ; 7 764,00 ? ; 13 011,00 ? ; 24,96 ? 
08.06.16; 5 058,00 ? ; 7 770,00 ? ; 13 010,00 ? ; 24,94 ? 
09.06.16; 5 064,00 ? ; 7 777,00 ? ; 13 007,00 ? ; 25 
10.06.16; 5 071,00 ? ; 7 785,00 ? ; 13 004,00 ? ; 25,02 ? 
11.06.16; 5 078,00 ? ; 7 794,00 ? ; 13 001,00 ? ; 25,02 ? 
12.06.16; 5 084,00 ? ; 7 804,00 ? ; 12 998,00 ? ; 25,02 ? 
13.06.16; 5 091,00 ? ; 7 814,00 ? ; 12 995,00 ? ; 24,97 ? 
14.06.16; 5 096,00 ? ; 7 823,00 ? ; 12 992,00 ? ; 24,91 ? 
15.06.16; 5 100,00 ? ; 7 830,00 ? ; 12 989,00 ? ; 24,89 ? 
16.06.16; 5 103,00 ? ; 7 835,00 ? ; 12 986,00 ? ; 24,90 ? 
17.06.16; 5 107,00 ? ; 7 838,00 ? ; 12 982,00 ? ; 24,91 ? 
18.06.16; 5 109,00 ? ; 7 840,00 ? ; 12 975,00 ? ; 24,91 ? 
19.06.16; 5 108,00 ? ; 7 840,00 ? ; 12 967,00 ? ; 24,91 ? 
20.06.16; 5 107,00 ? ; 7 839,00 ? ; 12 958,00 ? ; 24,91 ? 
21.06.16; 5 104,00 ? ; 7 838,00 ? ; 12 951,00 ? ; 24,89 ? 
22.06.16; 5 103,00 ? ; 7 836,00 ? ; 12 943,00 ? ; 24,90 ? 
23.06.16; 5 102,00 ? ; 7 835,00 ? ; 12 935,00 ? ; 24,88 ? 
24.06.16; 5 101,00 ? ; 7 835,00 ? ; 12 931,00 ? ; 24,87 ? 
25.06.16; 5 100,00 ? ; 7 836,00 ? ; 12 924,00 ? ; 24,87 ? 
26.06.16; 5 099,00 ? ; 7 839,00 ? ; 12 917,00 ? ; 24,87 ? 
27.06.16; 5 097,00 ? ; 7 843,00 ? ; 12 907,00 ? ; 24,87 ? 
28.06.16; 5 093,00 ? ; 7 846,00 ? ; 12 895,00 ? ; 24,87 ? 
29.06.16; 5 090,00 ? ; 7 850,00 ? ; 12 880,00 ? ; 24,85 ? 
30.06.16; 5 086,00 ? ; 7 856,00 ? ; 12 864,00 ? ; 24,85 ? 
01.07.16; 5 082,00 ? ; 7 863,00 ? ; 12 845,00 ? ;  
02.07.16; 5 077,00 ? ; 7 872,00 ? ; 12 826,00 ? ; 24,82 ? 
03.07.16; 5 073,00 ? ; 7 881,00 ? ; 12 809,00 ? ; 24,82 ? 
04.07.16;;;; 24,82 ? 
05.07.16; 5 069,00 ? ; 7 893,00 ? ; 12 793,00 ? ; 24,85 ? 
06.07.16; 5 067,00 ? ; 7 906,00 ? ; 12 776,00 ? ; 24,84 ? 
07.07.16; 5 063,00 ? ; 7 918,00 ? ; 12 756,00 ? ; 24,81 ? 
08.07.16; 5 058,00 ? ; 7 930,00 ? ; 12 734,00 ? ; 24,84 ? 
09.07.16; 5 051,00 ? ; 7 941,00 ? ; 12 709,00 ? ; 24,84 ? 
10.07.16; 5 044,00 ? ; 7 951,00 ? ; 12 681,00 ? ; 24,84 ? 
11.07.16; 5 038,00 ? ; 7 959,00 ? ; 12 655,00 ? ; 24,85 ? 
12.07.16; 5 032,00 ? ; 7 966,00 ? ; 12 628,00 ? ; 24,84 ? 
13.07.16; 5 027,00 ? ; 7 973,00 ? ; 12 603,00 ? ; 24,82 ? 
14.07.16; 5 023,00 ? ; 7 979,00 ? ; 12 581,00 ? ; 24,80 ? 
15.07.16; 5 019,00 ? ; 7 984,00 ? ; 12 561,00 ? ; 24,81 ? 
16.07.16; 5 017,00 ? ; 7 989,00 ? ; 12 544,00 ? ; 24,81 ? 
17.07.16; 5 015,00 ? ; 7 993,00 ? ; 12 530,00 ? ; 24,81 ? 
18.07.16; 5 015,00 ? ; 7 996,00 ? ; 12 516,00 ? ; 24,86 ? 
19.07.16; 5 015,00 ? ; 7 998,00 ? ; 12 502,00 ? ; 24,81 ? 
20.07.16; 5 016,00 ? ; 7 999,00 ? ; 12 488,00 ? ; 24,81 ? 
21.07.16; 5 018,00 ? ; 7 999,00 ? ; 12 477,00 ? ; 24,82 ? 
22.07.16; 5 020,00 ? ; 7 999,00 ? ; 12 468,00 ? ; 24,81 ? 
23.07.16; 5 025,00 ? ; 7 999,00 ? ; 12 462,00 ? ; 24,81 ? 
24.07.16; 5 030,00 ? ; 7 999,00 ? ; 12 458,00 ? ; 24,81 ? 
25.07.16; 5 037,00 ? ; 7 999,00 ? ; 12 454,00 ? ; 24,79 ? 
26.07.16; 5 045,00 ? ; 7 999,00 ? ; 12 452,00 ? ; 24,79 ? 
27.07.16; 5 054,00 ? ; 7 999,00 ? ; 12 450,00 ? ; 24,82 ? 
28.07.16; 5 063,00 ? ; 7 999,00 ? ; 12 448,00 ? ; 24,80 ? 
29.07.16; 5 074,00 ? ; 8 000,00 ? ; 12 446,00 ? ; 24,81 ? 
30.07.16; 5 085,00 ? ; 8 000,00 ? ; 12 440,00 ? ; 24,81 ? 
31.07.16; 5 097,00 ? ; 8 000,00 ? ; 12 434,00 ? ; 24,81 ? 
01.08.16; 5 108,00 ? ; 8 000,00 ? ; 12 427,00 ? ; 24,78 ? 
02.08.16; 5 119,00 ? ; 8 000,00 ? ; 12 421,00 ? ; 24,82 ? 
03.08.16; 5 132,00 ? ; 8 000,00 ? ; 12 414,00 ? ; 24,82 ? 
04.08.16; 5 146,00 ? ; 8 000,00 ? ; 12 408,00 ? ; 24,81 ? 
05.08.16; 5 160,00 ? ; 8 000,00 ? ; 12 402,00 ? ; 24,81 ? 
06.08.16; 5 176,00 ? ; 8 000,00 ? ; 12 397,00 ? ; 24,81 ? 
07.08.16; 5 193,00 ? ; 8 000,00 ? ; 12 393,00 ? ; 24,81 ? 
08.08.16; 5 210,00 ? ; 8 000,00 ? ; 12 390,00 ? ; 24,82 ? 
09.08.16; 5 228,00 ? ; 8 000,00 ? ; 12 391,00 ? ; 24,82 ? 
10.08.16; 5 245,00 ? ; 8 000,00 ? ; 12 393,00 ? ; 24,82 ? 
11.08.16; 5 262,00 ? ; 8 000,00 ? ; 12 397,00 ? ; 24,85 ? 
12.08.16; 5 280,00 ? ; 8 000,00 ? ; 12 403,00 ? ; 25,04 ? 
13.08.16; 5 297,00 ? ; 8 000,00 ? ; 12 413,00 ? ; 25,04 ? 
14.08.16; 5 314,00 ? ; 8 000,00 ? ; 12 427,00 ? ; 25,04 ? 
15.08.16; 5 333,00 ? ; 8 000,00 ? ; 12 444,00 ? ; 25,12 ? 
16.08.16; 5 353,00 ? ; 8 000,00 ? ; 12 462,00 ? ; 25,06 ? 
17.08.16; 5 374,00 ? ; 8 000,00 ? ; 12 482,00 ? ; 25,09 ? 
18.08.16; 5 394,00 ? ; 8 000,00 ? ; 12 506,00 ? ; 25,17 ? 
19.08.16; 5 413,00 ? ; 8 000,00 ? ; 12 532,00 ? ; 25,26 ? 
20.08.16; 5 431,00 ? ; 8 002,00 ? ; 12 559,00 ? ; 25,26 ? 
21.08.16; 5 447,00 ? ; 8 004,00 ? ; 12 587,00 ? ; 25,26 ? 
22.08.16; 5 463,00 ? ; 8 006,00 ? ; 12 616,00 ? ; 25,29 ? 
23.08.16; 5 478,00 ? ; 8 010,00 ? ; 12 645,00 ? ; 25,31 ? 
24.08.16; 5 491,00 ? ; 8 016,00 ? ; 12 673,00 ? ; 25,31 ? 
25.08.16; 5 503,00 ? ; 8 023,00 ? ; 12 701,00 ? ; 25,33 ? 
26.08.16; 5 514,00 ? ; 8 032,00 ? ; 12 728,00 ? ; 25,44 ? 
27.08.16; 5 526,00 ? ; 8 044,00 ? ; 12 757,00 ? ; 25,44 ? 
28.08.16; 5 537,00 ? ; 8 058,00 ? ; 12 787,00 ? ; 25,44 ? 
29.08.16; 5 547,00 ? ; 8 074,00 ? ; 12 816,00 ? ; 25,49 ? 
30.08.16; 5 557,00 ? ; 8 095,00 ? ; 12 847,00 ? ; 25,65 ? 
31.08.16; 5 565,00 ? ; 8 119,00 ? ; 12 881,00 ? ; 26,08 ? 
01.09.16; 5 570,00 ? ; 8 148,00 ? ; 12 918,00 ? ; 26,62 ? 
02.09.16; 5 573,00 ? ; 8 179,00 ? ; 12 954,00 ? ; 26,63 ? 
03.09.16; 5 576,00 ? ; 8 213,00 ? ; 12 988,00 ? ; 26,63 ? 
04.09.16; 5 577,00 ? ; 8 248,00 ? ; 13 020,00 ? ; 26,63 ? 
05.09.16; 5 577,00 ? ; 8 284,00 ? ; 13 051,00 ? ; 26,79 ? 
06.09.16; 5 576,00 ? ; 8 322,00 ? ; 13 080,00 ? ; 26,85 ? 
07.09.16; 5 575,00 ? ; 8 357,00 ? ; 13 108,00 ? ; 26,72 ? 
08.09.16; 5 574,00 ? ; 8 390,00 ? ; 13 134,00 ? ; 26,64 ? 
09.09.16; 5 573,00 ? ; 8 422,00 ? ; 13 159,00 ? ; 26,67 ? 
10.09.16; 5 572,00 ? ; 8 451,00 ? ; 13 183,00 ? ; 26,67 ? 
11.09.16; 5 569,00 ? ; 8 477,00 ? ; 13 203,00 ? ; 26,67 ? 
12.09.16; 5 563,00 ? ; 8 499,00 ? ; 13 218,00 ? ; 26,63 ? 
13.09.16; 5 558,00 ? ; 8 516,00 ? ; 13 229,00 ? ; 26,43 ? 
14.09.16; 5 551,00 ? ; 8 526,00 ? ; 13 234,00 ? ; 26,33 ? 
15.09.16; 5 544,00 ? ; 8 527,00 ? ; 13 231,00 ? ; 26,21 ? 
16.09.16; 5 538,00 ? ; 8 522,00 ? ; 13 218,00 ? ; 25,90 ? 
17.09.16; 5 532,00 ? ; 8 511,00 ? ; 13 201,00 ? ; 25,90 ? 
18.09.16; 5 528,00 ? ; 8 495,00 ? ; 13 184,00 ? ; 25,90 ? 
19.09.16; 5 523,00 ? ; 8 475,00 ? ; 13 167,00 ? ; 25,77 ? 
20.09.16; 5 520,00 ? ; 8 453,00 ? ; 13 150,00 ? ; 25,81 ? 
21.09.16; 5 517,00 ? ; 8 428,00 ? ; 13 132,00 ? ; 25,97 ? 
22.09.16; 5 513,00 ? ; 8 404,00 ? ; 13 114,00 ? ; 25,92 ? 
23.09.16; 5 510,00 ? ; 8 381,00 ? ; 13 096,00 ? ; 25,99 ? 
24.09.16; 5 507,00 ? ; 8 360,00 ? ; 13 078,00 ? ; 25,99 ? 
25.09.16; 5 504,00 ? ; 8 339,00 ? ; 13 060,00 ? ; 25,99 ? 
26.09.16; 5 503,00 ? ; 8 320,00 ? ; 13 043,00 ? ; 25,90 ? 
27.09.16; 5 502,00 ? ; 8 303,00 ? ; 13 028,00 ? ; 25,83 ? 
28.09.16; 5 501,00 ? ; 8 290,00 ? ; 13 015,00 ? ; 25,90 ? 
29.09.16; 5 501,00 ? ; 8 282,00 ? ; 13 004,00 ? ; 25,91 ? 
30.09.16; 5 502,00 ? ; 8 280,00 ? ; 12 997,00 ? ; 25,94 ? 
01.10.16; 5 502,00 ? ; 8 283,00 ? ; 12 994,00 ? ; 25,94 ? 
02.10.16; 5 503,00 ? ; 8 286,00 ? ; 12 993,00 ? ; 25,94 ? 
03.10.16; 5 504,00 ? ; 8 290,00 ? ; 12 992,00 ? ; 25,92 ? 
04.10.16; 5 506,00 ? ; 8 296,00 ? ; 12 991,00 ? ; 25,86 ? 
05.10.16; 5 509,00 ? ; 8 301,00 ? ; 12 990,00 ? ; 25,90 ? 
06.10.16; 5 512,00 ? ; 8 306,00 ? ; 12 989,00 ? ; 25,89 ? 
07.10.16; 5 516,00 ? ; 8 308,00 ? ; 12 987,00 ? ; 25,84 ? 
08.10.16; 5 521,00 ? ; 8 308,00 ? ; 12 984,00 ? ; 25,84 ? 
09.10.16; 5 525,00 ? ; 8 303,00 ? ; 12 981,00 ? ; 25,84 ? 
10.10.16; 5 529,00 ? ; 8 296,00 ? ; 12 976,00 ? ; 25,83 ? 
11.10.16; 5 532,00 ? ; 8 287,00 ? ; 12 971,00 ? ; 25,85 ? 
12.10.16; 5 536,00 ? ; 8 278,00 ? ; 12 965,00 ? ; 25,81 ? 
13.10.16; 5 540,00 ? ; 8 268,00 ? ; 12 959,00 ? ; 25,79 ? 
14.10.16; 5 546,00 ? ; 8 256,00 ? ; 12 951,00 ? ; 25,79 ? 
15.10.16; 5 551,00 ? ; 8 244,00 ? ; 12 943,00 ? ; 25,79 ? 
16.10.16; 5 556,00 ? ; 8 231,00 ? ; 12 932,00 ? ; 25,79 ? 
17.10.16; 5 561,00 ? ; 8 222,00 ? ; 12 919,00 ? ; 25,78 ? 
18.10.16; 5 564,00 ? ; 8 216,00 ? ; 12 905,00 ? ; 25,66 ? 
19.10.16; 5 567,00 ? ; 8 212,00 ? ; 12 888,00 ? ; 25,69 ? 
20.10.16; 5 567,00 ? ; 8 211,00 ? ; 12 870,00 ? ; 25,70 ? 
21.10.16; 5 566,00 ? ; 8 214,00 ? ; 12 852,00 ? ; 25,66 ? 
22.10.16; 5 564,00 ? ; 8 222,00 ? ; 12 834,00 ? ; 25,66 ? 
23.10.16; 5 562,00 ? ; 8 234,00 ? ; 12 817,00 ? ; 25,66 ? 
24.10.16; 5 560,00 ? ; 8 251,00 ? ; 12 800,00 ? ; 25,64 ? 
25.10.16; 5 558,00 ? ; 8 272,00 ? ; 12 785,00 ? ; 25,60 ? 
26.10.16; 5 557,00 ? ; 8 295,00 ? ; 12 770,00 ? ; 25,58 ? 
27.10.16; 5 557,00 ? ; 8 319,00 ? ; 12 756,00 ? ; 25,53 ? 
28.10.16; 5 557,00 ? ; 8 342,00 ? ; 12 743,00 ? ; 25,50 ? 
29.10.16; 5 556,00 ? ; 8 365,00 ? ; 12 733,00 ? ; 25,50 ? 
30.10.16; 5 556,00 ? ; 8 387,00 ? ; 12 725,00 ? ; 25,50 ? 
31.10.16; 5 558,00 ? ; 8 408,00 ? ; 12 722,00 ? ; 25,52 ? 
01.11.16; 5 562,00 ? ; 8 429,00 ? ; 12 725,00 ? ; 25,58 ? 
02.11.16; 5 567,00 ? ; 8 448,00 ? ; 12 733,00 ? ; 25,56 ? 
03.11.16; 5 576,00 ? ; 8 467,00 ? ; 12 746,00 ? ; 25,59 ? 
04.11.16; 5 587,00 ? ; 8 485,00 ? ; 12 765,00 ? ; 25,58 ? 
05.11.16; 5 600,00 ? ; 8 501,00 ? ; 12 787,00 ? ; 25,58 ? 
06.11.16; 5 615,00 ? ; 8 516,00 ? ; 12 813,00 ? ; 25,58 ? 
07.11.16; 5 631,00 ? ; 8 530,00 ? ; 12 841,00 ? ; 25,57 ? 
08.11.16; 5 649,00 ? ; 8 541,00 ? ; 12 873,00 ? ; 25,56 ? 
09.11.16; 5 667,00 ? ; 8 551,00 ? ; 12 906,00 ? ; 25,56 ? 
10.11.16; 5 685,00 ? ; 8 559,00 ? ; 12 942,00 ? ; 25,58 ? 
11.11.16; 5 702,00 ? ; 8 568,00 ? ; 12 978,00 ? ; 25,63 ? 
12.11.16; 5 718,00 ? ; 8 576,00 ? ; 13 015,00 ? ; 25,63 ? 
13.11.16; 5 733,00 ? ; 8 584,00 ? ; 13 050,00 ? ; 25,63 ? 
14.11.16; 5 746,00 ? ; 8 593,00 ? ; 13 083,00 ? ; 25,75 ? 
15.11.16; 5 758,00 ? ; 8 601,00 ? ; 13 114,00 ? ; 26,01 ? 
16.11.16; 5 768,00 ? ; 8 605,00 ? ; 13 138,00 ? ; 26,35 ? 
17.11.16; 5 774,00 ? ; 8 608,00 ? ; 13 159,00 ? ; 26,05 ? 
18.11.16; 5 777,00 ? ; 8 609,00 ? ; 13 175,00 ? ; 25,90 ? 
19.11.16; 5 777,00 ? ; 8 609,00 ? ; 13 185,00 ? ; 25,90 ? 
20.11.16; 5 774,00 ? ; 8 607,00 ? ; 13 191,00 ? ; 25,90 ? 
21.11.16; 5 769,00 ? ; 8 602,00 ? ; 13 194,00 ? ; 25,78 ? 
22.11.16; 5 762,00 ? ; 8 598,00 ? ; 13 193,00 ? ; 25,66 ? 
23.11.16; 5 753,00 ? ; 8 595,00 ? ; 13 189,00 ? ; 25,59 ? 
24.11.16; 5 743,00 ? ; 8 590,00 ? ; 13 184,00 ? ; 25,59 ? 
25.11.16; 5 731,00 ? ; 8 585,00 ? ; 13 174,00 ? ; 25,72 ? 
26.11.16; 5 718,00 ? ; 8 580,00 ? ; 13 163,00 ? ; 25,72 ? 
27.11.16; 5 707,00 ? ; 8 575,00 ? ; 13 152,00 ? ; 25,72 ? 
28.11.16; 5 695,00 ? ; 8 570,00 ? ; 13 142,00 ? ; 25,66 ? 
29.11.16; 5 684,00 ? ; 8 566,00 ? ; 13 135,00 ? ; 25,60 ? 
30.11.16; 5 672,00 ? ; 8 562,00 ? ; 13 130,00 ? ; 25,56 ? 
01.12.16; 5 661,00 ? ; 8 560,00 ? ; 13 128,00 ? ; 25,64 ? 
02.12.16; 5 651,00 ? ; 8 558,00 ? ; 13 127,00 ? ; 25,90 ? 
03.12.16; 5 644,00 ? ; 8 558,00 ? ; 13 130,00 ? ; 25,90 ? 
04.12.16; 5 638,00 ? ; 8 557,00 ? ; 13 137,00 ? ; 25,90 ? 
05.12.16; 5 634,00 ? ; 8 556,00 ? ; 13 147,00 ? ; 26,13 ? 
06.12.16; 5 632,00 ? ; 8 556,00 ? ; 13 161,00 ? ; 26,10 ? 
07.12.16; 5 630,00 ? ; 8 553,00 ? ; 13 175,00 ? ; 26,02 ? 
08.12.16; 5 629,00 ? ; 8 547,00 ? ; 13 189,00 ? ; 25,77 ? 
09.12.16; 5 628,00 ? ; 8 542,00 ? ; 13 205,00 ? ; 25,88 ? 
10.12.16; 5 629,00 ? ; 8 536,00 ? ; 13 226,00 ? ; 25,88 ? 
11.12.16; 5 628,00 ? ; 8 525,00 ? ; 13 246,00 ? ; 25,88 ? 
12.12.16; 5 624,00 ? ; 8 510,00 ? ; 13 267,00 ? ; 26,17 ? 
13.12.16; 5 618,00 ? ; 8 489,00 ? ; 13 281,00 ? ; 26,11 ? 
14.12.16; 5 609,00 ? ; 8 463,00 ? ; 13 289,00 ? ; 26,31 ? 
15.12.16; 5 599,00 ? ; 8 433,00 ? ; 13 291,00 ? ; 26,30 ? 
16.12.16; 5 584,00 ? ; 8 398,00 ? ; 13 288,00 ? ; 26,33 ? 
17.12.16; 5 567,00 ? ; 8 359,00 ? ; 13 282,00 ? ; 26,33 ? 
18.12.16; 5 546,00 ? ; 8 316,00 ? ; 13 268,00 ? ; 26,33 ? 
19.12.16; 5 521,00 ? ; 8 268,00 ? ; 13 247,00 ? ; 26,40 ? 
20.12.16; 5 492,00 ? ; 8 218,00 ? ; 13 217,00 ? ; 26,47 ? 
21.12.16; 5 460,00 ? ; 8 163,00 ? ; 13 178,00 ? ; 26,43 ? 
22.12.16; 5 424,00 ? ; 8 107,00 ? ; 13 132,00 ? ; 26,29 ? 
23.12.16; 5 386,00 ? ; 8 049,00 ? ; 13 080,00 ? ; 26,27 ? 
24.12.16; 5 346,00 ? ; 7 987,00 ? ; 13 017,00 ? ; 26,27 ? 
25.12.16; 5 304,00 ? ; 7 922,00 ? ; 12 946,00 ? ; 26,27 ? 
26.12.16; 5 263,00 ? ; 7 861,00 ? ; 12 870,00 ? ; 26,37 ? 
27.12.16; 5 226,00 ? ; 7 803,00 ? ; 12 791,00 ? ; 26,37 ? 
28.12.16; 5 191,00 ? ; 7 749,00 ? ; 12 712,00 ? ; 26,89 ? 
29.12.16; 5 158,00 ? ; 7 698,00 ? ; 12 634,00 ? ; 27,19 ? 
30.12.16; 5 129,00 ? ; 7 651,00 ? ; 12 556,00 ? ; 27,19 ? 
31.12.16; 5 103,00 ? ; 7 607,00 ? ; 12 480,00 ? ; 27,19 ? 
01.01.17; 5 081,00 ? ; 7 567,00 ? ; 12 405,00 ? ; 27,19 ? 
02.01.17; 5 062,00 ? ; 7 530,00 ? ; 12 332,00 ? ; 27,19 ? 
03.01.17; 5 046,00 ? ; 7 497,00 ? ; 12 262,00 ? ; 27,19 ? 
04.01.17; 5 035,00 ? ; 7 467,00 ? ; 12 198,00 ? ; 26,69 ? 
05.01.17; 5 027,00 ? ; 7 440,00 ? ; 12 140,00 ? ; 26,69 ? 
06.01.17; 5 021,00 ? ; 7 414,00 ? ; 12 090,00 ? ; 27,02 ? 
07.01.17; 5 018,00 ? ; 7 390,00 ? ; 12 045,00 ? ; 27,02 ? 
08.01.17; 5 017,00 ? ; 7 368,00 ? ; 12 009,00 ? ; 27,02 ? 
09.01.17; 5 019,00 ? ; 7 348,00 ? ; 11 978,00 ? ; 27,02 ? 
10.01.17; 5 020,00 ? ; 7 328,00 ? ; 11 948,00 ? ; 27,19 ? 
11.01.17; 5 022,00 ? ; 7 309,00 ? ; 11 921,00 ? ; 27,11 ? 
12.01.17; 5 023,00 ? ; 7 289,00 ? ; 11 897,00 ? ; 27,25 ? 
13.01.17; 5 025,00 ? ; 7 270,00 ? ; 11 880,00 ? ; 27,67 ? 
14.01.17; 5 026,00 ? ; 7 250,00 ? ; 11 868,00 ? ; 27,67 ? 
15.01.17; 5 027,00 ? ; 7 229,00 ? ; 11 857,00 ? ; 27,67 ? 
16.01.17; 5 027,00 ? ; 7 208,00 ? ; 11 845,00 ? ; 27,72 ? 
17.01.17; 5 027,00 ? ; 7 187,00 ? ; 11 834,00 ? ; 27,63 ? 
18.01.17; 5 025,00 ? ; 7 165,00 ? ; 11 829,00 ? ; 27,49 ? 
19.01.17; 5 028,00 ? ; 7 149,00 ? ; 11 829,00 ? ; 27,44 ? 
20.01.17; 5 034,00 ? ; 7 140,00 ? ; 11 829,00 ? ; 27,43 ? 
21.01.17; 5 046,00 ? ; 7 140,00 ? ; 11 834,00 ? ; 27,43 ? 
22.01.17; 5 061,00 ? ; 7 148,00 ? ; 11 844,00 ? ; 27,43 ? 
23.01.17; 5 081,00 ? ; 7 165,00 ? ; 11 858,00 ? ; 27,33 ? 
24.01.17; 5 106,00 ? ; 7 189,00 ? ; 11 882,00 ? ; 27,23 ? 
25.01.17; 5 135,00 ? ; 7 222,00 ? ; 11 914,00 ? ; 27,21 ? 
26.01.17; 5 169,00 ? ; 7 261,00 ? ; 11 955,00 ? ; 27,21 ? 
27.01.17; 5 207,00 ? ; 7 307,00 ? ; 12 000,00 ? ; 27,19 ? 
28.01.17; 5 250,00 ? ; 7 359,00 ? ; 12 047,00 ? ; 27,19 ? 
29.01.17; 5 297,00 ? ; 7 418,00 ? ; 12 098,00 ? ; 27,19 ? 
30.01.17; 5 349,00 ? ; 7 484,00 ? ; 12 155,00 ? ; 27,12 ? 
31.01.17; 5 406,00 ? ; 7 555,00 ? ; 12 220,00 ? ; 27,08 ? 
01.02.17; 5 467,00 ? ; 7 633,00 ? ; 12 294,00 ? ; 27 
02.02.17; 5 533,00 ? ; 7 718,00 ? ; 12 369,00 ? ; 26,99 ? 
03.02.17; 5 596,00 ? ; 7 797,00 ? ; 12 440,00 ? ; 27,08 ? 
04.02.17; 5 653,00 ? ; 7 872,00 ? ; 12 514,00 ? ; 27,08 ? 
05.02.17; 5 707,00 ? ; 7 938,00 ? ; 12 585,00 ? ; 27,08 ? 
06.02.17; 5 756,00 ? ; 7 997,00 ? ; 12 650,00 ? ; 27,26 ? 
07.02.17; 5 800,00 ? ; 8 047,00 ? ; 12 711,00 ? ; 27,03 ? 
08.02.17; 5 840,00 ? ; 8 090,00 ? ; 12 764,00 ? ; 26,91 ? 
09.02.17; 5 876,00 ? ; 8 125,00 ? ; 12 811,00 ? ; 27,03 ? 
10.02.17; 5 907,00 ? ; 8 154,00 ? ; 12 852,00 ? ; 27,21 ? 
11.02.17; 5 933,00 ? ; 8 178,00 ? ; 12 888,00 ? ; 27,21 ? 
12.02.17; 5 956,00 ? ; 8 196,00 ? ; 12 919,00 ? ; 27,21 ? 
13.02.17; 5 973,00 ? ; 8 208,00 ? ; 12 946,00 ? ; 27,17 ? 
14.02.17; 5 987,00 ? ; 8 215,00 ? ; 12 968,00 ? ; 27,23 ? 
15.02.17; 5 996,00 ? ; 8 219,00 ? ; 12 982,00 ? ; 26,99 ? 
16.02.17; 6 000,00 ? ; 8 217,00 ? ; 12 991,00 ? ; 26,99 ? 
17.02.17; 6 000,00 ? ; 8 210,00 ? ; 12 996,00 ? ; 27,03 ? 
18.02.17; 6 000,00 ? ; 8 204,00 ? ; 13 000,00 ? ; 27,03 ? 
19.02.17; 6 000,00 ? ; 8 198,00 ? ; 13 001,00 ? ; 27,03 ? 
20.02.17; 6 000,00 ? ; 8 194,00 ? ; 13 002,00 ? ; 27,03 ? 
21.02.17; 6 000,00 ? ; 8 192,00 ? ; 13 003,00 ? ; 27,04 ? 
22.02.17; 6 000,00 ? ; 8 191,00 ? ; 13 005,00 ? ; 26,97 ? 
23.02.17; 6 000,00 ? ; 8 192,00 ? ; 13 007,00 ? ; 26,91 ? 
24.02.17; 6 000,00 ? ; 8 194,00 ? ; 13 009,00 ? ; 26,98 ? 
25.02.17; 6 000,00 ? ; 8 196,00 ? ; 13 012,00 ? ; 26,98 ? 
26.02.17; 6 000,00 ? ; 8 200,00 ? ; 13 016,00 ? ; 26,98 ? 
27.02.17; 6 000,00 ? ; 8 205,00 ? ; 13 022,00 ? ; 27,05 ? 
28.02.17; 6 000,00 ? ; 8 211,00 ? ; 13 029,00 ? ; 27,16 ? 
01.03.17; 6 000,00 ? ; 8 217,00 ? ; 13 039,00 ? ; 27,18 ? 
02.03.17; 6 000,00 ? ; 8 224,00 ? ; 13 051,00 ? ; 27,09 ? 
03.03.17; 6 000,00 ? ; 8 232,00 ? ; 13 065,00 ? ; 27,12 ? 
04.03.17; 6 000,00 ? ; 8 240,00 ? ; 13 082,00 ? ; 27,12 ? 
05.03.17; 6 000,00 ? ; 8 250,00 ? ; 13 100,00 ? ; 27,12 ? 
06.03.17; 6 000,00 ? ; 8 260,00 ? ; 13 120,00 ? ; 27,02 ? 
07.03.17; 6 000,00 ? ; 8 271,00 ? ; 13 141,00 ? ; 26,96 ? 
08.03.17; 6 000,00 ? ; 8 283,00 ? ; 13 163,00 ? ; 26,96 ? 
09.03.17; 6 000,00 ? ; 8 297,00 ? ; 13 186,00 ? ; 26,91 ? 
10.03.17; 6 000,00 ? ; 8 315,00 ? ; 13 210,00 ? ; 26,81 ? 
11.03.17; 6 000,00 ? ; 8 335,00 ? ; 13 235,00 ? ; 26,81 ? 
12.03.17; 6 000,00 ? ; 8 357,00 ? ; 13 263,00 ? ; 26,81 ? 
13.03.17; 6 000,00 ? ; 8 381,00 ? ; 13 289,00 ? ; 26,89 ? 
14.03.17; 6 000,00 ? ; 8 408,00 ? ; 13 317,00 ? ; 26,90 ? 
15.03.17; 6 000,00 ? ; 8 437,00 ? ; 13 343,00 ? ; 26,88 ? 
16.03.17; 6 000,00 ? ; 8 467,00 ? ; 13 369,00 ? ; 26,98 ? 
17.03.17; 6 000,00 ? ; 8 498,00 ? ; 13 393,00 ? ; 26,91 ? 
18.03.17; 6 000,00 ? ; 8 529,00 ? ; 13 416,00 ? ; 26,91 ? 
19.03.17; 6 000,00 ? ; 8 561,00 ? ; 13 439,00 ? ; 26,91 ? 
20.03.17; 6 000,00 ? ; 8 593,00 ? ; 13 463,00 ? ; 26,89 ? 
21.03.17; 6 000,00 ? ; 8 626,00 ? ; 13 487,00 ? ; 26,85 ? 
22.03.17; 6 000,00 ? ; 8 660,00 ? ; 13 511,00 ? ; 26,92 ? 
23.03.17; 6 000,00 ? ; 8 694,00 ? ; 13 537,00 ? ; 27,06 ? 
24.03.17; 6 000,00 ? ; 8 725,00 ? ; 13 563,00 ? ; 27,12 ? 
25.03.17; 6 000,00 ? ; 8 753,00 ? ; 13 592,00 ? ; 27,12 ? 
26.03.17; 6 000,00 ? ; 8 779,00 ? ; 13 621,00 ? ; 27,12 ? 
27.03.17; 6 000,00 ? ; 8 802,00 ? ; 13 650,00 ? ; 27,15 ? 
28.03.17; 6 000,00 ? ; 8 822,00 ? ; 13 680,00 ? ; 27,12 ? 
29.03.17; 6 000,00 ? ; 8 839,00 ? ; 13 710,00 ? ; 27,04 ? 
30.03.17; 6 000,00 ? ; 8 853,00 ? ; 13 739,00 ? ; 26,98 ? 
31.03.17; 6 000,00 ? ; 8 866,00 ? ; 13 770,00 ? ; 27,02 ? 
01.04.17; 6 000,00 ? ; 8 878,00 ? ; 13 804,00 ? ; 27,02 ? 
02.04.17; 6 000,00 ? ; 8 889,00 ? ; 13 838,00 ? ; 27,02 ? 
03.04.17; 6 000,00 ? ; 8 899,00 ? ; 13 870,00 ? ; 27,02 ? 
04.04.17; 6 000,00 ? ; 8 907,00 ? ; 13 900,00 ? ; 27,12 ? 
05.04.17; 6 000,00 ? ; 8 914,00 ? ; 13 928,00 ? ; 27,16 ? 
06.04.17; 6 000,00 ? ; 8 920,00 ? ; 13 954,00 ? ; 27,10 ? 
07.04.17; 6 000,00 ? ; 8 924,00 ? ; 13 977,00 ? ; 26,97 ? 
08.04.17; 6 000,00 ? ; 8 930,00 ? ; 13 998,00 ? ; 26,97 ? 
09.04.17; 6 000,00 ? ; 8 935,00 ? ; 14 015,00 ? ; 26,97 ? 
10.04.17; 6 000,00 ? ; 8 941,00 ? ; 14 030,00 ? ; 26,93 ? 
11.04.17; 6 000,00 ? ; 8 946,00 ? ; 14 043,00 ? ; 26,89 ? 
12.04.17; 6 000,00 ? ; 8 951,00 ? ; 14 055,00 ? ; 26,88 ? 
13.04.17; 6 000,00 ? ; 8 956,00 ? ; 14 066,00 ? ; 26,86 ? 
14.04.17; 6 000,00 ? ; 8 959,00 ? ; 14 077,00 ? ; 26,81 ? 
15.04.17; 6 000,00 ? ; 8 961,00 ? ; 14 083,00 ? ; 26,81 ? 
16.04.17; 6 000,00 ? ; 8 961,00 ? ; 14 085,00 ? ; 26,81 ? 
17.04.17; 6 000,00 ? ; 8 959,00 ? ; 14 084,00 ? ; 26,81 ? 
18.04.17; 6 000,00 ? ; 8 957,00 ? ; 14 082,00 ? ; 26,84 ? 
19.04.17; 6 000,00 ? ; 8 954,00 ? ; 14 079,00 ? ; 26,79 ? 
20.04.17; 6 000,00 ? ; 8 950,00 ? ; 14 074,00 ? ; 26,76 ? 
21.04.17; 6 000,00 ? ; 8 946,00 ? ; 14 065,00 ? ; 26,73 ? 
22.04.17; 6 000,00 ? ; 8 942,00 ? ; 14 055,00 ? ; 26,73 ? 
23.04.17; 6 000,00 ? ; 8 936,00 ? ; 14 042,00 ? ; 26,73 ? 
24.04.17; 6 000,00 ? ; 8 931,00 ? ; 14 029,00 ? ; 26,67 ? 
25.04.17; 6 000,00 ? ; 8 925,00 ? ; 14 016,00 ? ; 26,63 ? 
26.04.17; 6 000,00 ? ; 8 919,00 ? ; 14 000,00 ? ; 26,59 ? 
27.04.17; 6 000,00 ? ; 8 914,00 ? ; 13 980,00 ? ; 26,55 ? 
28.04.17; 6 000,00 ? ; 8 911,00 ? ; 13 955,00 ? ; 26,56 ? 
29.04.17; 6 000,00 ? ; 8 910,00 ? ; 13 925,00 ? ; 26,56 ? 
30.04.17; 6 000,00 ? ; 8 911,00 ? ; 13 892,00 ? ; 26,56 ? 
01.05.17; 6 000,00 ? ; 8 913,00 ? ; 13 857,00 ? ; 26,56 ? 
02.05.17; 6 000,00 ? ; 8 917,00 ? ; 13 821,00 ? ; 26,56 ? 
03.05.17; 6 000,00 ? ; 8 920,00 ? ; 13 781,00 ? ; 26,52 ? 
04.05.17; 6 000,00 ? ; 8 923,00 ? ; 13 738,00 ? ; 26,49 ? 
05.05.17; 6 000,00 ? ; 8 924,00 ? ; 13 695,00 ? ; 26,51 ? 
06.05.17; 6 000,00 ? ; 8 925,00 ? ; 13 654,00 ? ; 26,51 ? 
07.05.17; 6 000,00 ? ; 8 924,00 ? ; 13 615,00 ? ; 26,51 ? 
08.05.17; 6 000,00 ? ; 8 922,00 ? ; 13 575,00 ? ; 26,51 ? 
09.05.17; 6 000,00 ? ; 8 919,00 ? ; 13 534,00 ? ; 26,51 ? 
10.05.17; 6 000,00 ? ; 8 915,00 ? ; 13 491,00 ? ; 26,46 ? 
11.05.17; 6 000,00 ? ; 8 908,00 ? ; 13 447,00 ? ; 26,43 ? 
12.05.17; 6 000,00 ? ; 8 899,00 ? ; 13 407,00 ? ; 26,47 ? 
13.05.17; 6 000,00 ? ; 8 886,00 ? ; 13 369,00 ? ; 26,47 ? 
14.05.17; 6 000,00 ? ; 8 870,00 ? ; 13 335,00 ? ; 26,47 ? 
15.05.17; 6 000,00 ? ; 8 852,00 ? ; 13 302,00 ? ; 26,47 ? 
16.05.17; 6 000,00 ? ; 8 831,00 ? ; 13 272,00 ? ; 26,43 ? 
17.05.17; 6 000,00 ? ; 8 809,00 ? ; 13 244,00 ? ; 26,42 ? 
18.05.17; 6 000,00 ? ; 8 786,00 ? ; 13 216,00 ? ; 26,39 ? 
19.05.17; 6 000,00 ? ; 8 763,00 ? ; 13 191,00 ? ; 26,37 ? 
20.05.17; 6 000,00 ? ; 8 740,00 ? ; 13 166,00 ? ; 26,37 ? 
21.05.17; 6 000,00 ? ; 8 716,00 ? ; 13 138,00 ? ; 26,37 ? 
22.05.17; 6 000,00 ? ; 8 693,00 ? ; 13 109,00 ? ; 26,34 ? 
23.05.17; 6 000,00 ? ; 8 671,00 ? ; 13 078,00 ? ; 26,30 ? 
24.05.17; 6 000,00 ? ; 8 648,00 ? ; 13 045,00 ? ; 26,27 ? 
25.05.17; 6 000,00 ? ; 8 627,00 ? ; 13 012,00 ? ; 26,28 ? 
26.05.17; 6 000,00 ? ; 8 607,00 ? ; 12 978,00 ? ; 26,35 ? 
27.05.17; 6 000,00 ? ; 8 589,00 ? ; 12 944,00 ? ; 26,35 ? 
28.05.17; 6 000,00 ? ; 8 574,00 ? ; 12 909,00 ? ; 26,35 ? 
29.05.17; 6 000,00 ? ; 8 561,00 ? ; 12 872,00 ? ; 26,39 ? 
30.05.17; 6 000,00 ? ; 8 550,00 ? ; 12 837,00 ? ; 26,35 ? 
31.05.17; 6 000,00 ? ; 8 541,00 ? ; 12 802,00 ? ; 26,31 ? 
01.06.17; 6 000,00 ? ; 8 534,00 ? ; 12 768,00 ? ; 26,27 ? 
02.06.17; 6 000,00 ? ; 8 529,00 ? ; 12 735,00 ? ; 26,28 ? 
03.06.17; 6 000,00 ? ; 8 525,00 ? ; 12 704,00 ? ; 26,28 ? 
04.06.17; 6 000,00 ? ; 8 523,00 ? ; 12 677,00 ? ; 26,28 ? 
05.06.17; 6 000,00 ? ; 8 524,00 ? ; 12 652,00 ? ; 26,28 ? 
06.06.17; 6 000,00 ? ; 8 528,00 ? ; 12 630,00 ? ; 26,25 ? 
07.06.17; 6 000,00 ? ; 8 535,00 ? ; 12 613,00 ? ; 26,21 ? 
08.06.17; 6 000,00 ? ; 8 545,00 ? ; 12 602,00 ? ; 26,15 ? 
09.06.17; 6 000,00 ? ; 8 558,00 ? ; 12 596,00 ? ; 26,12 ? 
10.06.17; 6 000,00 ? ; 8 573,00 ? ; 12 595,00 ? ; 26,12 ? 
11.06.17; 6 000,00 ? ; 8 589,00 ? ; 12 598,00 ? ; 26,12 ? 
12.06.17; 6 000,00 ? ; 8 608,00 ? ; 12 606,00 ? ; 26,07 ? 
13.06.17; 6 000,00 ? ; 8 629,00 ? ; 12 617,00 ? ; 26 
14.06.17; 6 000,00 ? ; 8 651,00 ? ; 12 630,00 ? ; 26,01 ? 
15.06.17; 6 000,00 ? ; 8 674,00 ? ; 12 647,00 ? ; 26,01 ? 
16.06.17; 6 000,00 ? ; 8 698,00 ? ; 12 666,00 ? ; 26,02 ? 
17.06.17; 6 000,00 ? ; 8 724,00 ? ; 12 688,00 ? ; 26,02 ? 
18.06.17; 6 000,00 ? ; 8 752,00 ? ; 12 712,00 ? ; 26,02 ? 
19.06.17; 6 000,00 ? ; 8 781,00 ? ; 12 736,00 ? ; 26,02 ? 
20.06.17; 6 000,00 ? ; 8 808,00 ? ; 12 763,00 ? ; 26,03 ? 
21.06.17; 6 000,00 ? ; 8 834,00 ? ; 12 791,00 ? ; 26,02 ? 
22.06.17; 6 000,00 ? ; 8 857,00 ? ; 12 819,00 ? ; 26,03 ? 
23.06.17; 6 000,00 ? ; 8 878,00 ? ; 12 844,00 ? ; 26,03 ? 
24.06.17; 6 000,00 ? ; 8 896,00 ? ; 12 868,00 ? ; 26,03 ? 
25.06.17; 6 000,00 ? ; 8 910,00 ? ; 12 890,00 ? ; 26,03 ? 
26.06.17; 6 000,00 ? ; 8 922,00 ? ; 12 909,00 ? ; 26,04 ? 
27.06.17; 6 000,00 ? ; 8 930,00 ? ; 12 926,00 ? ; 26,08 ? 
28.06.17; 6 000,00 ? ; 8 937,00 ? ; 12 943,00 ? ; 26,08 ? 
29.06.17; 6 000,00 ? ; 8 942,00 ? ; 12 959,00 ? ; 26,10 ? 
30.06.17; 6 000,00 ? ; 8 945,00 ? ; 12 974,00 ? ; 26,02 ? 
01.07.17; 6 000,00 ? ; 8 947,00 ? ; 12 987,00 ? ; 26,02 ? 
02.07.17; 6 000,00 ? ; 8 947,00 ? ; 12 999,00 ? ; 26,02 ? 
03.07.17; 6 000,00 ? ; 8 945,00 ? ; 13 009,00 ? ; 25,99 ? 
04.07.17; 6 000,00 ? ; 8 941,00 ? ; 13 018,00 ? ; 26,02 ? 
05.07.17; 6 000,00 ? ; 8 937,00 ? ; 13 025,00 ? ; 26,12 ? 
06.07.17; 6 000,00 ? ; 8 932,00 ? ; 13 031,00 ? ; 26,06 ? 
07.07.17; 6 000,00 ? ; 8 928,00 ? ; 13 035,00 ? ; 26,02 ? 
08.07.17; 6 000,00 ? ; 8 925,00 ? ; 13 041,00 ? ; 26,02 ? 
09.07.17; 6 000,00 ? ; 8 924,00 ? ; 13 048,00 ? ; 26,02 ? 
10.07.17; 6 000,00 ? ; 8 926,00 ? ; 13 058,00 ? ; 26 
11.07.17; 6 000,00 ? ; 8 930,00 ? ; 13 070,00 ? ; 25,97 ? 
12.07.17; 6 000,00 ? ; 8 935,00 ? ; 13 085,00 ? ; 25,91 ? 
13.07.17; 6 000,00 ? ; 8 941,00 ? ; 13 098,00 ? ; 25,97 ? 
14.07.17; 6 000,00 ? ; 8 946,00 ? ; 13 110,00 ? ; 26,02 ? 
15.07.17; 6 000,00 ? ; 8 951,00 ? ; 13 124,00 ? ; 26,02 ? 
16.07.17; 6 000,00 ? ; 8 956,00 ? ; 13 141,00 ? ; 26,02 ? 
17.07.17; 6 001,00 ? ; 8 961,00 ? ; 13 159,00 ? ; 25,96 ? 
18.07.17; 6 003,00 ? ; 8 966,00 ? ; 13 178,00 ? ; 25,93 ? 
19.07.17; 6 005,00 ? ; 8 971,00 ? ; 13 199,00 ? ; 25,94 ? 
20.07.17; 6 006,00 ? ; 8 976,00 ? ; 13 222,00 ? ; 25,93 ? 
21.07.17; 6 008,00 ? ; 8 981,00 ? ; 13 247,00 ? ; 25,89 ? 
22.07.17; 6 010,00 ? ; 8 986,00 ? ; 13 274,00 ? ; 25,89 ? 
23.07.17; 6 012,00 ? ; 8 990,00 ? ; 13 303,00 ? ; 25,89 ? 
24.07.17; 6 014,00 ? ; 8 993,00 ? ; 13 332,00 ? ; 25,82 ? 
25.07.17; 6 017,00 ? ; 8 995,00 ? ; 13 358,00 ? ; 25,84 ? 
26.07.17; 6 021,00 ? ; 8 995,00 ? ; 13 384,00 ? ; 25,88 ? 
27.07.17; 6 025,00 ? ; 8 994,00 ? ; 13 408,00 ? ; 25,90 ? 
28.07.17; 6 030,00 ? ; 8 994,00 ? ; 13 433,00 ? ; 25,92 ? 
29.07.17; 6 036,00 ? ; 8 994,00 ? ; 13 461,00 ? ; 25,92 ? 
30.07.17; 6 043,00 ? ; 8 995,00 ? ; 13 488,00 ? ; 25,92 ? 
31.07.17; 6 049,00 ? ; 8 995,00 ? ; 13 515,00 ? ; 25,85 ? 
01.08.17; 6 055,00 ? ; 8 996,00 ? ; 13 541,00 ? ; 25,86 ? 
02.08.17; 6 061,00 ? ; 8 996,00 ? ; 13 568,00 ? ; 25,90 ? 
03.08.17; 6 068,00 ? ; 8 996,00 ? ; 13 594,00 ? ; 25,89 ? 
04.08.17; 6 077,00 ? ; 8 996,00 ? ; 13 620,00 ? ; 25,84 ? 
05.08.17; 6 087,00 ? ; 8 996,00 ? ; 13 647,00 ? ; 25,84 ? 
06.08.17; 6 100,00 ? ; 8 996,00 ? ; 13 671,00 ? ; 25,84 ? 
07.08.17; 6 115,00 ? ; 8 996,00 ? ; 13 692,00 ? ; 25,78 ? 
08.08.17; 6 131,00 ? ; 8 996,00 ? ; 13 711,00 ? ; 25,73 ? 
09.08.17; 6 148,00 ? ; 8 996,00 ? ; 13 731,00 ? ; 25,72 ? 
10.08.17; 6 165,00 ? ; 8 996,00 ? ; 13 750,00 ? ; 25,69 ? 
11.08.17; 6 183,00 ? ; 8 996,00 ? ; 13 768,00 ? ; 25,70 ? 
12.08.17; 6 202,00 ? ; 8 996,00 ? ; 13 787,00 ? ; 25,70 ? 
13.08.17; 6 224,00 ? ; 8 998,00 ? ; 13 804,00 ? ; 25,70 ? 
14.08.17; 6 249,00 ? ; 9 002,00 ? ; 13 820,00 ? ; 25,63 ? 
15.08.17; 6 276,00 ? ; 9 008,00 ? ; 13 832,00 ? ; 25,60 ? 
16.08.17; 6 306,00 ? ; 9 015,00 ? ; 13 843,00 ? ; 25,57 ? 
17.08.17; 6 340,00 ? ; 9 024,00 ? ; 13 852,00 ? ; 25,51 ? 
18.08.17; 6 375,00 ? ; 9 036,00 ? ; 13 862,00 ? ; 25,49 ? 
19.08.17; 6 411,00 ? ; 9 053,00 ? ; 13 870,00 ? ; 25,49 ? 
20.08.17;;;; 25,49 ? 
21.08.17; 6 447,00 ? ; 9 073,00 ? ; 13 879,00 ? ; 25,44 ? 
22.08.17; 6 484,00 ? ; 9 098,00 ? ; 13 891,00 ? ; 25,45 ? 
23.08.17; 6 521,00 ? ; 9 126,00 ? ; 13 905,00 ? ; 25,55 ? 
24.08.17; 6 557,00 ? ; 9 157,00 ? ; 13 924,00 ? ; 25,55 ? 
25.08.17; 6 595,00 ? ; 9 192,00 ? ; 13 947,00 ? ; 25,55 ? 
26.08.17; 6 632,00 ? ; 9 230,00 ? ; 13 973,00 ? ; 25,55 ? 
27.08.17; 6 670,00 ? ; 9 271,00 ? ; 14 000,00 ? ; 25,55 ? 
28.08.17;;;; 25,52 ? 
29.08.17; 6 708,00 ? ; 9 315,00 ? ; 14 029,00 ? ; 25,44 ? 
30.08.17; 6 742,00 ? ; 9 358,00 ? ; 14 061,00 ? ; 25,58 ? 
31.08.17; 6 772,00 ? ; 9 401,00 ? ; 14 096,00 ? ; 25,69 ? 
01.09.17; 6 800,00 ? ; 9 446,00 ? ; 14 137,00 ? ; 25,75 ? 
02.09.17; 6 824,00 ? ; 9 492,00 ? ; 14 181,00 ? ; 25,75 ? 
03.09.17; 6 846,00 ? ; 9 540,00 ? ; 14 232,00 ? ; 25,75 ? 
04.09.17; 6 864,00 ? ; 9 584,00 ? ; 14 283,00 ? ; 25,91 ? 
05.09.17; 6 878,00 ? ; 9 624,00 ? ; 14 333,00 ? ; 25,95 ? 
06.09.17; 6 888,00 ? ; 9 661,00 ? ; 14 382,00 ? ; 25,98 ? 
07.09.17; 6 895,00 ? ; 9 692,00 ? ; 14 429,00 ? ; 26 
08.09.17; 6 900,00 ? ; 9 720,00 ? ; 14 475,00 ? ; 26,07 ? 
09.09.17;;;; 26,07 ? 
10.09.17; 6 901,00 ? ; 9 742,00 ? ; 14 517,00 ? ; 26,07 ? 
11.09.17; 6 900,00 ? ; 9 761,00 ? ; 14 553,00 ? ; 26,01 ? 
12.09.17; 6 897,00 ? ; 9 776,00 ? ; 14 586,00 ? ; 26,02 ? 
13.09.17; 6 892,00 ? ; 9 786,00 ? ; 14 614,00 ? ; 26,08 ? 
14.09.17; 6 885,00 ? ; 9 795,00 ? ; 14 639,00 ? ; 26,16 ? 
15.09.17; 6 878,00 ? ; 9 800,00 ? ; 14 661,00 ? ; 26,22 ? 
16.09.17; 6 870,00 ? ; 9 804,00 ? ; 14 680,00 ? ; 26,22 ? 
17.09.17; 6 862,00 ? ; 9 803,00 ? ; 14 692,00 ? ; 26,22 ? 
18.09.17; 6 854,00 ? ; 9 798,00 ? ; 14 698,00 ? ; 26,18 ? 
19.09.17; 6 845,00 ? ; 9 790,00 ? ; 14 697,00 ? ; 26,13 ? 
20.09.17; 6 837,00 ? ; 9 781,00 ? ; 14 692,00 ? ; 26,19 ? 
21.09.17; 6 831,00 ? ; 9 773,00 ? ; 14 688,00 ? ; 26,24 ? 
22.09.17; 6 828,00 ? ; 9 766,00 ? ; 14 683,00 ? ; 26,26 ? 
23.09.17; 6 826,00 ? ; 9 760,00 ? ; 14 677,00 ? ; 26,26 ? 
24.09.17; 6 826,00 ? ; 9 757,00 ? ; 14 667,00 ? ; 26,26 ? 
25.09.17; 6 828,00 ? ; 9 755,00 ? ; 14 656,00 ? ; 26,32 ? 
26.09.17; 6 831,00 ? ; 9 756,00 ? ; 14 647,00 ? ; 26,38 ? 
27.09.17; 6 834,00 ? ; 9 759,00 ? ; 14 639,00 ? ; 26,47 ? 
28.09.17; 6 840,00 ? ; 9 765,00 ? ; 14 631,00 ? ; 26,52 ? 
29.09.17; 6 847,00 ? ; 9 772,00 ? ; 14 626,00 ? ; 26,58 ? 
30.09.17; 6 856,00 ? ; 9 780,00 ? ; 14 619,00 ? ; 26,58 ? 
01.10.17; 6 866,00 ? ; 9 787,00 ? ; 14 614,00 ? ; 26,58 ? 
02.10.17; 6 877,00 ? ; 9 796,00 ? ; 14 610,00 ? ; 26,65 ? 
03.10.17; 6 888,00 ? ; 9 806,00 ? ; 14 609,00 ? ; 26,70 ? 
04.10.17; 6 901,00 ? ; 9 814,00 ? ; 14 610,00 ? ; 26,81 ? 
05.10.17; 6 914,00 ? ; 9 821,00 ? ; 14 608,00 ? ; 26,80 ? 
06.10.17; 6 926,00 ? ; 9 827,00 ? ; 14 602,00 ? ; 26,74 ? 
07.10.17; 6 937,00 ? ; 9 830,00 ? ; 14 593,00 ? ; 26,74 ? 
08.10.17; 6 945,00 ? ; 9 833,00 ? ; 14 584,00 ? ; 26,74 ? 
09.10.17; 6 952,00 ? ; 9 835,00 ? ; 14 576,00 ? ; 26,55 ? 
10.10.17; 6 957,00 ? ; 9 837,00 ? ; 14 568,00 ? ; 26,59 ? 
11.10.17; 6 960,00 ? ; 9 836,00 ? ; 14 558,00 ? ; 26,53 ? 
12.10.17; 6 962,00 ? ; 9 833,00 ? ; 14 547,00 ? ; 26,63 ? 
13.10.17; 6 963,00 ? ; 9 827,00 ? ; 14 534,00 ? ; 26,63 ? 
14.10.17; 6 963,00 ? ; 9 819,00 ? ; 14 520,00 ? ; 26,63 ? 
15.10.17; 6 962,00 ? ; 9 811,00 ? ; 14 504,00 ? ; 26,63 ? 
16.10.17; 6 959,00 ? ; 9 804,00 ? ; 14 485,00 ? ; 26,63 ? 
17.10.17; 6 957,00 ? ; 9 799,00 ? ; 14 465,00 ? ; 26,48 ? 
18.10.17; 6 953,00 ? ; 9 794,00 ? ; 14 442,00 ? ; 26,43 ? 
19.10.17; 6 949,00 ? ; 9 791,00 ? ; 14 420,00 ? ; 26,50 ? 
20.10.17; 6 945,00 ? ; 9 790,00 ? ; 14 400,00 ? ; 26,54 ? 
21.10.17; 6 940,00 ? ; 9 791,00 ? ; 14 384,00 ? ; 26,54 ? 
22.10.17; 6 935,00 ? ; 9 792,00 ? ; 14 371,00 ? ; 26,54 ? 
23.10.17; 6 932,00 ? ; 9 791,00 ? ; 14 361,00 ? ; 26,58 ? 
24.10.17; 6 930,00 ? ; 9 788,00 ? ; 14 352,00 ? ; 26,67 ? 
25.10.17; 6 929,00 ? ; 9 784,00 ? ; 14 346,00 ? ; 26,77 ? 
26.10.17; 6 929,00 ? ; 9 779,00 ? ; 14 340,00 ? ; 26,83 ? 
27.10.17; 6 928,00 ? ; 9 775,00 ? ; 14 335,00 ? ; 26,88 ? 
28.10.17; 6 925,00 ? ; 9 770,00 ? ; 14 331,00 ? ; 26,88 ? 
29.10.17; 6 921,00 ? ; 9 763,00 ? ; 14 326,00 ? ; 26,88 ? 
30.10.17; 6 915,00 ? ; 9 756,00 ? ; 14 322,00 ? ; 26,83 ? 
31.10.17; 6 908,00 ? ; 9 746,00 ? ; 14 319,00 ? ; 26,86 ? 
01.11.17; 6 899,00 ? ; 9 733,00 ? ; 14 316,00 ? ; 26,88 ? 
02.11.17; 6 888,00 ? ; 9 716,00 ? ; 14 314,00 ? ; 26,93 ? 
03.11.17; 6 876,00 ? ; 9 697,00 ? ; 14 313,00 ? ; 26,96 ? 
04.11.17; 6 862,00 ? ; 9 675,00 ? ; 14 309,00 ? ; 26,96 ? 
05.11.17; 6 847,00 ? ; 9 651,00 ? ; 14 304,00 ? ; 26,96 ? 
06.11.17; 6 831,00 ? ; 9 626,00 ? ; 14 298,00 ? ; 26,85 ? 
07.11.17; 6 814,00 ? ; 9 602,00 ? ; 14 290,00 ? ; 26,75 ? 
08.11.17; 6 795,00 ? ; 9 579,00 ? ; 14 281,00 ? ; 26,64 ? 
09.11.17; 6 776,00 ? ; 9 558,00 ? ; 14 271,00 ? ; 26,56 ? 
10.11.17; 6 758,00 ? ; 9 538,00 ? ; 14 262,00 ? ; 26,52 ? 
11.11.17; 6 742,00 ? ; 9 518,00 ? ; 14 253,00 ? ; 26,52 ? 
12.11.17; 6 729,00 ? ; 9 500,00 ? ; 14 246,00 ? ; 26,52 ? 
13.11.17; 6 719,00 ? ; 9 484,00 ? ; 14 242,00 ? ; 26,49 ? 
14.11.17; 6 710,00 ? ; 9 468,00 ? ; 14 240,00 ? ; 26,50 ? 
15.11.17; 6 705,00 ? ; 9 455,00 ? ; 14 241,00 ? ; 26,48 ? 
16.11.17; 6 701,00 ? ; 9 447,00 ? ; 14 243,00 ? ; 26,48 ? 
17.11.17; 6 701,00 ? ; 9 444,00 ? ; 14 248,00 ? ; 26,50 ? 
18.11.17; 6 704,00 ? ; 9 445,00 ? ; 14 255,00 ? ; 26,50 ? 
19.11.17; 6 710,00 ? ; 9 449,00 ? ; 14 264,00 ? ; 26,50 ? 
20.11.17; 6 717,00 ? ; 9 458,00 ? ; 14 275,00 ? ; 26,48 ? 
21.11.17; 6 727,00 ? ; 9 470,00 ? ; 14 287,00 ? ; 26,49 ? 
22.11.17; 6 739,00 ? ; 9 485,00 ? ; 14 301,00 ? ; 26,65 ? 
23.11.17; 6 753,00 ? ; 9 502,00 ? ; 14 314,00 ? ; 26,86 ? 
24.11.17; 6 767,00 ? ; 9 519,00 ? ; 14 326,00 ? ; 26,91 ? 
25.11.17; 6 781,00 ? ; 9 537,00 ? ; 14 335,00 ? ; 26,91 ? 
26.11.17; 6 794,00 ? ; 9 555,00 ? ; 14 342,00 ? ; 26,91 ? 
27.11.17; 6 805,00 ? ; 9 575,00 ? ; 14 346,00 ? ; 26,84 ? 
28.11.17; 6 814,00 ? ; 9 596,00 ? ; 14 348,00 ? ; 26,87 ? 
29.11.17; 6 823,00 ? ; 9 619,00 ? ; 14 347,00 ? ; 27,01 ? 
30.11.17; 6 831,00 ? ; 9 643,00 ? ; 14 343,00 ? ; 27,16 ? 
01.12.17; 6 837,00 ? ; 9 666,00 ? ; 14 335,00 ? ; 27,05 ? 
02.12.17; 6 842,00 ? ; 9 686,00 ? ; 14 324,00 ? ; 27,05 ? 
03.12.17; 6 845,00 ? ; 9 706,00 ? ; 14 309,00 ? ; 27,05 ? 
04.12.17; 6 846,00 ? ; 9 724,00 ? ; 14 291,00 ? ; 27,22 ? 
05.12.17; 6 847,00 ? ; 9 740,00 ? ; 14 270,00 ? ; 27,16 ? 
06.12.17; 6 846,00 ? ; 9 755,00 ? ; 14 247,00 ? ; 27,11 ? 
07.12.17; 6 844,00 ? ; 9 768,00 ? ; 14 221,00 ? ; 27,12 ? 
08.12.17; 6 841,00 ? ; 9 781,00 ? ; 14 194,00 ? ; 27,11 ? 
09.12.17; 6 838,00 ? ; 9 796,00 ? ; 14 166,00 ? ; 27,11 ? 
10.12.17; 6 835,00 ? ; 9 812,00 ? ; 14 140,00 ? ; 27,11 ? 
11.12.17; 6 832,00 ? ; 9 828,00 ? ; 14 116,00 ? ; 27,14 ? 
12.12.17; 6 829,00 ? ; 9 844,00 ? ; 14 094,00 ? ; 27,18 ? 
13.12.17; 6 827,00 ? ; 9 858,00 ? ; 14 073,00 ? ; 27,27 ? 
14.12.17; 6 825,00 ? ; 9 871,00 ? ; 14 053,00 ? ; 27,41 ? 
15.12.17; 6 824,00 ? ; 9 883,00 ? ; 14 037,00 ? ; 27,64 ? 
16.12.17; 6 822,00 ? ; 9 893,00 ? ; 14 023,00 ? ; 27,64 ? 
17.12.17; 6 821,00 ? ; 9 902,00 ? ; 14 012,00 ? ; 27,64 ? 
18.12.17; 6 820,00 ? ; 9 909,00 ? ; 14 004,00 ? ; 27,87 ? 
19.12.17; 6 819,00 ? ; 9 915,00 ? ; 13 998,00 ? ; 27,88 ? 
20.12.17; 6 818,00 ? ; 9 920,00 ? ; 13 993,00 ? ; 27,86 ? 
21.12.17; 6 817,00 ? ; 9 923,00 ? ; 13 991,00 ? ; 27,86 ? 
22.12.17; 6 816,00 ? ; 9 924,00 ? ; 13 990,00 ? ; 27,95 ? 
23.12.17; 6 815,00 ? ; 9 923,00 ? ; 13 992,00 ? ; 27,95 ? 
24.12.17; 6 815,00 ? ; 9 918,00 ? ; 13 994,00 ? ; 27,95 ? 
25.12.17; 6 815,00 ? ; 9 910,00 ? ; 13 997,00 ? ; 27,95 ? 
26.12.17; 6 816,00 ? ; 9 899,00 ? ; 14 000,00 ? ; 27,94 ? 
27.12.17; 6 818,00 ? ; 9 887,00 ? ; 14 003,00 ? ; 27,95 ? 
28.12.17; 6 821,00 ? ; 9 873,00 ? ; 14 006,00 ? ; 28,07 ? 
29.12.17; 6 825,00 ? ; 9 857,00 ? ; 14 008,00 ? ; 28,07 ? 
30.12.17; 6 830,00 ? ; 9 839,00 ? ; 14 010,00 ? ; 28,07 ? 
31.12.17; 6 836,00 ? ; 9 821,00 ? ; 14 011,00 ? ; 28,07 ? 
01.01.18; 6 843,00 ? ; 9 802,00 ? ; 14 011,00 ? ; 28,07 ? 
02.01.18; 6 851,00 ? ; 9 783,00 ? ; 14 010,00 ? ; 28,07 ? 
03.01.18; 6 860,00 ? ; 9 764,00 ? ; 14 009,00 ? ; 27,89 ? 
04.01.18; 6 871,00 ? ; 9 743,00 ? ; 14 008,00 ? ; 28,01 ? 
05.01.18; 6 882,00 ? ; 9 723,00 ? ; 14 007,00 ? ; 28,20 ? 
06.01.18; 6 895,00 ? ; 9 703,00 ? ; 14 005,00 ? ; 28,20 ? 
07.01.18; 6 907,00 ? ; 9 683,00 ? ; 14 004,00 ? ; 28,20 ? 
08.01.18; 6 920,00 ? ; 9 665,00 ? ; 14 003,00 ? ; 28,20 ? 
09.01.18; 6 931,00 ? ; 9 647,00 ? ; 14 001,00 ? ; 28,20 ? 
10.01.18; 6 942,00 ? ; 9 631,00 ? ; 14 000,00 ? ; 28,33 ? 
11.01.18; 6 952,00 ? ; 9 615,00 ? ; 13 999,00 ? ; 28,45 ? 
12.01.18; 6 961,00 ? ; 9 601,00 ? ; 13 998,00 ? ; 28,54 ? 
13.01.18; 6 969,00 ? ; 9 589,00 ? ; 13 997,00 ? ; 28,54 ? 
14.01.18; 6 976,00 ? ; 9 579,00 ? ; 13 996,00 ? ; 28,54 ? 
15.01.18; 6 982,00 ? ; 9 571,00 ? ; 13 996,00 ? ; 28,57 ? 
16.01.18; 6 988,00 ? ; 9 565,00 ? ; 13 995,00 ? ; 28,65 ? 
17.01.18; 6 992,00 ? ; 9 561,00 ? ; 13 995,00 ? ; 28,67 ? 
18.01.18; 6 995,00 ? ; 9 559,00 ? ; 13 995,00 ? ; 28,78 ? 
19.01.18; 6 998,00 ? ; 9 559,00 ? ; 13 995,00 ? ; 28,84 ? 
20.01.18; 6 999,00 ? ; 9 561,00 ? ; 13 994,00 ? ; 28,84 ? 
21.01.18; 7 000,00 ? ; 9 563,00 ? ; 13 994,00 ? ; 28,84 ? 
22.01.18; 7 000,00 ? ; 9 568,00 ? ; 13 994,00 ? ; 28,88 ? 
23.01.18; 7 000,00 ? ; 9 574,00 ? ; 13 993,00 ? ; 28,86 ? 
24.01.18; 7 000,00 ? ; 9 581,00 ? ; 13 992,00 ? ; 28,87 ? 
25.01.18; 7 000,00 ? ; 9 591,00 ? ; 13 990,00 ? ; 28,75 ? 
26.01.18; 7 000,00 ? ; 9 601,00 ? ; 13 988,00 ? ; 28,55 ? 
27.01.18; 6 999,00 ? ; 9 611,00 ? ; 13 984,00 ? ; 28,55 ? 
28.01.18; 6 998,00 ? ; 9 619,00 ? ; 13 979,00 ? ; 28,55 ? 
29.01.18; 6 995,00 ? ; 9 627,00 ? ; 13 972,00 ? ; 28,25 ? 
30.01.18; 6 992,00 ? ; 9 633,00 ? ; 13 964,00 ? ; 28,01 ? 
31.01.18; 6 988,00 ? ; 9 637,00 ? ; 13 957,00 ? ; 27,84 ? 
01.02.18; 6 983,00 ? ; 9 640,00 ? ; 13 949,00 ? ; 27,87 ? 
02.02.18; 6 976,00 ? ; 9 641,00 ? ; 13 940,00 ? ; 27,89 ? 
03.02.18; 6 969,00 ? ; 9 641,00 ? ; 13 929,00 ? ; 27,89 ? 
04.02.18; 6 961,00 ? ; 9 641,00 ? ; 13 916,00 ? ; 27,89 ? 
05.02.18; 6 952,00 ? ; 9 640,00 ? ; 13 901,00 ? ; 27,74 ? 
06.02.18; 6 941,00 ? ; 9 637,00 ? ; 13 884,00 ? ; 27,46 ? 
07.02.18; 6 929,00 ? ; 9 632,00 ? ; 13 865,00 ? ; 27,12 ? 
08.02.18; 6 915,00 ? ; 9 624,00 ? ; 13 846,00 ? ; 27,12 ? 
09.02.18; 6 900,00 ? ; 9 614,00 ? ; 13 825,00 ? ; 27,06 ? 
10.02.18; 6 883,00 ? ; 9 602,00 ? ; 13 802,00 ? ; 27,06 ? 
11.02.18; 6 865,00 ? ; 9 590,00 ? ; 13 781,00 ? ; 27,06 ? 
12.02.18; 6 846,00 ? ; 9 580,00 ? ; 13 761,00 ? ; 26,84 ? 
13.02.18; 6 827,00 ? ; 9 569,00 ? ; 13 742,00 ? ; 26,70 ? 
14.02.18; 6 807,00 ? ; 9 559,00 ? ; 13 721,00 ? ; 26,65 ? 
15.02.18; 6 786,00 ? ; 9 551,00 ? ; 13 698,00 ? ; 26,76 ? 
16.02.18; 6 766,00 ? ; 9 542,00 ? ; 13 673,00 ? ; 26,99 ? 
17.02.18; 6 747,00 ? ; 9 533,00 ? ; 13 651,00 ? ; 26,99 ? 
18.02.18; 6 728,00 ? ; 9 523,00 ? ; 13 633,00 ? ; 26,99 ? 
19.02.18; 6 708,00 ? ; 9 513,00 ? ; 13 620,00 ? ; 27,01 ? 
20.02.18; 6 690,00 ? ; 9 502,00 ? ; 13 611,00 ? ; 27,07 ? 
21.02.18; 6 672,00 ? ; 9 491,00 ? ; 13 607,00 ? ; 26,99 ? 
22.02.18; 6 656,00 ? ; 9 479,00 ? ; 13 605,00 ? ; 27,07 ? 
23.02.18; 6 641,00 ? ; 9 467,00 ? ; 13 602,00 ? ; 26,99 ? 
24.02.18; 6 627,00 ? ; 9 453,00 ? ; 13 600,00 ? ; 26,99 ? 
25.02.18; 6 615,00 ? ; 9 437,00 ? ; 13 596,00 ? ; 26,99 ? 
26.02.18; 6 604,00 ? ; 9 420,00 ? ; 13 590,00 ? ; 27,01 ? 
27.02.18; 6 595,00 ? ; 9 400,00 ? ; 13 583,00 ? ; 26,95 ? 
28.02.18; 6 587,00 ? ; 9 379,00 ? ; 13 571,00 ? ; 26,81 ? 
01.03.18; 6 580,00 ? ; 9 355,00 ? ; 13 558,00 ? ; 26,67 ? 
02.03.18; 6 574,00 ? ; 9 329,00 ? ; 13 545,00 ? ; 26,54 ? 
03.03.18; 6 568,00 ? ; 9 302,00 ? ; 13 531,00 ? ; 26,54 ? 
04.03.18; 6 560,00 ? ; 9 275,00 ? ; 13 512,00 ? ; 26,54 ? 
05.03.18; 6 552,00 ? ; 9 247,00 ? ; 13 487,00 ? ; 26,48 ? 
06.03.18; 6 541,00 ? ; 9 219,00 ? ; 13 453,00 ? ; 26,35 ? 
07.03.18; 6 529,00 ? ; 9 190,00 ? ; 13 411,00 ? ; 26,09 ? 
08.03.18; 6 516,00 ? ; 9 161,00 ? ; 13 361,00 ? ; 26,09 ? 
09.03.18; 6 501,00 ? ; 9 134,00 ? ; 13 307,00 ? ; 26,09 ? 
10.03.18; 6 485,00 ? ; 9 110,00 ? ; 13 255,00 ? ; 26,09 ? 
11.03.18; 6 469,00 ? ; 9 088,00 ? ; 13 205,00 ? ; 26,09 ? 
12.03.18; 6 452,00 ? ; 9 068,00 ? ; 13 158,00 ? ; 25,92 ? 
13.03.18; 6 434,00 ? ; 9 051,00 ? ; 13 114,00 ? ; 25,92 ? 
14.03.18; 6 416,00 ? ; 9 036,00 ? ; 13 073,00 ? ; 26,01 ? 
15.03.18; 6 397,00 ? ; 9 023,00 ? ; 13 038,00 ? ; 26,27 ? 
16.03.18; 6 378,00 ? ; 9 012,00 ? ; 13 008,00 ? ; 26,35 ? 
17.03.18; 6 359,00 ? ; 9 003,00 ? ; 12 980,00 ? ; 26,35 ? 
18.03.18; 6 341,00 ? ; 8 996,00 ? ; 12 954,00 ? ; 26,35 ? 
19.03.18; 6 324,00 ? ; 8 991,00 ? ; 12 934,00 ? ; 26,44 ? 
20.03.18; 6 307,00 ? ; 8 987,00 ? ; 12 917,00 ? ; 26,30 ? 
21.03.18; 6 293,00 ? ; 8 985,00 ? ; 12 903,00 ? ; 26,28 ? 
22.03.18; 6 280,00 ? ; 8 986,00 ? ; 12 895,00 ? ; 26,25 ? 
23.03.18; 6 268,00 ? ; 8 987,00 ? ; 12 889,00 ? ; 26,27 ? 
24.03.18; 6 256,00 ? ; 8 988,00 ? ; 12 887,00 ? ; 26,27 ? 
25.03.18; 6 244,00 ? ; 8 989,00 ? ; 12 882,00 ? ; 26,27 ? 
26.03.18; 6 233,00 ? ; 8 990,00 ? ; 12 876,00 ? ; 26,30 ? 
27.03.18; 6 222,00 ? ; 8 992,00 ? ; 12 869,00 ? ; 26,31 ? 
28.03.18; 6 211,00 ? ; 8 993,00 ? ; 12 861,00 ? ; 26,41 ? 
29.03.18; 6 201,00 ? ; 8 994,00 ? ; 12 853,00 ? ; 26,54 ? 
30.03.18; 6 191,00 ? ; 8 995,00 ? ; 12 843,00 ? ; 26,31 ? 
31.03.18; 6 181,00 ? ; 8 996,00 ? ; 12 833,00 ? ; 26,31 ? 
01.04.18; 6 171,00 ? ; 8 997,00 ? ; 12 822,00 ? ; 26,31 ? 
02.04.18; 6 163,00 ? ; 8 998,00 ? ; 12 811,00 ? ; 26,16 ? 
03.04.18; 6 158,00 ? ; 8 999,00 ? ; 12 800,00 ? ; 26,33 ? 
04.04.18; 6 154,00 ? ; 9 000,00 ? ; 12 789,00 ? ; 26,26 ? 
05.04.18; 6 152,00 ? ; 9 000,00 ? ; 12 781,00 ? ; 26,07 ? 
06.04.18; 6 151,00 ? ; 9 000,00 ? ; 12 775,00 ? ; 26,03 ? 
07.04.18; 6 152,00 ? ; 9 000,00 ? ; 12 767,00 ? ; 26,03 ? 
08.04.18; 6 155,00 ? ; 9 000,00 ? ; 12 759,00 ? ; 26,03 ? 
09.04.18; 6 158,00 ? ; 9 000,00 ? ; 12 750,00 ? ; 26,03 ? 
10.04.18; 6 163,00 ? ; 9 000,00 ? ; 12 741,00 ? ; 25,98 ? 
11.04.18; 6 168,00 ? ; 9 000,00 ? ; 12 727,00 ? ; 25,93 ? 
12.04.18; 6 173,00 ? ; 9 000,00 ? ; 12 710,00 ? ; 25,99 ? 
13.04.18; 6 178,00 ? ; 9 000,00 ? ; 12 689,00 ? ; 26,12 ? 
14.04.18; 6 184,00 ? ; 9 000,00 ? ; 12 664,00 ? ; 26,12 ? 
15.04.18; 6 190,00 ? ; 9 000,00 ? ; 12 629,00 ? ; 26,12 ? 
16.04.18; 6 195,00 ? ; 9 000,00 ? ; 12 586,00 ? ; 26,09 ? 
17.04.18; 6 200,00 ? ; 9 000,00 ? ; 12 537,00 ? ; 26,08 ? 
18.04.18; 6 202,00 ? ; 9 000,00 ? ; 12 486,00 ? ; 26,15 ? 
19.04.18; 6 202,00 ? ; 9 000,00 ? ; 12 431,00 ? ; 26,23 ? 
20.04.18; 6 199,00 ? ; 8 999,00 ? ; 12 373,00 ? ; 26,18 ? 
21.04.18; 6 195,00 ? ; 8 999,00 ? ; 12 313,00 ? ; 26,18 ? 
22.04.18; 6 189,00 ? ; 8 998,00 ? ; 12 250,00 ? ; 26,18 ? 
23.04.18; 6 183,00 ? ; 8 997,00 ? ; 12 186,00 ? ; 26,13 ? 
24.04.18; 6 179,00 ? ; 8 997,00 ? ; 12 119,00 ? ; 26,18 ? 
25.04.18; 6 177,00 ? ; 8 996,00 ? ; 12 050,00 ? ; 26,27 ? 
26.04.18; 6 176,00 ? ; 8 996,00 ? ; 11 981,00 ? ; 26,23 ? 
27.04.18; 6 176,00 ? ; 8 996,00 ? ; 11 913,00 ? ; 26,20 ? 
28.04.18; 6 179,00 ? ; 8 997,00 ? ; 11 849,00 ? ; 26,20 ? 
29.04.18; 6 184,00 ? ; 8 999,00 ? ; 11 790,00 ? ; 26,20 ? 
30.04.18; 6 191,00 ? ; 9 001,00 ? ; 11 743,00 ? ; 26,20 ? 
01.05.18; 6 201,00 ? ; 9 006,00 ? ; 11 710,00 ? ; 26,20 ? 
02.05.18; 6 215,00 ? ; 9 015,00 ? ; 11 682,00 ? ; 26,16 ? 
03.05.18; 6 234,00 ? ; 9 029,00 ? ; 11 661,00 ? ; 26,19 ? 
04.05.18; 6 259,00 ? ; 9 047,00 ? ; 11 644,00 ? ; 26,31 ? 
05.05.18; 6 289,00 ? ; 9 069,00 ? ; 11 635,00 ? ; 26,31 ? 
06.05.18; 6 328,00 ? ; 9 096,00 ? ; 11 632,00 ? ; 26,31 ? 
07.05.18; 6 373,00 ? ; 9 131,00 ? ; 11 643,00 ? ; 26,29 ? 
08.05.18; 6 426,00 ? ; 9 170,00 ? ; 11 664,00 ? ; 26,22 ? 
09.05.18; 6 481,00 ? ; 9 214,00 ? ; 11 699,00 ? ; 26,22 ? 
10.05.18; 6 539,00 ? ; 9 261,00 ? ; 11 745,00 ? ; 26,19 ? 
11.05.18; 6 603,00 ? ; 9 315,00 ? ; 11 803,00 ? ; 26,20 ? 
12.05.18; 6 671,00 ? ; 9 373,00 ? ; 11 870,00 ? ; 26,20 ? 
13.05.18; 6 739,00 ? ; 9 440,00 ? ; 11 939,00 ? ; 26,20 ? 
14.05.18; 6 808,00 ? ; 9 514,00 ? ; 12 008,00 ? ; 26,17 ? 
15.05.18; 6 877,00 ? ; 9 595,00 ? ; 12 072,00 ? ; 26,21 ? 
16.05.18; 6 947,00 ? ; 9 681,00 ? ; 12 133,00 ? ; 26,21 ? 
17.05.18; 7 015,00 ? ; 9 766,00 ? ; 12 192,00 ? ; 26,19 ? 
18.05.18; 7 082,00 ? ; 9 850,00 ? ; 12 246,00 ? ; 26,15 ? 
19.05.18; 7 147,00 ? ; 9 931,00 ? ; 12 295,00 ? ; 26,15 ? 
20.05.18; 7 211,00 ? ; 10 010,00 ? ; 12 336,00 ? ; 26,15 ? 
21.05.18; 7 270,00 ? ; 10 087,00 ? ; 12 369,00 ? ; 26,08 ? 
22.05.18; 7 325,00 ? ; 10 156,00 ? ; 12 388,00 ? ; 26,07 ? 
23.05.18; 7 375,00 ? ; 10 223,00 ? ; 12 398,00 ? ; 26,08 ? 
24.05.18; 7 423,00 ? ; 10 286,00 ? ; 12 397,00 ? ; 26,11 ? 
25.05.18; 7 468,00 ? ; 10 349,00 ? ; 12 395,00 ? ; 26,15 ? 
26.05.18; 7 507,00 ? ; 10 408,00 ? ; 12 397,00 ? ; 26,15 ? 
27.05.18; 7 542,00 ? ; 10 463,00 ? ; 12 405,00 ? ; 26,15 ? 
28.05.18; 7 575,00 ? ; 10 511,00 ? ; 12 422,00 ? ; 26,15 ? 
29.05.18; 7 610,00 ? ; 10 550,00 ? ; 12 452,00 ? ; 26,10 ? 
30.05.18; 7 644,00 ? ; 10 583,00 ? ; 12 495,00 ? ; 26,14 ? 
31.05.18; 7 677,00 ? ; 10 610,00 ? ; 12 552,00 ? ; 26,12 ? 
01.06.18; 7 710,00 ? ; 10 628,00 ? ; 12 609,00 ? ; 26,11 ? 
02.06.18; 7 743,00 ? ; 10 642,00 ? ; 12 669,00 ? ; 26,11 ? 
03.06.18; 7 775,00 ? ; 10 656,00 ? ; 12 744,00 ? ; 26,11 ? 
04.06.18; 7 804,00 ? ; 10 670,00 ? ; 12 837,00 ? ; 26,13 ? 
05.06.18; 7 833,00 ? ; 10 687,00 ? ; 12 948,00 ? ; 26,16 ? 
06.06.18; 7 862,00 ? ; 10 709,00 ? ; 13 076,00 ? ; 26,16 ? 
07.06.18; 7 891,00 ? ; 10 736,00 ? ; 13 219,00 ? ; 26,17 ? 
08.06.18; 7 919,00 ? ; 10 771,00 ? ; 13 382,00 ? ; 26,14 ? 
09.06.18; 7 946,00 ? ; 10 807,00 ? ; 13 542,00 ? ; 26,14 ? 
10.06.18; 7 975,00 ? ; 10 844,00 ? ; 13 691,00 ? ; 26,14 ? 
11.06.18; 8 005,00 ? ; 10 884,00 ? ; 13 829,00 ? ; 26,09 ? 
12.06.18; 8 035,00 ? ; 10 928,00 ? ; 13 956,00 ? ; 26,09 ? 
13.06.18; 8 065,00 ? ; 10 976,00 ? ; 14 069,00 ? ; 26,12 ? 
14.06.18; 8 094,00 ? ; 11 022,00 ? ; 14 170,00 ? ; 26,22 ? 
15.06.18; 8 124,00 ? ; 11 071,00 ? ; 14 257,00 ? ; 26,32 ? 
16.06.18; 8 154,00 ? ; 11 131,00 ? ; 14 360,00 ? ; 26,32 ? 
17.06.18; 8 184,00 ? ; 11 203,00 ? ; 14 478,00 ? ; 26,32 ? 
18.06.18; 8 214,00 ? ; 11 274,00 ? ; 14 585,00 ? ; 26,33 ? 
19.06.18; 8 246,00 ? ; 11 345,00 ? ; 14 679,00 ? ; 26,45 ? 
20.06.18; 8 276,00 ? ; 11 410,00 ? ; 14 762,00 ? ; 26,48 ? 
21.06.18; 8 303,00 ? ; 11 472,00 ? ; 14 831,00 ? ; 26,31 ? 
22.06.18; 8 329,00 ? ; 11 528,00 ? ; 14 890,00 ? ; 26,24 ? 
23.06.18; 8 355,00 ? ; 11 572,00 ? ; 14 931,00 ? ; 26,24 ? 
24.06.18; 8 378,00 ? ; 11 613,00 ? ; 14 965,00 ? ; 26,24 ? 
25.06.18; 8 398,00 ? ; 11 645,00 ? ; 14 999,00 ? ; 26,17 ? 
26.06.18; 8 412,00 ? ; 11 670,00 ? ; 15 034,00 ? ; 26,19 ? 
27.06.18; 8 425,00 ? ; 11 688,00 ? ; 15 071,00 ? ; 26,33 ? 
28.06.18; 8 436,00 ? ; 11 702,00 ? ; 15 111,00 ? ; 26,33 ? 
29.06.18; 8 445,00 ? ; 11 718,00 ? ; 15 153,00 ? ; 26,33 ? 
30.06.18; 8 452,00 ? ; 11 732,00 ? ; 15 197,00 ? ; 26,33 ? 
01.07.18; 8 456,00 ? ; 11 739,00 ? ; 15 226,00 ? ; 26,33 ? 
02.07.18; 8 458,00 ? ; 11 737,00 ? ; 15 241,00 ? ; 26,23 ? 
03.07.18; 8 458,00 ? ; 11 733,00 ? ; 15 254,00 ? ; 26,30 ? 
04.07.18; 8 455,00 ? ; 11 729,00 ? ; 15 270,00 ? ; 26,44 ? 
05.07.18; 8 453,00 ? ; 11 728,00 ? ; 15 286,00 ? ; 26,43 ? 
06.07.18; 8 453,00 ? ; 11 724,00 ? ; 15 304,00 ? ; 26,32 ? 
07.07.18; 8 455,00 ? ; 11 721,00 ? ; 15 322,00 ? ; 26,32 ? 
08.07.18; 8 457,00 ? ; 11 722,00 ? ; 15 345,00 ? ; 26,32 ? 
09.07.18; 8 461,00 ? ; 11 723,00 ? ; 15 373,00 ? ; 26,25 ? 
10.07.18; 8 469,00 ? ; 11 730,00 ? ; 15 406,00 ? ; 26,21 ? 
11.07.18; 8 482,00 ? ; 11 744,00 ? ; 15 443,00 ? ; 26,23 ? 
12.07.18; 8 496,00 ? ; 11 765,00 ? ; 15 480,00 ? ; 26,23 ? 
13.07.18; 8 511,00 ? ; 11 788,00 ? ; 15 514,00 ? ; 26,23 ? 
14.07.18; 8 527,00 ? ; 11 813,00 ? ; 15 549,00 ? ; 26,23 ? 
15.07.18; 8 545,00 ? ; 11 843,00 ? ; 15 586,00 ? ; 26,23 ? 
16.07.18; 8 563,00 ? ; 11 876,00 ? ; 15 629,00 ? ; 26,21 ? 
17.07.18; 8 581,00 ? ; 11 914,00 ? ; 15 677,00 ? ; 26,22 ? 
18.07.18; 8 597,00 ? ; 11 959,00 ? ; 15 727,00 ? ; 26,30 ? 
19.07.18; 8 616,00 ? ; 12 006,00 ? ; 15 778,00 ? ; 26,47 ? 
20.07.18; 8 638,00 ? ; 12 055,00 ? ; 15 833,00 ? ; 26,45 ? 
21.07.18; 8 657,00 ? ; 12 108,00 ? ; 15 891,00 ? ; 26,45 ? 
22.07.18; 8 673,00 ? ; 12 166,00 ? ; 15 955,00 ? ; 26,45 ? 
23.07.18; 8 691,00 ? ; 12 227,00 ? ; 16 023,00 ? ; 26,45 ? 
24.07.18; 8 708,00 ? ; 12 291,00 ? ; 16 095,00 ? ; 26,58 ? 
25.07.18; 8 727,00 ? ; 12 357,00 ? ; 16 163,00 ? ; 26,63 ? 
26.07.18; 8 747,00 ? ; 12 425,00 ? ; 16 227,00 ? ; 26,65 ? 
27.07.18; 8 768,00 ? ; 12 489,00 ? ; 16 293,00 ? ; 26,76 ? 
28.07.18; 8 790,00 ? ; 12 554,00 ? ; 16 362,00 ? ; 26,76 ? 
29.07.18; 8 812,00 ? ; 12 618,00 ? ; 16 433,00 ? ; 26,76 ? 
30.07.18; 8 835,00 ? ; 12 680,00 ? ; 16 500,00 ? ; 26,76 ? 
31.07.18; 8 862,00 ? ; 12 739,00 ? ; 16 562,00 ? ; 26,87 ? 
01.08.18; 8 895,00 ? ; 12 798,00 ? ; 16 617,00 ? ; 26,96 ? 
02.08.18; 8 934,00 ? ; 12 853,00 ? ; 16 675,00 ? ; 27,01 ? 
03.08.18; 8 973,00 ? ; 12 908,00 ? ; 16 735,00 ? ; 27,09 ? 
04.08.18; 9 012,00 ? ; 12 963,00 ? ; 16 795,00 ? ; 27,09 ? 
05.08.18; 9 053,00 ? ; 13 018,00 ? ; 16 850,00 ? ; 27,09 ? 
06.08.18; 9 096,00 ? ; 13 073,00 ? ; 16 899,00 ? ; 27,13 ? 
07.08.18; 9 141,00 ? ; 13 128,00 ? ; 16 943,00 ? ; 27,02 ? 
08.08.18; 9 187,00 ? ; 13 183,00 ? ; 16 987,00 ? ; 26,96 ? 
09.08.18; 9 231,00 ? ; 13 238,00 ? ; 17 038,00 ? ; 27,11 ? 
10.08.18; 9 271,00 ? ; 13 293,00 ? ; 17 097,00 ? ; 27,25 ? 
11.08.18; 9 309,00 ? ; 13 350,00 ? ; 17 158,00 ? ; 27,25 ? 
12.08.18; 9 347,00 ? ; 13 410,00 ? ; 17 219,00 ? ; 27,25 ? 
13.08.18; 9 384,00 ? ; 13 468,00 ? ; 17 282,00 ? ; 27,34 ? 
14.08.18; 9 422,00 ? ; 13 529,00 ? ; 17 349,00 ? ; 27,46 ? 
15.08.18; 9 455,00 ? ; 13 591,00 ? ; 17 423,00 ? ; 27,45 ? 
16.08.18; 9 483,00 ? ; 13 654,00 ? ; 17 503,00 ? ; 27,67 ? 
17.08.18; 9 506,00 ? ; 13 717,00 ? ; 17 582,00 ? ; 27,90 ? 
18.08.18; 9 529,00 ? ; 13 780,00 ? ; 17 658,00 ? ; 27,90 ? 
19.08.18; 9 552,00 ? ; 13 840,00 ? ; 17 731,00 ? ; 27,90 ? 
20.08.18; 9 575,00 ? ; 13 900,00 ? ; 17 802,00 ? ; 27,70 ? 
21.08.18; 9 597,00 ? ; 13 954,00 ? ; 17 867,00 ? ; 27,71 ? 
22.08.18; 9 616,00 ? ; 14 005,00 ? ; 17 928,00 ? ; 27,89 ? 
23.08.18; 9 633,00 ? ; 14 051,00 ? ; 17 977,00 ? ; 27,85 ? 
24.08.18; 9 650,00 ? ; 14 092,00 ? ; 18 018,00 ? ; 27,85 ? 
25.08.18; 9 669,00 ? ; 14 130,00 ? ; 18 049,00 ? ; 27,85 ? 
26.08.18; 9 690,00 ? ; 14 163,00 ? ; 18 070,00 ? ; 27,85 ? 
27.08.18; 9 706,00 ? ; 14 192,00 ? ; 18 084,00 ? ; 27,89 ? 
28.08.18; 9 719,00 ? ; 14 220,00 ? ; 18 091,00 ? ; 28,05 ? 
29.08.18; 9 729,00 ? ; 14 238,00 ? ; 18 091,00 ? ; 28,12 ? 
30.08.18; 9 740,00 ? ; 14 252,00 ? ; 18 082,00 ? ; 28,28 ? 
31.08.18; 9 752,00 ? ; 14 261,00 ? ; 18 068,00 ? ; 28,25 ? 
01.09.18; 9 765,00 ? ; 14 266,00 ? ; 18 048,00 ? ; 28,25 ? 
02.09.18; 9 774,00 ? ; 14 263,00 ? ; 18 026,00 ? ; 28,25 ? 
03.09.18; 9 779,00 ? ; 14 256,00 ? ; 18 002,00 ? ; 28,38 ? 
04.09.18; 9 779,00 ? ; 14 244,00 ? ; 17 976,00 ? ; 28,49 ? 
05.09.18; 9 774,00 ? ; 14 234,00 ? ; 17 960,00 ? ; 28,41 ? 
06.09.18; 9 772,00 ? ; 14 223,00 ? ; 17 952,00 ? ; 28,22 ? 
07.09.18; 9 772,00 ? ; 14 213,00 ? ; 17 955,00 ? ; 28,26 ? 
08.09.18; 9 770,00 ? ; 14 205,00 ? ; 17 963,00 ? ; 28,26 ? 
09.09.18; 9 766,00 ? ; 14 197,00 ? ; 17 976,00 ? ; 28,26 ? 
10.09.18; 9 761,00 ? ; 14 190,00 ? ; 17 995,00 ? ; 28,20 ? 
11.09.18; 9 760,00 ? ; 14 181,00 ? ; 18 019,00 ? ; 28,10 ? 
12.09.18; 9 761,00 ? ; 14 175,00 ? ; 18 044,00 ? ; 28,03 ? 
13.09.18; 9 766,00 ? ; 14 176,00 ? ; 18 072,00 ? ; 28,13 ? 
14.09.18; 9 769,00 ? ; 14 182,00 ? ; 18 106,00 ? ; 28,15 ? 
15.09.18; 9 773,00 ? ; 14 191,00 ? ; 18 142,00 ? ; 28,15 ? 
16.09.18; 9 775,00 ? ; 14 200,00 ? ; 18 179,00 ? ; 28,15 ? 
17.09.18; 9 779,00 ? ; 14 213,00 ? ; 18 215,00 ? ; 28,13 ? 
18.09.18; 9 786,00 ? ; 14 228,00 ? ; 18 248,00 ? ; 28,15 ? 
19.09.18; 9 797,00 ? ; 14 245,00 ? ; 18 282,00 ? ; 28,12 ? 
20.09.18; 9 813,00 ? ; 14 261,00 ? ; 18 311,00 ? ; 28,06 ? 
21.09.18; 9 828,00 ? ; 14 277,00 ? ; 18 333,00 ? ; 28,06 ? 
22.09.18; 9 841,00 ? ; 14 292,00 ? ; 18 344,00 ? ; 28,06 ? 
23.09.18; 9 854,00 ? ; 14 303,00 ? ; 18 346,00 ? ; 28,06 ? 
24.09.18; 9 867,00 ? ; 14 311,00 ? ; 18 344,00 ? ; 28,11 ? 
25.09.18; 9 879,00 ? ; 14 320,00 ? ; 18 340,00 ? ; 28,06 ? 
26.09.18; 9 890,00 ? ; 14 328,00 ? ; 18 334,00 ? ; 28,14 ? 
27.09.18; 9 899,00 ? ; 14 332,00 ? ; 18 331,00 ? ; 28,30 ? 
28.09.18; 9 906,00 ? ; 14 328,00 ? ; 18 327,00 ? ; 28,27 ? 
29.09.18; 9 913,00 ? ; 14 316,00 ? ; 18 316,00 ? ; 28,27 ? 
30.09.18; 9 919,00 ? ; 14 298,00 ? ; 18 301,00 ? ; 28,27 ? 
01.10.18; 9 925,00 ? ; 14 279,00 ? ; 18 285,00 ? ; 28,21 ? 
02.10.18; 9 933,00 ? ; 14 261,00 ? ; 18 275,00 ? ; 28,28 ? 
03.10.18; 9 942,00 ? ; 14 242,00 ? ; 18 272,00 ? ; 28,32 ? 
04.10.18; 9 948,00 ? ; 14 222,00 ? ; 18 274,00 ? ; 28,18 ? 
05.10.18; 9 953,00 ? ; 14 205,00 ? ; 18 278,00 ? ; 28,08 ? 
06.10.18; 9 957,00 ? ; 14 192,00 ? ; 18 287,00 ? ; 28,08 ? 
07.10.18; 9 960,00 ? ; 14 183,00 ? ; 18 305,00 ? ; 28,08 ? 
08.10.18; 9 964,00 ? ; 14 181,00 ? ; 18 329,00 ? ; 28,09 ? 
09.10.18; 9 968,00 ? ; 14 185,00 ? ; 18 355,00 ? ; 28,08 ? 
10.10.18; 9 971,00 ? ; 14 193,00 ? ; 18 382,00 ? ; 28 
11.10.18; 9 975,00 ? ; 14 206,00 ? ; 18 412,00 ? ; 27,98 ? 
12.10.18; 9 979,00 ? ; 14 226,00 ? ; 18 440,00 ? ; 27,93 ? 
13.10.18; 9 982,00 ? ; 14 254,00 ? ; 18 470,00 ? ; 27,93 ? 
14.10.18; 9 986,00 ? ; 14 290,00 ? ; 18 505,00 ? ; 27,93 ? 
15.10.18; 9 989,00 ? ; 14 328,00 ? ; 18 544,00 ? ; 27,93 ? 
16.10.18; 9 992,00 ? ; 14 371,00 ? ; 18 589,00 ? ; 27,93 ? 
17.10.18; 9 994,00 ? ; 14 415,00 ? ; 18 633,00 ? ; 27,92 ? 
18.10.18; 9 994,00 ? ; 14 461,00 ? ; 18 678,00 ? ; 28,04 ? 
19.10.18; 9 994,00 ? ; 14 509,00 ? ; 18 722,00 ? ; 28,18 ? 
20.10.18; 9 993,00 ? ; 14 549,00 ? ; 18 767,00 ? ; 28,18 ? 
21.10.18; 9 990,00 ? ; 14 581,00 ? ; 18 817,00 ? ; 28,18 ? 
22.10.18; 9 982,00 ? ; 14 604,00 ? ; 18 867,00 ? ; 28,08 ? 
23.10.18; 9 970,00 ? ; 14 618,00 ? ; 18 922,00 ? ; 28,15 ? 
24.10.18; 9 956,00 ? ; 14 623,00 ? ; 18 984,00 ? ; 28,21 ? 
25.10.18; 9 942,00 ? ; 14 620,00 ? ; 19 052,00 ? ; 28,34 ? 
26.10.18; 9 928,00 ? ; 14 607,00 ? ; 19 119,00 ? ; 28,27 ? 
27.10.18; 9 914,00 ? ; 14 586,00 ? ; 19 187,00 ? ; 28,27 ? 
28.10.18; 9 900,00 ? ; 14 556,00 ? ; 19 253,00 ? ; 28,27 ? 
29.10.18; 9 883,00 ? ; 14 519,00 ? ; 19 317,00 ? ; 28,20 ? 
30.10.18; 9 863,00 ? ; 14 481,00 ? ; 19 374,00 ? ; 28,16 ? 
31.10.18; 9 842,00 ? ; 14 439,00 ? ; 19 418,00 ? ; 28,12 ? 
01.11.18; 9 818,00 ? ; 14 392,00 ? ; 19 452,00 ? ; 28,16 ? 
02.11.18; 9 793,00 ? ; 14 341,00 ? ; 19 473,00 ? ; 28,13 ? 
03.11.18; 9 768,00 ? ; 14 289,00 ? ; 19 482,00 ? ; 28,13 ? 
04.11.18; 9 744,00 ? ; 14 242,00 ? ; 19 476,00 ? ; 28,13 ? 
05.11.18; 9 725,00 ? ; 14 199,00 ? ; 19 456,00 ? ; 28,02 ? 
06.11.18; 9 715,00 ? ; 14 161,00 ? ; 19 422,00 ? ; 27,96 ? 
07.11.18; 9 714,00 ? ; 14 127,00 ? ; 19 373,00 ? ; 27,90 ? 
08.11.18; 9 717,00 ? ; 14 098,00 ? ; 19 307,00 ? ; 27,93 ? 
09.11.18; 9 720,00 ? ; 14 072,00 ? ; 19 224,00 ? ; 27,89 ? 
10.11.18; 9 723,00 ? ; 14 052,00 ? ; 19 132,00 ? ; 27,89 ? 
11.11.18; 9 723,00 ? ; 14 036,00 ? ; 19 035,00 ? ; 27,89 ? 
12.11.18; 9 719,00 ? ; 14 024,00 ? ; 18 928,00 ? ; 27,90 ? 
13.11.18; 9 717,00 ? ; 14 015,00 ? ; 18 815,00 ? ; 27,92 ? 
14.11.18; 9 722,00 ? ; 14 006,00 ? ; 18 699,00 ? ; 27,84 ? 
15.11.18; 9 727,00 ? ; 13 996,00 ? ; 18 587,00 ? ; 27,77 ? 
16.11.18; 9 733,00 ? ; 13 987,00 ? ; 18 473,00 ? ; 27,75 ? 
17.11.18; 9 736,00 ? ; 13 977,00 ? ; 18 363,00 ? ; 27,75 ? 
18.11.18; 9 735,00 ? ; 13 966,00 ? ; 18 257,00 ? ; 27,75 ? 
19.11.18; 9 728,00 ? ; 13 954,00 ? ; 18 155,00 ? ; 27,76 ? 
20.11.18; 9 715,00 ? ; 13 943,00 ? ; 18 058,00 ? ; 27,76 ? 
21.11.18; 9 695,00 ? ; 13 930,00 ? ; 17 965,00 ? ; 27,77 ? 
22.11.18; 9 668,00 ? ; 13 916,00 ? ; 17 876,00 ? ; 27,75 ? 
23.11.18; 9 637,00 ? ; 13 896,00 ? ; 17 792,00 ? ; 27,80 ? 
24.11.18; 9 603,00 ? ; 13 872,00 ? ; 17 712,00 ? ; 27,80 ? 
25.11.18; 9 569,00 ? ; 13 844,00 ? ; 17 635,00 ? ; 27,80 ? 
26.11.18; 9 534,00 ? ; 13 811,00 ? ; 17 557,00 ? ; 27,90 ? 
27.11.18; 9 504,00 ? ; 13 774,00 ? ; 17 486,00 ? ; 28,11 ? 
28.11.18; 9 473,00 ? ; 13 735,00 ? ; 17 416,00 ? ; 28,27 ? 
29.11.18; 9 438,00 ? ; 13 692,00 ? ; 17 352,00 ? ; 28,39 ? 
30.11.18; 9 403,00 ? ; 13 651,00 ? ; 17 292,00 ? ; 28,22 ? 
01.12.18; 9 373,00 ? ; 13 609,00 ? ; 17 238,00 ? ; 28,22 ? 
02.12.18; 9 346,00 ? ; 13 568,00 ? ; 17 188,00 ? ; 28,22 ? 
03.12.18; 9 324,00 ? ; 13 526,00 ? ; 17 141,00 ? ; 28,17 ? 
04.12.18; 9 306,00 ? ; 13 479,00 ? ; 17 096,00 ? ; 28,13 ? 
05.12.18; 9 293,00 ? ; 13 428,00 ? ; 17 054,00 ? ; 27,98 ? 
06.12.18; 9 280,00 ? ; 13 375,00 ? ; 17 012,00 ? ; 27,88 ? 
07.12.18; 9 266,00 ? ; 13 322,00 ? ; 16 970,00 ? ; 27,82 ? 
08.12.18; 9 253,00 ? ; 13 273,00 ? ; 16 928,00 ? ; 27,82 ? 
09.12.18; 9 240,00 ? ; 13 227,00 ? ; 16 886,00 ? ; 27,82 ? 
10.12.18; 9 226,00 ? ; 13 184,00 ? ; 16 844,00 ? ; 27,78 ? 
11.12.18; 9 215,00 ? ; 13 144,00 ? ; 16 803,00 ? ; 27,71 ? 
12.12.18; 9 203,00 ? ; 13 108,00 ? ; 16 759,00 ? ; 27,81 ? 
13.12.18; 9 191,00 ? ; 13 074,00 ? ; 16 718,00 ? ; 27,87 ? 
14.12.18; 9 180,00 ? ; 13 041,00 ? ; 16 674,00 ? ; 27,84 ? 
15.12.18; 9 167,00 ? ; 13 009,00 ? ; 16 628,00 ? ; 27,84 ? 
16.12.18; 9 150,00 ? ; 12 979,00 ? ; 16 581,00 ? ; 27,84 ? 
17.12.18; 9 132,00 ? ; 12 950,00 ? ; 16 536,00 ? ; 27,89 ? 
18.12.18; 9 114,00 ? ; 12 922,00 ? ; 16 489,00 ? ; 27,85 ? 
19.12.18; 9 097,00 ? ; 12 896,00 ? ; 16 445,00 ? ; 27,72 ? 
20.12.18; 9 079,00 ? ; 12 873,00 ? ; 16 402,00 ? ; 27,58 ? 
21.12.18; 9 064,00 ? ; 12 849,00 ? ; 16 366,00 ? ; 27,43 ? 
22.12.18; 9 051,00 ? ; 12 822,00 ? ; 16 337,00 ? ; 27,43 ? 
23.12.18; 9 040,00 ? ; 12 790,00 ? ; 16 315,00 ? ; 27,43 ? 
24.12.18; 9 031,00 ? ; 12 758,00 ? ; 16 301,00 ? ; 27,43 ? 
26.12.18; 9 025,00 ? ; 12 725,00 ? ; 16 292,00 ? ; 27,27 ? 
27.12.18; 9 018,00 ? ; 12 690,00 ? ; 16 289,00 ? ; 27,45 ? 
28.12.18; 9 012,00 ? ; 12 653,00 ? ; 16 291,00 ? ; 27,69 ? 
29.12.18; 9 007,00 ? ; 12 619,00 ? ; 16 298,00 ? ; 27,69 ? 
30.12.18; 9 002,00 ? ; 12 586,00 ? ; 16 311,00 ? ; 27,69 ? 
31.12.18; 9 000,00 ? ; 12 552,00 ? ; 16 327,00 ? ; 27,69 ? 
01.01.19; 9 000,00 ? ; 12 517,00 ? ; 16 345,00 ? ; 27,69 ? 
02.01.19; 9 000,00 ? ; 12 481,00 ? ; 16 362,00 ? ; 27,69 ? 
03.01.19; 9 002,00 ? ; 12 448,00 ? ; 16 383,00 ? ; 27,51 ? 
04.01.19; 9 006,00 ? ; 12 416,00 ? ; 16 405,00 ? ; 27,71 ? 
05.01.19; 9 012,00 ? ; 12 384,00 ? ; 16 429,00 ? ; 27,71 ? 
06.01.19; 9 022,00 ? ; 12 357,00 ? ; 16 453,00 ? ; 27,71 ? 
07.01.19; 9 035,00 ? ; 12 336,00 ? ; 16 476,00 ? ; 27,71 ? 
08.01.19; 9 052,00 ? ; 12 323,00 ? ; 16 495,00 ? ; 28,02 ? 
09.01.19; 9 071,00 ? ; 12 314,00 ? ; 16 512,00 ? ; 28,12 ? 
10.01.19; 9 093,00 ? ; 12 310,00 ? ; 16 528,00 ? ; 28,27 ? 
11.01.19; 9 119,00 ? ; 12 311,00 ? ; 16 542,00 ? ; 28,15 ? 
12.01.19; 9 149,00 ? ; 12 312,00 ? ; 16 558,00 ? ; 28,15 ? 
13.01.19; 9 183,00 ? ; 12 312,00 ? ; 16 570,00 ? ; 28,15 ? 
14.01.19; 9 219,00 ? ; 12 309,00 ? ; 16 579,00 ? ; 28,02 ? 
15.01.19; 9 257,00 ? ; 12 307,00 ? ; 16 588,00 ? ; 28,17 ? 
16.01.19; 9 297,00 ? ; 12 308,00 ? ; 16 595,00 ? ; 28,01 ? 
17.01.19; 9 339,00 ? ; 12 313,00 ? ; 16 600,00 ? ; 28,03 ? 
18.01.19; 9 380,00 ? ; 12 319,00 ? ; 16 602,00 ? ; 27,98 ? 
19.01.19; 9 419,00 ? ; 12 327,00 ? ; 16 600,00 ? ; 27,98 ? 
20.01.19; 9 456,00 ? ; 12 340,00 ? ; 16 596,00 ? ; 27,98 ? 
21.01.19; 9 486,00 ? ; 12 354,00 ? ; 16 588,00 ? ; 27,95 ? 
22.01.19; 9 510,00 ? ; 12 366,00 ? ; 16 576,00 ? ; 27,90 ? 
23.01.19; 9 529,00 ? ; 12 376,00 ? ; 16 563,00 ? ; 27,70 ? 
24.01.19; 9 544,00 ? ; 12 384,00 ? ; 16 549,00 ? ; 27,79 ? 
25.01.19; 9 554,00 ? ; 12 389,00 ? ; 16 531,00 ? ; 27,82 ? 
26.01.19; 9 560,00 ? ; 12 393,00 ? ; 16 510,00 ? ; 27,82 ? 
27.01.19; 9 559,00 ? ; 12 400,00 ? ; 16 486,00 ? ; 27,82 ? 
28.01.19; 9 554,00 ? ; 12 413,00 ? ; 16 460,00 ? ; 27,79 ? 
29.01.19; 9 547,00 ? ; 12 430,00 ? ; 16 434,00 ? ; 27,77 ? 
30.01.19; 9 537,00 ? ; 12 448,00 ? ; 16 405,00 ? ; 27,76 ? 
31.01.19; 9 528,00 ? ; 12 467,00 ? ; 16 379,00 ? ; 27,74 ? 
01.02.19; 9 518,00 ? ; 12 486,00 ? ; 16 356,00 ? ; 27,57 ? 
02.02.19; 9 509,00 ? ; 12 504,00 ? ; 16 334,00 ? ; 27,57 ? 
03.02.19; 9 501,00 ? ; 12 519,00 ? ; 16 314,00 ? ; 27,57 ? 
04.02.19; 9 496,00 ? ; 12 532,00 ? ; 16 294,00 ? ; 27,42 ? 
05.02.19; 9 495,00 ? ; 12 544,00 ? ; 16 275,00 ? ; 27,22 ? 
06.02.19; 9 501,00 ? ; 12 555,00 ? ; 16 258,00 ? ; 26,96 ? 
07.02.19; 9 511,00 ? ; 12 566,00 ? ; 16 242,00 ? ; 26,96 ? 
08.02.19; 9 523,00 ? ; 12 578,00 ? ; 16 227,00 ? ; 26,90 ? 
09.02.19; 9 538,00 ? ; 12 589,00 ? ; 16 214,00 ? ; 26,90 ? 
10.02.19; 9 555,00 ? ; 12 601,00 ? ; 16 204,00 ? ; 26,90 ? 
11.02.19; 9 574,00 ? ; 12 610,00 ? ; 16 196,00 ? ; 27,06 ? 
12.02.19; 9 594,00 ? ; 12 617,00 ? ; 16 191,00 ? ; 27,01 ? 
13.02.19; 9 615,00 ? ; 12 621,00 ? ; 16 185,00 ? ; 27,09 ? 
14.02.19; 9 635,00 ? ; 12 625,00 ? ; 16 181,00 ? ; 27,16 ? 
15.02.19; 9 651,00 ? ; 12 627,00 ? ; 16 176,00 ? ; 27,25 ? 
16.02.19;;;; 27,25 ? 
17.02.19; 9 663,00 ? ; 12 627,00 ? ; 16 169,00 ? ; 27,25 ? 
18.02.19; 9 672,00 ? ; 12 628,00 ? ; 16 163,00 ? ; 27,19 ? 
19.02.19; 9 679,00 ? ; 12 631,00 ? ; 16 159,00 ? ; 27,17 ? 
20.02.19; 9 682,00 ? ; 12 634,00 ? ; 16 156,00 ? ; 27,09 ? 
21.02.19; 9 681,00 ? ; 12 640,00 ? ; 16 153,00 ? ; 27 
22.02.19; 9 675,00 ? ; 12 647,00 ? ; 16 151,00 ? ; 27,02 ? 
23.02.19; 9 665,00 ? ; 12 657,00 ? ; 16 154,00 ? ; 27,02 ? 
24.02.19; 9 652,00 ? ; 12 669,00 ? ; 16 157,00 ? ; 27,02 ? 
25.02.19; 9 636,00 ? ; 12 683,00 ? ; 16 162,00 ? ; 26,99 ? 
26.02.19; 9 619,00 ? ; 12 700,00 ? ; 16 168,00 ? ; 26,98 ? 
27.02.19; 9 600,00 ? ; 12 719,00 ? ; 16 176,00 ? ; 26,99 ? 
28.02.19; 9 577,00 ? ; 12 739,00 ? ; 16 185,00 ? ; 26,86 ? 
01.03.19; 9 553,00 ? ; 12 760,00 ? ; 16 197,00 ? ; 26,86 ? 
02.03.19; 9 528,00 ? ; 12 781,00 ? ; 16 211,00 ? ; 26,86 ? 
03.03.19; 9 505,00 ? ; 12 803,00 ? ; 16 228,00 ? ; 26,86 ? 
04.03.19; 9 485,00 ? ; 12 825,00 ? ; 16 250,00 ? ; 26,83 ? 
05.03.19; 9 467,00 ? ; 12 847,00 ? ; 16 271,00 ? ; 26,76 ? 
06.03.19; 9 452,00 ? ; 12 868,00 ? ; 16 291,00 ? ; 26,48 ? 
07.03.19; 9 441,00 ? ; 12 887,00 ? ; 16 311,00 ? ; 26,39 ? 
08.03.19; 9 434,00 ? ; 12 903,00 ? ; 16 329,00 ? ; 26,39 ? 
09.03.19; 9 430,00 ? ; 12 916,00 ? ; 16 347,00 ? ; 26,39 ? 
10.03.19; 9 428,00 ? ; 12 925,00 ? ; 16 363,00 ? ; 26,39 ? 
11.03.19; 9 429,00 ? ; 12 932,00 ? ; 16 380,00 ? ; 26,31 ? 
12.03.19; 9 431,00 ? ; 12 936,00 ? ; 16 396,00 ? ; 26,36 ? 
13.03.19; 9 435,00 ? ; 12 938,00 ? ; 16 414,00 ? ; 26,70 ? 
14.03.19; 9 444,00 ? ; 12 938,00 ? ; 16 430,00 ? ; 26,72 ? 
15.03.19; 9 458,00 ? ; 12 938,00 ? ; 16 445,00 ? ; 27,01 ? 
16.03.19; 9 476,00 ? ; 12 937,00 ? ; 16 459,00 ? ; 27,01 ? 
17.03.19; 9 493,00 ? ; 12 936,00 ? ; 16 472,00 ? ; 27,01 ? 
18.03.19; 9 513,00 ? ; 12 934,00 ? ; 16 483,00 ? ; 27,13 ? 
19.03.19; 9 534,00 ? ; 12 932,00 ? ; 16 493,00 ? ; 27,16 ? 
20.03.19; 9 551,00 ? ; 12 931,00 ? ; 16 503,00 ? ; 27,17 ? 
21.03.19; 9 566,00 ? ; 12 929,00 ? ; 16 515,00 ? ; 27,26 ? 
22.03.19; 9 576,00 ? ; 12 928,00 ? ; 16 531,00 ? ; 26,96 ? 
23.03.19; 9 582,00 ? ; 12 929,00 ? ; 16 550,00 ? ; 26,96 ? 
24.03.19; 9 588,00 ? ; 12 931,00 ? ; 16 571,00 ? ; 26,96 ? 
25.03.19; 9 593,00 ? ; 12 935,00 ? ; 16 594,00 ? ; 26,89 ? 
26.03.19; 9 596,00 ? ; 12 941,00 ? ; 16 616,00 ? ; 26,98 ? 
27.03.19; 9 600,00 ? ; 12 944,00 ? ; 16 635,00 ? ; 27,08 ? 
28.03.19; 9 602,00 ? ; 12 946,00 ? ; 16 654,00 ? ; 27,25 ? 
29.03.19; 9 602,00 ? ; 12 946,00 ? ; 16 671,00 ? ; 27,21 ? 
30.03.19; 9 600,00 ? ; 12 943,00 ? ; 16 689,00 ? ; 27,21 ? 
31.03.19; 9 596,00 ? ; 12 938,00 ? ; 16 705,00 ? ; 27,21 ? 
01.04.19; 9 594,00 ? ; 12 931,00 ? ; 16 722,00 ? ; 27,19 ? 
02.04.19; 9 589,00 ? ; 12 921,00 ? ; 16 732,00 ? ; 26,97 ? 
03.04.19;;;; 27,08 ? 
04.04.19; 9 579,00 ? ; 12 909,00 ? ; 16 737,00 ? ; 27,02 ? 
05.04.19; 9 571,00 ? ; 12 894,00 ? ; 16 738,00 ? ; 26,77 ? 
06.04.19; 9 565,00 ? ; 12 880,00 ? ; 16 733,00 ? ; 26,77 ? 
07.04.19; 9 561,00 ? ; 12 863,00 ? ; 16 720,00 ? ; 26,77 ? 
08.04.19; 9 559,00 ? ; 12 845,00 ? ; 16 702,00 ? ; 26,64 ? 
09.04.19; 9 554,00 ? ; 12 827,00 ? ; 16 680,00 ? ; 26,70 ? 
10.04.19; 9 549,00 ? ; 12 808,00 ? ; 16 652,00 ? ; 26,77 ? 
11.04.19; 9 545,00 ? ; 12 789,00 ? ; 16 620,00 ? ; 26,83 ? 
12.04.19; 9 540,00 ? ; 12 773,00 ? ; 16 585,00 ? ; 26,71 ? 
13.04.19; 9 535,00 ? ; 12 758,00 ? ; 16 549,00 ? ; 26,71 ? 
14.04.19; 9 531,00 ? ; 12 748,00 ? ; 16 512,00 ? ; 26,71 ? 
15.04.19; 9 526,00 ? ; 12 741,00 ? ; 16 476,00 ? ; 26,81 ? 
16.04.19; 9 521,00 ? ; 12 737,00 ? ; 16 440,00 ? ; 26,72 ? 
17.04.19; 9 515,00 ? ; 12 736,00 ? ; 16 403,00 ? ; 26,69 ? 
18.04.19; 9 511,00 ? ; 12 737,00 ? ; 16 373,00 ? ; 26,84 ? 
19.04.19; 9 509,00 ? ; 12 742,00 ? ; 16 350,00 ? ; 26,85 ? 
20.04.19; 9 507,00 ? ; 12 749,00 ? ; 16 329,00 ? ; 26,85 ? 
21.04.19; 9 504,00 ? ; 12 756,00 ? ; 16 313,00 ? ; 26,85 ? 
22.04.19; 9 502,00 ? ; 12 763,00 ? ; 16 299,00 ? ; 26,78 ? 
23.04.19; 9 500,00 ? ; 12 768,00 ? ; 16 288,00 ? ; 26,69 ? 
24.04.19; 9 501,00 ? ; 12 772,00 ? ; 16 276,00 ? ; 26,59 ? 
25.04.19; 9 501,00 ? ; 12 772,00 ? ; 16 266,00 ? ; 26,62 ? 
26.04.19; 9 502,00 ? ; 12 772,00 ? ; 16 260,00 ? ; 26,62 ? 
27.04.19; 9 505,00 ? ; 12 770,00 ? ; 16 256,00 ? ;  
28.04.19; 9 510,00 ? ; 12 765,00 ? ; 16 253,00 ? ;  
29.04.19; 9 514,00 ? ; 12 756,00 ? ; 16 249,00 ? ;  
30.04.19; 9 519,00 ? ; 12 743,00 ? ; 16 241,00 ? ;  
01.05.19; 9 524,00 ? ; 12 728,00 ? ; 16 232,00 ? ;  
02.05.19; 9 528,00 ? ; 12 710,00 ? ; 16 219,00 ? ; 26,56 ? 
03.05.19; 9 533,00 ? ; 12 693,00 ? ; 16 203,00 ? ; 26,48 ? 
04.05.19; 9 538,00 ? ; 12 673,00 ? ; 16 182,00 ? ; 26,48 ? 
05.05.19; 9 542,00 ? ; 12 655,00 ? ; 16 161,00 ? ; 26,48 ? 
06.05.19; 9 547,00 ? ; 12 640,00 ? ; 16 140,00 ? ; 26,50 ? 
07.05.19; 9 552,00 ? ; 12 627,00 ? ; 16 120,00 ? ; 26,34 ? 
08.05.19; 9 558,00 ? ; 12 617,00 ? ; 16 101,00 ? ; 26,25 ? 
09.05.19; 9 564,00 ? ; 12 610,00 ? ; 16 086,00 ? ; 26,25 ? 
10.05.19; 9 574,00 ? ; 12 608,00 ? ; 16 073,00 ? ; 26,21 ? 
11.05.19; 9 585,00 ? ; 12 610,00 ? ; 16 061,00 ? ; 26,21 ? 
12.05.19; 9 594,00 ? ; 12 615,00 ? ; 16 049,00 ? ; 26,21 ? 
13.05.19; 9 602,00 ? ; 12 624,00 ? ; 16 037,00 ? ; 26,11 ? 
14.05.19; 9 612,00 ? ; 12 637,00 ? ; 16 027,00 ? ; 26,16 ? 
15.05.19; 9 624,00 ? ; 12 655,00 ? ; 16 020,00 ? ; 26,37 ? 
16.05.19; 9 638,00 ? ; 12 676,00 ? ; 16 015,00 ? ; 26,34 ? 
17.05.19; 9 655,00 ? ; 12 701,00 ? ; 16 014,00 ? ; 26,37 ? 
18.05.19; 9 674,00 ? ; 12 727,00 ? ; 16 014,00 ? ; 26,37 ? 
19.05.19; 9 695,00 ? ; 12 755,00 ? ; 16 017,00 ? ; 26,37 ? 
20.05.19; 9 718,00 ? ; 12 782,00 ? ; 16 019,00 ? ; 26,20 ? 
21.05.19; 9 744,00 ? ; 12 809,00 ? ; 16 023,00 ? ; 26,11 ? 
22.05.19; 9 772,00 ? ; 12 834,00 ? ; 16 026,00 ? ; 26,30 ? 
23.05.19; 9 799,00 ? ; 12 859,00 ? ; 16 029,00 ? ; 26,34 ? 
24.05.19; 9 825,00 ? ; 12 882,00 ? ; 16 031,00 ? ; 26,47 ? 
25.05.19; 9 848,00 ? ; 12 903,00 ? ; 16 027,00 ? ; 26,47 ? 
26.05.19; 9 870,00 ? ; 12 922,00 ? ; 16 022,00 ? ; 26,47 ? 
27.05.19; 9 891,00 ? ; 12 939,00 ? ; 16 016,00 ? ; 26,33 ? 
28.05.19; 9 912,00 ? ; 12 953,00 ? ; 16 009,00 ? ; 26,41 ? 
29.05.19; 9 931,00 ? ; 12 965,00 ? ; 15 999,00 ? ; 26,68 ? 
30.05.19; 9 947,00 ? ; 12 975,00 ? ; 15 988,00 ? ; 26,87 ? 
31.05.19; 9 961,00 ? ; 12 983,00 ? ; 15 975,00 ? ; 26,85 ? 
01.06.19; 9 973,00 ? ; 12 989,00 ? ; 15 960,00 ? ; 26,85 ? 
02.06.19; 9 983,00 ? ; 12 993,00 ? ; 15 943,00 ? ; 26,85 ? 
03.06.19; 9 991,00 ? ; 12 995,00 ? ; 15 926,00 ? ; 26,95 ? 
04.06.19; 9 996,00 ? ; 12 997,00 ? ; 15 906,00 ? ; 27,21 ? 
05.06.19; 9 999,00 ? ; 12 999,00 ? ; 15 886,00 ? ; 26,93 ? 
06.06.19; 10 000,00 ? ; 13 000,00 ? ; 15 865,00 ? ; 26,80 ? 
07.06.19; 10 000,00 ? ; 13 000,00 ? ; 15 841,00 ? ; 26,60 ? 
08.06.19; 10 000,00 ? ; 13 000,00 ? ; 15 817,00 ? ; 26,60 ? 
09.06.19; 10 000,00 ? ; 13 000,00 ? ; 15 796,00 ? ; 26,60 ? 
10.06.19; 10 000,00 ? ; 13 000,00 ? ; 15 776,00 ? ; 26,38 ? 
11.06.19; 10 000,00 ? ; 13 000,00 ? ; 15 758,00 ? ; 26,30 ? 
12.06.19; 10 000,00 ? ; 13 000,00 ? ; 15 742,00 ? ; 26,40 ? 
13.06.19; 10 000,00 ? ; 13 000,00 ? ; 15 730,00 ? ; 26,42 ? 
14.06.19; 10 000,00 ? ; 13 000,00 ? ; 15 722,00 ? ; 26,42 ? 
15.06.19; 10 000,00 ? ; 13 000,00 ? ; 15 717,00 ? ; 26,42 ? 
16.06.19; 10 000,00 ? ; 13 000,00 ? ; 15 717,00 ? ; 26,42 ? 
17.06.19; 10 000,00 ? ; 13 000,00 ? ; 15 719,00 ? ; 26,42 ? 
18.06.19; 10 000,00 ? ; 13 000,00 ? ; 15 725,00 ? ; 26,39 ? 
19.06.19; 10 000,00 ? ; 13 000,00 ? ; 15 737,00 ? ; 26,33 ? 
20.06.19; 10 000,00 ? ; 12 999,00 ? ; 15 753,00 ? ; 26,38 ? 
21.06.19; 10 000,00 ? ; 12 998,00 ? ; 15 774,00 ? ; 26,27 ? 
22.06.19; 10 000,00 ? ; 12 997,00 ? ; 15 801,00 ? ; 26,27 ? 
23.06.19; 10 000,00 ? ; 12 995,00 ? ; 15 836,00 ? ; 26,27 ? 
24.06.19; 10 000,00 ? ; 12 994,00 ? ; 15 878,00 ? ; 26,19 ? 
25.06.19; 10 000,00 ? ; 12 992,00 ? ; 15 922,00 ? ; 26,19 ? 
26.06.19; 10 000,00 ? ; 12 991,00 ? ; 15 970,00 ? ; 26,17 ? 
27.06.19; 10 000,00 ? ; 12 989,00 ? ; 16 019,00 ? ; 26,18 ? 
28.06.19; 10 000,00 ? ; 12 988,00 ? ; 16 066,00 ? ; 26,18 ? 
29.06.19; 10 000,00 ? ; 12 986,00 ? ; 16 112,00 ? ; 26,18 ? 
30.06.19; 10 000,00 ? ; 12 986,00 ? ; 16 155,00 ? ; 26,18 ? 
01.07.19; 10 000,00 ? ; 12 986,00 ? ; 16 196,00 ? ; 26,21 ? 
02.07.19; 10 001,00 ? ; 12 988,00 ? ; 16 237,00 ? ; 26,18 ? 
03.07.19; 10 002,00 ? ; 12 993,00 ? ; 16 271,00 ? ; 26,04 ? 
04.07.19; 10 003,00 ? ; 12 999,00 ? ; 16 302,00 ? ; 25,87 ? 
05.07.19; 10 004,00 ? ; 13 010,00 ? ; 16 327,00 ? ; 25,71 ? 
06.07.19; 10 005,00 ? ; 13 023,00 ? ; 16 346,00 ? ; 25,71 ? 
07.07.19; 10 006,00 ? ; 13 041,00 ? ; 16 359,00 ? ; 25,71 ? 
08.07.19; 10 007,00 ? ; 13 063,00 ? ; 16 361,00 ? ; 25,60 ? 
09.07.19; 10 009,00 ? ; 13 089,00 ? ; 16 352,00 ? ; 25,49 ? 
10.07.19; 10 012,00 ? ; 13 119,00 ? ; 16 340,00 ? ; 25,70 ? 
11.07.19; 10 016,00 ? ; 13 154,00 ? ; 16 324,00 ? ; 25,80 ? 
12.07.19; 10 020,00 ? ; 13 193,00 ? ; 16 306,00 ? ; 25,76 ? 
13.07.19; 10 025,00 ? ; 13 236,00 ? ; 16 293,00 ? ; 25,76 ? 
14.07.19; 10 033,00 ? ; 13 283,00 ? ; 16 284,00 ? ; 25,76 ? 
15.07.19; 10 044,00 ? ; 13 334,00 ? ; 16 280,00 ? ; 25,74 ? 
16.07.19; 10 055,00 ? ; 13 387,00 ? ; 16 280,00 ? ; 25,86 ? 
17.07.19; 10 068,00 ? ; 13 441,00 ? ; 16 285,00 ? ; 25,86 ? 
18.07.19; 10 083,00 ? ; 13 494,00 ? ; 16 296,00 ? ; 26,03 ? 
19.07.19; 10 098,00 ? ; 13 548,00 ? ; 16 309,00 ? ; 25,82 ? 
20.07.19; 10 115,00 ? ; 13 601,00 ? ; 16 328,00 ? ; 25,82 ? 
21.07.19; 10 134,00 ? ; 13 654,00 ? ; 16 354,00 ? ; 25,82 ? 
22.07.19; 10 155,00 ? ; 13 703,00 ? ; 16 386,00 ? ; 25,64 ? 
23.07.19; 10 178,00 ? ; 13 747,00 ? ; 16 427,00 ? ; 25,63 ? 
24.07.19; 10 199,00 ? ; 13 790,00 ? ; 16 480,00 ? ; 25,52 ? 
25.07.19; 10 219,00 ? ; 13 828,00 ? ; 16 540,00 ? ; 25,49 ? 
26.07.19; 10 241,00 ? ; 13 861,00 ? ; 16 607,00 ? ; 25,44 ? 
27.07.19; 10 264,00 ? ; 13 891,00 ? ; 16 680,00 ? ; 25,44 ? 
28.07.19; 10 284,00 ? ; 13 916,00 ? ; 16 753,00 ? ; 25,44 ? 
29.07.19; 10 303,00 ? ; 13 939,00 ? ; 16 825,00 ? ; 25,25 ? 
30.07.19; 10 319,00 ? ; 13 958,00 ? ; 16 895,00 ? ; 25,09 ? 
31.07.19; 10 333,00 ? ; 13 974,00 ? ; 16 961,00 ? ; 25,02 ? 
01.08.19; 10 346,00 ? ; 13 988,00 ? ; 17 022,00 ? ; 25,35 ? 
02.08.19; 10 357,00 ? ; 14 000,00 ? ; 17 079,00 ? ; 25,54 ? 
03.08.19; 10 370,00 ? ; 14 011,00 ? ; 17 133,00 ? ; 25,54 ? 
04.08.19; 10 382,00 ? ; 14 022,00 ? ; 17 184,00 ? ; 25,54 ? 
05.08.19; 10 393,00 ? ; 14 033,00 ? ; 17 231,00 ? ; 25,74 ? 
06.08.19; 10 403,00 ? ; 14 045,00 ? ; 17 273,00 ? ; 25,59 ? 
07.08.19; 10 413,00 ? ; 14 060,00 ? ; 17 310,00 ? ; 25,42 ? 
08.08.19; 10 422,00 ? ; 14 075,00 ? ; 17 337,00 ? ; 25,32 ? 
09.08.19; 10 432,00 ? ; 14 091,00 ? ; 17 353,00 ? ; 25,09 ? 
10.08.19; 10 442,00 ? ; 14 108,00 ? ; 17 358,00 ? ; 25,09 ? 
11.08.19; 10 450,00 ? ; 14 125,00 ? ; 17 352,00 ? ; 25,09 ? 
12.08.19; 10 457,00 ? ; 14 142,00 ? ; 17 337,00 ? ; 25,16 ? 
13.08.19; 10 465,00 ? ; 14 157,00 ? ; 17 314,00 ? ; 25,15 ? 
14.08.19; 10 472,00 ? ; 14 169,00 ? ; 17 288,00 ? ; 25,25 ? 
15.08.19; 10 479,00 ? ; 14 183,00 ? ; 17 261,00 ? ; 25,32 ? 
16.08.19; 10 487,00 ? ; 14 198,00 ? ; 17 235,00 ? ; 25,14 ? 
17.08.19; 10 494,00 ? ; 14 212,00 ? ; 17 208,00 ? ; 25,14 ? 
18.08.19; 10 499,00 ? ; 14 223,00 ? ; 17 181,00 ? ; 25,14 ? 
19.08.19; 10 502,00 ? ; 14 230,00 ? ; 17 155,00 ? ; 25,18 ? 
20.08.19; 10 503,00 ? ; 14 233,00 ? ; 17 128,00 ? ; 25,13 ? 
21.08.19; 10 501,00 ? ; 14 235,00 ? ; 17 104,00 ? ; 25,20 ? 
22.08.19; 10 499,00 ? ; 14 235,00 ? ; 17 082,00 ? ; 25,04 ? 
23.08.19; 10 497,00 ? ; 14 236,00 ? ; 17 066,00 ? ; 25,06 ? 
24.08.19; 10 494,00 ? ; 14 239,00 ? ; 17 058,00 ? ; 25,06 ? 
25.08.19; 10 490,00 ? ; 14 244,00 ? ; 17 057,00 ? ; 25,06 ? 
26.08.19; 10 490,00 ? ; 14 253,00 ? ; 17 064,00 ? ; 25,06 ? 
27.08.19; 10 489,00 ? ; 14 266,00 ? ; 17 076,00 ? ; 25,16 ? 
28.08.19; 10 490,00 ? ; 14 283,00 ? ; 17 097,00 ? ; 25,22 ? 
29.08.19; 10 494,00 ? ; 14 305,00 ? ; 17 124,00 ? ; 25,23 ? 
30.08.19; 10 499,00 ? ; 14 330,00 ? ; 17 156,00 ? ; 25,14 ? 
31.08.19; 10 507,00 ? ; 14 358,00 ? ; 17 192,00 ? ; 25,14 ? 
01.09.19; 10 517,00 ? ; 14 389,00 ? ; 17 233,00 ? ; 25,14 ? 
02.09.19; 10 530,00 ? ; 14 426,00 ? ; 17 277,00 ? ; 25,26 ? 
03.09.19; 10 542,00 ? ; 14 470,00 ? ; 17 327,00 ? ; 25,26 ? 
04.09.19; 10 559,00 ? ; 14 519,00 ? ; 17 379,00 ? ;  
05.09.19; 10 579,00 ? ; 14 572,00 ? ; 17 428,00 ? ;  
06.09.19; 10 601,00 ? ; 14 622,00 ? ; 17 476,00 ? ; 25,31 ? 
07.09.19; 10 625,00 ? ; 14 672,00 ? ; 17 520,00 ? ; 25,31 ? 
08.09.19; 10 651,00 ? ; 14 720,00 ? ; 17 560,00 ? ; 25,31 ? 
09.09.19; 10 679,00 ? ; 14 764,00 ? ; 17 596,00 ? ; 25,09 ? 
10.09.19; 10 707,00 ? ; 14 804,00 ? ; 17 629,00 ? ; 25,03 ? 
11.09.19; 10 738,00 ? ; 14 841,00 ? ; 17 661,00 ? ; 24,88 ? 
12.09.19; 10 767,00 ? ; 14 874,00 ? ; 17 688,00 ? ; 24,97 ? 
13.09.19; 10 795,00 ? ; 14 903,00 ? ; 17 710,00 ? ; 24,83 ? 
14.09.19; 10 820,00 ? ; 14 928,00 ? ; 17 726,00 ? ; 24,83 ? 
15.09.19; 10 842,00 ? ; 14 949,00 ? ; 17 734,00 ? ; 24,83 ? 
16.09.19; 10 863,00 ? ; 14 966,00 ? ; 17 733,00 ? ; 24,71 ? 
17.09.19; 10 881,00 ? ; 14 979,00 ? ; 17 723,00 ? ; 24,77 ? 
18.09.19; 10 902,00 ? ; 14 987,00 ? ; 17 704,00 ? ; 24,76 ? 
19.09.19; 10 920,00 ? ; 14 989,00 ? ; 17 679,00 ? ; 24,67 ? 
20.09.19; 10 936,00 ? ; 14 988,00 ? ; 17 652,00 ? ; 24,62 ? 
21.09.19; 10 950,00 ? ; 14 987,00 ? ; 17 622,00 ? ; 24,62 ? 
22.09.19; 10 962,00 ? ; 14 985,00 ? ; 17 596,00 ? ; 24,62 ? 
23.09.19; 10 971,00 ? ; 14 981,00 ? ; 17 570,00 ? ; 24,43 ? 
24.09.19; 10 979,00 ? ; 14 974,00 ? ; 17 546,00 ? ; 24,33 ? 
25.09.19; 10 984,00 ? ; 14 966,00 ? ; 17 523,00 ? ; 24,21 ? 
26.09.19; 10 984,00 ? ; 14 955,00 ? ; 17 499,00 ? ; 24,12 ? 
27.09.19; 10 982,00 ? ; 14 942,00 ? ; 17 473,00 ? ; 24,19 ? 
28.09.19; 10 980,00 ? ; 14 926,00 ? ; 17 446,00 ? ; 24,19 ? 
29.09.19; 10 978,00 ? ; 14 910,00 ? ; 17 423,00 ? ; 24,19 ? 
30.09.19; 10 975,00 ? ; 14 891,00 ? ; 17 408,00 ? ; 24,08 ? 
01.10.19; 10 971,00 ? ; 14 871,00 ? ; 17 402,00 ? ; 24,20 ? 
02.10.19; 10 964,00 ? ; 14 848,00 ? ; 17 406,00 ? ; 24,56 ? 
03.10.19; 10 953,00 ? ; 14 825,00 ? ; 17 413,00 ? ; 24,86 ? 
04.10.19; 10 940,00 ? ; 14 803,00 ? ; 17 428,00 ? ; 24,88 ? 
05.10.19; 10 924,00 ? ; 14 779,00 ? ; 17 445,00 ? ; 24,88 ? 
06.10.19;;;; 24,88 ? 
07.10.19; 10 909,00 ? ; 14 753,00 ? ; 17 463,00 ? ; 24,61 ? 
08.10.19; 10 893,00 ? ; 14 725,00 ? ; 17 476,00 ? ; 24,87 ? 
09.10.19; 10 878,00 ? ; 14 697,00 ? ; 17 489,00 ? ; 24,71 ? 
10.10.19; 10 862,00 ? ; 14 671,00 ? ; 17 500,00 ? ; 24,70 ? 
11.10.19; 10 847,00 ? ; 14 648,00 ? ; 17 508,00 ? ; 24,53 ? 
12.10.19; 10 836,00 ? ; 14 626,00 ? ; 17 514,00 ? ; 24,53 ? 
13.10.19; 10 829,00 ? ; 14 607,00 ? ; 17 519,00 ? ; 24,53 ? 
14.10.19; 10 820,00 ? ; 14 590,00 ? ; 17 522,00 ? ; 24,53 ? 
15.10.19; 10 809,00 ? ; 14 574,00 ? ; 17 518,00 ? ; 24,54 ? 
16.10.19; 10 796,00 ? ; 14 559,00 ? ; 17 505,00 ? ; 24,79 ? 
17.10.19; 10 787,00 ? ; 14 546,00 ? ; 17 484,00 ? ; 24,84 ? 
18.10.19; 10 782,00 ? ; 14 534,00 ? ; 17 455,00 ? ; 24,73 ? 
19.10.19; 10 782,00 ? ; 14 523,00 ? ; 17 428,00 ? ; 24,73 ? 
20.10.19; 10 787,00 ? ; 14 512,00 ? ; 17 396,00 ? ; 24,73 ? 
21.10.19; 10 793,00 ? ; 14 504,00 ? ; 17 366,00 ? ; 25,04 ? 
22.10.19; 10 798,00 ? ; 14 495,00 ? ; 17 338,00 ? ; 24,98 ? 
23.10.19; 10 798,00 ? ; 14 486,00 ? ; 17 317,00 ? ; 24,84 ? 
24.10.19; 10 796,00 ? ; 14 476,00 ? ; 17 291,00 ? ; 24,89 ? 
25.10.19; 10 791,00 ? ; 14 464,00 ? ; 17 264,00 ? ; 25,11 ? 
26.10.19; 10 784,00 ? ; 14 450,00 ? ; 17 241,00 ? ; 25,11 ? 
27.10.19; 10 773,00 ? ; 14 433,00 ? ; 17 221,00 ? ; 25,11 ? 
28.10.19; 10 757,00 ? ; 14 414,00 ? ; 17 205,00 ? ; 25,17 ? 
29.10.19; 10 741,00 ? ; 14 393,00 ? ; 17 195,00 ? ; 25,07 ? 
30.10.19; 10 727,00 ? ; 14 371,00 ? ; 17 191,00 ? ; 25,11 ? 
31.10.19; 10 715,00 ? ; 14 348,00 ? ; 17 191,00 ? ; 25 
01.11.19; 10 699,00 ? ; 14 324,00 ? ; 17 195,00 ? ; 24,82 ? 
02.11.19; 10 681,00 ? ; 14 301,00 ? ; 17 207,00 ? ; 24,82 ? 
03.11.19; 10 660,00 ? ; 14 276,00 ? ; 17 220,00 ? ; 24,82 ? 
04.11.19; 10 636,00 ? ; 14 249,00 ? ; 17 235,00 ? ; 24,74 ? 
05.11.19; 10 613,00 ? ; 14 219,00 ? ; 17 251,00 ? ; 24,80 ? 
06.11.19; 10 592,00 ? ; 14 192,00 ? ; 17 267,00 ? ; 24,72 ? 
07.11.19; 10 577,00 ? ; 14 167,00 ? ; 17 283,00 ? ; 24,66 ? 
08.11.19; 10 565,00 ? ; 14 144,00 ? ; 17 307,00 ? ; 24,52 ? 
09.11.19; 10 557,00 ? ; 14 123,00 ? ; 17 336,00 ? ; 24,52 ? 
10.11.19; 10 550,00 ? ; 14 104,00 ? ; 17 371,00 ? ; 24,52 ? 
11.11.19; 10 545,00 ? ; 14 088,00 ? ; 17 409,00 ? ; 24,50 ? 
12.11.19; 10 544,00 ? ; 14 073,00 ? ; 17 448,00 ? ; 24,51 ? 
13.11.19; 10 547,00 ? ; 14 061,00 ? ; 17 487,00 ? ; 24,46 ? 
14.11.19; 10 552,00 ? ; 14 051,00 ? ; 17 529,00 ? ; 24,32 ? 
15.11.19; 10 560,00 ? ; 14 040,00 ? ; 17 574,00 ? ; 24,25 ? 
16.11.19; 10 572,00 ? ; 14 030,00 ? ; 17 624,00 ? ; 24,25 ? 
17.11.19; 10 584,00 ? ; 14 019,00 ? ; 17 670,00 ? ; 24,25 ? 
18.11.19; 10 597,00 ? ; 14 008,00 ? ; 17 714,00 ? ; 24,22 ? 
19.11.19; 10 610,00 ? ; 13 997,00 ? ; 17 755,00 ? ; 24,14 ? 
20.11.19; 10 625,00 ? ; 13 987,00 ? ; 17 795,00 ? ; 24,20 ? 
21.11.19; 10 642,00 ? ; 13 974,00 ? ; 17 832,00 ? ; 24,18 ? 
22.11.19; 10 658,00 ? ; 13 958,00 ? ; 17 866,00 ? ; 24,19 ? 
23.11.19; 10 674,00 ? ; 13 941,00 ? ; 17 896,00 ? ; 24,19 ? 
24.11.19; 10 686,00 ? ; 13 922,00 ? ; 17 921,00 ? ; 24,19 ? 
25.11.19; 10 696,00 ? ; 13 902,00 ? ; 17 940,00 ? ; 24,16 ? 
26.11.19; 10 704,00 ? ; 13 879,00 ? ; 17 955,00 ? ; 24,05 ? 
27.11.19; 10 710,00 ? ; 13 853,00 ? ; 17 964,00 ? ; 23,98 ? 
28.11.19; 10 710,00 ? ; 13 824,00 ? ; 17 970,00 ? ; 23,98 ? 
29.11.19; 10 705,00 ? ; 13 790,00 ? ; 17 971,00 ? ; 24,04 ? 
30.11.19; 10 692,00 ? ; 13 756,00 ? ; 17 969,00 ? ; 24,04 ? 
01.12.19; 10 673,00 ? ; 13 718,00 ? ; 17 960,00 ? ; 24,04 ? 
02.12.19; 10 649,00 ? ; 13 679,00 ? ; 17 949,00 ? ; 23,97 ? 
03.12.19; 10 620,00 ? ; 13 640,00 ? ; 17 936,00 ? ; 23,96 ? 
04.12.19; 10 587,00 ? ; 13 600,00 ? ; 17 921,00 ? ; 23,94 ? 
05.12.19; 10 548,00 ? ; 13 561,00 ? ; 17 903,00 ? ; 23,93 ? 
06.12.19; 10 503,00 ? ; 13 522,00 ? ; 17 885,00 ? ; 23,88 ? 
07.12.19;;;; 23,88 ? 
08.12.19; 10 452,00 ? ; 13 485,00 ? ; 17 865,00 ? ; 23,88 ? 
09.12.19; 10 399,00 ? ; 13 450,00 ? ; 17 846,00 ? ; 23,72 ? 
10.12.19; 10 349,00 ? ; 13 417,00 ? ; 17 826,00 ? ; 23,69 ? 
11.12.19; 10 301,00 ? ; 13 383,00 ? ; 17 806,00 ? ; 23,69 ? 
12.12.19; 10 256,00 ? ; 13 350,00 ? ; 17 786,00 ? ; 23,60 ? 
13.12.19; 10 212,00 ? ; 13 318,00 ? ; 17 771,00 ? ; 23,56 ? 
14.12.19; 10 174,00 ? ; 13 289,00 ? ; 17 756,00 ? ; 23,56 ? 
15.12.19; 10 141,00 ? ; 13 264,00 ? ; 17 739,00 ? ; 23,56 ? 
16.12.19; 10 115,00 ? ; 13 239,00 ? ; 17 720,00 ? ; 23,50 ? 
17.12.19; 10 094,00 ? ; 13 218,00 ? ; 17 706,00 ? ; 23,49 ? 
18.12.19; 10 081,00 ? ; 13 200,00 ? ; 17 697,00 ? ; 23,47 ? 
19.12.19; 10 074,00 ? ; 13 184,00 ? ; 17 692,00 ? ; 23,41 ? 
20.12.19; 10 073,00 ? ; 13 171,00 ? ; 17 691,00 ? ; 23,37 ? 
21.12.19; 10 080,00 ? ; 13 158,00 ? ; 17 695,00 ? ; 23,33 ? 
22.12.19; 10 092,00 ? ; 13 149,00 ? ; 17 699,00 ? ; 23,33 ? 
23.12.19; 10 108,00 ? ; 13 136,00 ? ; 17 703,00 ? ; 23,29 ? 
24.12.19; 10 126,00 ? ; 13 122,00 ? ; 17 705,00 ? ; 23,28 ? 
25.12.19; 10 144,00 ? ; 13 106,00 ? ; 17 708,00 ? ; 23,28 ? 
26.12.19; 10 162,00 ? ; 13 092,00 ? ; 17 714,00 ? ; 23,26 ? 
27.12.19; 10 180,00 ? ; 13 080,00 ? ; 17 716,00 ? ; 23,29 ? 
28.12.19; 10 199,00 ? ; 13 069,00 ? ; 17 710,00 ? ; 23,69 ? 
29.12.19; 10 212,00 ? ; 13 057,00 ? ; 17 704,00 ? ; 23,69 ? 
30.12.19; 10 222,00 ? ; 13 044,00 ? ; 17 702,00 ? ; 23,69 ? 
31.12.19; 10 229,00 ? ; 13 031,00 ? ; 17 699,00 ? ; 23,69 ? 
01.01.20; 10 232,00 ? ; 13 017,00 ? ; 17 690,00 ? ; 23,69 ? 
02.01.20; 10 231,00 ? ; 12 999,00 ? ; 17 677,00 ? ; 23,69 ? 
03.01.20; 10 225,00 ? ; 12 980,00 ? ; 17 659,00 ? ; 23,69 ? 
04.01.20; 10 215,00 ? ; 12 959,00 ? ; 17 636,00 ? ; 23,69 ? 
05.01.20; 10 200,00 ? ; 12 935,00 ? ; 17 607,00 ? ; 23,69 ? 
06.01.20; 10 182,00 ? ; 12 910,00 ? ; 17 576,00 ? ; 23,69 ? 
07.01.20; 10 164,00 ? ; 12 884,00 ? ; 17 544,00 ? ; 23,69 ? 
08.01.20; 10 146,00 ? ; 12 858,00 ? ; 17 512,00 ? ; 23,68 ? 
09.01.20; 10 128,00 ? ; 12 833,00 ? ; 17 477,00 ? ; 23,83 ? 
10.01.20; 10 110,00 ? ; 12 805,00 ? ; 17 440,00 ? ; 24,12 ? 
11.01.20; 10 092,00 ? ; 12 774,00 ? ; 17 406,00 ? ; 23,97 ? 
12.01.20; 10 073,00 ? ; 12 744,00 ? ; 17 377,00 ? ; 23,97 ? 
13.01.20; 10 057,00 ? ; 12 715,00 ? ; 17 349,00 ? ; 23,97 ? 
14.01.20; 10 043,00 ? ; 12 685,00 ? ; 17 317,00 ? ; 23,93 ? 
15.01.20; 10 031,00 ? ; 12 658,00 ? ; 17 284,00 ? ; 24,03 ? 
16.01.20; 10 020,00 ? ; 12 632,00 ? ; 17 256,00 ? ; 23,98 ? 
17.01.20; 10 012,00 ? ; 12 610,00 ? ; 17 228,00 ? ; 24,09 ? 
18.01.20; 10 005,00 ? ; 12 589,00 ? ; 17 200,00 ? ; 24,09 ? 
19.01.20; 9 998,00 ? ; 12 570,00 ? ; 17 172,00 ? ; 24,09 ? 
20.01.20; 9 992,00 ? ; 12 553,00 ? ; 17 148,00 ? ; 24,25 ? 
21.01.20; 9 986,00 ? ; 12 539,00 ? ; 17 127,00 ? ; 24,33 ? 
22.01.20; 9 978,00 ? ; 12 527,00 ? ; 17 108,00 ? ; 24,26 ? 
23.01.20; 9 967,00 ? ; 12 517,00 ? ; 17 091,00 ? ;  
24.01.20; 9 954,00 ? ; 12 510,00 ? ; 17 077,00 ? ;  
25.01.20; 9 939,00 ? ; 12 504,00 ? ; 17 064,00 ? ; 24,52 ? 
26.01.20; 9 922,00 ? ; 12 501,00 ? ; 17 052,00 ? ; 24,52 ? 
27.01.20; 9 903,00 ? ; 12 499,00 ? ; 17 040,00 ? ; 24,33 ? 
28.01.20; 9 885,00 ? ; 12 498,00 ? ; 17 029,00 ? ; 24,60 ? 
29.01.20; 9 867,00 ? ; 12 498,00 ? ; 17 020,00 ? ; 24,72 ? 
30.01.20; 9 849,00 ? ; 12 497,00 ? ; 17 012,00 ? ; 24,85 ? 
31.01.20; 9 831,00 ? ; 12 497,00 ? ; 17 001,00 ? ; 24,92 ? 
01.02.20; 9 813,00 ? ; 12 497,00 ? ; 16 991,00 ? ; 24,92 ? 
02.02.20; 9 796,00 ? ; 12 497,00 ? ; 16 980,00 ? ; 24,92 ? 
03.02.20; 9 782,00 ? ; 12 497,00 ? ; 16 969,00 ? ; 25,03 ? 
04.02.20; 9 772,00 ? ; 12 499,00 ? ; 16 955,00 ? ; 25,08 ? 
05.02.20; 9 767,00 ? ; 12 501,00 ? ; 16 937,00 ? ; 24,85 ? 
06.02.20; 9 765,00 ? ; 12 503,00 ? ; 16 914,00 ? ; 24,80 ? 
07.02.20; 9 768,00 ? ; 12 506,00 ? ; 16 887,00 ? ; 24,58 ? 
08.02.20; 9 775,00 ? ; 12 511,00 ? ; 16 856,00 ? ; 24,58 ? 
09.02.20; 9 787,00 ? ; 12 517,00 ? ; 16 820,00 ? ; 24,58 ? 
10.02.20; 9 803,00 ? ; 12 526,00 ? ; 16 779,00 ? ; 24,54 ? 
11.02.20; 9 822,00 ? ; 12 534,00 ? ; 16 734,00 ? ; 24,52 ? 
12.02.20; 9 840,00 ? ; 12 544,00 ? ; 16 685,00 ? ; 24,42 ? 
13.02.20; 9 858,00 ? ; 12 554,00 ? ; 16 631,00 ? ; 24,50 ? 
14.02.20; 9 877,00 ? ; 12 567,00 ? ; 16 576,00 ? ; 24,48 ? 
15.02.20; 9 895,00 ? ; 12 581,00 ? ; 16 521,00 ? ; 24,48 ? 
16.02.20; 9 913,00 ? ; 12 598,00 ? ; 16 466,00 ? ; 24,48 ? 
17.02.20; 9 931,00 ? ; 12 617,00 ? ; 16 411,00 ? ; 24,45 ? 
18.02.20; 9 946,00 ? ; 12 637,00 ? ; 16 358,00 ? ; 24,45 ? 
19.02.20; 9 960,00 ? ; 12 654,00 ? ; 16 303,00 ? ; 24,44 ? 
20.02.20; 9 973,00 ? ; 12 671,00 ? ; 16 251,00 ? ; 24,52 ? 
21.02.20; 9 982,00 ? ; 12 687,00 ? ; 16 201,00 ? ; 24,48 ? 
22.02.20; 9 990,00 ? ; 12 701,00 ? ; 16 152,00 ? ; 24,48 ? 
23.02.20; 9 996,00 ? ; 12 714,00 ? ; 16 104,00 ? ; 24,48 ? 
24.02.20; 9 999,00 ? ; 12 724,00 ? ; 16 059,00 ? ; 24,45 ? 
25.02.20; 10 000,00 ? ; 12 734,00 ? ; 16 014,00 ? ; 24,50 ? 
26.02.20; 10 000,00 ? ; 12 745,00 ? ; 15 972,00 ? ; 24,53 ? 
27.02.20; 10 000,00 ? ; 12 756,00 ? ; 15 933,00 ? ; 24,65 ? 
28.02.20; 10 000,00 ? ; 12 768,00 ? ; 15 898,00 ? ; 24,56 ? 
29.02.20; 10 000,00 ? ; 12 778,00 ? ; 15 866,00 ? ; 24,56 ? 
01.03.20; 10 000,00 ? ; 12 788,00 ? ; 15 836,00 ? ; 24,56 ? 
02.03.20; 10 002,00 ? ; 12 798,00 ? ; 15 809,00 ? ; 24,59 ? 
03.03.20; 10 006,00 ? ; 12 808,00 ? ; 15 784,00 ? ; 24,82 ? 
04.03.20; 10 009,00 ? ; 12 820,00 ? ; 15 759,00 ? ; 24,94 ? 
05.03.20; 10 013,00 ? ; 12 839,00 ? ; 15 741,00 ? ; 24,89 ? 
06.03.20; 10 017,00 ? ; 12 862,00 ? ; 15 726,00 ? ; 24,74 ? 
07.03.20; 10 021,00 ? ; 12 889,00 ? ; 15 716,00 ? ; 24,74 ? 
08.03.20; 10 025,00 ? ; 12 921,00 ? ; 15 715,00 ? ; 24,74 ? 
09.03.20; 10 029,00 ? ; 12 954,00 ? ; 15 721,00 ? ; 24,74 ? 
10.03.20; 10 033,00 ? ; 12 987,00 ? ; 15 737,00 ? ; 24,92 ? 
11.03.20; 10 037,00 ? ; 13 021,00 ? ; 15 763,00 ? ; 25,31 ? 
12.03.20; 10 040,00 ? ; 13 052,00 ? ; 15 796,00 ? ; 25,62 ? 
13.03.20; 10 044,00 ? ; 13 082,00 ? ; 15 832,00 ? ; 25,86 ? 
14.03.20;;;; 25,86 ? 
15.03.20; 10 048,00 ? ; 13 111,00 ? ; 15 869,00 ? ; 25,86 ? 
16.03.20; 10 052,00 ? ; 13 139,00 ? ; 15 906,00 ? ; 26,09 ? 
17.03.20; 10 056,00 ? ; 13 163,00 ? ; 15 946,00 ? ; 26,52 ? 
18.03.20; 10 055,00 ? ; 13 183,00 ? ; 15 986,00 ? ; 27,06 ? 
19.03.20; 10 052,00 ? ; 13 197,00 ? ; 16 025,00 ? ; 27,27 ? 
20.03.20; 10 049,00 ? ; 13 206,00 ? ; 16 065,00 ? ; 27,80 ? 
21.03.20; 10 045,00 ? ; 13 208,00 ? ; 16 103,00 ? ; 27,80 ? 
22.03.20; 10 041,00 ? ; 13 202,00 ? ; 16 140,00 ? ; 27,80 ? 
23.03.20; 10 037,00 ? ; 13 188,00 ? ; 16 174,00 ? ; 27,74 ? 
24.03.20; 10 033,00 ? ; 13 169,00 ? ; 16 201,00 ? ; 28,11 ? 
25.03.20; 10 028,00 ? ; 13 144,00 ? ; 16 222,00 ? ; 27,77 ? 
26.03.20; 10 023,00 ? ; 13 116,00 ? ; 16 231,00 ? ; 27,96 ? 
27.03.20; 10 016,00 ? ; 13 084,00 ? ; 16 224,00 ? ; 28,14 ? 
28.03.20; 10 009,00 ? ; 13 050,00 ? ; 16 207,00 ? ; 28,14 ? 
29.03.20; 10 000,00 ? ; 13 011,00 ? ; 16 184,00 ? ; 28,14 ? 
30.03.20; 9 988,00 ? ; 12 967,00 ? ; 16 160,00 ? ; 28,18 ? 
31.03.20; 9 974,00 ? ; 12 920,00 ? ; 16 133,00 ? ; 28,06 ? 
01.04.20; 9 958,00 ? ; 12 870,00 ? ; 16 099,00 ? ; 27,63 ? 
02.04.20;;;; 27,75 ? 
03.04.20; 9 942,00 ? ; 12 817,00 ? ; 16 062,00 ? ; 27,60 ? 
04.04.20; 9 923,00 ? ; 12 764,00 ? ; 16 024,00 ? ; 27,60 ? 
05.04.20; 9 899,00 ? ; 12 709,00 ? ; 15 987,00 ? ; 27,60 ? 
06.04.20; 9 872,00 ? ; 12 652,00 ? ; 15 947,00 ? ; 27,37 ? 
07.04.20; 9 839,00 ? ; 12 594,00 ? ; 15 904,00 ? ; 27,24 ? 
08.04.20; 9 803,00 ? ; 12 539,00 ? ; 15 861,00 ? ; 27,10 ? 
09.04.20; 9 762,00 ? ; 12 483,00 ? ; 15 818,00 ? ; 27,20 ? 
10.04.20; 9 718,00 ? ; 12 428,00 ? ; 15 774,00 ? ; 27,26 ? 
11.04.20; 9 672,00 ? ; 12 372,00 ? ; 15 730,00 ? ; 27,26 ? 
12.04.20; 9 622,00 ? ; 12 316,00 ? ; 15 695,00 ? ; 27,26 ? 
13.04.20; 9 570,00 ? ; 12 259,00 ? ; 15 665,00 ? ; 27,20 ? 
14.04.20; 9 517,00 ? ; 12 205,00 ? ; 15 638,00 ? ; 27,04 ? 
15.04.20; 9 465,00 ? ; 12 152,00 ? ; 15 607,00 ? ; 27,09 ? 
16.04.20; 9 413,00 ? ; 12 102,00 ? ; 15 577,00 ? ; 27,22 ? 
17.04.20; 9 361,00 ? ; 12 054,00 ? ; 15 548,00 ? ; 27,20 ? 
18.04.20; 9 308,00 ? ; 12 009,00 ? ; 15 523,00 ? ; 27,20 ? 
19.04.20; 9 261,00 ? ; 11 965,00 ? ; 15 492,00 ? ; 27,20 ? 
20.04.20;;;; 27,20 ? 
21.04.20; 9 217,00 ? ; 11 923,00 ? ; 15 458,00 ? ; 27,08 ? 
22.04.20; 9 178,00 ? ; 11 880,00 ? ; 15 423,00 ? ; 27,08 ? 
23.04.20; 9 144,00 ? ; 11 837,00 ? ; 15 391,00 ? ; 27,05 ? 
24.04.20; 9 114,00 ? ; 11 792,00 ? ; 15 355,00 ? ; 27,01 ? 
25.04.20; 9 088,00 ? ; 11 745,00 ? ; 15 314,00 ? ; 27,01 ? 
26.04.20; 9 066,00 ? ; 11 699,00 ? ; 15 277,00 ? ; 27,01 ? 
27.04.20; 9 048,00 ? ; 11 655,00 ? ; 15 244,00 ? ; 27,14 ? 
28.04.20; 9 033,00 ? ; 11 612,00 ? ; 15 210,00 ? ; 27,10 ? 
29.04.20; 9 022,00 ? ; 11 570,00 ? ; 15 177,00 ? ; 27,05 ? 
30.04.20; 9 013,00 ? ; 11 528,00 ? ; 15 143,00 ? ; 26,97 ? 
01.05.20; 9 007,00 ? ; 11 486,00 ? ; 15 111,00 ? ; 26,97 ? 
02.05.20; 9 002,00 ? ; 11 447,00 ? ; 15 083,00 ? ; 26,97 ? 
03.05.20; 9 000,00 ? ; 11 410,00 ? ; 15 054,00 ? ; 26,97 ? 
04.05.20; 9 000,00 ? ; 11 375,00 ? ; 15 022,00 ? ; 26,96 ? 
05.05.20; 9 000,00 ? ; 11 343,00 ? ; 14 990,00 ? ; 26,97 ? 
06.05.20; 9 000,00 ? ; 11 314,00 ? ; 14 958,00 ? ; 26,98 ? 
07.05.20; 9 000,00 ? ; 11 291,00 ? ; 14 924,00 ? ; 26,93 ? 
08.05.20; 9 000,00 ? ; 11 276,00 ? ; 14 886,00 ? ; 26,82 ? 
09.05.20; 9 000,00 ? ; 11 267,00 ? ; 14 848,00 ? ; 26,82 ? 
10.05.20; 9 000,00 ? ; 11 268,00 ? ; 14 810,00 ? ; 26,82 ? 
11.05.20; 9 000,00 ? ; 11 273,00 ? ; 14 768,00 ? ; 26,82 ? 
12.05.20; 9 000,00 ? ; 11 284,00 ? ; 14 722,00 ? ; 26,82 ? 
13.05.20; 9 000,00 ? ; 11 300,00 ? ; 14 676,00 ? ; 26,79 ? 
14.05.20; 9 000,00 ? ; 11 320,00 ? ; 14 628,00 ? ; 26,79 ? 
15.05.20; 9 000,00 ? ; 11 345,00 ? ; 14 582,00 ? ; 26,79 ? 
16.05.20; 9 000,00 ? ; 11 375,00 ? ; 14 537,00 ? ; 26,79 ? 
17.05.20; 9 000,00 ? ; 11 406,00 ? ; 14 493,00 ? ; 26,68 ? 
18.05.20; 9 000,00 ? ; 11 437,00 ? ; 14 453,00 ? ; 26,79 ? 
19.05.20; 9 000,00 ? ; 11 471,00 ? ; 14 421,00 ? ; 26,57 ? 
20.05.20; 9 000,00 ? ; 11 506,00 ? ; 14 398,00 ? ; 26,79 ? 
21.05.20; 9 000,00 ? ; 11 540,00 ? ; 14 384,00 ? ; 26,59 ? 
22.05.20; 9 000,00 ? ; 11 573,00 ? ; 14 379,00 ? ; 26,79 ? 
23.05.20; 9 000,00 ? ; 11 603,00 ? ; 14 382,00 ? ; 26,77 ? 
24.05.20; 9 000,00 ? ; 11 630,00 ? ; 14 395,00 ? ; 26,79 ? 
25.05.20; 9 000,00 ? ; 11 649,00 ? ; 14 415,00 ? ; 26,76 ? 
26.05.20; 9 000,00 ? ; 11 665,00 ? ; 14 443,00 ? ; 26,79 ? 
27.05.20; 9 000,00 ? ; 11 674,00 ? ; 14 480,00 ? ; 26,79 ? 
28.05.20; 9 000,00 ? ; 11 680,00 ? ; 14 519,00 ? ; 27 
29.05.20; 9 000,00 ? ; 11 685,00 ? ; 14 563,00 ? ; 26,91 ? 
30.05.20; 9 000,00 ? ; 11 687,00 ? ; 14 608,00 ? ; 26,91 ? 
31.05.20; 9 000,00 ? ; 11 689,00 ? ; 14 653,00 ? ; 26,91 ? 
01.06.20; 9 000,00 ? ; 11 690,00 ? ; 14 698,00 ? ; 26,79 ? 
02.06.20; 9 000,00 ? ; 11 692,00 ? ; 14 742,00 ? ; 26,82 ? 
03.06.20; 9 000,00 ? ; 11 691,00 ? ; 14 786,00 ? ; 26,79 ? 
04.06.20; 9 001,00 ? ; 11 689,00 ? ; 14 831,00 ? ; 26,79 ? 
05.06.20;;;; 26,70 ? 
06.06.20; 9 002,00 ? ; 11 686,00 ? ; 14 875,00 ? ; 26,70 ? 
07.06.20; 9 004,00 ? ; 11 685,00 ? ; 14 919,00 ? ; 26,70 ? 
08.06.20; 9 009,00 ? ; 11 686,00 ? ; 14 964,00 ? ; 26,79 ? 
09.06.20; 9 014,00 ? ; 11 691,00 ? ; 15 008,00 ? ; 26,79 ? 
10.06.20; 9 020,00 ? ; 11 700,00 ? ; 15 055,00 ? ; 26,79 ? 
11.06.20; 9 027,00 ? ; 11 713,00 ? ; 15 103,00 ? ; 26,79 ? 
12.06.20; 9 033,00 ? ; 11 731,00 ? ; 15 152,00 ? ; 26,79 ? 
13.06.20; 9 040,00 ? ; 11 751,00 ? ; 15 204,00 ? ; 26,60 ? 
14.06.20; 9 047,00 ? ; 11 773,00 ? ; 15 259,00 ? ; 26,79 ? 
15.06.20; 9 055,00 ? ; 11 794,00 ? ; 15 315,00 ? ; 26,73 ? 
16.06.20; 9 062,00 ? ; 11 814,00 ? ; 15 376,00 ? ; 26,84 ? 
17.06.20; 9 070,00 ? ; 11 836,00 ? ; 15 441,00 ? ; 26,74 ? 
18.06.20; 9 077,00 ? ; 11 856,00 ? ; 15 510,00 ? ; 26,79 ? 
19.06.20; 9 085,00 ? ; 11 876,00 ? ; 15 575,00 ? ; 26,76 ? 
20.06.20; 9 090,00 ? ; 11 897,00 ? ; 15 633,00 ? ; 26,76 ? 
21.06.20; 9 096,00 ? ; 11 917,00 ? ; 15 682,00 ? ; 26,76 ? 
22.06.20; 9 098,00 ? ; 11 934,00 ? ; 15 725,00 ? ; 26,72 ? 
23.06.20; 9 099,00 ? ; 11 950,00 ? ; 15 760,00 ? ; 26,67 ? 
24.06.20; 9 099,00 ? ; 11 963,00 ? ; 15 786,00 ? ; 26,61 ? 
25.06.20; 9 101,00 ? ; 11 974,00 ? ; 15 804,00 ? ; 26,65 ? 
26.06.20; 9 104,00 ? ; 11 983,00 ? ; 15 813,00 ? ; 26,70 ? 
27.06.20; 9 109,00 ? ; 11 990,00 ? ; 15 814,00 ? ; 26,70 ? 
28.06.20; 9 116,00 ? ; 11 994,00 ? ; 15 806,00 ? ; 26,70 ? 
29.06.20; 9 124,00 ? ; 11 997,00 ? ; 15 790,00 ? ; 26,70 ? 
30.06.20; 9 134,00 ? ; 11 999,00 ? ; 15 765,00 ? ; 26,69 ? 
01.07.20; 9 146,00 ? ; 12 000,00 ? ; 15 731,00 ? ; 26,67 ? 
02.07.20; 9 160,00 ? ; 12 000,00 ? ; 15 688,00 ? ; 26,77 ? 
03.07.20; 9 177,00 ? ; 12 000,00 ? ; 15 636,00 ? ; 27,18 ? 
04.07.20; 9 196,00 ? ; 12 000,00 ? ; 15 582,00 ? ; 27,18 ? 
05.07.20; 9 217,00 ? ; 12 000,00 ? ; 15 529,00 ? ; 27,18 ? 
06.07.20; 9 241,00 ? ; 12 000,00 ? ; 15 481,00 ? ; 27,17 ? 
07.07.20; 9 269,00 ? ; 12 000,00 ? ; 15 435,00 ? ; 27,13 ? 
08.07.20; 9 297,00 ? ; 12 000,00 ? ; 15 393,00 ? ; 26,93 ? 
09.07.20; 9 324,00 ? ; 12 000,00 ? ; 15 360,00 ? ; 26,95 ? 
10.07.20; 9 349,00 ? ; 12 000,00 ? ; 15 331,00 ? ; 26,93 ? 
11.07.20; 9 371,00 ? ; 12 000,00 ? ; 15 311,00 ? ; 26,93 ? 
12.07.20; 9 391,00 ? ; 12 000,00 ? ; 15 296,00 ? ; 26,93 ? 
13.07.20; 9 407,00 ? ; 12 000,00 ? ; 15 288,00 ? ; 26,95 ? 
14.07.20; 9 421,00 ? ; 12 000,00 ? ; 15 289,00 ? ; 27,09 ? 
15.07.20; 9 433,00 ? ; 12 000,00 ? ; 15 297,00 ? ; 27,14 ? 
16.07.20; 9 441,00 ? ; 12 000,00 ? ; 15 309,00 ? ; 27,12 ? 
17.07.20; 9 446,00 ? ; 12 000,00 ? ; 15 326,00 ? ; 27,27 ? 
18.07.20; 9 449,00 ? ; 12 000,00 ? ; 15 347,00 ? ; 27,27 ? 
19.07.20; 9 450,00 ? ; 12 000,00 ? ; 15 368,00 ? ; 27,27 ? 
20.07.20; 9 448,00 ? ; 12 000,00 ? ; 15 389,00 ? ; 27,36 ? 
21.07.20; 9 444,00 ? ; 12 000,00 ? ; 15 414,00 ? ; 27,60 ? 
22.07.20; 9 439,00 ? ; 12 000,00 ? ; 15 439,00 ? ; 27,66 ? 
23.07.20; 9 433,00 ? ; 12 000,00 ? ; 15 463,00 ? ; 27,78 ? 
24.07.20; 9 428,00 ? ; 12 000,00 ? ; 15 479,00 ? ;  
25.07.20; 9 422,00 ? ; 12 002,00 ? ; 15 488,00 ? ;  
26.07.20; 9 419,00 ? ; 12 004,00 ? ; 15 489,00 ? ;  
27.07.20; 9 417,00 ? ; 12 007,00 ? ; 15 485,00 ? ;  
28.07.20; 9 417,00 ? ; 12 009,00 ? ; 15 475,00 ? ; 27,76 ? 
29.07.20; 9 418,00 ? ; 12 013,00 ? ; 15 458,00 ? ; 27,69 ? 
30.07.20; 9 420,00 ? ; 12 018,00 ? ; 15 435,00 ? ; 27,69 ? 
31.07.20; 9 424,00 ? ; 12 022,00 ? ; 15 411,00 ? ;  
01.08.20; 9 431,00 ? ; 12 027,00 ? ; 15 387,00 ? ;  
02.08.20; 9 437,00 ? ; 12 033,00 ? ; 15 364,00 ? ;  
03.08.20; 9 445,00 ? ; 12 041,00 ? ; 15 342,00 ? ;  
04.08.20; 9 453,00 ? ; 12 048,00 ? ; 15 322,00 ? ;  
05.08.20; 9 463,00 ? ; 12 057,00 ? ; 15 293,00 ? ;  
06.08.20; 9 474,00 ? ; 12 067,00 ? ; 15 259,00 ? ;  
07.08.20; 9 487,00 ? ; 12 081,00 ? ; 15 226,00 ? ;  
08.08.20; 9 502,00 ? ; 12 096,00 ? ; 15 197,00 ? ;  
09.08.20; 9 520,00 ? ; 12 109,00 ? ; 15 172,00 ? ;  
10.08.20; 9 538,00 ? ; 12 124,00 ? ; 15 149,00 ? ;  
11.08.20; 9 558,00 ? ; 12 142,00 ? ; 15 127,00 ? ; 27,60 ? 
12.08.20; 9 580,00 ? ; 12 161,00 ? ; 15 108,00 ? ; 27,60 ? 
13.08.20; 9 603,00 ? ; 12 179,00 ? ; 15 093,00 ? ; 27,53 ? 
14.08.20; 9 627,00 ? ; 12 199,00 ? ; 15 081,00 ? ; 27,41 ? 
15.08.20; 9 653,00 ? ; 12 221,00 ? ; 15 069,00 ? ; 27,41 ? 
16.08.20; 9 680,00 ? ; 12 245,00 ? ; 15 057,00 ? ; 27,41 ? 
17.08.20; 9 710,00 ? ; 12 267,00 ? ; 15 046,00 ? ; 27,35 ? 
18.08.20; 9 738,00 ? ; 12 290,00 ? ; 15 036,00 ? ; 27,31 ? 
19.08.20; 9 769,00 ? ; 12 317,00 ? ; 15 025,00 ? ; 27,23 ? 
20.08.20; 9 799,00 ? ; 12 344,00 ? ; 15 021,00 ? ; 27,32 ? 
21.08.20; 9 827,00 ? ; 12 370,00 ? ; 15 023,00 ? ; 27,48 ? 
22.08.20; 9 854,00 ? ; 12 395,00 ? ; 15 030,00 ? ; 27,48 ? 
23.08.20; 9 878,00 ? ; 12 420,00 ? ; 15 041,00 ? ; 27,48 ? 
24.08.20; 9 900,00 ? ; 12 448,00 ? ; 15 057,00 ? ; 27,48 ? 
25.08.20; 9 920,00 ? ; 12 475,00 ? ; 15 079,00 ? ; 27,39 ? 
26.08.20; 9 937,00 ? ; 12 503,00 ? ; 15 107,00 ? ; 27,44 ? 
27.08.20; 9 952,00 ? ; 12 530,00 ? ; 15 139,00 ? ; 27,39 ? 
28.08.20; 9 965,00 ? ; 12 560,00 ? ; 15 176,00 ? ; 27,46 ? 
29.08.20; 9 976,00 ? ; 12 590,00 ? ; 15 217,00 ? ; 27,46 ? 
30.08.20; 9 985,00 ? ; 12 619,00 ? ; 15 262,00 ? ; 27,46 ? 
31.08.20; 9 992,00 ? ; 12 649,00 ? ; 15 312,00 ? ; 27,48 ? 
01.09.20; 9 998,00 ? ; 12 681,00 ? ; 15 364,00 ? ; 27,56 ? 
02.09.20; 10 006,00 ? ; 12 712,00 ? ; 15 421,00 ? ; 27,60 ? 
03.09.20; 10 014,00 ? ; 12 741,00 ? ; 15 484,00 ? ; 27,64 ? 
04.09.20; 10 022,00 ? ; 12 770,00 ? ; 15 549,00 ? ; 27,69 ? 
05.09.20; 10 029,00 ? ; 12 800,00 ? ; 15 614,00 ? ; 27,69 ? 
06.09.20; 10 037,00 ? ; 12 828,00 ? ; 15 674,00 ? ; 27,69 ? 
07.09.20; 10 044,00 ? ; 12 854,00 ? ; 15 730,00 ? ; 27,73 ? 
08.09.20; 10 052,00 ? ; 12 878,00 ? ; 15 782,00 ? ; 27,75 ? 
09.09.20; 10 059,00 ? ; 12 900,00 ? ; 15 829,00 ? ; 27,80 ? 
10.09.20; 10 067,00 ? ; 12 919,00 ? ; 15 871,00 ? ; 27,83 ? 
11.09.20; 10 075,00 ? ; 12 936,00 ? ; 15 909,00 ? ; 27,83 ? 
12.09.20; 10 084,00 ? ; 12 951,00 ? ; 15 942,00 ? ; 27,83 ? 
13.09.20; 10 094,00 ? ; 12 963,00 ? ; 15 970,00 ? ; 27,83 ? 
14.09.20; 10 104,00 ? ; 12 974,00 ? ; 15 995,00 ? ; 27,90 ? 
15.09.20; 10 114,00 ? ; 12 982,00 ? ; 16 018,00 ? ; 28 
16.09.20; 10 120,00 ? ; 12 988,00 ? ; 16 038,00 ? ; 28,06 ? 
17.09.20; 10 122,00 ? ; 12 992,00 ? ; 16 054,00 ? ; 28,12 ? 
18.09.20;;;; 28,11 ? 
19.09.20; 10 121,00 ? ; 12 995,00 ? ; 16 064,00 ? ; 28,11 ? 
20.09.20; 10 121,00 ? ; 12 997,00 ? ; 16 073,00 ? ; 28,11 ? 
21.09.20; 10 121,00 ? ; 12 997,00 ? ; 16 084,00 ? ; 28,17 ? 
22.09.20; 10 123,00 ? ; 12 997,00 ? ; 16 100,00 ? ; 28,20 ? 
23.09.20; 10 125,00 ? ; 12 997,00 ? ; 16 119,00 ? ; 28,21 ? 
24.09.20; 10 127,00 ? ; 12 998,00 ? ; 16 144,00 ? ; 28,19 ? 
25.09.20; 10 128,00 ? ; 12 998,00 ? ; 16 172,00 ? ; 28,25 ? 
26.09.20; 10 130,00 ? ; 12 998,00 ? ; 16 205,00 ? ; 28,25 ? 
27.09.20; 10 131,00 ? ; 12 998,00 ? ; 16 244,00 ? ; 28,25 ? 
28.09.20; 10 129,00 ? ; 12 998,00 ? ; 16 287,00 ? ; 28,27 ? 
29.09.20; 10 125,00 ? ; 12 999,00 ? ; 16 335,00 ? ; 28,31 ? 
30.09.20; 10 122,00 ? ; 13 003,00 ? ; 16 385,00 ? ; 28,30 ? 
01.10.20; 10 118,00 ? ; 13 007,00 ? ; 16 435,00 ? ; 28,31 ? 
02.10.20;;;; 28,33 ? 
03.10.20; 10 116,00 ? ; 13 013,00 ? ; 16 490,00 ? ; 28,33 ? 
04.10.20; 10 114,00 ? ; 13 022,00 ? ; 16 546,00 ? ; 28,33 ? 
05.10.20; 10 113,00 ? ; 13 031,00 ? ; 16 605,00 ? ; 28,34 ? 
06.10.20; 10 110,00 ? ; 13 041,00 ? ; 16 659,00 ? ; 28,40 ? 
07.10.20; 10 103,00 ? ; 13 050,00 ? ; 16 705,00 ? ; 28,36 ? 
08.10.20; 10 093,00 ? ; 13 059,00 ? ; 16 745,00 ? ; 28,32 ? 
09.10.20; 10 084,00 ? ; 13 068,00 ? ; 16 775,00 ? ; 28,28 ? 
10.10.20; 10 075,00 ? ; 13 077,00 ? ; 16 797,00 ? ; 28,28 ? 
11.10.20; 10 065,00 ? ; 13 086,00 ? ; 16 811,00 ? ; 28,28 ? 
12.10.20; 10 056,00 ? ; 13 095,00 ? ; 16 815,00 ? ; 28,21 ? 
13.10.20; 10 047,00 ? ; 13 104,00 ? ; 16 812,00 ? ; 28,25 ? 
14.10.20;;;; 28,25 ? 
15.10.20; 10 040,00 ? ; 13 113,00 ? ; 16 799,00 ? ; 28,32 ? 
16.10.20; 10 032,00 ? ; 13 120,00 ? ; 16 778,00 ? ; 28,34 ? 
17.10.20;;;; 28,34 ? 
18.10.20; 10 023,00 ? ; 13 123,00 ? ; 16 749,00 ? ; 28,34 ? 
19.10.20; 10 011,00 ? ; 13 122,00 ? ; 16 712,00 ? ; 28,36 ? 
20.10.20; 10 000,00 ? ; 13 114,00 ? ; 16 664,00 ? ; 28,38 ? 
21.10.20; 9 988,00 ? ; 13 100,00 ? ; 16 606,00 ? ; 28,37 ? 
22.10.20; 9 977,00 ? ; 13 086,00 ? ; 16 539,00 ? ; 28,27 ? 
23.10.20; 9 966,00 ? ; 13 071,00 ? ; 16 468,00 ? ; 28,26 ? 
24.10.20; 9 955,00 ? ; 13 055,00 ? ; 16 398,00 ? ; 28,26 ? 
25.10.20; 9 943,00 ? ; 13 037,00 ? ; 16 323,00 ? ; 28,26 ? 
26.10.20; 9 929,00 ? ; 13 018,00 ? ; 16 249,00 ? ; 28,29 ? 
27.10.20; 9 913,00 ? ; 12 998,00 ? ; 16 178,00 ? ; 28,34 ? 
28.10.20; 9 895,00 ? ; 12 977,00 ? ; 16 111,00 ? ; 28,37 ? 
29.10.20; 9 876,00 ? ; 12 957,00 ? ; 16 047,00 ? ; 28,40 ? 
30.10.20; 9 858,00 ? ; 12 936,00 ? ; 15 986,00 ? ; 28,44 ? 
31.10.20; 9 837,00 ? ; 12 916,00 ? ; 15 932,00 ? ; 28,44 ? 
01.11.20; 9 817,00 ? ; 12 896,00 ? ; 15 884,00 ? ; 28,44 ? 
02.11.20; 9 801,00 ? ; 12 879,00 ? ; 15 842,00 ? ; 28,45 ? 
03.11.20; 9 787,00 ? ; 12 866,00 ? ; 15 809,00 ? ; 28,58 ? 
04.11.20; 9 776,00 ? ; 12 857,00 ? ; 15 788,00 ? ; 28,60 ? 
05.11.20; 9 766,00 ? ; 12 850,00 ? ; 15 777,00 ? ; 28,51 ? 
06.11.20; 9 756,00 ? ; 12 842,00 ? ; 15 777,00 ? ; 28,36 ? 
07.11.20; 9 748,00 ? ; 12 832,00 ? ; 15 785,00 ? ; 28,36 ? 
08.11.20; 9 744,00 ? ; 12 822,00 ? ; 15 800,00 ? ; 28,36 ? 
09.11.20; 9 745,00 ? ; 12 813,00 ? ; 15 825,00 ? ; 28,14 ? 
10.11.20; 9 750,00 ? ; 12 805,00 ? ; 15 861,00 ? ; 28,11 ? 
11.11.20; 9 760,00 ? ; 12 793,00 ? ; 15 901,00 ? ; 28,12 ? 
12.11.20; 9 772,00 ? ; 12 777,00 ? ; 15 944,00 ? ; 28,16 ? 
13.11.20; 9 784,00 ? ; 12 757,00 ? ; 15 987,00 ? ; 28,20 ? 
14.11.20; 9 798,00 ? ; 12 733,00 ? ; 16 030,00 ? ; 28,20 ? 
15.11.20; 9 815,00 ? ; 12 704,00 ? ; 16 069,00 ? ; 28,20 ? 
16.11.20; 9 832,00 ? ; 12 670,00 ? ; 16 103,00 ? ; 28,12 ? 
17.11.20; 9 847,00 ? ; 12 632,00 ? ; 16 137,00 ? ; 28,11 ? 
18.11.20; 9 859,00 ? ; 12 590,00 ? ; 16 165,00 ? ; 28,11 ? 
19.11.20; 9 870,00 ? ; 12 546,00 ? ; 16 188,00 ? ; 28,13 ? 
20.11.20; 9 880,00 ? ; 12 500,00 ? ; 16 205,00 ? ; 28,26 ? 
21.11.20; 9 890,00 ? ; 12 454,00 ? ; 16 215,00 ? ; 28,26 ? 
22.11.20; 9 898,00 ? ; 12 409,00 ? ; 16 223,00 ? ; 28,26 ? 
23.11.20; 9 903,00 ? ; 12 362,00 ? ; 16 228,00 ? ; 28,36 ? 
24.11.20; 9 907,00 ? ; 12 315,00 ? ; 16 231,00 ? ; 28,37 ? 
25.11.20; 9 908,00 ? ; 12 270,00 ? ; 16 226,00 ? ; 28,37 ? 
26.11.20; 9 906,00 ? ; 12 232,00 ? ; 16 220,00 ? ; 28,38 ? 
27.11.20; 9 901,00 ? ; 12 201,00 ? ; 16 208,00 ? ; 28,44 ? 
28.11.20; 9 894,00 ? ; 12 176,00 ? ; 16 199,00 ? ; 28,44 ? 
29.11.20; 9 887,00 ? ; 12 157,00 ? ; 16 193,00 ? ; 28,44 ? 
30.11.20; 9 877,00 ? ; 12 145,00 ? ; 16 190,00 ? ; 28,47 ? 
01.12.20; 9 867,00 ? ; 12 140,00 ? ; 16 193,00 ? ; 28,50 ? 
02.12.20; 9 860,00 ? ; 12 142,00 ? ; 16 193,00 ? ; 28,56 ? 
03.12.20; 9 855,00 ? ; 12 149,00 ? ; 16 195,00 ? ; 28,44 ? 
04.12.20; 9 849,00 ? ; 12 158,00 ? ; 16 195,00 ? ; 28,30 ? 
05.12.20; 9 844,00 ? ; 12 170,00 ? ; 16 197,00 ? ; 28,30 ? 
06.12.20;;;; 28,30 ? 
07.12.20; 9 840,00 ? ; 12 183,00 ? ; 16 202,00 ? ; 28,29 ? 
08.12.20; 9 837,00 ? ; 12 199,00 ? ; 16 206,00 ? ; 28,24 ? 
09.12.20; 9 834,00 ? ; 12 217,00 ? ; 16 209,00 ? ; 28,08 ? 
10.12.20; 9 831,00 ? ; 12 235,00 ? ; 16 209,00 ? ; 28,04 ? 
11.12.20; 9 826,00 ? ; 12 250,00 ? ; 16 207,00 ? ; 28,08 ? 
12.12.20; 9 822,00 ? ; 12 261,00 ? ; 16 204,00 ? ; 28,08 ? 
13.12.20; 9 820,00 ? ; 12 267,00 ? ; 16 204,00 ? ; 28,08 ? 
14.12.20; 9 823,00 ? ; 12 270,00 ? ; 16 199,00 ? ; 27,97 ? 
15.12.20; 9 825,00 ? ; 12 268,00 ? ; 16 189,00 ? ; 27,87 ? 
16.12.20; 9 829,00 ? ; 12 262,00 ? ; 16 175,00 ? ; 27,76 ? 
17.12.20; 9 834,00 ? ; 12 251,00 ? ; 16 157,00 ? ; 27,74 ? 
18.12.20; 9 839,00 ? ; 12 237,00 ? ; 16 140,00 ? ; 27,82 ? 
19.12.20; 9 845,00 ? ; 12 217,00 ? ; 16 124,00 ? ; 27,82 ? 
20.12.20; 9 850,00 ? ; 12 198,00 ? ; 16 110,00 ? ; 27,82 ? 
21.12.20; 9 855,00 ? ; 12 179,00 ? ; 16 095,00 ? ; 27,83 ? 
22.12.20; 9 857,00 ? ; 12 160,00 ? ; 16 081,00 ? ; 28,04 ? 
23.12.20; 9 856,00 ? ; 12 141,00 ? ; 16 067,00 ? ; 28,25 ? 
24.12.20; 9 855,00 ? ; 12 122,00 ? ; 16 053,00 ? ; 28,46 ? 
25.12.20; 9 854,00 ? ; 12 104,00 ? ; 16 041,00 ? ; 28,46 ? 
26.12.20; 9 857,00 ? ; 12 088,00 ? ; 16 031,00 ? ; 28,46 ? 
27.12.20; 9 861,00 ? ; 12 073,00 ? ; 16 022,00 ? ; 28,46 ? 
28.12.20; 9 863,00 ? ; 12 060,00 ? ; 16 013,00 ? ; 28,35 ? 
29.12.20; 9 860,00 ? ; 12 048,00 ? ; 16 007,00 ? ; 28,37 ? 
30.12.20; 9 856,00 ? ; 12 038,00 ? ; 16 002,00 ? ; 28,26 ? 
31.12.20; 9 849,00 ? ; 12 030,00 ? ; 16 000,00 ? ; 28,27 ? 
01.01.21; 9 838,00 ? ; 12 024,00 ? ; 16 000,00 ? ; 28,27 ? 
02.01.21; 9 822,00 ? ; 12 021,00 ? ; 16 000,00 ? ; 28,27 ? 
03.01.21; 9 804,00 ? ; 12 020,00 ? ; 16 000,00 ? ; 28,27 ? 
04.01.21; 9 781,00 ? ; 12 018,00 ? ; 16 000,00 ? ; 28,27 ? 
05.01.21; 9 755,00 ? ; 12 016,00 ? ; 16 000,00 ? ; 28,43 ? 
06.01.21; 9 729,00 ? ; 12 014,00 ? ; 16 000,00 ? ; 28,40 ? 
07.01.21; 9 704,00 ? ; 12 011,00 ? ; 16 000,00 ? ; 28,40 ? 
08.01.21; 9 678,00 ? ; 12 009,00 ? ; 16 000,00 ? ; 28,40 ? 
09.01.21; 9 650,00 ? ; 12 007,00 ? ; 16 000,00 ? ; 28,40 ? 
10.01.21; 9 617,00 ? ; 12 006,00 ? ; 15 999,00 ? ; 28,40 ? 
11.01.21; 9 584,00 ? ; 12 004,00 ? ; 15 996,00 ? ; 28,28 ? 
12.01.21; 9 553,00 ? ; 12 003,00 ? ; 15 988,00 ? ; 28,20 ? 
13.01.21; 9 523,00 ? ; 12 002,00 ? ; 15 976,00 ? ; 28,05 ? 
14.01.21; 9 496,00 ? ; 12 002,00 ? ; 15 959,00 ? ; 27,97 ? 
15.01.21; 9 470,00 ? ; 12 001,00 ? ; 15 937,00 ? ; 28,06 ? 
16.01.21; 9 450,00 ? ; 12 001,00 ? ; 15 908,00 ? ; 28,05 ? 
17.01.21; 9 432,00 ? ; 12 001,00 ? ; 15 873,00 ? ; 28,05 ? 
18.01.21; 9 417,00 ? ; 12 000,00 ? ; 15 829,00 ? ; 28,05 ? 
19.01.21; 9 409,00 ? ; 11 998,00 ? ; 15 776,00 ? ; 28,19 ? 
20.01.21; 9 406,00 ? ; 11 993,00 ? ; 15 715,00 ? ; 28,15 ? 
21.01.21; 9 408,00 ? ; 11 987,00 ? ; 15 644,00 ? ; 28,20 ? 
22.01.21; 9 411,00 ? ; 11 978,00 ? ; 15 565,00 ? ; 28,26 ? 
23.01.21; 9 415,00 ? ; 11 967,00 ? ; 15 477,00 ? ; 28,26 ? 
24.01.21; 9 421,00 ? ; 11 953,00 ? ; 15 380,00 ? ; 28,26 ? 
25.01.21; 9 429,00 ? ; 11 938,00 ? ; 15 278,00 ? ; 28,16 ? 
26.01.21; 9 436,00 ? ; 11 921,00 ? ; 15 176,00 ? ; 28,17 ? 
27.01.21; 9 442,00 ? ; 11 903,00 ? ; 15 078,00 ? ; 28,15 ? 
28.01.21; 9 448,00 ? ; 11 884,00 ? ; 14 983,00 ? ; 28,17 ? 
29.01.21; 9 454,00 ? ; 11 862,00 ? ; 14 892,00 ? ; 28,19 ? 
30.01.21; 9 459,00 ? ; 11 836,00 ? ; 14 806,00 ? ; 28,19 ? 
31.01.21; 9 462,00 ? ; 11 809,00 ? ; 14 726,00 ? ; 28,19 ? 
01.02.21; 9 465,00 ? ; 11 779,00 ? ; 14 653,00 ? ; 28,13 ? 
02.02.21; 9 468,00 ? ; 11 747,00 ? ; 14 590,00 ? ; 28,06 ? 
03.02.21; 9 469,00 ? ; 11 718,00 ? ; 14 535,00 ? ; 28,06 ? 
04.02.21; 9 466,00 ? ; 11 694,00 ? ; 14 493,00 ? ; 28 
05.02.21; 9 460,00 ? ; 11 674,00 ? ; 14 461,00 ? ; 27,89 ? 
06.02.21; 9 454,00 ? ; 11 659,00 ? ; 14 438,00 ? ; 27,89 ? 
07.02.21; 9 448,00 ? ; 11 648,00 ? ; 14 426,00 ? ; 27,89 ? 
08.02.21; 9 440,00 ? ; 11 642,00 ? ; 14 425,00 ? ; 27,77 ? 
09.02.21; 9 434,00 ? ; 11 640,00 ? ; 14 432,00 ? ; 27,67 ? 
10.02.21; 9 430,00 ? ; 11 640,00 ? ; 14 443,00 ? ; 27,64 ? 
11.02.21; 9 427,00 ? ; 11 642,00 ? ; 14 455,00 ? ; 27,77 ? 
12.02.21; 9 424,00 ? ; 11 649,00 ? ; 14 467,00 ? ; 27,84 ? 
13.02.21; 9 421,00 ? ; 11 660,00 ? ; 14 483,00 ? ; 27,84 ? 
14.02.21; 9 420,00 ? ; 11 677,00 ? ; 14 500,00 ? ; 27,84 ? 
15.02.21; 9 419,00 ? ; 11 699,00 ? ; 14 519,00 ? ; 27,84 ? 
16.02.21; 9 418,00 ? ; 11 726,00 ? ; 14 541,00 ? ; 27,97 ? 
17.02.21; 9 418,00 ? ; 11 756,00 ? ; 14 567,00 ? ; 27,83 ? 
18.02.21; 9 418,00 ? ; 11 787,00 ? ; 14 594,00 ? ; 27,90 ? 
19.02.21; 9 421,00 ? ; 11 816,00 ? ; 14 620,00 ? ; 27,85 ? 
20.02.21; 9 424,00 ? ; 11 842,00 ? ; 14 647,00 ? ; 27,85 ? 
21.02.21; 9 428,00 ? ; 11 867,00 ? ; 14 678,00 ? ; 27,85 ? 
22.02.21; 9 432,00 ? ; 11 889,00 ? ; 14 709,00 ? ; 27,85 ? 
23.02.21; 9 440,00 ? ; 11 908,00 ? ; 14 740,00 ? ; 27,93 ? 
24.02.21; 9 447,00 ? ; 11 928,00 ? ; 14 769,00 ? ; 27,90 ? 
25.02.21; 9 454,00 ? ; 11 947,00 ? ; 14 797,00 ? ; 27,95 ? 
26.02.21; 9 459,00 ? ; 11 964,00 ? ; 14 825,00 ? ; 27,93 ? 
27.02.21; 9 465,00 ? ; 11 980,00 ? ; 14 853,00 ? ; 27,93 ? 
28.02.21; 9 470,00 ? ; 11 993,00 ? ; 14 878,00 ? ; 27,93 ? 
01.03.21; 9 475,00 ? ; 12 004,00 ? ; 14 902,00 ? ; 27,95 ? 
02.03.21; 9 480,00 ? ; 12 015,00 ? ; 14 924,00 ? ; 28 
03.03.21; 9 485,00 ? ; 12 026,00 ? ; 14 944,00 ? ; 27,93 ? 
04.03.21; 9 489,00 ? ; 12 037,00 ? ; 14 962,00 ? ; 27,85 ? 
05.03.21; 9 494,00 ? ; 12 050,00 ? ; 14 982,00 ? ; 27,76 ? 
06.03.21; 9 499,00 ? ; 12 066,00 ? ; 15 004,00 ? ; 27,76 ? 
07.03.21; 9 504,00 ? ; 12 085,00 ? ; 15 028,00 ? ; 27,76 ? 
08.03.21; 9 508,00 ? ; 12 108,00 ? ; 15 052,00 ? ; 27,76 ? 
09.03.21; 9 512,00 ? ; 12 134,00 ? ; 15 079,00 ? ; 27,71 ? 
10.03.21; 9 516,00 ? ; 12 164,00 ? ; 15 107,00 ? ; 27,74 ? 
11.03.21; 9 520,00 ? ; 12 194,00 ? ; 15 140,00 ? ; 27,70 ? 
12.03.21; 9 523,00 ? ; 12 228,00 ? ; 15 178,00 ? ; 27,75 ? 
13.03.21; 9 527,00 ? ; 12 267,00 ? ; 15 220,00 ? ; 27,75 ? 
14.03.21; 9 530,00 ? ; 12 310,00 ? ; 15 266,00 ? ; 27,75 ? 
15.03.21; 9 534,00 ? ; 12 358,00 ? ; 15 317,00 ? ; 27,73 ? 
16.03.21; 9 535,00 ? ; 12 408,00 ? ; 15 373,00 ? ; 27,64 ? 
17.03.21; 9 536,00 ? ; 12 458,00 ? ; 15 433,00 ? ; 27,65 ? 
18.03.21; 9 538,00 ? ; 12 508,00 ? ; 15 497,00 ? ; 27,70 ? 
19.03.21; 9 539,00 ? ; 12 558,00 ? ; 15 561,00 ? ; 27,68 ? 
20.03.21; 9 538,00 ? ; 12 608,00 ? ; 15 622,00 ? ; 27,68 ? 
21.03.21; 9 532,00 ? ; 12 654,00 ? ; 15 677,00 ? ; 27,68 ? 
22.03.21; 9 523,00 ? ; 12 700,00 ? ; 15 729,00 ? ; 27,72 ? 
23.03.21; 9 513,00 ? ; 12 741,00 ? ; 15 779,00 ? ; 27,69 ? 
24.03.21; 9 500,00 ? ; 12 782,00 ? ; 15 825,00 ? ; 27,73 ? 
25.03.21; 9 482,00 ? ; 12 819,00 ? ; 15 866,00 ? ; 27,87 ? 
26.03.21; 9 462,00 ? ; 12 854,00 ? ; 15 903,00 ? ; 27,97 ? 
27.03.21; 9 440,00 ? ; 12 884,00 ? ; 15 936,00 ? ; 27,97 ? 
28.03.21; 9 416,00 ? ; 12 908,00 ? ; 15 965,00 ? ; 27,97 ? 
29.03.21; 9 389,00 ? ; 12 926,00 ? ; 15 991,00 ? ; 27,97 ? 
30.03.21; 9 361,00 ? ; 12 937,00 ? ; 16 012,00 ? ; 27,97 ? 
31.03.21; 9 334,00 ? ; 12 943,00 ? ; 16 029,00 ? ; 27,89 ? 
01.04.21; 9 305,00 ? ; 12 945,00 ? ; 16 044,00 ? ; 27,82 ? 
02.04.21; 9 274,00 ? ; 12 943,00 ? ; 16 054,00 ? ; 27,83 ? 
03.04.21; 9 241,00 ? ; 12 936,00 ? ; 16 063,00 ? ; 27,83 ? 
04.04.21; 9 208,00 ? ; 12 924,00 ? ; 16 073,00 ? ; 27,83 ? 
05.04.21; 9 178,00 ? ; 12 911,00 ? ; 16 084,00 ? ; 27,96 ? 
06.04.21; 9 151,00 ? ; 12 893,00 ? ; 16 094,00 ? ; 27,94 ? 
07.04.21; 9 126,00 ? ; 12 872,00 ? ; 16 099,00 ? ; 27,84 ? 
08.04.21; 9 103,00 ? ; 12 847,00 ? ; 16 104,00 ? ; 27,89 ? 
09.04.21; 9 083,00 ? ; 12 820,00 ? ; 16 109,00 ? ; 27,98 ? 
10.04.21; 9 069,00 ? ; 12 791,00 ? ; 16 115,00 ? ; 27,98 ? 
11.04.21; 9 060,00 ? ; 12 760,00 ? ; 16 125,00 ? ; 27,98 ? 
12.04.21; 9 058,00 ? ; 12 729,00 ? ; 16 136,00 ? ; 27,91 ? 
13.04.21; 9 063,00 ? ; 12 700,00 ? ; 16 145,00 ? ; 27,93 ? 
14.04.21; 9 075,00 ? ; 12 673,00 ? ; 16 153,00 ? ; 28,02 ? 
15.04.21; 9 090,00 ? ; 12 649,00 ? ; 16 160,00 ? ; 27,98 ? 
16.04.21;;;; 27,96 ? 
17.04.21; 9 113,00 ? ; 12 630,00 ? ; 16 165,00 ? ; 27,96 ? 
18.04.21; 9 142,00 ? ; 12 615,00 ? ; 16 169,00 ? ; 27,96 ? 
19.04.21; 9 177,00 ? ; 12 602,00 ? ; 16 172,00 ? ; 27,98 ? 
20.04.21; 9 218,00 ? ; 12 592,00 ? ; 16 170,00 ? ; 28,01 ? 
21.04.21; 9 261,00 ? ; 12 586,00 ? ; 16 168,00 ? ; 28,01 ? 
22.04.21; 9 309,00 ? ; 12 583,00 ? ; 16 166,00 ? ; 28,06 ? 
23.04.21; 9 361,00 ? ; 12 584,00 ? ; 16 164,00 ? ; 28,06 ? 
24.04.21; 9 416,00 ? ; 12 589,00 ? ; 16 162,00 ? ; 28,06 ? 
25.04.21; 9 475,00 ? ; 12 597,00 ? ; 16 160,00 ? ; 28,06 ? 
26.04.21; 9 533,00 ? ; 12 611,00 ? ; 16 154,00 ? ; 27,90 ? 
27.04.21; 9 586,00 ? ; 12 631,00 ? ; 16 140,00 ? ; 27,86 ? 
28.04.21; 9 634,00 ? ; 12 654,00 ? ; 16 124,00 ? ; 27,77 ? 
29.04.21;;;; 27,79 ? 
30.04.21; 9 677,00 ? ; 12 679,00 ? ; 16 107,00 ? ; 27,75 ? 
01.05.21; 9 715,00 ? ; 12 707,00 ? ; 16 091,00 ? ; 27,75 ? 
02.05.21; 9 746,00 ? ; 12 733,00 ? ; 16 075,00 ? ; 27,75 ? 
03.05.21; 9 771,00 ? ; 12 756,00 ? ; 16 061,00 ? ; 27,75 ? 
04.05.21; 9 789,00 ? ; 12 777,00 ? ; 16 047,00 ? ; 27,75 ? 
05.05.21; 9 801,00 ? ; 12 801,00 ? ; 16 033,00 ? ; 27,73 ? 
06.05.21; 9 806,00 ? ; 12 824,00 ? ; 16 020,00 ? ; 27,73 ? 
07.05.21; 9 805,00 ? ; 12 847,00 ? ; 16 007,00 ? ; 27,72 ? 
08.05.21; 9 794,00 ? ; 12 871,00 ? ; 15 989,00 ? ; 27,72 ? 
09.05.21;;;; 27,72 ? 
10.05.21; 9 776,00 ? ; 12 890,00 ? ; 15 973,00 ? ; 27,72 ? 
11.05.21; 9 752,00 ? ; 12 908,00 ? ; 15 955,00 ? ; 27,76 ? 
12.05.21; 9 720,00 ? ; 12 920,00 ? ; 15 932,00 ? ; 27,67 ? 
13.05.21; 9 684,00 ? ; 12 929,00 ? ; 15 907,00 ? ; 27,63 ? 
14.05.21; 9 644,00 ? ; 12 928,00 ? ; 15 880,00 ? ; 27,63 ? 
15.05.21; 9 601,00 ? ; 12 923,00 ? ; 15 851,00 ? ; 27,63 ? 
16.05.21; 9 554,00 ? ; 12 914,00 ? ; 15 820,00 ? ; 27,63 ? 
17.05.21; 9 506,00 ? ; 12 900,00 ? ; 15 787,00 ? ; 27,61 ? 
18.05.21; 9 458,00 ? ; 12 886,00 ? ; 15 751,00 ? ; 27,56 ? 
19.05.21; 9 409,00 ? ; 12 869,00 ? ; 15 714,00 ? ; 27,44 ? 
20.05.21; 9 361,00 ? ; 12 850,00 ? ; 15 677,00 ? ; 27,42 ? 
21.05.21; 9 312,00 ? ; 12 826,00 ? ; 15 639,00 ? ; 27,47 ? 
22.05.21; 9 266,00 ? ; 12 799,00 ? ; 15 603,00 ? ; 27,47 ? 
23.05.21; 9 224,00 ? ; 12 769,00 ? ; 15 569,00 ? ; 27,47 ? 
24.05.21; 9 186,00 ? ; 12 736,00 ? ; 15 544,00 ? ; 27,46 ? 
25.05.21; 9 152,00 ? ; 12 704,00 ? ; 15 520,00 ? ; 27,43 ? 
26.05.21; 9 121,00 ? ; 12 674,00 ? ; 15 502,00 ? ; 27,46 ? 
27.05.21; 9 094,00 ? ; 12 645,00 ? ; 15 490,00 ? ; 27,55 ? 
28.05.21; 9 070,00 ? ; 12 618,00 ? ; 15 486,00 ? ; 27,53 ? 
29.05.21; 9 051,00 ? ; 12 592,00 ? ; 15 488,00 ? ; 27,53 ? 
30.05.21; 9 035,00 ? ; 12 567,00 ? ; 15 499,00 ? ; 27,53 ? 
31.05.21; 9 023,00 ? ; 12 543,00 ? ; 15 514,00 ? ; 27,50 ? 
01.06.21; 9 014,00 ? ; 12 519,00 ? ; 15 533,00 ? ; 27,47 ? 
02.06.21; 9 007,00 ? ; 12 496,00 ? ; 15 555,00 ? ; 27,44 ? 
03.06.21; 9 002,00 ? ; 12 476,00 ? ; 15 580,00 ? ; 27,34 ? 
04.06.21; 9 001,00 ? ; 12 458,00 ? ; 15 605,00 ? ; 27,34 ? 
05.06.21; 9 005,00 ? ; 12 442,00 ? ; 15 631,00 ? ; 27,34 ? 
06.06.21; 9 011,00 ? ; 12 431,00 ? ; 15 659,00 ? ; 27,34 ? 
07.06.21; 9 019,00 ? ; 12 424,00 ? ; 15 685,00 ? ; 27,29 ? 
08.06.21; 9 029,00 ? ; 12 422,00 ? ; 15 707,00 ? ; 27,19 ? 
09.06.21; 9 041,00 ? ; 12 422,00 ? ; 15 730,00 ? ; 27,18 ? 
10.06.21; 9 056,00 ? ; 12 424,00 ? ; 15 755,00 ? ; 27,09 ? 
11.06.21; 9 073,00 ? ; 12 429,00 ? ; 15 781,00 ? ; 27,11 ? 
12.06.21; 9 092,00 ? ; 12 438,00 ? ; 15 810,00 ? ; 27,11 ? 
13.06.21; 9 113,00 ? ; 12 454,00 ? ; 15 841,00 ? ; 27,11 ? 
14.06.21; 9 137,00 ? ; 12 477,00 ? ; 15 871,00 ? ; 27,04 ? 
15.06.21; 9 164,00 ? ; 12 506,00 ? ; 15 901,00 ? ; 27 
16.06.21; 9 195,00 ? ; 12 539,00 ? ; 15 931,00 ? ; 26,93 ? 
17.06.21; 9 231,00 ? ; 12 575,00 ? ; 15 966,00 ? ; 27,03 ? 
18.06.21; 9 271,00 ? ; 12 613,00 ? ; 16 001,00 ? ; 27,17 ? 
19.06.21; 9 312,00 ? ; 12 653,00 ? ; 16 037,00 ? ; 27,17 ? 
20.06.21; 9 354,00 ? ; 12 698,00 ? ; 16 074,00 ? ; 27,17 ? 
21.06.21; 9 396,00 ? ; 12 741,00 ? ; 16 111,00 ? ; 27,17 ? 
22.06.21; 9 438,00 ? ; 12 784,00 ? ; 16 151,00 ? ; 27,19 ? 
23.06.21; 9 480,00 ? ; 12 830,00 ? ; 16 195,00 ? ; 27,31 ? 
24.06.21; 9 521,00 ? ; 12 877,00 ? ; 16 239,00 ? ; 27,27 ? 
25.06.21; 9 563,00 ? ; 12 927,00 ? ; 16 283,00 ? ; 27,46 ? 
26.06.21; 9 605,00 ? ; 12 979,00 ? ; 16 324,00 ? ; 27,46 ? 
27.06.21; 9 647,00 ? ; 13 033,00 ? ; 16 368,00 ? ; 27,46 ? 
28.06.21; 9 688,00 ? ; 13 090,00 ? ; 16 413,00 ? ; 27,46 ? 
29.06.21; 9 730,00 ? ; 13 152,00 ? ; 16 463,00 ? ; 27,40 ? 
30.06.21; 9 770,00 ? ; 13 219,00 ? ; 16 521,00 ? ; 27,18 ? 
01.07.21; 9 810,00 ? ; 13 290,00 ? ; 16 592,00 ? ; 27,23 ? 
02.07.21; 9 851,00 ? ; 13 369,00 ? ; 16 679,00 ? ; 27,38 ? 
03.07.21; 9 891,00 ? ; 13 454,00 ? ; 16 789,00 ? ; 27,38 ? 
04.07.21; 9 933,00 ? ; 13 546,00 ? ; 16 923,00 ? ; 27,38 ? 
05.07.21; 9 977,00 ? ; 13 640,00 ? ; 17 081,00 ? ; 27,41 ? 
06.07.21; 10 024,00 ? ; 13 740,00 ? ; 17 260,00 ? ; 27,29 ? 
07.07.21; 10 072,00 ? ; 13 845,00 ? ; 17 460,00 ? ; 27,25 ? 
08.07.21; 10 124,00 ? ; 13 951,00 ? ; 17 674,00 ? ; 27,30 ? 
09.07.21; 10 178,00 ? ; 14 057,00 ? ; 17 903,00 ? ; 27,29 ? 
10.07.21; 10 234,00 ? ; 14 163,00 ? ; 18 147,00 ? ; 27,29 ? 
11.07.21; 10 292,00 ? ; 14 269,00 ? ; 18 410,00 ? ; 27,29 ? 
12.07.21; 10 355,00 ? ; 14 371,00 ? ; 18 684,00 ? ; 27,32 ? 
13.07.21; 10 420,00 ? ; 14 466,00 ? ; 18 969,00 ? ; 27,29 ? 
14.07.21; 10 487,00 ? ; 14 552,00 ? ; 19 266,00 ? ; 27,32 ? 
15.07.21; 10 557,00 ? ; 14 629,00 ? ; 19 564,00 ? ; 27,30 ? 
16.07.21; 10 622,00 ? ; 14 697,00 ? ; 19 856,00 ? ; 27,29 ? 
17.07.21; 10 682,00 ? ; 14 757,00 ? ; 20 131,00 ? ; 27,29 ? 
18.07.21; 10 738,00 ? ; 14 807,00 ? ; 20 383,00 ? ; 27,29 ? 
19.07.21; 10 790,00 ? ; 14 849,00 ? ; 20 608,00 ? ; 27,23 ? 
20.07.21; 10 837,00 ? ; 14 884,00 ? ; 20 807,00 ? ; 27,21 ? 
21.07.21; 10 880,00 ? ; 14 911,00 ? ; 20 983,00 ? ; 27,22 ? 
22.07.21; 10 918,00 ? ; 14 931,00 ? ; 21 136,00 ? ; 27,24 ? 
23.07.21; 10 950,00 ? ; 14 951,00 ? ; 21 277,00 ? ; 27,19 ? 
24.07.21; 10 977,00 ? ; 14 971,00 ? ; 21 404,00 ? ; 27,19 ? 
25.07.21; 11 000,00 ? ; 14 991,00 ? ; 21 518,00 ? ; 27,19 ? 
26.07.21; 11 019,00 ? ; 15 011,00 ? ; 21 611,00 ? ; 27,05 ? 
27.07.21; 11 030,00 ? ; 15 029,00 ? ; 21 688,00 ? ; 26,98 ? 
28.07.21; 11 040,00 ? ; 15 049,00 ? ; 21 747,00 ? ; 26,91 ? 
29.07.21; 11 048,00 ? ; 15 069,00 ? ; 21 787,00 ? ; 26,86 ? 
30.07.21; 11 053,00 ? ; 15 091,00 ? ; 21 815,00 ? ; 26,89 ? 
31.07.21; 11 061,00 ? ; 15 117,00 ? ; 21 834,00 ? ; 26,89 ? 
01.08.21; 11 071,00 ? ; 15 147,00 ? ; 21 853,00 ? ; 26,89 ? 
02.08.21; 11 085,00 ? ; 15 181,00 ? ; 21 876,00 ? ; 26,82 ? 
03.08.21; 11 102,00 ? ; 15 220,00 ? ; 21 903,00 ? ; 26,84 ? 
04.08.21; 11 124,00 ? ; 15 263,00 ? ; 21 936,00 ? ; 26,84 ? 
05.08.21; 11 148,00 ? ; 15 313,00 ? ; 21 970,00 ? ; 26,91 ? 
06.08.21; 11 173,00 ? ; 15 370,00 ? ; 22 004,00 ? ; 26,94 ? 
07.08.21; 11 203,00 ? ; 15 424,00 ? ; 22 032,00 ? ; 26,94 ? 
08.08.21; 11 236,00 ? ; 15 476,00 ? ; 22 057,00 ? ; 26,94 ? 
09.08.21; 11 271,00 ? ; 15 526,00 ? ; 22 077,00 ? ; 26,83 ? 
10.08.21; 11 309,00 ? ; 15 575,00 ? ; 22 094,00 ? ; 26,80 ? 
11.08.21; 11 348,00 ? ; 15 632,00 ? ; 22 110,00 ? ; 26,76 ? 
12.08.21; 11 387,00 ? ; 15 692,00 ? ; 22 125,00 ? ; 26,80 ? 
13.08.21; 11 427,00 ? ; 15 756,00 ? ; 22 140,00 ? ; 26,77 ? 
14.08.21; 11 466,00 ? ; 15 821,00 ? ; 22 154,00 ? ; 26,77 ? 
15.08.21; 11 505,00 ? ; 15 883,00 ? ; 22 166,00 ? ; 26,77 ? 
16.08.21; 11 544,00 ? ; 15 940,00 ? ; 22 170,00 ? ; 26,69 ? 
17.08.21; 11 581,00 ? ; 15 993,00 ? ; 22 166,00 ? ; 26,65 ? 
18.08.21; 11 615,00 ? ; 16 042,00 ? ; 22 159,00 ? ; 26,68 ? 
19.08.21; 11 645,00 ? ; 16 086,00 ? ; 22 150,00 ? ; 26,65 ? 
20.08.21; 11 674,00 ? ; 16 122,00 ? ; 22 139,00 ? ; 26,65 ? 
21.08.21; 11 704,00 ? ; 16 148,00 ? ; 22 133,00 ? ; 26,65 ? 
22.08.21; 11 734,00 ? ; 16 170,00 ? ; 22 131,00 ? ; 26,65 ? 
23.08.21; 11 760,00 ? ; 16 188,00 ? ; 22 133,00 ? ; 26,65 ? 
24.08.21; 11 787,00 ? ; 16 200,00 ? ; 22 140,00 ? ; 26,65 ? 
25.08.21; 11 813,00 ? ; 16 206,00 ? ; 22 154,00 ? ; 26,67 ? 
26.08.21; 11 838,00 ? ; 16 199,00 ? ; 22 173,00 ? ; 26,71 ? 
27.08.21; 11 861,00 ? ; 16 188,00 ? ; 22 199,00 ? ; 26,77 ? 
28.08.21; 11 882,00 ? ; 16 171,00 ? ; 22 229,00 ? ; 26,93 ? 
29.08.21; 11 900,00 ? ; 16 153,00 ? ; 22 267,00 ? ; 26,93 ? 
30.08.21; 11 916,00 ? ; 16 133,00 ? ; 22 310,00 ? ; 26,93 ? 
31.08.21; 11 931,00 ? ; 16 112,00 ? ; 22 362,00 ? ; 26,86 ? 
01.09.21; 11 944,00 ? ; 16 090,00 ? ; 22 421,00 ? ; 26,89 ? 
02.09.21; 11 956,00 ? ; 16 069,00 ? ; 22 478,00 ? ; 27 
03.09.21; 11 968,00 ? ; 16 048,00 ? ; 22 534,00 ? ; 27,02 ? 
04.09.21; 11 978,00 ? ; 16 029,00 ? ; 22 590,00 ? ; 27,02 ? 
05.09.21; 11 986,00 ? ; 16 012,00 ? ; 22 642,00 ? ; 27,02 ? 
06.09.21; 11 991,00 ? ; 15 997,00 ? ; 22 692,00 ? ; 26,93 ? 
07.09.21; 11 996,00 ? ; 15 985,00 ? ; 22 741,00 ? ; 26,81 ? 
08.09.21; 11 999,00 ? ; 15 976,00 ? ; 22 789,00 ? ; 26,73 ? 
09.09.21; 12 000,00 ? ; 15 971,00 ? ; 22 837,00 ? ; 26,75 ? 
10.09.21; 12 000,00 ? ; 15 970,00 ? ; 22 885,00 ? ; 26,73 ? 
11.09.21; 12 002,00 ? ; 15 969,00 ? ; 22 932,00 ? ; 26,73 ? 
12.09.21; 12 005,00 ? ; 15 968,00 ? ; 22 980,00 ? ; 26,73 ? 
13.09.21; 12 011,00 ? ; 15 968,00 ? ; 23 027,00 ? ; 26,68 ? 
14.09.21; 12 020,00 ? ; 15 968,00 ? ; 23 075,00 ? ; 26,69 ? 
15.09.21; 12 030,00 ? ; 15 970,00 ? ; 23 125,00 ? ; 26,64 ? 
16.09.21; 12 043,00 ? ; 15 973,00 ? ; 23 176,00 ? ; 26,65 ? 
17.09.21; 12 058,00 ? ; 15 975,00 ? ; 23 233,00 ? ; 26,67 ? 
18.09.21; 12 075,00 ? ; 15 978,00 ? ; 23 294,00 ? ; 26,67 ? 
19.09.21; 12 094,00 ? ; 15 981,00 ? ; 23 352,00 ? ; 26,67 ? 
20.09.21; 12 116,00 ? ; 15 983,00 ? ; 23 408,00 ? ; 26,70 ? 
21.09.21; 12 140,00 ? ; 15 986,00 ? ; 23 457,00 ? ; 26,71 ? 
22.09.21; 12 166,00 ? ; 15 988,00 ? ; 23 495,00 ? ; 26,71 ? 
23.09.21; 12 192,00 ? ; 15 988,00 ? ; 23 517,00 ? ; 26,67 ? 
24.09.21; 12 218,00 ? ; 15 985,00 ? ; 23 526,00 ? ; 26,53 ? 
25.09.21; 12 244,00 ? ; 15 980,00 ? ; 23 522,00 ? ; 26,53 ? 
26.09.21; 12 267,00 ? ; 15 971,00 ? ; 23 507,00 ? ; 26,53 ? 
27.09.21; 12 285,00 ? ; 15 959,00 ? ; 23 478,00 ? ; 26,64 ? 
28.09.21; 12 297,00 ? ; 15 945,00 ? ; 23 436,00 ? ; 26,66 ? 
29.09.21; 12 302,00 ? ; 15 929,00 ? ; 23 376,00 ? ; 26,57 ? 
30.09.21; 12 301,00 ? ; 15 909,00 ? ; 23 300,00 ? ; 26,58 ? 
01.10.21; 12 292,00 ? ; 15 887,00 ? ; 23 202,00 ? ; 26,62 ? 
02.10.21; 12 277,00 ? ; 15 862,00 ? ; 23 085,00 ? ; 26,62 ? 
03.10.21; 12 256,00 ? ; 15 838,00 ? ; 22 957,00 ? ; 26,62 ? 
04.10.21; 12 227,00 ? ; 15 813,00 ? ; 22 818,00 ? ; 26,61 ? 
05.10.21; 12 193,00 ? ; 15 787,00 ? ; 22 678,00 ? ; 26,57 ? 
06.10.21; 12 152,00 ? ; 15 758,00 ? ; 22 541,00 ? ; 26,42 ? 
07.10.21; 12 105,00 ? ; 15 727,00 ? ; 22 417,00 ? ; 26,35 ? 
08.10.21; 12 055,00 ? ; 15 698,00 ? ; 22 309,00 ? ; 26,33 ? 
09.10.21; 12 003,00 ? ; 15 671,00 ? ; 22 213,00 ? ; 26,33 ? 
10.10.21; 11 946,00 ? ; 15 647,00 ? ; 22 124,00 ? ; 26,33 ? 
11.10.21; 11 886,00 ? ; 15 629,00 ? ; 22 042,00 ? ; 26,35 ? 
12.10.21; 11 824,00 ? ; 15 613,00 ? ; 21 970,00 ? ; 26,36 ? 
13.10.21; 11 765,00 ? ; 15 598,00 ? ; 21 910,00 ? ; 26,35 ? 
14.10.21; 11 708,00 ? ; 15 583,00 ? ; 21 872,00 ? ; 26,35 ? 
15.10.21; 11 650,00 ? ; 15 571,00 ? ; 21 855,00 ? ; 26,35 ? 
16.10.21; 11 590,00 ? ; 15 561,00 ? ; 21 862,00 ? ; 26,35 ? 
17.10.21; 11 528,00 ? ; 15 553,00 ? ; 21 897,00 ? ; 26,35 ? 
18.10.21; 11 464,00 ? ; 15 543,00 ? ; 21 945,00 ? ; 26,34 ? 
19.10.21; 11 398,00 ? ; 15 529,00 ? ; 22 012,00 ? ; 26,34 ? 
20.10.21; 11 328,00 ? ; 15 517,00 ? ; 22 088,00 ? ; 26,27 ? 
21.10.21; 11 256,00 ? ; 15 507,00 ? ; 22 171,00 ? ; 26,21 ? 
22.10.21; 11 184,00 ? ; 15 499,00 ? ; 22 248,00 ? ; 26,20 ? 
23.10.21; 11 107,00 ? ; 15 491,00 ? ; 22 320,00 ? ; 26,29 ? 
24.10.21; 11 029,00 ? ; 15 484,00 ? ; 22 394,00 ? ; 26,29 ? 
25.10.21; 10 955,00 ? ; 15 476,00 ? ; 22 472,00 ? ; 26,29 ? 
26.10.21; 10 886,00 ? ; 15 466,00 ? ; 22 546,00 ? ; 26,35 ? 
27.10.21; 10 818,00 ? ; 15 454,00 ? ; 22 620,00 ? ; 26,42 ? 
28.10.21; 10 753,00 ? ; 15 447,00 ? ; 22 699,00 ? ; 26,37 ? 
29.10.21; 10 688,00 ? ; 15 440,00 ? ; 22 770,00 ? ; 26,33 ? 
30.10.21; 10 627,00 ? ; 15 430,00 ? ; 22 834,00 ? ; 26,33 ? 
31.10.21; 10 575,00 ? ; 15 418,00 ? ; 22 899,00 ? ; 26,33 ? 
01.11.21; 10 532,00 ? ; 15 404,00 ? ; 22 961,00 ? ; 26,28 ? 
02.11.21; 10 500,00 ? ; 15 390,00 ? ; 23 029,00 ? ; 26,29 ? 
03.11.21; 10 478,00 ? ; 15 381,00 ? ; 23 100,00 ? ; 26,29 ? 
04.11.21; 10 467,00 ? ; 15 369,00 ? ; 23 176,00 ? ; 26,24 ? 
05.11.21; 10 467,00 ? ; 15 355,00 ? ; 23 263,00 ? ; 26,19 ? 
06.11.21; 10 475,00 ? ; 15 339,00 ? ; 23 366,00 ? ; 26,19 ? 
07.11.21; 10 493,00 ? ; 15 320,00 ? ; 23 485,00 ? ; 26,19 ? 
08.11.21; 10 518,00 ? ; 15 302,00 ? ; 23 614,00 ? ; 26,10 ? 
09.11.21; 10 546,00 ? ; 15 283,00 ? ; 23 757,00 ? ; 26,08 ? 
10.11.21; 10 575,00 ? ; 15 264,00 ? ; 23 922,00 ? ; 26,09 ? 
11.11.21; 10 614,00 ? ; 15 250,00 ? ; 24 108,00 ? ; 26,06 ? 
12.11.21; 10 658,00 ? ; 15 238,00 ? ; 24 301,00 ? ; 26,10 ? 
13.11.21; 10 710,00 ? ; 15 230,00 ? ; 24 503,00 ? ; 26,10 ? 
14.11.21; 10 770,00 ? ; 15 232,00 ? ; 24 713,00 ? ; 26,10 ? 
15.11.21; 10 834,00 ? ; 15 242,00 ? ; 24 924,00 ? ;  
16.11.21; 10 903,00 ? ; 15 262,00 ? ; 25 131,00 ? ; 26,34 ? 
17.11.21; 10 971,00 ? ; 15 290,00 ? ; 25 339,00 ? ; 26,41 ? 
18.11.21; 11 042,00 ? ; 15 326,00 ? ; 25 542,00 ? ; 26,51 ? 
19.11.21; 11 113,00 ? ; 15 371,00 ? ; 25 738,00 ? ; 26,44 ? 
20.11.21; 11 185,00 ? ; 15 426,00 ? ; 25 922,00 ? ; 26,44 ? 
21.11.21; 11 258,00 ? ; 15 489,00 ? ; 26 094,00 ? ; 26,44 ? 
22.11.21; 11 331,00 ? ; 15 562,00 ? ; 26 255,00 ? ; 26,57 ? 
23.11.21; 11 405,00 ? ; 15 640,00 ? ; 26 404,00 ? ; 26,66 ? 
24.11.21; 11 480,00 ? ; 15 722,00 ? ; 26 540,00 ? ; 26,86 ? 
25.11.21; 11 555,00 ? ; 15 810,00 ? ; 26 655,00 ? ; 26,93 ? 
26.11.21; 11 623,00 ? ; 15 896,00 ? ; 26 744,00 ? ; 27,03 ? 
27.11.21; 11 687,00 ? ; 15 982,00 ? ; 26 819,00 ? ; 27,03 ? 
28.11.21; 11 743,00 ? ; 16 064,00 ? ; 26 883,00 ? ; 27,03 ? 
29.11.21; 11 793,00 ? ; 16 137,00 ? ; 26 934,00 ? ; 27,10 ? 
30.11.21; 11 839,00 ? ; 16 202,00 ? ; 26 966,00 ? ; 27,17 ? 
01.12.21; 11 880,00 ? ; 16 258,00 ? ; 26 982,00 ? ; 27,21 ? 
02.12.21; 11 918,00 ? ; 16 305,00 ? ; 26 978,00 ? ; 27,23 ? 
03.12.21; 11 954,00 ? ; 16 342,00 ? ; 26 957,00 ? ; 27,29 ? 
04.12.21; 11 987,00 ? ; 16 367,00 ? ; 26 921,00 ? ; 27,29 ? 
05.12.21; 12 020,00 ? ; 16 384,00 ? ; 26 872,00 ? ; 27,29 ? 
06.12.21; 12 052,00 ? ; 16 392,00 ? ; 26 810,00 ? ; 27,30 ? 
07.12.21; 12 080,00 ? ; 16 393,00 ? ; 26 731,00 ? ; 27,38 ? 
08.12.21; 12 106,00 ? ; 16 388,00 ? ; 26 638,00 ? ; 27,33 ? 
09.12.21; 12 128,00 ? ; 16 378,00 ? ; 26 531,00 ? ; 27,22 ? 
10.12.21; 12 148,00 ? ; 16 363,00 ? ; 26 412,00 ? ; 27,10 ? 
11.12.21; 12 169,00 ? ; 16 344,00 ? ; 26 292,00 ? ; 27,10 ? 
12.12.21; 12 189,00 ? ; 16 320,00 ? ; 26 161,00 ? ; 27,10 ? 
13.12.21; 12 209,00 ? ; 16 294,00 ? ; 26 020,00 ? ; 27,02 ? 
14.12.21; 12 229,00 ? ; 16 270,00 ? ; 25 865,00 ? ; 26,88 ? 
15.12.21; 12 245,00 ? ; 16 248,00 ? ; 25 713,00 ? ; 27 
16.12.21; 12 256,00 ? ; 16 228,00 ? ; 25 561,00 ? ; 27,20 ? 
17.12.21; 12 263,00 ? ; 16 210,00 ? ; 25 410,00 ? ; 27,19 ? 
18.12.21; 12 266,00 ? ; 16 195,00 ? ; 25 260,00 ? ; 27,19 ? 
19.12.21; 12 263,00 ? ; 16 183,00 ? ; 25 113,00 ? ; 27,19 ? 
20.12.21; 12 251,00 ? ; 16 173,00 ? ; 24 966,00 ? ; 27,25 ? 
21.12.21; 12 236,00 ? ; 16 166,00 ? ; 24 820,00 ? ; 27,28 ? 
22.12.21; 12 215,00 ? ; 16 157,00 ? ; 24 676,00 ? ; 27,26 ? 
23.12.21; 12 195,00 ? ; 16 146,00 ? ; 24 532,00 ? ; 27,25 ? 
24.12.21; 12 175,00 ? ; 16 133,00 ? ; 24 390,00 ? ; 27,27 ? 
25.12.21; 12 155,00 ? ; 16 118,00 ? ; 24 248,00 ? ; 27,27 ? 
26.12.21; 12 135,00 ? ; 16 105,00 ? ; 24 105,00 ? ; 27,27 ? 
27.12.21; 12 114,00 ? ; 16 095,00 ? ; 23 965,00 ? ; 27,27 ? 
28.12.21; 12 094,00 ? ; 16 085,00 ? ; 23 830,00 ? ; 27,23 ? 
29.12.21; 12 074,00 ? ; 16 076,00 ? ; 23 704,00 ? ; 27,22 ? 
30.12.21; 12 056,00 ? ; 16 067,00 ? ; 23 581,00 ? ; 27,21 ? 
31.12.21; 12 040,00 ? ; 16 058,00 ? ; 23 467,00 ? ; 27,28 ? 
01.01.22; 12 027,00 ? ; 16 049,00 ? ; 23 362,00 ? ; 27,28 ? 
02.01.22; 12 015,00 ? ; 16 040,00 ? ; 23 266,00 ? ; 27,28 ? 
03.01.22; 12 007,00 ? ; 16 031,00 ? ; 23 177,00 ? ; 27,28 ? 
04.01.22; 12 002,00 ? ; 16 022,00 ? ; 23 098,00 ? ; 27,28 ? 
05.01.22; 12 000,00 ? ; 16 016,00 ? ; 23 027,00 ? ; 27,30 ? 
06.01.22; 12 000,00 ? ; 16 012,00 ? ; 22 969,00 ? ; 27,46 ? 
07.01.22; 12 000,00 ? ; 16 011,00 ? ; 22 921,00 ? ; 27,46 ? 
08.01.22; 12 002,00 ? ; 16 012,00 ? ; 22 880,00 ? ; 27,50 ? 
09.01.22; 12 007,00 ? ; 16 016,00 ? ; 22 851,00 ? ; 27,50 ? 
10.01.22; 12 013,00 ? ; 16 019,00 ? ; 22 825,00 ? ; 27,52 ? 
11.01.22; 12 022,00 ? ; 16 022,00 ? ; 22 802,00 ? ; 27,65 ? 
12.01.22; 12 033,00 ? ; 16 026,00 ? ; 22 781,00 ? ; 27,77 ? 
13.01.22; 12 047,00 ? ; 16 029,00 ? ; 22 759,00 ? ; 27,90 ? 
14.01.22; 12 062,00 ? ; 16 032,00 ? ; 22 737,00 ? ; 28,03 ? 
15.01.22; 12 080,00 ? ; 16 036,00 ? ; 22 710,00 ? ; 28,03 ? 
16.01.22; 12 100,00 ? ; 16 039,00 ? ; 22 679,00 ? ; 28,03 ? 
17.01.22; 12 122,00 ? ; 16 042,00 ? ; 22 644,00 ? ; 28,31 ? 
18.01.22; 12 144,00 ? ; 16 046,00 ? ; 22 603,00 ? ; 28,35 ? 
19.01.22; 12 167,00 ? ; 16 049,00 ? ; 22 559,00 ? ; 28,28 ? 
20.01.22; 12 191,00 ? ; 16 049,00 ? ; 22 510,00 ? ; 28,32 ? 
21.01.22; 12 216,00 ? ; 16 049,00 ? ; 22 452,00 ? ; 28,24 ? 
22.01.22; 12 242,00 ? ; 16 051,00 ? ; 22 397,00 ? ; 28,24 ? 
23.01.22; 12 266,00 ? ; 16 056,00 ? ; 22 342,00 ? ; 28,24 ? 
24.01.22; 12 287,00 ? ; 16 064,00 ? ; 22 288,00 ? ; 28,68 ? 
25.01.22; 12 305,00 ? ; 16 074,00 ? ; 22 238,00 ? ; 28,71 ? 
26.01.22; 12 322,00 ? ; 16 086,00 ? ; 22 192,00 ? ; 28,86 ? 
27.01.22; 12 337,00 ? ; 16 101,00 ? ; 22 151,00 ? ; 28,89 ? 
28.01.22; 12 349,00 ? ; 16 120,00 ? ; 22 111,00 ? ; 28,72 ? 
29.01.22; 12 359,00 ? ; 16 142,00 ? ; 22 072,00 ? ; 28,72 ? 
30.01.22; 12 366,00 ? ; 16 167,00 ? ; 22 037,00 ? ; 28,72 ? 
31.01.22; 12 372,00 ? ; 16 193,00 ? ; 22 003,00 ? ; 28,37 ? 
01.02.22; 12 377,00 ? ; 16 222,00 ? ; 21 973,00 ? ; 28,44 ? 
02.02.22; 12 385,00 ? ; 16 252,00 ? ; 21 947,00 ? ; 28,32 ? 
03.02.22; 12 395,00 ? ; 16 282,00 ? ; 21 925,00 ? ; 28,23 ? 
04.02.22; 12 404,00 ? ; 16 312,00 ? ; 21 904,00 ? ; 28,12 ? 
05.02.22; 12 416,00 ? ; 16 339,00 ? ; 21 885,00 ? ; 28,12 ? 
06.02.22; 12 426,00 ? ; 16 361,00 ? ; 21 865,00 ? ; 28,12 ? 
07.02.22; 12 438,00 ? ; 16 379,00 ? ; 21 841,00 ? ; 27,92 ? 
08.02.22; 12 452,00 ? ; 16 390,00 ? ; 21 817,00 ? ; 27,98 ? 
09.02.22; 12 466,00 ? ; 16 396,00 ? ; 21 791,00 ? ; 27,92 ? 
10.02.22; 12 480,00 ? ; 16 398,00 ? ; 21 763,00 ? ; 27,95 ? 
11.02.22; 12 494,00 ? ; 16 394,00 ? ; 21 734,00 ? ; 28,07 ? 
12.02.22; 12 509,00 ? ; 16 384,00 ? ; 21 712,00 ? ; 28,07 ? 
13.02.22; 12 524,00 ? ; 16 366,00 ? ; 21 697,00 ? ; 28,07 ? 
14.02.22; 12 541,00 ? ; 16 344,00 ? ; 21 680,00 ? ; 28,49 ? 
15.02.22; 12 559,00 ? ; 16 317,00 ? ; 21 668,00 ? ; 28,23 ? 
16.02.22; 12 577,00 ? ; 16 286,00 ? ; 21 660,00 ? ; 28,14 ? 
17.02.22; 12 593,00 ? ; 16 252,00 ? ; 21 651,00 ? ; 28,33 ? 
18.02.22; 12 607,00 ? ; 16 219,00 ? ; 21 642,00 ? ; 28,41 ? 
19.02.22; 12 624,00 ? ; 16 187,00 ? ; 21 643,00 ? ; 28,41 ? 
20.02.22; 12 638,00 ? ; 16 157,00 ? ; 21 649,00 ? ; 28,41 ? 
21.02.22; 12 654,00 ? ; 16 129,00 ? ; 21 660,00 ? ; 28,71 ? 
22.02.22; 12 672,00 ? ; 16 103,00 ? ; 21 677,00 ? ; 29,10 ? 
23.02.22; 12 688,00 ? ; 16 081,00 ? ; 21 696,00 ? ; 29,90 ? 
24.02.22; 12 706,00 ? ; 16 062,00 ? ; 21 718,00 ? ; 29,90 ? 
25.02.22; 12 727,00 ? ; 16 044,00 ? ; 21 743,00 ? ; 30,05 ? 
26.02.22; 12 749,00 ? ; 16 030,00 ? ; 21 771,00 ? ; 30,05 ? 
27.02.22; 12 770,00 ? ; 16 018,00 ? ; 21 788,00 ? ; 30,05 ? 
28.02.22; 12 789,00 ? ; 16 006,00 ? ; 21 807,00 ? ; 30,05 ? 
01.03.22; 12 806,00 ? ; 15 997,00 ? ; 21 821,00 ? ; 30,05 ? 
02.03.22; 12 819,00 ? ; 15 990,00 ? ; 21 830,00 ? ; 30,05 ? 
03.03.22; 12 830,00 ? ; 15 985,00 ? ; 21 832,00 ? ; 30,05 ? 
04.03.22; 12 836,00 ? ; 15 981,00 ? ; 21 829,00 ? ; 30,05 ? 
05.03.22; 12 835,00 ? ; 15 977,00 ? ; 21 820,00 ? ; 30,05 ? 
06.03.22; 12 830,00 ? ; 15 973,00 ? ; 21 802,00 ? ; 30,05 ? 
07.03.22; 12 820,00 ? ; 15 969,00 ? ; 21 772,00 ? ; 30,05 ? 
08.03.22; 12 803,00 ? ; 15 966,00 ? ; 21 730,00 ? ; 30,05 ? 
09.03.22; 12 780,00 ? ; 15 962,00 ? ; 21 677,00 ? ; 30,05 ? 
10.03.22; 12 751,00 ? ; 15 958,00 ? ; 21 611,00 ? ; 29,40 ? 
11.03.22; 12 716,00 ? ; 15 954,00 ? ; 21 536,00 ? ; 29,40 ? 
12.03.22; 12 675,00 ? ; 15 950,00 ? ; 21 450,00 ? ; 29,40 ? 
13.03.22; 12 628,00 ? ; 15 944,00 ? ; 21 353,00 ? ; 29,40 ? 
14.03.22; 12 579,00 ? ; 15 943,00 ? ; 21 262,00 ? ; 29,40 ? 
15.03.22; 12 526,00 ? ; 15 947,00 ? ; 21 152,00 ? ; 29,61 ? 
16.03.22; 12 469,00 ? ; 15 948,00 ? ; 21 046,00 ? ; 29,46 ? 
17.03.22; 12 406,00 ? ; 15 946,00 ? ; 20 940,00 ? ; 29,61 ? 
18.03.22; 12 338,00 ? ; 15 940,00 ? ; 20 834,00 ? ; 29,40 ? 
19.03.22; 12 269,00 ? ; 15 928,00 ? ; 20 731,00 ? ; 29,40 ? 
20.03.22; 12 199,00 ? ; 15 913,00 ? ; 20 630,00 ? ; 29,40 ? 
21.03.22; 12 127,00 ? ; 15 893,00 ? ; 20 531,00 ? ; 29,40 ? 
22.03.22; 12 053,00 ? ; 15 869,00 ? ; 20 439,00 ? ; 29,40 ? 
23.03.22; 11 978,00 ? ; 15 840,00 ? ; 20 355,00 ? ; 29,40 ? 
24.03.22; 11 903,00 ? ; 15 806,00 ? ; 20 281,00 ? ; 29,40 ? 
25.03.22; 11 825,00 ? ; 15 769,00 ? ; 20 220,00 ? ; 29,52 ? 
26.03.22; 11 745,00 ? ; 15 725,00 ? ; 20 168,00 ? ; 29,52 ? 
27.03.22; 11 661,00 ? ; 15 675,00 ? ; 20 124,00 ? ; 29,52 ? 
28.03.22; 11 572,00 ? ; 15 620,00 ? ; 20 090,00 ? ; 29,52 ? 
29.03.22; 11 476,00 ? ; 15 554,00 ? ; 20 058,00 ? ; 29,40 ? 
30.03.22; 11 378,00 ? ; 15 478,00 ? ; 20 039,00 ? ; 29,55 ? 
31.03.22; 11 283,00 ? ; 15 390,00 ? ; 20 018,00 ? ; 29,52 ? 
01.04.22; 11 189,00 ? ; 15 294,00 ? ; 19 991,00 ? ; 29,40 ? 
02.04.22; 11 093,00 ? ; 15 191,00 ? ; 19 958,00 ? ; 29,40 ? 
03.04.22; 10 994,00 ? ; 15 082,00 ? ; 19 919,00 ? ; 29,40 ? 
04.04.22; 10 890,00 ? ; 14 966,00 ? ; 19 877,00 ? ; 29,40 ? 
05.04.22; 10 784,00 ? ; 14 841,00 ? ; 19 830,00 ? ; 29,40 ? 
06.04.22; 10 673,00 ? ; 14 707,00 ? ; 19 779,00 ? ; 29,40 ? 
07.04.22; 10 561,00 ? ; 14 565,00 ? ; 19 723,00 ? ; 29,40 ? 
08.04.22; 10 445,00 ? ; 14 413,00 ? ; 19 660,00 ? ; 29,40 ? 
09.04.22; 10 328,00 ? ; 14 253,00 ? ; 19 585,00 ? ; 29,40 ? 
10.04.22; 10 212,00 ? ; 14 086,00 ? ; 19 502,00 ? ; 29,40 ? 
11.04.22; 10 100,00 ? ; 13 914,00 ? ; 19 410,00 ? ; 29,52 ? 
12.04.22; 9 992,00 ? ; 13 738,00 ? ; 19 304,00 ? ; 29,52 ? 
13.04.22; 9 889,00 ? ; 13 559,00 ? ; 19 184,00 ? ; 29,40 ? 
14.04.22; 9 788,00 ? ; 13 380,00 ? ; 19 050,00 ? ; 29,52 ? 
15.04.22; 9 688,00 ? ; 13 212,00 ? ; 18 907,00 ? ; 29,40 ? 
16.04.22; 9 587,00 ? ; 13 054,00 ? ; 18 759,00 ? ; 29,40 ? 
17.04.22; 9 495,00 ? ; 12 905,00 ? ; 18 611,00 ? ; 29,40 ? 
18.04.22; 9 412,00 ? ; 12 765,00 ? ; 18 459,00 ? ; 29,52 ? 
19.04.22; 9 337,00 ? ; 12 634,00 ? ; 18 298,00 ? ; 29,52 ? 
20.04.22; 9 272,00 ? ; 12 516,00 ? ; 18 130,00 ? ; 30,25 ? 
21.04.22; 9 216,00 ? ; 12 411,00 ? ; 17 952,00 ? ; 29,40 ? 
22.04.22; 9 167,00 ? ; 12 320,00 ? ; 17 759,00 ? ; 30,25 ? 
23.04.22; 9 124,00 ? ; 12 242,00 ? ; 17 561,00 ? ; 30,25 ? 
24.04.22; 9 087,00 ? ; 12 177,00 ? ; 17 357,00 ? ; 30,25 ? 
25.04.22; 9 053,00 ? ; 12 124,00 ? ; 17 150,00 ? ; 30,25 ? 
26.04.22; 9 022,00 ? ; 12 083,00 ? ; 16 937,00 ? ; 30,25 ? 
27.04.22; 8 995,00 ? ; 12 053,00 ? ; 16 730,00 ? ; 30,25 ? 
28.04.22; 8 970,00 ? ; 12 033,00 ? ; 16 529,00 ? ; 30,25 ? 
29.04.22; 8 948,00 ? ; 12 022,00 ? ; 16 334,00 ? ; 30,25 ? 
30.04.22; 8 928,00 ? ; 12 013,00 ? ; 16 149,00 ? ; 30,25 ? 
01.05.22; 8 910,00 ? ; 12 007,00 ? ; 15 977,00 ? ; 30,25 ? 
02.05.22; 8 890,00 ? ; 12 002,00 ? ; 15 815,00 ? ; 29,40 ? 
03.05.22; 8 868,00 ? ; 12 000,00 ? ; 15 667,00 ? ; 29,40 ? 
04.05.22; 8 844,00 ? ; 12 000,00 ? ; 15 535,00 ? ; 29,40 ? 
05.05.22; 8 817,00 ? ; 12 000,00 ? ; 15 417,00 ? ; 30,25 ? 
06.05.22; 8 788,00 ? ; 12 000,00 ? ; 15 316,00 ? ; 30,25 ? 
07.05.22; 8 757,00 ? ; 12 000,00 ? ; 15 233,00 ? ; 30,25 ? 
08.05.22; 8 728,00 ? ; 12 000,00 ? ; 15 164,00 ? ; 30,25 ? 
09.05.22; 8 701,00 ? ; 11 998,00 ? ; 15 106,00 ? ; 30,25 ? 
10.05.22; 8 677,00 ? ; 11 993,00 ? ; 15 057,00 ? ; 30,25 ? 
11.05.22; 8 652,00 ? ; 11 984,00 ? ; 15 017,00 ? ; 30,25 ? 
12.05.22; 8 625,00 ? ; 11 971,00 ? ; 14 986,00 ? ; 29,55 ? 
13.05.22; 8 596,00 ? ; 11 953,00 ? ; 14 962,00 ? ; 29,54 ? 
14.05.22; 8 568,00 ? ; 11 931,00 ? ; 14 947,00 ? ; 29,54 ? 
15.05.22; 8 539,00 ? ; 11 904,00 ? ; 14 936,00 ? ; 29,54 ? 
16.05.22; 8 510,00 ? ; 11 873,00 ? ; 14 924,00 ? ; 29,54 ? 
17.05.22; 8 481,00 ? ; 11 838,00 ? ; 14 913,00 ? ; 29,52 ? 
18.05.22; 8 452,00 ? ; 11 798,00 ? ; 14 901,00 ? ; 29,52 ? 
19.05.22; 8 423,00 ? ; 11 752,00 ? ; 14 890,00 ? ; 29,54 ? 
20.05.22; 8 394,00 ? ; 11 700,00 ? ; 14 877,00 ? ; 29,54 ? 
21.05.22; 8 368,00 ? ; 11 643,00 ? ; 14 865,00 ? ; 29,54 ? 
22.05.22; 8 344,00 ? ; 11 582,00 ? ; 14 853,00 ? ; 29,54 ? 
23.05.22; 8 324,00 ? ; 11 518,00 ? ; 14 840,00 ? ; 29,54 ? 
24.05.22; 8 305,00 ? ; 11 458,00 ? ; 14 833,00 ? ; 29,54 ? 
25.05.22; 8 289,00 ? ; 11 400,00 ? ; 14 835,00 ? ; 29,52 ? 
26.05.22; 8 279,00 ? ; 11 351,00 ? ; 14 848,00 ? ; 29,52 ? 
27.05.22; 8 277,00 ? ; 11 310,00 ? ; 14 866,00 ? ; 29,54 ? 
28.05.22; 8 283,00 ? ; 11 279,00 ? ; 14 883,00 ? ; 29,54 ? 
29.05.22; 8 295,00 ? ; 11 257,00 ? ; 14 901,00 ? ; 29,54 ? 
30.05.22; 8 314,00 ? ; 11 239,00 ? ; 14 919,00 ? ; 29,54 ? 
31.05.22; 8 340,00 ? ; 11 225,00 ? ; 14 937,00 ? ; 29,54 ? 
01.06.22; 8 371,00 ? ; 11 216,00 ? ; 14 955,00 ? ; 29,54 ? 
02.06.22; 8 406,00 ? ; 11 212,00 ? ; 14 974,00 ? ; 29,40 ? 
03.06.22; 8 446,00 ? ; 11 214,00 ? ; 14 993,00 ? ; 29,40 ? 
04.06.22; 8 490,00 ? ; 11 225,00 ? ; 15 013,00 ? ; 29,40 ? 
05.06.22; 8 534,00 ? ; 11 240,00 ? ; 15 033,00 ? ; 29,40 ? 
06.06.22; 8 576,00 ? ; 11 260,00 ? ; 15 053,00 ? ; 29,52 ? 
07.06.22; 8 613,00 ? ; 11 282,00 ? ; 15 073,00 ? ; 29,55 ? 
08.06.22; 8 646,00 ? ; 11 298,00 ? ; 15 091,00 ? ; 29,54 ? 
09.06.22; 8 674,00 ? ; 11 312,00 ? ; 15 102,00 ? ; 29,55 ? 
10.06.22; 8 696,00 ? ; 11 316,00 ? ; 15 105,00 ? ; 29,55 ? 
11.06.22; 8 710,00 ? ; 11 312,00 ? ; 15 098,00 ? ; 29,55 ? 
12.06.22; 8 717,00 ? ; 11 299,00 ? ; 15 091,00 ? ; 29,55 ? 
13.06.22; 8 714,00 ? ; 11 277,00 ? ; 15 085,00 ? ; 29,40 ? 
14.06.22; 8 703,00 ? ; 11 255,00 ? ; 15 078,00 ? ; 29,54 ? 
15.06.22; 8 683,00 ? ; 11 232,00 ? ; 15 072,00 ? ; 29,40 ? 
16.06.22; 8 658,00 ? ; 11 210,00 ? ; 15 064,00 ? ; 29,55 ? 
17.06.22; 8 629,00 ? ; 11 188,00 ? ; 15 057,00 ? ; 29,54 ? 
18.06.22; 8 595,00 ? ; 11 165,00 ? ; 15 050,00 ? ; 29,54 ? 
19.06.22; 8 559,00 ? ; 11 140,00 ? ; 15 042,00 ? ; 29,54 ? 
20.06.22; 8 523,00 ? ; 11 114,00 ? ; 15 035,00 ? ; 29,40 ? 
21.06.22; 8 489,00 ? ; 11 089,00 ? ; 15 027,00 ? ; 29,40 ? 
22.06.22; 8 456,00 ? ; 11 064,00 ? ; 15 019,00 ? ; 29,40 ? 
23.06.22; 8 426,00 ? ; 11 044,00 ? ; 15 011,00 ? ; 29,54 ? 
24.06.22; 8 398,00 ? ; 11 027,00 ? ; 15 004,00 ? ; 29,54 ? 
25.06.22; 8 370,00 ? ; 11 013,00 ? ; 15 000,00 ? ; 29,54 ? 
26.06.22; 8 343,00 ? ; 11 004,00 ? ; 15 000,00 ? ; 29,54 ? 
27.06.22; 8 322,00 ? ; 11 000,00 ? ; 15 000,00 ? ; 29,54 ? 
28.06.22; 8 305,00 ? ; 11 000,00 ? ; 14 998,00 ? ; 29,52 ? 
29.06.22; 8 292,00 ? ; 11 000,00 ? ; 14 994,00 ? ; 29,52 ? 
30.06.22; 8 284,00 ? ; 11 000,00 ? ; 14 988,00 ? ; 29,40 ? 
01.07.22; 8 277,00 ? ; 11 000,00 ? ; 14 981,00 ? ; 29,40 ? 
02.07.22; 8 272,00 ? ; 11 000,00 ? ; 14 975,00 ? ; 29,40 ? 
03.07.22; 8 270,00 ? ; 11 000,00 ? ; 14 969,00 ? ; 29,40 ? 
04.07.22; 8 265,00 ? ; 11 000,00 ? ; 14 962,00 ? ; 29,40 ? 
05.07.22; 8 258,00 ? ; 11 000,00 ? ; 14 956,00 ? ; 29,54 ? 
06.07.22; 8 249,00 ? ; 11 000,00 ? ; 14 950,00 ? ; 29,54 ? 
07.07.22; 8 238,00 ? ; 10 998,00 ? ; 14 944,00 ? ; 29,54 ? 
08.07.22; 8 224,00 ? ; 10 993,00 ? ; 14 937,00 ? ; 29,54 ? 
09.07.22; 8 209,00 ? ; 10 987,00 ? ; 14 931,00 ? ; 29,54 ? 
10.07.22; 8 195,00 ? ; 10 978,00 ? ; 14 925,00 ? ; 29,54 ? 
11.07.22; 8 182,00 ? ; 10 967,00 ? ; 14 919,00 ? ; 29,40 ? 
12.07.22; 8 164,00 ? ; 10 953,00 ? ; 14 912,00 ? ; 29,54 ? 
13.07.22; 8 147,00 ? ; 10 938,00 ? ; 14 911,00 ? ; 29,40 ? 
14.07.22; 8 129,00 ? ; 10 920,00 ? ; 14 912,00 ? ; 29,40 ? 
15.07.22; 8 112,00 ? ; 10 900,00 ? ; 14 919,00 ? ; 29,40 ? 
16.07.22; 8 095,00 ? ; 10 878,00 ? ; 14 925,00 ? ; 29,40 ? 
17.07.22; 8 079,00 ? ; 10 853,00 ? ; 14 931,00 ? ; 29,40 ? 
18.07.22; 8 062,00 ? ; 10 825,00 ? ; 14 937,00 ? ; 29,52 ? 
19.07.22; 8 047,00 ? ; 10 794,00 ? ; 14 944,00 ? ; 29,40 ? 
20.07.22; 8 035,00 ? ; 10 762,00 ? ; 14 950,00 ? ; 29,54 ? 
21.07.22; 8 024,00 ? ; 10 727,00 ? ; 14 956,00 ? ; 36,75 ? 
22.07.22; 8 016,00 ? ; 10 694,00 ? ; 14 962,00 ? ; 36,75 ? 
23.07.22; 8 011,00 ? ; 10 664,00 ? ; 14 969,00 ? ; 36,75 ? 
24.07.22; 8 007,00 ? ; 10 635,00 ? ; 14 975,00 ? ; 36,75 ? 
25.07.22; 8 003,00 ? ; 10 609,00 ? ; 14 981,00 ? ; 36,61 ? 
26.07.22; 8 001,00 ? ; 10 586,00 ? ; 14 988,00 ? ; 36,80 ? 
27.07.22; 8 001,00 ? ; 10 564,00 ? ; 14 994,00 ? ; 36,92 ? 
28.07.22; 8 001,00 ? ; 10 545,00 ? ; 14 998,00 ? ; 36,90 ? 
29.07.22; 8 000,00 ? ; 10 528,00 ? ; 15 000,00 ? ; 36,59 ? 
30.07.22; 8 000,00 ? ; 10 513,00 ? ; 15 000,00 ? ; 36,59 ? 
31.07.22; 8 000,00 ? ; 10 500,00 ? ; 15 000,00 ? ; 36,59 ? 
01.08.22; 8 000,00 ? ; 10 491,00 ? ; 15 000,00 ? ; 36,59 ? 
02.08.22; 8 000,00 ? ; 10 486,00 ? ; 15 000,00 ? ; 36,59 ? 
03.08.22; 8 000,00 ? ; 10 483,00 ? ; 15 000,00 ? ; 36,59 ? 
04.08.22; 8 000,00 ? ; 10 482,00 ? ; 15 000,00 ? ; 36,59 ? 
05.08.22; 8 000,00 ? ; 10 484,00 ? ; 15 000,00 ? ; 36,93 ? 
06.08.22; 8 000,00 ? ; 10 487,00 ? ; 15 000,00 ? ; 36,93 ? 
07.08.22; 8 000,00 ? ; 10 493,00 ? ; 15 000,00 ? ; 36,93 ? 
08.08.22; 8 000,00 ? ; 10 501,00 ? ; 15 000,00 ? ; 36,59 ? 
09.08.22; 8 000,00 ? ; 10 512,00 ? ; 15 000,00 ? ; 36,93 ? 
10.08.22; 8 000,00 ? ; 10 525,00 ? ; 15 000,00 ? ; 36,59 ? 
11.08.22; 8 000,00 ? ; 10 539,00 ? ; 15 000,00 ? ; 36,59 ? 
12.08.22; 8 000,00 ? ; 10 556,00 ? ; 15 000,00 ? ; 36,59 ? 
13.08.22; 8 000,00 ? ; 10 576,00 ? ; 15 000,00 ? ; 36,59 ? 
14.08.22; 8 000,00 ? ; 10 597,00 ? ; 15 000,00 ? ; 36,59 ? 
15.08.22; 8 001,00 ? ; 10 621,00 ? ; 15 000,00 ? ; 36,59 ? 
16.08.22; 8 002,00 ? ; 10 647,00 ? ; 15 000,00 ? ; 36,79 ? 
17.08.22; 8 006,00 ? ; 10 676,00 ? ; 15 000,00 ? ; 36,90 ? 
18.08.22; 8 011,00 ? ; 10 711,00 ? ; 15 000,00 ? ; 36,59 ? 
19.08.22; 8 019,00 ? ; 10 752,00 ? ; 15 000,00 ? ; 36,58 ? 
20.08.22; 8 029,00 ? ; 10 800,00 ? ; 15 000,00 ? ; 36,58 ? 
21.08.22; 8 041,00 ? ; 10 850,00 ? ; 15 000,00 ? ; 36,58 ? 
22.08.22; 8 056,00 ? ; 10 902,00 ? ; 15 000,00 ? ; 36,59 ? 
23.08.22; 8 072,00 ? ; 10 957,00 ? ; 15 000,00 ? ; 36,72 ? 
24.08.22; 8 091,00 ? ; 11 013,00 ? ; 15 000,00 ? ; 36,72 ? 
25.08.22; 8 114,00 ? ; 11 072,00 ? ; 15 000,00 ? ; 36,72 ? 
26.08.22; 8 140,00 ? ; 11 133,00 ? ; 15 000,00 ? ; 36,75 ? 
27.08.22; 8 172,00 ? ; 11 197,00 ? ; 15 000,00 ? ; 36,75 ? 
28.08.22; 8 208,00 ? ; 11 262,00 ? ; 15 000,00 ? ; 36,75 ? 
29.08.22; 8 248,00 ? ; 11 330,00 ? ; 15 000,00 ? ; 36,72 ? 
30.08.22; 8 290,00 ? ; 11 400,00 ? ; 15 001,00 ? ; 36,72 ? 
31.08.22; 8 337,00 ? ; 11 472,00 ? ; 15 003,00 ? ; 36,72 ? 
01.09.22; 8 384,00 ? ; 11 542,00 ? ; 15 009,00 ? ; 36,72 ? 
02.09.22; 8 431,00 ? ; 11 606,00 ? ; 15 019,00 ? ; 36,93 ? 
03.09.22; 8 477,00 ? ; 11 664,00 ? ; 15 033,00 ? ; 36,93 ? 
04.09.22; 8 524,00 ? ; 11 717,00 ? ; 15 052,00 ? ; 36,93 ? 
05.09.22; 8 571,00 ? ; 11 764,00 ? ; 15 076,00 ? ; 36,72 ? 
06.09.22; 8 617,00 ? ; 11 808,00 ? ; 15 103,00 ? ; 36,92 ? 
07.09.22; 8 664,00 ? ; 11 847,00 ? ; 15 137,00 ? ; 36,70 ? 
08.09.22; 8 711,00 ? ; 11 883,00 ? ; 15 177,00 ? ; 36,72 ? 
09.09.22; 8 756,00 ? ; 11 918,00 ? ; 15 222,00 ? ; 36,72 ? 
10.09.22; 8 797,00 ? ; 11 950,00 ? ; 15 275,00 ? ; 36,72 ? 
11.09.22; 8 834,00 ? ; 11 980,00 ? ; 15 336,00 ? ; 36,72 ? 
12.09.22; 8 868,00 ? ; 12 008,00 ? ; 15 407,00 ? ; 36,72 ? 
13.09.22; 8 898,00 ? ; 12 031,00 ? ; 15 486,00 ? ; 36,72 ? 
14.09.22; 8 927,00 ? ; 12 050,00 ? ; 15 572,00 ? ; 36,93 ? 
15.09.22; 8 953,00 ? ; 12 067,00 ? ; 15 665,00 ? ; 36,72 ? 
16.09.22; 8 976,00 ? ; 12 083,00 ? ; 15 760,00 ? ; 36,72 ? 
17.09.22; 8 998,00 ? ; 12 100,00 ? ; 15 855,00 ? ; 36,72 ? 
18.09.22; 9 017,00 ? ; 12 121,00 ? ; 15 950,00 ? ; 36,72 ? 
19.09.22; 9 034,00 ? ; 12 145,00 ? ; 16 044,00 ? ; 36,93 ? 
20.09.22; 9 051,00 ? ; 12 174,00 ? ; 16 139,00 ? ; 36,93 ? 
21.09.22; 9 068,00 ? ; 12 207,00 ? ; 16 234,00 ? ; 36,72 ? 
22.09.22; 9 085,00 ? ; 12 245,00 ? ; 16 327,00 ? ; 36,93 ? 
23.09.22; 9 102,00 ? ; 12 283,00 ? ; 16 415,00 ? ; 36,72 ? 
24.09.22; 9 118,00 ? ; 12 321,00 ? ; 16 501,00 ? ; 36,72 ? 
25.09.22; 9 135,00 ? ; 12 361,00 ? ; 16 585,00 ? ; 36,72 ? 
26.09.22; 9 153,00 ? ; 12 403,00 ? ; 16 664,00 ? ; 36,72 ? 
27.09.22; 9 172,00 ? ; 12 445,00 ? ; 16 738,00 ? ; 36,72 ? 
28.09.22; 9 191,00 ? ; 12 492,00 ? ; 16 807,00 ? ; 36,72 ? 
29.09.22; 9 210,00 ? ; 12 543,00 ? ; 16 873,00 ? ; 36,93 ? 
30.09.22; 9 232,00 ? ; 12 594,00 ? ; 16 936,00 ? ; 36,93 ? 
01.10.22; 9 258,00 ? ; 12 646,00 ? ; 16 998,00 ? ; 36,93 ? 
02.10.22; 9 288,00 ? ; 12 700,00 ? ; 17 060,00 ? ; 36,93 ? 
03.10.22; 9 323,00 ? ; 12 751,00 ? ; 17 122,00 ? ; 36,72 ? 
04.10.22; 9 361,00 ? ; 12 798,00 ? ; 17 183,00 ? ; 36,72 ? 
05.10.22; 9 398,00 ? ; 12 840,00 ? ; 17 247,00 ? ; 36,93 ? 
06.10.22; 9 432,00 ? ; 12 878,00 ? ; 17 314,00 ? ; 36,93 ? 
07.10.22; 9 465,00 ? ; 12 911,00 ? ; 17 385,00 ? ; 36,93 ? 
08.10.22; 9 496,00 ? ; 12 942,00 ? ; 17 462,00 ? ; 36,93 ? 
09.10.22; 9 525,00 ? ; 12 971,00 ? ; 17 542,00 ? ; 36,93 ? 
10.10.22; 9 553,00 ? ; 12 993,00 ? ; 17 622,00 ? ; 36,93 ? 
11.10.22; 9 580,00 ? ; 13 009,00 ? ; 17 709,00 ? ; 36,93 ? 
12.10.22; 9 608,00 ? ; 13 022,00 ? ; 17 799,00 ? ; 36,93 ? 
13.10.22; 9 637,00 ? ; 13 031,00 ? ; 17 894,00 ? ; 36,93 ? 
14.10.22; 9 664,00 ? ; 13 035,00 ? ; 17 993,00 ? ; 36,93 ? 
15.10.22; 9 688,00 ? ; 13 038,00 ? ; 18 096,00 ? ; 36,93 ? 
16.10.22; 9 707,00 ? ; 13 037,00 ? ; 18 204,00 ? ; 36,93 ? 
17.10.22; 9 721,00 ? ; 13 033,00 ? ; 18 316,00 ? ; 36,93 ? 
18.10.22; 9 732,00 ? ; 13 029,00 ? ; 18 433,00 ? ; 36,93 ? 
19.10.22; 9 740,00 ? ; 13 025,00 ? ; 18 554,00 ? ; 36,93 ? 
20.10.22; 9 748,00 ? ; 13 022,00 ? ; 18 672,00 ? ; 36,93 ? 
21.10.22; 9 759,00 ? ; 13 024,00 ? ; 18 784,00 ? ; 36,72 ? 
22.10.22; 9 772,00 ? ; 13 031,00 ? ; 18 896,00 ? ; 36,72 ? 
23.10.22; 9 787,00 ? ; 13 042,00 ? ; 19 002,00 ? ; 36,72 ? 
24.10.22; 9 805,00 ? ; 13 058,00 ? ; 19 111,00 ? ; 36,93 ? 
25.10.22; 9 823,00 ? ; 13 076,00 ? ; 19 216,00 ? ; 36,93 ? 
26.10.22; 9 841,00 ? ; 13 096,00 ? ; 19 313,00 ? ; 36,93 ? 
27.10.22; 9 856,00 ? ; 13 115,00 ? ; 19 402,00 ? ; 36,72 ? 
28.10.22; 9 869,00 ? ; 13 135,00 ? ; 19 482,00 ? ; 36,72 ? 
29.10.22; 9 881,00 ? ; 13 154,00 ? ; 19 554,00 ? ; 36,72 ? 
30.10.22; 9 894,00 ? ; 13 174,00 ? ; 19 617,00 ? ; 36,72 ? 
31.10.22; 9 907,00 ? ; 13 193,00 ? ; 19 670,00 ? ; 36,72 ? 
01.11.22; 9 919,00 ? ; 13 213,00 ? ; 19 714,00 ? ; 36,93 ? 
02.11.22; 9 931,00 ? ; 13 232,00 ? ; 19 747,00 ? ; 36,72 ? 
03.11.22; 9 943,00 ? ; 13 252,00 ? ; 19 770,00 ? ; 36,72 ? 
04.11.22; 9 952,00 ? ; 13 267,00 ? ; 19 790,00 ? ; 36,82 ? 
05.11.22; 9 959,00 ? ; 13 273,00 ? ; 19 810,00 ? ; 36,82 ? 
06.11.22; 9 963,00 ? ; 13 270,00 ? ; 19 820,00 ? ; 36,82 ? 
07.11.22; 9 962,00 ? ; 13 259,00 ? ; 19 821,00 ? ; 36,72 ? 
08.11.22; 9 956,00 ? ; 13 238,00 ? ; 19 808,00 ? ; 36,72 ? 
09.11.22; 9 948,00 ? ; 13 218,00 ? ; 19 783,00 ? ; 36,93 ? 
10.11.22; 9 938,00 ? ; 13 197,00 ? ; 19 749,00 ? ; 36,93 ? 
11.11.22; 9 926,00 ? ; 13 176,00 ? ; 19 706,00 ? ; 36,72 ? 
12.11.22; 9 912,00 ? ; 13 154,00 ? ; 19 654,00 ? ; 36,72 ? 
13.11.22; 9 896,00 ? ; 13 129,00 ? ; 19 594,00 ? ; 36,72 ? 
14.11.22; 9 877,00 ? ; 13 102,00 ? ; 19 525,00 ? ; 36,72 ? 
15.11.22; 9 857,00 ? ; 13 072,00 ? ; 19 449,00 ? ; 36,72 ? 
16.11.22; 9 835,00 ? ; 13 041,00 ? ; 19 364,00 ? ; 36,72 ? 
17.11.22; 9 811,00 ? ; 13 007,00 ? ; 19 272,00 ? ; 36,93 ? 
18.11.22; 9 785,00 ? ; 12 973,00 ? ; 19 176,00 ? ; 36,93 ? 
19.11.22; 9 756,00 ? ; 12 942,00 ? ; 19 071,00 ? ; 36,93 ? 
20.11.22; 9 727,00 ? ; 12 915,00 ? ; 18 959,00 ? ; 36,93 ? 
21.11.22; 9 696,00 ? ; 12 892,00 ? ; 18 844,00 ? ; 36,93 ? 
22.11.22; 9 664,00 ? ; 12 874,00 ? ; 18 734,00 ? ; 36,93 ? 
23.11.22; 9 633,00 ? ; 12 860,00 ? ; 18 628,00 ? ; 36,93 ? 
24.11.22; 9 601,00 ? ; 12 846,00 ? ; 18 530,00 ? ; 36,93 ? 
25.11.22; 9 568,00 ? ; 12 834,00 ? ; 18 439,00 ? ; 36,93 ? 
26.11.22; 9 535,00 ? ; 12 822,00 ? ; 18 357,00 ? ; 36,93 ? 
27.11.22; 9 502,00 ? ; 12 814,00 ? ; 18 284,00 ? ; 36,93 ? 
28.11.22; 9 469,00 ? ; 12 810,00 ? ; 18 219,00 ? ; 36,93 ? 
29.11.22; 9 436,00 ? ; 12 809,00 ? ; 18 163,00 ? ; 36,93 ? 
30.11.22; 9 402,00 ? ; 12 812,00 ? ; 18 114,00 ? ; 36,93 ? 
01.12.22; 9 368,00 ? ; 12 820,00 ? ; 18 075,00 ? ; 36,74 ? 
02.12.22; 9 335,00 ? ; 12 832,00 ? ; 18 045,00 ? ; 36,74 ? 
03.12.22; 9 301,00 ? ; 12 844,00 ? ; 18 021,00 ? ; 36,74 ? 
04.12.22; 9 268,00 ? ; 12 856,00 ? ; 18 003,00 ? ; 36,74 ? 
05.12.22; 9 233,00 ? ; 12 868,00 ? ; 17 992,00 ? ; 36,92 ? 
06.12.22; 9 202,00 ? ; 12 877,00 ? ; 17 987,00 ? ; 36,92 ? 
07.12.22; 9 173,00 ? ; 12 885,00 ? ; 17 984,00 ? ; 36,93 ? 
08.12.22; 9 147,00 ? ; 12 891,00 ? ; 17 983,00 ? ; 36,92 ? 
09.12.22; 9 122,00 ? ; 12 895,00 ? ; 17 982,00 ? ; 36,74 ? 
10.12.22; 9 100,00 ? ; 12 897,00 ? ; 17 982,00 ? ; 36,74 ? 
11.12.22; 9 080,00 ? ; 12 897,00 ? ; 17 982,00 ? ; 36,74 ? 
12.12.22; 9 062,00 ? ; 12 893,00 ? ; 17 982,00 ? ; 36,92 ? 
13.12.22; 9 047,00 ? ; 12 883,00 ? ; 17 982,00 ? ; 36,92 ? 
14.12.22; 9 033,00 ? ; 12 873,00 ? ; 17 982,00 ? ; 36,74 ? 
15.12.22; 9 022,00 ? ; 12 856,00 ? ; 17 984,00 ? ; 36,92 ? 
16.12.22; 9 013,00 ? ; 12 833,00 ? ; 17 985,00 ? ; 36,92 ? 
17.12.22; 9 007,00 ? ; 12 803,00 ? ; 17 986,00 ? ; 36,92 ? 
18.12.22; 9 002,00 ? ; 12 768,00 ? ; 17 979,00 ? ; 36,92 ? 
19.12.22; 8 999,00 ? ; 12 729,00 ? ; 17 962,00 ? ; 36,92 ? 
20.12.22; 8 998,00 ? ; 12 686,00 ? ; 17 936,00 ? ; 36,92 ? 
21.12.22; 8 998,00 ? ; 12 642,00 ? ; 17 902,00 ? ; 36,92 ? 
22.12.22; 8 997,00 ? ; 12 599,00 ? ; 17 858,00 ? ; 36,92 ? 
23.12.22; 8 997,00 ? ; 12 555,00 ? ; 17 803,00 ? ; 36,93 ? 
24.12.22; 8 995,00 ? ; 12 510,00 ? ; 17 740,00 ? ; 36,93 ? 
25.12.22; 8 992,00 ? ; 12 462,00 ? ; 17 668,00 ? ; 36,93 ? 
26.12.22; 8 990,00 ? ; 12 414,00 ? ; 17 587,00 ? ; 36,92 ? 
27.12.22; 8 986,00 ? ; 12 366,00 ? ; 17 497,00 ? ; 36,92 ? 
28.12.22; 8 982,00 ? ; 12 321,00 ? ; 17 402,00 ? ; 36,92 ? 
29.12.22; 8 978,00 ? ; 12 275,00 ? ; 17 303,00 ? ; 36,93 ? 
30.12.22; 8 974,00 ? ; 12 236,00 ? ; 17 199,00 ? ; 36,92 ? 
31.12.22; 8 970,00 ? ; 12 205,00 ? ; 17 090,00 ? ; 36,92 ? 
01.01.23; 8 966,00 ? ; 12 180,00 ? ; 16 980,00 ? ; 36,92 ? 
02.01.23; 8 964,00 ? ; 12 161,00 ? ; 16 884,00 ? ; 36,92 ? 
03.01.23; 8 961,00 ? ; 12 149,00 ? ; 16 803,00 ? ; 36,75 ? 
04.01.23; 8 958,00 ? ; 12 144,00 ? ; 16 737,00 ? ; 36,75 ? 
05.01.23; 8 955,00 ? ; 12 144,00 ? ; 16 684,00 ? ; 36,75 ? 
06.01.23; 8 952,00 ? ; 12 147,00 ? ; 16 649,00 ? ; 36,74 ? 
07.01.23; 8 950,00 ? ; 12 156,00 ? ; 16 629,00 ? ; 36,74 ? 
08.01.23; 8 949,00 ? ; 12 170,00 ? ; 16 623,00 ? ; 36,74 ? 
09.01.23; 8 951,00 ? ; 12 189,00 ? ; 16 633,00 ? ; 36,75 ? 
10.01.23; 8 952,00 ? ; 12 215,00 ? ; 16 659,00 ? ; 36,75 ? 
11.01.23; 8 957,00 ? ; 12 245,00 ? ; 16 702,00 ? ; 36,75 ? 
12.01.23; 8 961,00 ? ; 12 281,00 ? ; 16 754,00 ? ; 36,75 ? 
13.01.23; 8 965,00 ? ; 12 319,00 ? ; 16 816,00 ? ; 36,74 ? 
14.01.23; 8 970,00 ? ; 12 356,00 ? ; 16 883,00 ? ; 36,74 ? 
15.01.23; 8 974,00 ? ; 12 393,00 ? ; 16 959,00 ? ; 36,74 ? 
16.01.23; 8 978,00 ? ; 12 430,00 ? ; 17 034,00 ? ; 36,74 ? 
17.01.23; 8 982,00 ? ; 12 466,00 ? ; 17 106,00 ? ; 36,75 ? 
18.01.23; 8 986,00 ? ; 12 503,00 ? ; 17 174,00 ? ; 36,75 ? 
19.01.23; 8 992,00 ? ; 12 540,00 ? ; 17 240,00 ? ; 36,92 ? 
20.01.23; 9 000,00 ? ; 12 574,00 ? ; 17 299,00 ? ; 36,92 ? 
21.01.23; 9 010,00 ? ; 12 608,00 ? ; 17 350,00 ? ; 36,92 ? 
22.01.23; 9 024,00 ? ; 12 640,00 ? ; 17 397,00 ? ; 36,92 ? 
23.01.23; 9 038,00 ? ; 12 673,00 ? ; 17 438,00 ? ; 36,93 ? 
24.01.23; 9 055,00 ? ; 12 704,00 ? ; 17 470,00 ? ; 36,92 ? 
25.01.23; 9 073,00 ? ; 12 729,00 ? ; 17 493,00 ? ; 36,75 ? 
26.01.23; 9 092,00 ? ; 12 752,00 ? ; 17 503,00 ? ; 36,92 ? 
27.01.23; 9 113,00 ? ; 12 766,00 ? ; 17 502,00 ? ; 36,93 ? 
28.01.23; 9 134,00 ? ; 12 775,00 ? ; 17 486,00 ? ; 36,93 ? 
29.01.23; 9 155,00 ? ; 12 777,00 ? ; 17 458,00 ? ; 36,93 ? 
30.01.23; 9 176,00 ? ; 12 773,00 ? ; 17 418,00 ? ; 36,74 ? 
31.01.23; 9 197,00 ? ; 12 763,00 ? ; 17 373,00 ? ; 36,93 ? 
01.02.23; 9 218,00 ? ; 12 745,00 ? ; 17 320,00 ? ; 36,93 ? 
02.02.23; 9 239,00 ? ; 12 721,00 ? ; 17 254,00 ? ; 36,75 ? 
03.02.23; 9 256,00 ? ; 12 691,00 ? ; 17 177,00 ? ; 36,93 ? 
04.02.23; 9 268,00 ? ; 12 658,00 ? ; 17 095,00 ? ; 36,93 ? 
05.02.23; 9 277,00 ? ; 12 620,00 ? ; 17 008,00 ? ; 36,93 ? 
06.02.23; 9 279,00 ? ; 12 578,00 ? ; 16 914,00 ? ; 36,75 ? 
07.02.23; 9 276,00 ? ; 12 529,00 ? ; 16 814,00 ? ; 36,75 ? 
08.02.23; 9 268,00 ? ; 12 476,00 ? ; 16 712,00 ? ; 36,75 ? 
09.02.23; 9 255,00 ? ; 12 422,00 ? ; 16 608,00 ? ; 36,93 ? 
10.02.23; 9 237,00 ? ; 12 365,00 ? ; 16 504,00 ? ; 36,74 ? 
11.02.23; 9 217,00 ? ; 12 312,00 ? ; 16 403,00 ? ; 36,74 ? 
12.02.23; 9 199,00 ? ; 12 264,00 ? ; 16 316,00 ? ; 36,74 ? 
13.02.23; 9 183,00 ? ; 12 219,00 ? ; 16 241,00 ? ; 36,93 ? 
14.02.23; 9 169,00 ? ; 12 180,00 ? ; 16 172,00 ? ; 36,74 ? 
15.02.23; 9 158,00 ? ; 12 144,00 ? ; 16 109,00 ? ; 36,93 ? 
16.02.23; 9 148,00 ? ; 12 113,00 ? ; 16 051,00 ? ; 36,93 ? 
17.02.23; 9 142,00 ? ; 12 087,00 ? ; 16 001,00 ? ; 36,74 ? 
18.02.23; 9 139,00 ? ; 12 065,00 ? ; 15 959,00 ? ; 36,74 ? 
19.02.23; 9 140,00 ? ; 12 045,00 ? ; 15 921,00 ? ; 36,74 ? 
20.02.23; 9 146,00 ? ; 12 029,00 ? ; 15 889,00 ? ; 36,92 ? 
21.02.23; 9 158,00 ? ; 12 016,00 ? ; 15 861,00 ? ; 36,75 ? 
22.02.23; 9 173,00 ? ; 12 008,00 ? ; 15 837,00 ? ; 36,75 ? 
23.02.23; 9 194,00 ? ; 12 004,00 ? ; 15 816,00 ? ; 36,75 ? 
24.02.23; 9 220,00 ? ; 12 007,00 ? ; 15 797,00 ? ; 36,75 ? 
25.02.23; 9 250,00 ? ; 12 011,00 ? ; 15 782,00 ? ; 36,75 ? 
26.02.23; 9 280,00 ? ; 12 016,00 ? ; 15 767,00 ? ; 36,75 ? 
27.02.23; 9 306,00 ? ; 12 020,00 ? ; 15 750,00 ? ; 36,75 ? 
28.02.23; 9 327,00 ? ; 12 025,00 ? ; 15 729,00 ? ; 36,93 ? 
01.03.23; 9 343,00 ? ; 12 029,00 ? ; 15 708,00 ? ; 36,93 ? 
02.03.23; 9 356,00 ? ; 12 033,00 ? ; 15 686,00 ? ; 36,89 ? 
03.03.23; 9 363,00 ? ; 12 038,00 ? ; 15 665,00 ? ; 36,93 ? 
04.03.23; 9 367,00 ? ; 12 042,00 ? ; 15 643,00 ? ; 36,93 ? 
05.03.23; 9 366,00 ? ; 12 047,00 ? ; 15 619,00 ? ; 36,93 ? 
06.03.23; 9 360,00 ? ; 12 051,00 ? ; 15 595,00 ? ; 36,92 ? 
07.03.23; 9 350,00 ? ; 12 056,00 ? ; 15 568,00 ? ; 36,93 ? 
08.03.23; 9 336,00 ? ; 12 060,00 ? ; 15 541,00 ? ; 36,93 ? 
09.03.23; 9 317,00 ? ; 12 065,00 ? ; 15 514,00 ? ; 36,91 ? 
10.03.23; 9 293,00 ? ; 12 065,00 ? ; 15 487,00 ? ; 36,93 ? 
11.03.23; 9 266,00 ? ; 12 060,00 ? ; 15 458,00 ? ; 36,93 ? 
12.03.23; 9 233,00 ? ; 12 056,00 ? ; 15 427,00 ? ; 36,93 ? 
13.03.23; 9 202,00 ? ; 12 051,00 ? ; 15 396,00 ? ; 36,88 ? 
14.03.23; 9 173,00 ? ; 12 047,00 ? ; 15 361,00 ? ; 36,87 ? 
15.03.23; 9 147,00 ? ; 12 042,00 ? ; 15 322,00 ? ; 36,75 ? 
16.03.23; 9 122,00 ? ; 12 036,00 ? ; 15 282,00 ? ; 36,94 ? 
17.03.23; 9 099,00 ? ; 12 027,00 ? ; 15 242,00 ? ; 36,93 ? 
18.03.23; 9 077,00 ? ; 12 013,00 ? ; 15 204,00 ? ; 36,93 ? 
19.03.23; 9 057,00 ? ; 11 998,00 ? ; 15 169,00 ? ; 36,93 ? 
20.03.23; 9 037,00 ? ; 11 978,00 ? ; 15 135,00 ? ; 36,93 ? 
21.03.23; 9 016,00 ? ; 11 953,00 ? ; 15 103,00 ? ; 36,93 ? 
22.03.23; 8 996,00 ? ; 11 924,00 ? ; 15 073,00 ? ; 36,93 ? 
23.03.23; 8 976,00 ? ; 11 893,00 ? ; 15 044,00 ? ; 36,93 ? 
24.03.23; 8 956,00 ? ; 11 859,00 ? ; 15 017,00 ? ; 36,92 ? 
25.03.23; 8 936,00 ? ; 11 822,00 ? ; 14 990,00 ? ; 36,92 ? 
26.03.23; 8 917,00 ? ; 11 783,00 ? ; 14 966,00 ? ; 36,92 ? 
27.03.23; 8 899,00 ? ; 11 740,00 ? ; 14 943,00 ? ; 36,93 ? 
28.03.23; 8 879,00 ? ; 11 692,00 ? ; 14 922,00 ? ; 36,88 ? 
29.03.23; 8 857,00 ? ; 11 640,00 ? ; 14 907,00 ? ; 36,93 ? 
30.03.23; 8 833,00 ? ; 11 583,00 ? ; 14 898,00 ? ; 36,93 ? 
31.03.23; 8 807,00 ? ; 11 527,00 ? ; 14 891,00 ? ; 36,92 ? 
01.04.23; 8 780,00 ? ; 11 470,00 ? ; 14 886,00 ? ; 36,92 ? 
02.04.23; 8 752,00 ? ; 11 418,00 ? ; 14 882,00 ? ; 36,92 ? 
03.04.23; 8 725,00 ? ; 11 366,00 ? ; 14 878,00 ? ; 36,75 ? 
04.04.23; 8 699,00 ? ; 11 318,00 ? ; 14 874,00 ? ; 36,75 ? 
05.04.23; 8 675,00 ? ; 11 274,00 ? ; 14 870,00 ? ; 36,88 ? 
06.04.23; 8 653,00 ? ; 11 237,00 ? ; 14 868,00 ? ; 36,89 ? 
07.04.23; 8 634,00 ? ; 11 201,00 ? ; 14 867,00 ? ; 36,89 ? 
08.04.23; 8 617,00 ? ; 11 168,00 ? ; 14 869,00 ? ; 36,89 ? 
09.04.23; 8 602,00 ? ; 11 139,00 ? ; 14 872,00 ? ; 36,89 ? 
10.04.23; 8 587,00 ? ; 11 114,00 ? ; 14 878,00 ? ; 36,93 ? 
11.04.23; 8 572,00 ? ; 11 094,00 ? ; 14 889,00 ? ; 36,89 ? 
12.04.23; 8 559,00 ? ; 11 082,00 ? ; 14 900,00 ? ; 36,89 ? 
13.04.23; 8 549,00 ? ; 11 076,00 ? ; 14 910,00 ? ; 36,93 ? 
14.04.23; 8 543,00 ? ; 11 075,00 ? ; 14 918,00 ? ; 36,93 ? 
15.04.23; 8 542,00 ? ; 11 080,00 ? ; 14 927,00 ? ; 36,93 ? 
16.04.23; 8 544,00 ? ; 11 089,00 ? ; 14 935,00 ? ; 36,93 ? 
17.04.23; 8 550,00 ? ; 11 101,00 ? ; 14 944,00 ? ; 36,75 ? 
18.04.23; 8 559,00 ? ; 11 115,00 ? ; 14 952,00 ? ; 36,93 ? 
19.04.23; 8 571,00 ? ; 11 128,00 ? ; 14 961,00 ? ; 36,93 ? 
20.04.23; 8 585,00 ? ; 11 142,00 ? ; 14 969,00 ? ; 36,92 ? 
21.04.23; 8 601,00 ? ; 11 154,00 ? ; 14 977,00 ? ; 36,93 ? 
22.04.23; 8 620,00 ? ; 11 165,00 ? ; 14 983,00 ? ; 36,93 ? 
23.04.23; 8 640,00 ? ; 11 180,00 ? ; 14 989,00 ? ; 36,93 ? 
24.04.23; 8 663,00 ? ; 11 199,00 ? ; 14 993,00 ? ; 36,93 ? 
25.04.23; 8 689,00 ? ; 11 222,00 ? ; 14 996,00 ? ; 36,93 ? 
26.04.23; 8 718,00 ? ; 11 249,00 ? ; 14 997,00 ? ; 36,93 ? 
27.04.23; 8 748,00 ? ; 11 272,00 ? ; 14 997,00 ? ; 36,93 ? 
28.04.23; 8 780,00 ? ; 11 292,00 ? ; 14 997,00 ? ; 36,91 ? 
29.04.23; 8 810,00 ? ; 11 315,00 ? ; 14 997,00 ? ; 36,91 ? 
30.04.23; 8 838,00 ? ; 11 332,00 ? ; 14 998,00 ? ; 36,91 ? 
01.05.23; 8 864,00 ? ; 11 347,00 ? ; 14 998,00 ? ; 36,93 ? 
02.05.23; 8 887,00 ? ; 11 360,00 ? ; 14 998,00 ? ; 36,93 ? 
03.05.23; 8 908,00 ? ; 11 376,00 ? ; 14 998,00 ? ; 36,93 ? 
04.05.23; 8 927,00 ? ; 11 396,00 ? ; 14 997,00 ? ; 36,92 ? 
05.05.23; 8 944,00 ? ; 11 420,00 ? ; 14 997,00 ? ; 36,92 ? 
06.05.23; 8 958,00 ? ; 11 450,00 ? ; 14 997,00 ? ; 36,92 ? 
07.05.23; 8 970,00 ? ; 11 482,00 ? ; 14 997,00 ? ; 36,92 ? 
08.05.23; 8 980,00 ? ; 11 515,00 ? ; 14 997,00 ? ; 36,93 ? 
09.05.23; 8 988,00 ? ; 11 543,00 ? ; 14 998,00 ? ; 36,93 ? 
10.05.23; 8 994,00 ? ; 11 568,00 ? ; 14 998,00 ? ; 36,74 ? 
11.05.23; 8 998,00 ? ; 11 590,00 ? ; 14 998,00 ? ; 36,89 ? 
12.05.23; 9 000,00 ? ; 11 615,00 ? ; 14 998,00 ? ; 36,93 ? 
13.05.23; 9 000,00 ? ; 11 642,00 ? ; 14 998,00 ? ; 36,93 ? 
14.05.23; 9 000,00 ? ; 11 668,00 ? ; 14 999,00 ? ; 36,93 ? 
15.05.23; 9 000,00 ? ; 11 699,00 ? ; 14 999,00 ? ; 36,94 ? 
16.05.23; 9 000,00 ? ; 11 732,00 ? ; 14 999,00 ? ; 36,93 ? 
17.05.23; 9 000,00 ? ; 11 768,00 ? ; 14 999,00 ? ; 36,92 ? 
18.05.23; 9 000,00 ? ; 11 801,00 ? ; 14 999,00 ? ; 36,94 ? 
19.05.23; 9 000,00 ? ; 11 830,00 ? ; 15 000,00 ? ; 36,94 ? 
20.05.23; 9 000,00 ? ; 11 856,00 ? ; 15 000,00 ? ; 36,94 ? 
21.05.23; 8 999,00 ? ; 11 876,00 ? ; 15 000,00 ? ; 36,94 ? 
22.05.23; 8 998,00 ? ; 11 895,00 ? ; 15 000,00 ? ; 36,95 ? 
23.05.23; 8 995,00 ? ; 11 911,00 ? ; 15 000,00 ? ; 36,92 ? 
24.05.23; 8 993,00 ? ; 11 927,00 ? ; 15 000,00 ? ; 36,88 ? 
25.05.23; 8 988,00 ? ; 11 942,00 ? ; 15 001,00 ? ; 36,92 ? 
26.05.23; 8 979,00 ? ; 11 957,00 ? ; 15 003,00 ? ; 36,93 ? 
27.05.23; 8 969,00 ? ; 11 970,00 ? ; 15 009,00 ? ; 36,93 ? 
28.05.23; 8 955,00 ? ; 11 980,00 ? ; 15 017,00 ? ; 36,93 ? 
29.05.23; 8 940,00 ? ; 11 988,00 ? ; 15 026,00 ? ; 36,74 ? 
30.05.23; 8 923,00 ? ; 11 993,00 ? ; 15 037,00 ? ; 36,93 ? 
31.05.23; 8 904,00 ? ; 11 996,00 ? ; 15 048,00 ? ; 36,91 ? 
01.06.23; 8 885,00 ? ; 11 993,00 ? ; 15 059,00 ? ; 36,92 ? 
02.06.23; 8 867,00 ? ; 11 984,00 ? ; 15 070,00 ? ; 36,94 ? 
03.06.23; 8 848,00 ? ; 11 973,00 ? ; 15 082,00 ? ; 36,94 ? 
04.06.23; 8 829,00 ? ; 11 962,00 ? ; 15 094,00 ? ; 36,94 ? 
05.06.23; 8 813,00 ? ; 11 951,00 ? ; 15 107,00 ? ; 36,87 ? 
06.06.23; 8 796,00 ? ; 11 940,00 ? ; 15 122,00 ? ; 36,96 ? 
07.06.23; 8 782,00 ? ; 11 929,00 ? ; 15 141,00 ? ; 36,91 ? 
08.06.23; 8 769,00 ? ; 11 918,00 ? ; 15 163,00 ? ; 36,93 ? 
09.06.23; 8 759,00 ? ; 11 906,00 ? ; 15 183,00 ? ; 36,91 ? 
10.06.23; 8 758,00 ? ; 11 895,00 ? ; 15 201,00 ? ; 36,91 ? 
11.06.23; 8 761,00 ? ; 11 884,00 ? ; 15 213,00 ? ; 36,91 ? 
12.06.23; 8 768,00 ? ; 11 873,00 ? ; 15 222,00 ? ; 36,94 ? 
13.06.23; 8 780,00 ? ; 11 862,00 ? ; 15 233,00 ? ; 36,95 ? 
14.06.23; 8 797,00 ? ; 11 853,00 ? ; 15 244,00 ? ; 36,94 ? 
15.06.23; 8 815,00 ? ; 11 844,00 ? ; 15 258,00 ? ; 36,95 ? 
16.06.23; 8 834,00 ? ; 11 842,00 ? ; 15 272,00 ? ; 36,90 ? 
17.06.23; 8 852,00 ? ; 11 849,00 ? ; 15 289,00 ? ; 36,90 ? 
18.06.23; 8 871,00 ? ; 11 860,00 ? ; 15 303,00 ? ; 36,90 ? 
19.06.23; 8 890,00 ? ; 11 871,00 ? ; 15 318,00 ? ; 36,93 ? 
20.06.23; 8 908,00 ? ; 11 882,00 ? ; 15 332,00 ? ; 36,93 ? 
21.06.23; 8 925,00 ? ; 11 893,00 ? ; 15 341,00 ? ; 36,93 ? 
22.06.23; 8 941,00 ? ; 11 904,00 ? ; 15 346,00 ? ; 36,94 ? 
23.06.23; 8 958,00 ? ; 11 915,00 ? ; 15 348,00 ? ; 36,93 ? 
24.06.23; 8 972,00 ? ; 11 927,00 ? ; 15 356,00 ? ; 36,93 ? 
25.06.23; 8 982,00 ? ; 11 938,00 ? ; 15 369,00 ? ; 36,93 ? 
26.06.23; 8 989,00 ? ; 11 949,00 ? ; 15 383,00 ? ; 36,93 ? 
27.06.23; 8 995,00 ? ; 11 960,00 ? ; 15 402,00 ? ; 36,94 ? 
28.06.23; 8 998,00 ? ; 11 971,00 ? ; 15 418,00 ? ; 36,95 ? 
29.06.23; 8 999,00 ? ; 11 983,00 ? ; 15 427,00 ? ; 36,92 ? 
30.06.23; 8 999,00 ? ; 11 997,00 ? ; 15 436,00 ? ; 36,93 ? 
01.07.23; 8 999,00 ? ; 12 007,00 ? ; 15 444,00 ? ; 36,93 ? 
02.07.23; 8 999,00 ? ; 12 017,00 ? ; 15 453,00 ? ; 36,93 ? 
03.07.23; 8 999,00 ? ; 12 029,00 ? ; 15 470,00 ? ; 36,90 ? 
04.07.23; 8 999,00 ? ; 12 046,00 ? ; 15 497,00 ? ; 36,95 ? 
05.07.23; 8 999,00 ? ; 12 067,00 ? ; 15 538,00 ? ; 36,92 ? 
06.07.23; 8 999,00 ? ; 12 092,00 ? ; 15 595,00 ? ; 36,94 ? 
07.07.23; 8 999,00 ? ; 12 122,00 ? ; 15 666,00 ? ; 36,94 ? 
08.07.23; 8 999,00 ? ; 12 157,00 ? ; 15 744,00 ? ; 36,94 ? 
09.07.23; 8 999,00 ? ; 12 196,00 ? ; 15 827,00 ? ; 36,94 ? 
10.07.23; 8 999,00 ? ; 12 239,00 ? ; 15 915,00 ? ; 36,94 ? 
11.07.23; 8 999,00 ? ; 12 287,00 ? ; 16 017,00 ? ; 37 
12.07.23; 8 999,00 ? ; 12 339,00 ? ; 16 126,00 ? ; 36,94 ? 
13.07.23; 8 999,00 ? ; 12 396,00 ? ; 16 247,00 ? ; 36,92 ? 
14.07.23; 8 999,00 ? ; 12 452,00 ? ; 16 387,00 ? ; 36,72 ? 
15.07.23; 9 000,00 ? ; 12 511,00 ? ; 16 536,00 ? ; 36,72 ? 
16.07.23; 9 000,00 ? ; 12 574,00 ? ; 16 696,00 ? ; 36,72 ? 
17.07.23; 9 000,00 ? ; 12 638,00 ? ; 16 866,00 ? ; 36,74 ? 
18.07.23; 9 001,00 ? ; 12 698,00 ? ; 17 037,00 ? ; 36,95 ? 
19.07.23; 9 002,00 ? ; 12 756,00 ? ; 17 205,00 ? ; 36,76 ? 
20.07.23; 9 004,00 ? ; 12 813,00 ? ; 17 358,00 ? ; 36,94 ? 
21.07.23; 9 006,00 ? ; 12 871,00 ? ; 17 497,00 ? ; 36,76 ? 
22.07.23; 9 010,00 ? ; 12 929,00 ? ; 17 623,00 ? ; 36,76 ? 
23.07.23; 9 019,00 ? ; 12 987,00 ? ; 17 740,00 ? ; 36,76 ? 
24.07.23; 9 031,00 ? ; 13 044,00 ? ; 17 848,00 ? ; 36,91 ? 
25.07.23; 9 047,00 ? ; 13 102,00 ? ; 17 947,00 ? ; 36,94 ? 
26.07.23; 9 068,00 ? ; 13 157,00 ? ; 18 030,00 ? ; 36,95 ? 
27.07.23; 9 094,00 ? ; 13 210,00 ? ; 18 094,00 ? ; 36,94 ? 
28.07.23; 9 123,00 ? ; 13 259,00 ? ; 18 141,00 ? ; 36,88 ? 
29.07.23; 9 158,00 ? ; 13 305,00 ? ; 18 168,00 ? ; 36,88 ? 
30.07.23; 9 196,00 ? ; 13 351,00 ? ; 18 183,00 ? ; 36,88 ? 
31.07.23; 9 244,00 ? ; 13 397,00 ? ; 18 185,00 ? ; 36,95 ? 
01.08.23; 9 296,00 ? ; 13 438,00 ? ; 18 176,00 ? ; 36,95 ? 
02.08.23; 9 351,00 ? ; 13 481,00 ? ; 18 166,00 ? ; 36,99 ? 
03.08.23; 9 412,00 ? ; 13 528,00 ? ; 18 156,00 ? ; 36,92 ? 
04.08.23; 9 483,00 ? ; 13 570,00 ? ; 18 152,00 ? ; 36,94 ? 
05.08.23; 9 561,00 ? ; 13 612,00 ? ; 18 157,00 ? ; 36,94 ? 
06.08.23; 9 643,00 ? ; 13 654,00 ? ; 18 171,00 ? ; 36,94 ? 
07.08.23; 9 728,00 ? ; 13 697,00 ? ; 18 195,00 ? ; 36,91 ? 
08.08.23; 9 819,00 ? ; 13 743,00 ? ; 18 227,00 ? ; 36,74 ? 
09.08.23; 9 915,00 ? ; 13 794,00 ? ; 18 269,00 ? ; 36,93 ? 
10.08.23; 10 015,00 ? ; 13 852,00 ? ; 18 329,00 ? ; 36,75 ? 
11.08.23; 10 120,00 ? ; 13 912,00 ? ; 18 416,00 ? ; 36,93 ? 
12.08.23; 10 229,00 ? ; 13 981,00 ? ; 18 535,00 ? ; 36,93 ? 
13.08.23; 10 342,00 ? ; 14 059,00 ? ; 18 679,00 ? ; 36,93 ? 
14.08.23; 10 463,00 ? ; 14 141,00 ? ; 18 846,00 ? ; 36,95 ? 
15.08.23; 10 582,00 ? ; 14 223,00 ? ; 19 030,00 ? ; 36,93 ? 
16.08.23; 10 709,00 ? ; 14 310,00 ? ; 19 232,00 ? ; 36,94 ? 
17.08.23; 10 839,00 ? ; 14 398,00 ? ; 19 441,00 ? ; 36,93 ? 
18.08.23; 10 971,00 ? ; 14 488,00 ? ; 19 662,00 ? ; 36,93 ? 
19.08.23; 11 102,00 ? ; 14 589,00 ? ; 19 897,00 ? ; 36,93 ? 
20.08.23; 11 228,00 ? ; 14 686,00 ? ; 20 147,00 ? ; 36,93 ? 
21.08.23; 11 352,00 ? ; 14 778,00 ? ; 20 411,00 ? ; 36,91 ? 
22.08.23; 11 475,00 ? ; 14 865,00 ? ; 20 688,00 ? ; 36,94 ? 
23.08.23; 11 593,00 ? ; 14 940,00 ? ; 20 978,00 ? ; 36,93 ? 
24.08.23; 11 706,00 ? ; 15 001,00 ? ; 21 280,00 ? ; 36,93 ? 
25.08.23; 11 820,00 ? ; 15 062,00 ? ; 21 587,00 ? ; 36,92 ? 
26.08.23; 11 934,00 ? ; 15 120,00 ? ; 21 887,00 ? ; 36,92 ? 
27.08.23; 12 049,00 ? ; 15 177,00 ? ; 22 167,00 ? ; 36,92 ? 
28.08.23; 12 163,00 ? ; 15 232,00 ? ; 22 439,00 ? ; 36,94 ? 
29.08.23; 12 273,00 ? ; 15 280,00 ? ; 22 695,00 ? ; 36,93 ? 
30.08.23; 12 380,00 ? ; 15 332,00 ? ; 22 943,00 ? ; 36,96 ? 
31.08.23; 12 481,00 ? ; 15 383,00 ? ; 23 176,00 ? ; 36,94 ? 
01.09.23; 12 584,00 ? ; 15 435,00 ? ; 23 402,00 ? ; 36,93 ? 
02.09.23; 12 681,00 ? ; 15 477,00 ? ; 23 615,00 ? ; 36,93 ? 
03.09.23; 12 776,00 ? ; 15 509,00 ? ; 23 806,00 ? ; 36,93 ? 
04.09.23; 12 873,00 ? ; 15 551,00 ? ; 23 975,00 ? ; 36,96 ? 
05.09.23; 12 975,00 ? ; 15 604,00 ? ; 24 121,00 ? ; 36,99 ? 
06.09.23; 13 076,00 ? ; 15 668,00 ? ; 24 246,00 ? ; 36,92 ? 
07.09.23; 13 178,00 ? ; 15 747,00 ? ; 24 345,00 ? ; 36,92 ? 
08.09.23; 13 279,00 ? ; 15 842,00 ? ; 24 421,00 ? ; 36,92 ? 
09.09.23; 13 370,00 ? ; 15 934,00 ? ; 24 478,00 ? ; 36,92 ? 
10.09.23; 13 451,00 ? ; 16 029,00 ? ; 24 524,00 ? ; 36,92 ? 
11.09.23; 13 526,00 ? ; 16 119,00 ? ; 24 565,00 ? ; 36,87 ? 
12.09.23; 13 592,00 ? ; 16 203,00 ? ; 24 590,00 ? ; 36,76 ? 
13.09.23; 13 654,00 ? ; 16 297,00 ? ; 24 612,00 ? ; 36,94 ? 
14.09.23; 13 710,00 ? ; 16 387,00 ? ; 24 619,00 ? ; 36,93 ? 
15.09.23; 13 760,00 ? ; 16 481,00 ? ; 24 620,00 ? ; 36,93 ? 
16.09.23; 13 801,00 ? ; 16 579,00 ? ; 24 608,00 ? ; 36,93 ? 
17.09.23; 13 841,00 ? ; 16 687,00 ? ; 24 584,00 ? ; 36,93 ? 
18.09.23; 13 880,00 ? ; 16 798,00 ? ; 24 551,00 ? ; 36,93 ? 
19.09.23; 13 914,00 ? ; 16 904,00 ? ; 24 509,00 ? ; 36,94 ? 
20.09.23; 13 940,00 ? ; 17 002,00 ? ; 24 458,00 ? ; 36,95 ? 
21.09.23; 13 960,00 ? ; 17 090,00 ? ; 24 399,00 ? ; 36,95 ? 
22.09.23; 13 975,00 ? ; 17 169,00 ? ; 24 335,00 ? ; 36,93 ? 
23.09.23; 13 986,00 ? ; 17 239,00 ? ; 24 263,00 ? ; 36,93 ? 
24.09.23; 13 998,00 ? ; 17 307,00 ? ; 24 182,00 ? ; 36,93 ? 
25.09.23; 14 010,00 ? ; 17 371,00 ? ; 24 087,00 ? ; 36,92 ? 
26.09.23; 14 017,00 ? ; 17 438,00 ? ; 23 984,00 ? ; 36,93 ? 
27.09.23; 14 025,00 ? ; 17 508,00 ? ; 23 875,00 ? ; 36,96 ? 
28.09.23; 14 027,00 ? ; 17 571,00 ? ; 23 760,00 ? ; 36,94 ? 
29.09.23; 14 027,00 ? ; 17 633,00 ? ; 23 646,00 ? ; 36,97 ? 
30.09.23; 14 025,00 ? ; 17 686,00 ? ; 23 533,00 ? ; 36,97 ? 
01.10.23; 14 023,00 ? ; 17 732,00 ? ; 23 424,00 ? ; 36,97 ? 
02.10.23; 14 018,00 ? ; 17 769,00 ? ; 23 319,00 ? ; 36,75 ? 
03.10.23; 14 010,00 ? ; 17 802,00 ? ; 23 221,00 ? ; 36,66 ? 
04.10.23; 14 003,00 ? ; 17 831,00 ? ; 23 128,00 ? ; 36,61 ? 
05.10.23; 13 995,00 ? ; 17 855,00 ? ; 23 039,00 ? ; 36,63 ? 
06.10.23; 13 988,00 ? ; 17 875,00 ? ; 22 954,00 ? ; 36,66 ? 
07.10.23; 13 980,00 ? ; 17 892,00 ? ; 22 869,00 ? ; 36,66 ? 
08.10.23; 13 972,00 ? ; 17 906,00 ? ; 22 797,00 ? ; 36,66 ? 
09.10.23; 13 966,00 ? ; 17 914,00 ? ; 22 726,00 ? ; 36,53 ? 
10.10.23; 13 961,00 ? ; 17 917,00 ? ; 22 660,00 ? ; 36,50 ? 
11.10.23; 13 959,00 ? ; 17 913,00 ? ; 22 594,00 ? ; 36,49 ? 
12.10.23; 13 957,00 ? ; 17 902,00 ? ; 22 527,00 ? ; 36,45 ? 
13.10.23; 13 958,00 ? ; 17 885,00 ? ; 22 456,00 ? ; 36,37 ? 
14.10.23; 13 965,00 ? ; 17 864,00 ? ; 22 386,00 ? ; 36,37 ? 
15.10.23; 13 976,00 ? ; 17 841,00 ? ; 22 309,00 ? ; 36,37 ? 
16.10.23; 13 987,00 ? ; 17 815,00 ? ; 22 224,00 ? ; 36,38 ? 
17.10.23; 13 998,00 ? ; 17 786,00 ? ; 22 136,00 ? ; 36,47 ? 
18.10.23; 14 008,00 ? ; 17 755,00 ? ; 22 042,00 ? ; 36,62 ? 
19.10.23; 14 015,00 ? ; 17 721,00 ? ; 21 947,00 ? ; 36,59 ? 
20.10.23; 14 021,00 ? ; 17 692,00 ? ; 21 853,00 ? ; 36,52 ? 
21.10.23; 14 028,00 ? ; 17 667,00 ? ; 21 763,00 ? ; 36,52 ? 
22.10.23; 14 036,00 ? ; 17 646,00 ? ; 21 682,00 ? ; 36,52 ? 
23.10.23; 14 045,00 ? ; 17 629,00 ? ; 21 594,00 ? ; 36,55 ? 
24.10.23; 14 054,00 ? ; 17 616,00 ? ; 21 515,00 ? ; 36,57 ? 
25.10.23; 14 064,00 ? ; 17 608,00 ? ; 21 452,00 ? ; 36,53 ? 
26.10.23; 14 073,00 ? ; 17 604,00 ? ; 21 411,00 ? ; 36,49 ? 
27.10.23; 14 085,00 ? ; 17 603,00 ? ; 21 392,00 ? ; 36,44 ? 
28.10.23; 14 097,00 ? ; 17 603,00 ? ; 21 387,00 ? ; 36,44 ? 
29.10.23; 14 107,00 ? ; 17 605,00 ? ; 21 389,00 ? ; 36,33 ? 
30.10.23; 14 115,00 ? ; 17 610,00 ? ; 21 404,00 ? ; 36,37 ? 
31.10.23; 14 123,00 ? ; 17 617,00 ? ; 21 426,00 ? ; 36,24 ? 
01.11.23; 14 131,00 ? ; 17 623,00 ? ; 21 457,00 ? ; 36,32 ? 
02.11.23; 14 135,00 ? ; 17 630,00 ? ; 21 504,00 ? ; 36,19 ? 
03.11.23; 14 137,00 ? ; 17 639,00 ? ; 21 561,00 ? ; 36,14 ? 
04.11.23; 14 139,00 ? ; 17 644,00 ? ; 21 631,00 ? ; 36,14 ? 
05.11.23; 14 142,00 ? ; 17 645,00 ? ; 21 702,00 ? ; 36,14 ? 
06.11.23; 14 137,00 ? ; 17 641,00 ? ; 21 771,00 ? ; 36,05 ? 
07.11.23; 14 128,00 ? ; 17 633,00 ? ; 21 845,00 ? ; 36 
08.11.23; 14 111,00 ? ; 17 621,00 ? ; 21 913,00 ? ; 36,06 ? 
09.11.23; 14 085,00 ? ; 17 602,00 ? ; 21 969,00 ? ; 36,05 ? 
10.11.23; 14 050,00 ? ; 17 579,00 ? ; 22 002,00 ? ; 36,10 ? 
11.11.23; 14 006,00 ? ; 17 554,00 ? ; 22 014,00 ? ; 36,10 ? 
12.11.23; 13 952,00 ? ; 17 526,00 ? ; 22 008,00 ? ; 36,10 ? 
13.11.23; 13 893,00 ? ; 17 490,00 ? ; 21 998,00 ? ; 36,25 ? 
14.11.23; 13 828,00 ? ; 17 448,00 ? ; 21 978,00 ? ; 36,31 ? 
15.11.23; 13 760,00 ? ; 17 400,00 ? ; 21 960,00 ? ; 36,23 ? 
16.11.23; 13 687,00 ? ; 17 350,00 ? ; 21 939,00 ? ; 36,24 ? 
17.11.23; 13 616,00 ? ; 17 295,00 ? ; 21 904,00 ? ; 36,13 ? 
18.11.23; 13 550,00 ? ; 17 231,00 ? ; 21 859,00 ? ; 36,13 ? 
19.11.23; 13 479,00 ? ; 17 158,00 ? ; 21 802,00 ? ; 36,13 ? 
20.11.23; 13 403,00 ? ; 17 076,00 ? ; 21 743,00 ? ; 36,01 ? 
21.11.23; 13 330,00 ? ; 16 988,00 ? ; 21 682,00 ? ; 36,09 ? 
22.11.23; 13 262,00 ? ; 16 893,00 ? ; 21 621,00 ? ; 36,04 ? 
23.11.23; 13 200,00 ? ; 16 791,00 ? ; 21 564,00 ? ; 36,03 ? 
24.11.23; 13 146,00 ? ; 16 688,00 ? ; 21 508,00 ? ; 36,07 ? 
25.11.23; 13 098,00 ? ; 16 581,00 ? ; 21 464,00 ? ; 36,07 ? 
26.11.23; 13 060,00 ? ; 16 474,00 ? ; 21 434,00 ? ; 36,07 ? 
27.11.23; 13 032,00 ? ; 16 368,00 ? ; 21 414,00 ? ; 36,26 ? 
28.11.23; 13 011,00 ? ; 16 267,00 ? ; 21 393,00 ? ; 36,35 ? 
29.11.23; 12 995,00 ? ; 16 168,00 ? ; 21 379,00 ? ; 36,38 ? 
30.11.23; 12 984,00 ? ; 16 071,00 ? ; 21 361,00 ? ; 36,35 ? 
01.12.23; 12 976,00 ? ; 15 974,00 ? ; 21 343,00 ? ; 36,48 ? 
02.12.23; 12 970,00 ? ; 15 881,00 ? ; 21 326,00 ? ; 36,48 ? 
03.12.23; 12 964,00 ? ; 15 798,00 ? ; 21 307,00 ? ; 36,48 ? 
04.12.23; 12 962,00 ? ; 15 726,00 ? ; 21 282,00 ? ; 36,59 ? 
05.12.23; 12 965,00 ? ; 15 670,00 ? ; 21 251,00 ? ; 36,69 ? 
06.12.23; 12 970,00 ? ; 15 625,00 ? ; 21 218,00 ? ; 36,71 ? 
07.12.23; 12 975,00 ? ; 15 591,00 ? ; 21 181,00 ? ; 36,71 ? 
08.12.23; 12 979,00 ? ; 15 570,00 ? ; 21 140,00 ? ; 36,74 ? 
09.12.23; 12 984,00 ? ; 15 562,00 ? ; 21 108,00 ? ; 36,74 ? 
10.12.23; 12 989,00 ? ; 15 560,00 ? ; 21 071,00 ? ; 36,74 ? 
11.12.23; 12 993,00 ? ; 15 565,00 ? ; 21 029,00 ? ; 36,92 ? 
12.12.23; 12 994,00 ? ; 15 575,00 ? ; 20 998,00 ? ; 36,99 ? 
13.12.23; 12 994,00 ? ; 15 594,00 ? ; 20 977,00 ? ; 37,03 ? 
14.12.23; 12 998,00 ? ; 15 625,00 ? ; 20 971,00 ? ; 37 
15.12.23; 13 005,00 ? ; 15 670,00 ? ; 20 975,00 ? ; 37,08 ? 
16.12.23; 13 014,00 ? ; 15 728,00 ? ; 20 992,00 ? ; 37,08 ? 
17.12.23; 13 027,00 ? ; 15 797,00 ? ; 21 023,00 ? ; 37,08 ? 
18.12.23; 13 044,00 ? ; 15 872,00 ? ; 21 071,00 ? ; 37,21 ? 
19.12.23; 13 063,00 ? ; 15 952,00 ? ; 21 139,00 ? ; 37,32 ? 
20.12.23; 13 085,00 ? ; 16 030,00 ? ; 21 224,00 ? ; 37,62 ? 
21.12.23; 13 108,00 ? ; 16 106,00 ? ; 21 320,00 ? ; 37,60 ? 
22.12.23; 13 134,00 ? ; 16 180,00 ? ; 21 434,00 ? ; 37,53 ? 
23.12.23; 13 164,00 ? ; 16 247,00 ? ; 21 557,00 ? ; 37,53 ? 
24.12.23; 13 196,00 ? ; 16 305,00 ? ; 21 679,00 ? ; 37,53 ? 
25.12.23; 13 232,00 ? ; 16 358,00 ? ; 21 802,00 ? ; 37,55 ? 
26.12.23; 13 272,00 ? ; 16 405,00 ? ; 21 926,00 ? ; 37,55 ? 
27.12.23; 13 316,00 ? ; 16 448,00 ? ; 22 039,00 ? ; 37,79 ? 
28.12.23; 13 361,00 ? ; 16 478,00 ? ; 22 136,00 ? ; 38,26 ? 
29.12.23; 13 396,00 ? ; 16 494,00 ? ; 22 204,00 ? ; 38,03 ? 
30.12.23; 13 430,00 ? ; 16 497,00 ? ; 22 262,00 ? ; 38,03 ? 
31.12.23; 13 461,00 ? ; 16 485,00 ? ; 22 307,00 ? ; 38,03 ? 
01.01.24; 13 488,00 ? ; 16 458,00 ? ; 22 338,00 ? ; 38,13 ? 
02.01.24; 13 510,00 ? ; 16 419,00 ? ; 22 348,00 ? ; 38,15 ? 
03.01.24; 13 530,00 ? ; 16 373,00 ? ; 22 336,00 ? ; 38,08 ? 
04.01.24; 13 550,00 ? ; 16 323,00 ? ; 22 304,00 ? ; 38,03 ? 
05.01.24; 13 570,00 ? ; 16 272,00 ? ; 22 248,00 ? ; 38,09 ? 
06.01.24; 13 590,00 ? ; 16 222,00 ? ; 22 153,00 ? ; 38,09 ? 
07.01.24; 13 608,00 ? ; 16 173,00 ? ; 22 032,00 ? ; 38,09 ? 
08.01.24; 13 623,00 ? ; 16 128,00 ? ; 21 898,00 ? ; 38,02 ? 
09.01.24; 13 637,00 ? ; 16 086,00 ? ; 21 750,00 ? ;  
10.01.24; 13 648,00 ? ; 16 046,00 ? ; 21 593,00 ? ;  
11.01.24; 13 652,00 ? ; 16 007,00 ? ; 21 431,00 ? ;  
12.01.24; 13 657,00 ? ; 15 973,00 ? ; 21 272,00 ? ;  
13.01.24; 13 670,00 ? ; 15 944,00 ? ; 21 126,00 ? ;  
14.01.24; 13 685,00 ? ; 15 916,00 ? ; 20 972,00 ? ;  
15.01.24; 13 703,00 ? ; 15 890,00 ? ; 20 810,00 ? ;  
16.01.24; 13 724,00 ? ; 15 871,00 ? ; 20 651,00 ? ;  
17.01.24; 13 746,00 ? ; 15 854,00 ? ; 20 501,00 ? ;  
18.01.24; 13 769,00 ? ; 15 839,00 ? ; 20 362,00 ? ;  
19.01.24; 13 790,00 ? ; 15 826,00 ? ; 20 233,00 ? ;  
20.01.24; 13 810,00 ? ; 15 812,00 ? ; 20 128,00 ? ;  
21.01.24; 13 830,00 ? ; 15 797,00 ? ; 20 055,00 ? ;  
22.01.24; 13 849,00 ? ; 15 779,00 ? ; 20 004,00 ? ;  
23.01.24; 13 867,00 ? ; 15 759,00 ? ; 19 966,00 ? ;  
24.01.24; 13 885,00 ? ; 15 739,00 ? ; 19 938,00 ? ;  
25.01.24; 13 903,00 ? ; 15 719,00 ? ; 19 920,00 ? ;  
26.01.24; 13 925,00 ? ; 15 703,00 ? ; 19 908,00 ? ;  
27.01.24; 13 949,00 ? ; 15 690,00 ? ; 19 900,00 ? ;  
28.01.24; 13 968,00 ? ; 15 681,00 ? ; 19 895,00 ? ;  
29.01.24; 13 987,00 ? ; 15 681,00 ? ; 19 899,00 ? ;  
30.01.24; 14 003,00 ? ; 15 687,00 ? ; 19 913,00 ? ;  
31.01.24; 14 018,00 ? ; 15 694,00 ? ; 19 930,00 ? ;  
01.02.24; 14 032,00 ? ; 15 707,00 ? ; 19 948,00 ? ;  
02.02.24; 14 049,00 ? ; 15 721,00 ? ; 19 966,00 ? ;  
03.02.24; 14 070,00 ? ; 15 736,00 ? ; 19 983,00 ? ;  
04.02.24; 14 093,00 ? ; 15 750,00 ? ; 19 991,00 ? ;  
05.02.24; 14 117,00 ? ; 15 769,00 ? ; 19 992,00 ? ;  
06.02.24; 14 144,00 ? ; 15 795,00 ? ; 19 988,00 ? ;  
07.02.24; 14 174,00 ? ; 15 825,00 ? ; 19 984,00 ? ;  
08.02.24; 14 202,00 ? ; 15 857,00 ? ; 19 980,00 ? ;  
09.02.24; 14 232,00 ? ; 15 891,00 ? ; 19 976,00 ? ; 37,65 ? 
10.02.24; 14 261,00 ? ; 15 926,00 ? ; 19 972,00 ? ; 37,65 ? 
11.02.24; 14 290,00 ? ; 15 960,00 ? ; 19 968,00 ? ; 37,65 ? 
12.02.24; 14 323,00 ? ; 15 992,00 ? ; 19 968,00 ? ; 37,96 ? 
13.02.24; 14 357,00 ? ; 16 022,00 ? ; 19 973,00 ? ; 38,14 ? 
14.02.24; 14 393,00 ? ; 16 051,00 ? ; 19 982,00 ? ; 38,17 ? 
15.02.24; 14 430,00 ? ; 16 080,00 ? ; 19 998,00 ? ; 37,89 ? 
16.02.24; 14 467,00 ? ; 16 109,00 ? ; 20 014,00 ? ; 38,08 ? 
17.02.24; 14 494,00 ? ; 16 139,00 ? ; 20 030,00 ? ; 38,08 ? 
18.02.24; 14 513,00 ? ; 16 173,00 ? ; 20 047,00 ? ; 38,08 ? 
19.02.24; 14 524,00 ? ; 16 212,00 ? ; 20 071,00 ? ; 38,29 ? 
20.02.24; 14 529,00 ? ; 16 253,00 ? ; 20 095,00 ? ; 38,48 ? 
21.02.24; 14 524,00 ? ; 16 292,00 ? ; 20 119,00 ? ; 38,63 ? 
22.02.24; 14 516,00 ? ; 16 333,00 ? ; 20 143,00 ? ; 38,48 ? 
23.02.24; 14 505,00 ? ; 16 374,00 ? ; 20 167,00 ? ; 38,28 ? 
24.02.24; 14 489,00 ? ; 16 411,00 ? ; 20 191,00 ? ; 38,28 ? 
25.02.24; 14 471,00 ? ; 16 447,00 ? ; 20 215,00 ? ; 38,28 ? 
26.02.24; 14 449,00 ? ; 16 478,00 ? ; 20 239,00 ? ; 38,40 ? 
27.02.24; 14 418,00 ? ; 16 506,00 ? ; 20 254,00 ? ; 38,27 ? 
28.02.24; 14 380,00 ? ; 16 527,00 ? ; 20 260,00 ? ; 38,08 ? 
29.02.24; 14 336,00 ? ; 16 539,00 ? ; 20 250,00 ? ; 38,04 ? 
01.03.24; 14 291,00 ? ; 16 545,00 ? ; 20 227,00 ? ; 38,15 ? 
02.03.24; 14 247,00 ? ; 16 544,00 ? ; 20 204,00 ? ; 38,15 ? 
03.03.24; 14 204,00 ? ; 16 539,00 ? ; 20 181,00 ? ; 38,15 ? 
04.03.24; 14 165,00 ? ; 16 524,00 ? ; 20 157,00 ? ; 38,31 ? 
05.03.24; 14 131,00 ? ; 16 501,00 ? ; 20 130,00 ? ; 38,41 ? 
06.03.24; 14 101,00 ? ; 16 467,00 ? ; 20 103,00 ? ; 38,23 ? 
07.03.24; 14 075,00 ? ; 16 423,00 ? ; 20 076,00 ? ; 37,92 ? 
08.03.24; 14 051,00 ? ; 16 369,00 ? ; 20 049,00 ? ; 38,23 ? 
09.03.24; 14 027,00 ? ; 16 310,00 ? ; 20 025,00 ? ; 38,23 ? 
10.03.24; 14 004,00 ? ; 16 249,00 ? ; 20 004,00 ? ; 38,23 ? 
11.03.24; 13 977,00 ? ; 16 185,00 ? ; 19 987,00 ? ; 38,40 ? 
12.03.24; 13 948,00 ? ; 16 124,00 ? ; 19 979,00 ? ; 38,49 ? 
13.03.24; 13 921,00 ? ; 16 064,00 ? ; 19 984,00 ? ; 38,76 ? 
14.03.24; 13 897,00 ? ; 16 012,00 ? ; 20 004,00 ? ; 38,70 ? 
15.03.24; 13 873,00 ? ; 15 970,00 ? ; 20 046,00 ? ; 38,80 ? 
16.03.24; 13 848,00 ? ; 15 936,00 ? ; 20 102,00 ? ; 38,80 ? 
17.03.24; 13 820,00 ? ; 15 908,00 ? ; 20 159,00 ? ; 38,80 ? 
18.03.24; 13 794,00 ? ; 15 882,00 ? ; 20 225,00 ? ; 39,10 ? 
19.03.24; 13 769,00 ? ; 15 860,00 ? ; 20 302,00 ? ; 39,16 ? 
20.03.24; 13 741,00 ? ; 15 843,00 ? ; 20 392,00 ? ; 39,15 ? 
21.03.24; 13 711,00 ? ; 15 835,00 ? ; 20 494,00 ? ; 38,89 ? 
22.03.24; 13 679,00 ? ; 15 836,00 ? ; 20 607,00 ? ; 39 
23.03.24; 13 646,00 ? ; 15 845,00 ? ; 20 729,00 ? ; 39 
24.03.24; 13 612,00 ? ; 15 859,00 ? ; 20 850,00 ? ; 39 
25.03.24; 13 581,00 ? ; 15 874,00 ? ; 20 973,00 ? ; 39,28 ? 
26.03.24; 13 557,00 ? ; 15 892,00 ? ; 21 098,00 ? ; 39,23 ? 
27.03.24; 13 537,00 ? ; 15 910,00 ? ; 21 219,00 ? ; 39,28 ? 
28.03.24; 13 517,00 ? ; 15 928,00 ? ; 21 339,00 ? ; 39,23 ? 
29.03.24; 13 497,00 ? ; 15 944,00 ? ; 21 457,00 ? ; 39,22 ? 
30.03.24; 13 477,00 ? ; 15 956,00 ? ; 21 574,00 ? ; 39,22 ? 
31.03.24; 13 459,00 ? ; 15 965,00 ? ; 21 689,00 ? ; 39,22 ? 
01.04.24; 13 440,00 ? ; 15 972,00 ? ; 21 818,00 ? ; 39,21 ? 
02.04.24; 13 419,00 ? ; 15 978,00 ? ; 21 940,00 ? ; 39,33 ? 
03.04.24; 13 399,00 ? ; 15 985,00 ? ; 22 053,00 ? ; 39,13 ? 
04.04.24; 13 381,00 ? ; 15 992,00 ? ; 22 157,00 ? ; 39 
05.04.24; 13 363,00 ? ; 15 997,00 ? ; 22 247,00 ? ; 38,83 ? 
06.04.24; 13 346,00 ? ; 15 999,00 ? ; 22 333,00 ? ; 38,83 ? 
07.04.24; 13 329,00 ? ; 16 000,00 ? ; 22 418,00 ? ; 38,83 ? 
08.04.24; 13 311,00 ? ; 15 995,00 ? ; 22 511,00 ? ; 38,89 ? 
09.04.24; 13 291,00 ? ; 15 988,00 ? ; 22 615,00 ? ; 38,92 ? 
10.04.24; 13 267,00 ? ; 15 980,00 ? ; 22 717,00 ? ; 38,96 ? 
11.04.24; 13 242,00 ? ; 15 971,00 ? ; 22 815,00 ? ; 39,21 ? 
12.04.24; 13 220,00 ? ; 15 960,00 ? ; 22 904,00 ? ; 39,42 ? 
13.04.24; 13 200,00 ? ; 15 948,00 ? ; 22 984,00 ? ; 39,42 ? 
14.04.24; 13 184,00 ? ; 15 937,00 ? ; 23 055,00 ? ; 39,42 ? 
15.04.24; 13 171,00 ? ; 15 926,00 ? ; 23 121,00 ? ; 39,56 ? 
16.04.24; 13 162,00 ? ; 15 915,00 ? ; 23 179,00 ? ; 39,56 ? 
17.04.24; 13 158,00 ? ; 15 904,00 ? ; 23 238,00 ? ; 39,51 ? 
18.04.24; 13 153,00 ? ; 15 893,00 ? ; 23 299,00 ? ; 39,64 ? 
19.04.24; 13 149,00 ? ; 15 882,00 ? ; 23 359,00 ? ; 39,82 ? 
20.04.24; 13 149,00 ? ; 15 870,00 ? ; 23 424,00 ? ; 39,82 ? 
21.04.24; 13 153,00 ? ; 15 859,00 ? ; 23 491,00 ? ; 39,82 ? 
22.04.24; 13 161,00 ? ; 15 849,00 ? ; 23 552,00 ? ; 39,79 ? 
23.04.24; 13 175,00 ? ; 15 848,00 ? ; 23 607,00 ? ; 39,54 ? 
24.04.24; 13 195,00 ? ; 15 850,00 ? ; 23 645,00 ? ; 39,54 ? 
25.04.24; 13 220,00 ? ; 15 854,00 ? ; 23 685,00 ? ; 39,64 ? 
26.04.24; 13 248,00 ? ; 15 862,00 ? ; 23 735,00 ? ; 39,58 ? 
27.04.24; 13 277,00 ? ; 15 874,00 ? ; 23 792,00 ? ; 39,58 ? 
28.04.24; 13 309,00 ? ; 15 886,00 ? ; 23 856,00 ? ; 39,58 ? 
29.04.24; 13 338,00 ? ; 15 899,00 ? ; 23 927,00 ? ; 39,66 ? 
30.04.24; 13 367,00 ? ; 15 913,00 ? ; 24 002,00 ? ; 39,53 ? 
01.05.24; 13 392,00 ? ; 15 926,00 ? ; 24 077,00 ? ; 39,59 ? 
02.05.24; 13 414,00 ? ; 15 939,00 ? ; 24 154,00 ? ; 39,54 ? 
03.05.24; 13 437,00 ? ; 15 953,00 ? ; 24 234,00 ? ; 39,35 ? 
04.05.24; 13 458,00 ? ; 15 966,00 ? ; 24 316,00 ? ; 39,35 ? 
05.05.24; 13 472,00 ? ; 15 979,00 ? ; 24 399,00 ? ; 39,35 ? 
06.05.24; 13 481,00 ? ; 15 993,00 ? ; 24 473,00 ? ; 39,29 ? 
07.05.24; 13 488,00 ? ; 16 005,00 ? ; 24 548,00 ? ; 39,31 ? 
08.05.24; 13 490,00 ? ; 16 014,00 ? ; 24 618,00 ? ; 39,41 ? 
09.05.24; 13 485,00 ? ; 16 024,00 ? ; 24 692,00 ? ; 39,59 ? 
10.05.24; 13 478,00 ? ; 16 038,00 ? ; 24 759,00 ? ; 39,58 ? 
11.05.24; 13 468,00 ? ; 16 051,00 ? ; 24 826,00 ? ; 39,58 ? 
12.05.24; 13 457,00 ? ; 16 063,00 ? ; 24 892,00 ? ; 39,58 ? 
13.05.24; 13 443,00 ? ; 16 073,00 ? ; 24 957,00 ? ; 39,61 ? 
14.05.24; 13 429,00 ? ; 16 080,00 ? ; 25 016,00 ? ; 39,66 ? 
15.05.24; 13 415,00 ? ; 16 091,00 ? ; 25 074,00 ? ; 39,58 ? 
16.05.24; 13 403,00 ? ; 16 107,00 ? ; 25 134,00 ? ; 39,35 ? 
17.05.24; 13 392,00 ? ; 16 124,00 ? ; 25 186,00 ? ; 39,45 ? 
18.05.24; 13 380,00 ? ; 16 145,00 ? ; 25 228,00 ? ; 39,45 ? 
19.05.24; 13 373,00 ? ; 16 166,00 ? ; 25 271,00 ? ; 39,45 ? 
20.05.24; 13 374,00 ? ; 16 186,00 ? ; 25 308,00 ? ; 39,67 ? 
21.05.24; 13 381,00 ? ; 16 207,00 ? ; 25 346,00 ? ; 39,82 ? 
22.05.24; 13 387,00 ? ; 16 228,00 ? ; 25 389,00 ? ; 39,81 ? 
23.05.24; 13 395,00 ? ; 16 248,00 ? ; 25 442,00 ? ; 39,95 ? 
24.05.24; 13 405,00 ? ; 16 264,00 ? ; 25 500,00 ? ; 39,95 ? 
25.05.24; 13 417,00 ? ; 16 276,00 ? ; 25 568,00 ? ;  
26.05.24; 13 431,00 ? ; 16 288,00 ? ; 25 627,00 ? ;  
27.05.24; 13 447,00 ? ; 16 305,00 ? ; 25 680,00 ? ;  
28.05.24; 13 465,00 ? ; 16 331,00 ? ; 25 724,00 ? ;  
29.05.24; 13 485,00 ? ; 16 363,00 ? ; 25 768,00 ? ;  
30.05.24; 13 506,00 ? ; 16 396,00 ? ; 25 795,00 ? ;  
31.05.24; 13 529,00 ? ; 16 430,00 ? ; 25 803,00 ? ;  
01.06.24; 13 554,00 ? ; 16 468,00 ? ; 25 814,00 ? ;  
02.06.24; 13 581,00 ? ; 16 509,00 ? ; 25 823,00 ? ;  
03.06.24; 13 608,00 ? ; 16 559,00 ? ; 25 820,00 ? ;  
04.06.24; 13 633,00 ? ; 16 613,00 ? ; 25 818,00 ? ;  
05.06.24; 13 658,00 ? ; 16 671,00 ? ; 25 815,00 ? ;  
06.06.24; 13 684,00 ? ; 16 734,00 ? ; 25 793,00 ? ;  
07.06.24; 13 711,00 ? ; 16 800,00 ? ; 25 753,00 ? ;  
08.06.24; 13 740,00 ? ; 16 868,00 ? ; 25 695,00 ? ;  
09.06.24; 13 768,00 ? ; 16 932,00 ? ; 25 620,00 ? ;  
10.06.24; 13 793,00 ? ; 16 993,00 ? ; 25 533,00 ? ;  
11.06.24; 13 816,00 ? ; 17 046,00 ? ; 25 433,00 ? ;  
12.06.24; 13 838,00 ? ; 17 087,00 ? ; 25 338,00 ? ;  
13.06.24; 13 860,00 ? ; 17 122,00 ? ; 25 243,00 ? ;  
14.06.24; 13 881,00 ? ; 17 148,00 ? ; 25 163,00 ? ;  
15.06.24; 13 900,00 ? ; 17 163,00 ? ; 25 099,00 ? ;  
16.06.24; 13 916,00 ? ; 17 163,00 ? ; 25 035,00 ? ;  
17.06.24; 13 935,00 ? ; 17 147,00 ? ; 24 979,00 ? ;  
18.06.24; 13 952,00 ? ; 17 116,00 ? ; 24 935,00 ? ;  
19.06.24; 13 966,00 ? ; 17 079,00 ? ; 24 893,00 ? ;  
20.06.24; 13 981,00 ? ; 17 038,00 ? ; 24 851,00 ? ;  
21.06.24; 14 000,00 ? ; 16 992,00 ? ; 24 826,00 ? ;  
22.06.24; 14 023,00 ? ; 16 944,00 ? ; 24 810,00 ? ;  
23.06.24; 14 048,00 ? ; 16 899,00 ? ; 24 802,00 ? ;  
24.06.24; 14 072,00 ? ; 16 856,00 ? ; 24 803,00 ? ;  
25.06.24; 14 096,00 ? ; 16 821,00 ? ; 24 818,00 ? ;  
26.06.24; 14 120,00 ? ; 16 793,00 ? ; 24 853,00 ? ;  
27.06.24; 14 144,00 ? ; 16 777,00 ? ; 24 896,00 ? ;  
28.06.24; 14 165,00 ? ; 16 765,00 ? ; 24 947,00 ? ;  
29.06.24; 14 177,00 ? ; 16 761,00 ? ; 24 996,00 ? ;  
30.06.24; 14 189,00 ? ; 16 774,00 ? ; 25 049,00 ? ;  
01.07.24; 14 200,00 ? ; 16 803,00 ? ; 25 109,00 ? ;  
02.07.24; 14 203,00 ? ; 16 858,00 ? ; 25 176,00 ? ;  
03.07.24; 14 205,00 ? ; 16 935,00 ? ; 25 246,00 ? ;  
04.07.24; 14 208,00 ? ; 17 027,00 ? ; 25 322,00 ? ;  
05.07.24; 14 206,00 ? ; 17 128,00 ? ; 25 406,00 ? ;  
06.07.24; 14 194,00 ? ; 17 239,00 ? ; 25 495,00 ? ;  
07.07.24; 14 172,00 ? ; 17 356,00 ? ; 25 592,00 ? ;  
08.07.24; 14 143,00 ? ; 17 482,00 ? ; 25 703,00 ? ;  
09.07.24; 14 114,00 ? ; 17 619,00 ? ; 25 828,00 ? ;  
10.07.24; 14 086,00 ? ; 17 764,00 ? ; 25 963,00 ? ;  
11.07.24; 14 057,00 ? ; 17 910,00 ? ; 26 091,00 ? ;  
12.07.24; 14 028,00 ? ; 18 059,00 ? ; 26 219,00 ? ;  
13.07.24; 14 004,00 ? ; 18 213,00 ? ; 26 331,00 ? ;  
14.07.24; 13 990,00 ? ; 18 371,00 ? ; 26 441,00 ? ;  
15.07.24; 13 979,00 ? ; 18 527,00 ? ; 26 534,00 ? ;  
16.07.24; 13 969,00 ? ; 18 684,00 ? ; 26 613,00 ? ;  
17.07.24; 13 962,00 ? ; 18 829,00 ? ; 26 670,00 ? ;  
18.07.24; 13 957,00 ? ; 18 963,00 ? ; 26 707,00 ? ;  
19.07.24; 13 956,00 ? ; 19 091,00 ? ; 26 729,00 ? ; 41,48 ? 
20.07.24; 13 960,00 ? ; 19 221,00 ? ; 26 750,00 ? ; 41,48 ? 
21.07.24; 13 974,00 ? ; 19 350,00 ? ; 26 766,00 ? ; 41,48 ? 
22.07.24; 13 997,00 ? ; 19 485,00 ? ; 26 777,00 ? ; 41,36 ? 
23.07.24; 14 027,00 ? ; 19 623,00 ? ; 26 783,00 ? ; 41,24 ? 
24.07.24; 14 062,00 ? ; 19 754,00 ? ; 26 776,00 ? ; 41,25 ? 
25.07.24; 14 090,00 ? ; 19 884,00 ? ; 26 760,00 ? ; 41,22 ? 
26.07.24; 14 112,00 ? ; 20 016,00 ? ; 26 742,00 ? ; 41,04 ? 
27.07.24; 14 127,00 ? ; 20 140,00 ? ; 26 704,00 ? ; 41,04 ? 
28.07.24; 14 135,00 ? ; 20 255,00 ? ; 26 684,00 ? ; 41,04 ? 
29.07.24; 14 136,00 ? ; 20 355,00 ? ; 26 669,00 ? ; 41,04 ? 
30.07.24; 14 136,00 ? ; 20 442,00 ? ; 26 677,00 ? ; 41,03 ? 
31.07.24; 14 139,00 ? ; 20 517,00 ? ; 26 704,00 ? ; 41 
01.08.24; 14 147,00 ? ; 20 588,00 ? ; 26 757,00 ? ; 41,13 ? 
02.08.24; 14 157,00 ? ; 20 649,00 ? ; 26 833,00 ? ; 41,24 ? 
03.08.24; 14 164,00 ? ; 20 704,00 ? ; 26 932,00 ? ; 41,24 ? 
04.08.24; 14 168,00 ? ; 20 740,00 ? ; 27 017,00 ? ; 41,24 ? 
05.08.24; 14 167,00 ? ; 20 769,00 ? ; 27 095,00 ? ; 41,16 ? 
06.08.24; 14 161,00 ? ; 20 775,00 ? ; 27 156,00 ? ; 41,02 ? 
07.08.24; 14 151,00 ? ; 20 760,00 ? ; 27 186,00 ? ; 40,97 ? 
08.08.24; 14 137,00 ? ; 20 742,00 ? ; 27 206,00 ? ; 41,06 ? 
09.08.24; 14 140,00 ? ; 20 717,00 ? ; 27 217,00 ? ; 41,15 ? 
10.08.24; 14 161,00 ? ; 20 690,00 ? ; 27 226,00 ? ; 41,15 ? 
11.08.24; 14 200,00 ? ; 20 682,00 ? ; 27 253,00 ? ; 41,15 ? 
12.08.24; 14 252,00 ? ; 20 693,00 ? ; 27 261,00 ? ; 41,31 ? 
13.08.24; 14 313,00 ? ; 20 739,00 ? ; 27 271,00 ? ; 41,34 ? 
14.08.24; 14 381,00 ? ; 20 819,00 ? ; 27 270,00 ? ; 41,25 ? 
15.08.24; 14 444,00 ? ; 20 922,00 ? ; 27 251,00 ? ; 41,12 ? 
16.08.24; 14 505,00 ? ; 21 044,00 ? ; 27 211,00 ? ; 41,23 ? 
17.08.24; 14 565,00 ? ; 21 189,00 ? ; 27 147,00 ? ; 41,23 ? 
18.08.24; 14 624,00 ? ; 21 351,00 ? ; 27 058,00 ? ; 41,23 ? 
19.08.24; 14 683,00 ? ; 21 540,00 ? ; 26 970,00 ? ; 41,38 ? 
20.08.24; 14 742,00 ? ; 21 742,00 ? ; 26 890,00 ? ; 41,27 ? 
21.08.24; 14 801,00 ? ; 21 975,00 ? ; 26 835,00 ? ; 41,38 ? 
22.08.24; 14 862,00 ? ; 22 235,00 ? ; 26 811,00 ? ; 41,35 ? 
23.08.24; 14 928,00 ? ; 22 505,00 ? ; 26 808,00 ? ; 41,28 ? 
24.08.24; 14 987,00 ? ; 22 780,00 ? ; 26 816,00 ? ; 41,28 ? 
25.08.24; 15 039,00 ? ; 23 050,00 ? ; 26 838,00 ? ; 41,28 ? 
26.08.24; 15 085,00 ? ; 23 307,00 ? ; 26 868,00 ? ; 41,33 ? 
27.08.24; 15 123,00 ? ; 23 546,00 ? ; 26 915,00 ? ; 41,35 ? 
28.08.24; 15 158,00 ? ; 23 754,00 ? ; 26 952,00 ? ; 41,22 ? 
29.08.24; 15 190,00 ? ; 23 935,00 ? ; 26 998,00 ? ; 41,33 ? 
30.08.24; 15 227,00 ? ; 24 094,00 ? ; 27 066,00 ? ; 41,06 ? 
31.08.24; 15 261,00 ? ; 24 239,00 ? ; 27 165,00 ? ; 41,06 ? 
01.09.24; 15 293,00 ? ; 24 367,00 ? ; 27 317,00 ? ; 41,06 ? 
02.09.24; 15 328,00 ? ; 24 480,00 ? ; 27 527,00 ? ; 41,17 ? 
03.09.24; 15 364,00 ? ; 24 570,00 ? ; 27 785,00 ? ; 41,34 ? 
04.09.24; 15 403,00 ? ; 24 643,00 ? ; 28 075,00 ? ; 41,24 ? 
05.09.24; 15 444,00 ? ; 24 694,00 ? ; 28 388,00 ? ; 41,02 ? 
06.09.24; 15 484,00 ? ; 24 724,00 ? ; 28 740,00 ? ; 40,99 ? 
07.09.24; 15 518,00 ? ; 24 736,00 ? ; 29 123,00 ? ; 40,90 ? 
08.09.24; 15 544,00 ? ; 24 735,00 ? ; 29 532,00 ? ; 40,90 ? 
09.09.24; 15 566,00 ? ; 24 719,00 ? ; 29 955,00 ? ; 41,14 ? 
10.09.24; 15 584,00 ? ; 24 693,00 ? ; 30 403,00 ? ; 41,20 ? 
11.09.24; 15 606,00 ? ; 24 661,00 ? ; 30 887,00 ? ; 41,27 ? 
12.09.24; 15 633,00 ? ; 24 626,00 ? ; 31 403,00 ? ; 41,33 ? 
13.09.24; 15 659,00 ? ; 24 588,00 ? ; 31 932,00 ? ; 41,37 ? 
14.09.24; 15 680,00 ? ; 24 549,00 ? ; 32 453,00 ? ; 41,33 ? 
15.09.24; 15 704,00 ? ; 24 502,00 ? ; 32 947,00 ? ; 41,33 ? 
16.09.24; 15 730,00 ? ; 24 449,00 ? ; 33 385,00 ? ; 41,51 ? 
17.09.24; 15 756,00 ? ; 24 396,00 ? ; 33 757,00 ? ; 41,48 ? 
18.09.24; 15 782,00 ? ; 24 346,00 ? ; 34 053,00 ? ; 41,47 ? 
19.09.24; 15 808,00 ? ; 24 294,00 ? ; 34 286,00 ? ; 41,50 ? 
20.09.24; 15 837,00 ? ; 24 242,00 ? ; 34 454,00 ? ; 41,35 ? 
21.09.24; 15 867,00 ? ; 24 190,00 ? ; 34 540,00 ? ; 41,35 ? 
22.09.24; 15 904,00 ? ; 24 145,00 ? ; 34 546,00 ? ; 41,35 ? 
23.09.24; 15 945,00 ? ; 24 107,00 ? ; 34 494,00 ? ; 41,38 ? 
24.09.24; 15 989,00 ? ; 24 095,00 ? ; 34 391,00 ? ; 41,33 ? 
25.09.24; 16 034,00 ? ; 24 091,00 ? ; 34 215,00 ? ; 41,24 ? 
26.09.24; 16 073,00 ? ; 24 099,00 ? ; 33 955,00 ? ; 41,17 ? 
27.09.24; 16 104,00 ? ; 24 113,00 ? ; 33 632,00 ? ; 41,16 ? 
28.09.24; 16 136,00 ? ; 24 131,00 ? ; 33 260,00 ? ; 41,16 ? 
29.09.24; 16 173,00 ? ; 24 148,00 ? ; 32 860,00 ? ; 41,16 ? 
30.09.24; 16 211,00 ? ; 24 177,00 ? ; 32 449,00 ? ; 41,21 ? 
01.10.24; 16 252,00 ? ; 24 209,00 ? ; 32 038,00 ? ; 41,28 ? 
02.10.24; 16 295,00 ? ; 24 236,00 ? ; 31 645,00 ? ; 41,25 ? 
03.10.24; 16 340,00 ? ; 24 263,00 ? ; 31 283,00 ? ; 41,20 ? 
04.10.24; 16 387,00 ? ; 24 292,00 ? ; 30 948,00 ? ; 41,16 ? 
05.10.24; 16 436,00 ? ; 24 323,00 ? ; 30 652,00 ? ; 41,16 ? 
06.10.24; 16 490,00 ? ; 24 357,00 ? ; 30 394,00 ? ; 41,16 ? 
07.10.24;;;; 41,18 ? 
08.10.24; 16 546,00 ? ; 24 381,00 ? ; 30 178,00 ? ; 41,19 ? 
09.10.24; 16 608,00 ? ; 24 400,00 ? ; 30 000,00 ? ; 41,19 ? 
10.10.24; 16 682,00 ? ; 24 402,00 ? ; 29 861,00 ? ; 41,24 ? 
11.10.24; 16 760,00 ? ; 24 397,00 ? ; 29 785,00 ? ; 41,20 ? 
12.10.24; 16 846,00 ? ; 24 381,00 ? ; 29 792,00 ? ; 41,20 ? 
13.10.24; 16 944,00 ? ; 24 360,00 ? ; 29 878,00 ? ; 41,20 ? 
14.10.24; 17 052,00 ? ; 24 337,00 ? ; 30 034,00 ? ; 41,21 ? 
15.10.24; 17 168,00 ? ; 24 310,00 ? ; 30 257,00 ? ; 41,21 ? 
16.10.24; 17 293,00 ? ; 24 273,00 ? ; 30 542,00 ? ; 41,23 ? 
17.10.24; 17 427,00 ? ; 24 235,00 ? ; 30 890,00 ? ; 41,22 ? 
18.10.24; 17 565,00 ? ; 24 203,00 ? ; 31 290,00 ? ; 41,24 ? 
19.10.24; 17 707,00 ? ; 24 170,00 ? ; 31 732,00 ? ; 41,21 ? 
20.10.24; 17 855,00 ? ; 24 137,00 ? ; 32 213,00 ? ; 41,21 ? 
21.10.24; 18 000,00 ? ; 24 104,00 ? ; 32 716,00 ? ; 41,31 ? 
22.10.24; 18 141,00 ? ; 24 072,00 ? ; 33 257,00 ? ; 41,33 ? 
23.10.24; 18 281,00 ? ; 24 047,00 ? ; 33 835,00 ? ; 41,24 ? 
24.10.24; 18 414,00 ? ; 24 024,00 ? ; 34 433,00 ? ; 41,26 ? 
25.10.24; 18 534,00 ? ; 24 006,00 ? ; 35 046,00 ? ; 41,44 ? 
26.10.24; 18 649,00 ? ; 23 985,00 ? ; 35 652,00 ? ; 41,10 ? 
27.10.24; 18 756,00 ? ; 23 966,00 ? ; 36 219,00 ? ; 41,10 ? 
28.10.24; 18 851,00 ? ; 23 953,00 ? ; 36 740,00 ? ; 41,36 ? 
29.10.24; 18 931,00 ? ; 23 948,00 ? ; 37 221,00 ? ; 41,37 ? 
30.10.24; 18 990,00 ? ; 23 953,00 ? ; 37 653,00 ? ; 41,30 ? 
31.10.24; 19 031,00 ? ; 23 965,00 ? ; 38 036,00 ? ; 41,19 ? 
01.11.24; 19 053,00 ? ; 23 981,00 ? ; 38 370,00 ? ; 41,34 ? 
02.11.24; 19 063,00 ? ; 23 996,00 ? ; 38 651,00 ? ; 41,32 ? 
03.11.24; 19 062,00 ? ; 24 014,00 ? ; 38 883,00 ? ; 41,32 ? 
04.11.24; 19 047,00 ? ; 24 036,00 ? ; 39 072,00 ? ; 41,47 ? 
05.11.24; 19 024,00 ? ; 24 056,00 ? ; 39 216,00 ? ; 41,48 ? 
06.11.24; 18 991,00 ? ; 24 073,00 ? ; 39 315,00 ? ; 41,46 ? 
07.11.24; 18 947,00 ? ; 24 084,00 ? ; 39 362,00 ? ; 41,33 ? 
08.11.24; 18 894,00 ? ; 24 092,00 ? ; 39 366,00 ? ; 41,30 ? 
09.11.24; 18 837,00 ? ; 24 095,00 ? ; 39 329,00 ? ; 41,17 ? 
10.11.24; 18 771,00 ? ; 24 097,00 ? ; 39 261,00 ? ; 41,17 ? 
11.11.24; 18 703,00 ? ; 24 092,00 ? ; 39 176,00 ? ; 41,34 ? 
12.11.24; 18 631,00 ? ; 24 069,00 ? ; 39 078,00 ? ; 41,44 ? 
13.11.24; 18 556,00 ? ; 24 022,00 ? ; 38 965,00 ? ; 41,34 ? 
14.11.24; 18 487,00 ? ; 23 956,00 ? ; 38 842,00 ? ; 41,22 ? 
15.11.24; 18 420,00 ? ; 23 871,00 ? ; 38 707,00 ? ; 41,33 ? 
16.11.24; 18 355,00 ? ; 23 770,00 ? ; 38 561,00 ? ; 41,30 ? 
17.11.24; 18 290,00 ? ; 23 658,00 ? ; 38 414,00 ? ; 41,30 ? 
18.11.24; 18 227,00 ? ; 23 534,00 ? ; 38 273,00 ? ; 41,23 ? 
19.11.24; 18 168,00 ? ; 23 390,00 ? ; 38 138,00 ? ; 41,29 ? 
20.11.24; 18 115,00 ? ; 23 238,00 ? ; 38 015,00 ? ; 41,24 ? 
21.11.24; 18 071,00 ? ; 23 078,00 ? ; 37 900,00 ? ; 41,28 ? 
22.11.24; 18 038,00 ? ; 22 917,00 ? ; 37 797,00 ? ; 41,40 ? 
23.11.24; 18 014,00 ? ; 22 754,00 ? ; 37 709,00 ? ; 41,20 ? 
24.11.24; 17 999,00 ? ; 22 589,00 ? ; 37 635,00 ? ; 41,20 ? 
25.11.24; 17 994,00 ? ; 22 432,00 ? ; 37 575,00 ? ; 41,51 ? 
26.11.24; 17 990,00 ? ; 22 286,00 ? ; 37 530,00 ? ; 41,43 ? 
27.11.24; 17 991,00 ? ; 22 159,00 ? ; 37 497,00 ? ; 41,66 ? 
28.11.24; 18 001,00 ? ; 22 053,00 ? ; 37 479,00 ? ; 41,58 ? 
29.11.24; 18 012,00 ? ; 21 962,00 ? ; 37 475,00 ? ; 41,62 ? 
30.11.24; 18 028,00 ? ; 21 883,00 ? ; 37 483,00 ? ; 41,56 ? 
01.12.24; 18 046,00 ? ; 21 816,00 ? ; 37 501,00 ? ; 41,56 ? 
02.12.24; 18 068,00 ? ; 21 759,00 ? ; 37 521,00 ? ; 41,69 ? 
03.12.24; 18 091,00 ? ; 21 711,00 ? ; 37 540,00 ? ; 41,78 ? 
04.12.24; 18 112,00 ? ; 21 680,00 ? ; 37 558,00 ? ; 41,67 ? 
05.12.24; 18 125,00 ? ; 21 662,00 ? ; 37 575,00 ? ; 41,61 ? 
06.12.24; 18 129,00 ? ; 21 659,00 ? ; 37 590,00 ? ; 41,42 ? 
07.12.24; 18 124,00 ? ; 21 661,00 ? ; 37 603,00 ? ; 41,40 ? 
08.12.24; 18 109,00 ? ; 21 669,00 ? ; 37 613,00 ? ; 41,40 ? 
09.12.24; 18 083,00 ? ; 21 688,00 ? ; 37 620,00 ? ; 41,59 ? 
10.12.24; 18 046,00 ? ; 21 704,00 ? ; 37 625,00 ? ; 41,71 ? 
11.12.24; 18 005,00 ? ; 21 717,00 ? ; 37 627,00 ? ; 41,71 ? 
12.12.24; 17 959,00 ? ; 21 725,00 ? ; 37 627,00 ? ; 41,68 ? 
13.12.24; 17 904,00 ? ; 21 736,00 ? ; 37 623,00 ? ; 41,65 ? 
14.12.24; 17 843,00 ? ; 21 749,00 ? ; 37 617,00 ? ; 41,58 ? 
15.12.24; 17 776,00 ? ; 21 764,00 ? ; 37 610,00 ? ; 41,58 ? 
16.12.24; 17 708,00 ? ; 21 781,00 ? ; 37 605,00 ? ; 41,75 ? 
17.12.24; 17 632,00 ? ; 21 799,00 ? ; 37 602,00 ? ; 41,87 ? 
18.12.24; 17 555,00 ? ; 21 822,00 ? ; 37 599,00 ? ; 41,97 ? 
19.12.24; 17 480,00 ? ; 21 850,00 ? ; 37 587,00 ? ; 41,99 ? 
20.12.24; 17 414,00 ? ; 21 876,00 ? ; 37 567,00 ? ; 41,93 ? 
21.12.24; 17 356,00 ? ; 21 904,00 ? ; 37 538,00 ? ; 41,91 ? 
22.12.24; 17 307,00 ? ; 21 942,00 ? ; 37 498,00 ? ; 41,91 ? 
23.12.24; 17 270,00 ? ; 21 991,00 ? ; 37 446,00 ? ; 42,08 ? 
24.12.24; 17 238,00 ? ; 22 051,00 ? ; 37 384,00 ? ; 41,90 ? 
25.12.24; 17 217,00 ? ; 22 116,00 ? ; 37 313,00 ? ; 41,86 ? 
26.12.24; 17 200,00 ? ; 22 187,00 ? ; 37 235,00 ? ; 41,86 ? 
27.12.24; 17 188,00 ? ; 22 264,00 ? ; 37 148,00 ? ; 41,97 ? 
28.12.24; 17 182,00 ? ; 22 340,00 ? ; 37 053,00 ? ; 41,93 ? 
29.12.24; 17 179,00 ? ; 22 419,00 ? ; 36 946,00 ? ; 41,93 ? 
30.12.24; 17 181,00 ? ; 22 505,00 ? ; 36 828,00 ? ; 42,06 ? 
31.12.24; 17 185,00 ? ; 22 598,00 ? ; 36 702,00 ? ; 42,02 ? 
01.01.25; 17 196,00 ? ; 22 696,00 ? ; 36 566,00 ? ; 42,06 ? 
02.01.25; 17 205,00 ? ; 22 797,00 ? ; 36 422,00 ? ; 42,12 ? 
03.01.25; 17 213,00 ? ; 22 894,00 ? ; 36 289,00 ? ; 42,15 ? 
04.01.25; 17 217,00 ? ; 22 988,00 ? ; 36 171,00 ? ; 42,15 ? 
05.01.25; 17 214,00 ? ; 23 069,00 ? ; 36 069,00 ? ; 42,15 ? 
06.01.25; 17 207,00 ? ; 23 125,00 ? ; 35 990,00 ? ; 42,29 ? 
07.01.25; 17 199,00 ? ; 23 159,00 ? ; 35 921,00 ? ; 42,31 ? 
08.01.25; 17 194,00 ? ; 23 165,00 ? ; 35 858,00 ? ; 42,34 ? 
09.01.25; 17 193,00 ? ; 23 160,00 ? ; 35 799,00 ? ; 42,39 ? 
10.01.25; 17 196,00 ? ; 23 141,00 ? ; 35 744,00 ? ; 42,29 ? 
11.01.25; 17 206,00 ? ; 23 108,00 ? ; 35 693,00 ? ; 42,23 ? 
12.01.25; 17 221,00 ? ; 23 059,00 ? ; 35 650,00 ? ; 42,23 ? 
13.01.25; 17 241,00 ? ; 22 990,00 ? ; 35 617,00 ? ; 42,40 ? 
14.01.25; 17 263,00 ? ; 22 904,00 ? ; 35 592,00 ? ; 42,32 ? 
15.01.25; 17 284,00 ? ; 22 796,00 ? ; 35 571,00 ? ; 42,27 ? 
16.01.25; 17 307,00 ? ; 22 667,00 ? ; 35 560,00 ? ; 42,19 ? 
17.01.25; 17 332,00 ? ; 22 517,00 ? ; 35 557,00 ? ; 42,12 ? 
18.01.25; 17 359,00 ? ; 22 352,00 ? ; 35 542,00 ? ; 42,09 ? 
19.01.25; 17 385,00 ? ; 22 170,00 ? ; 35 503,00 ? ; 42,09 ? 
20.01.25; 17 412,00 ? ; 21 988,00 ? ; 35 446,00 ? ; 42,23 ? 
21.01.25; 17 430,00 ? ; 21 816,00 ? ; 35 366,00 ? ; 42,14 ? 
22.01.25; 17 436,00 ? ; 21 646,00 ? ; 35 285,00 ? ; 42,01 ? 
23.01.25; 17 432,00 ? ; 21 480,00 ? ; 35 206,00 ? ; 42,02 ? 
24.01.25; 17 421,00 ? ; 21 316,00 ? ; 35 130,00 ? ; 41,93 ? 
25.01.25; 17 401,00 ? ; 21 151,00 ? ; 35 052,00 ? ; 41,85 ? 
26.01.25; 17 366,00 ? ; 20 992,00 ? ; 34 974,00 ? ; 41,85 ? 
27.01.25; 17 321,00 ? ; 20 848,00 ? ; 34 893,00 ? ; 41,99 ? 
28.01.25; 17 274,00 ? ; 20 723,00 ? ; 34 812,00 ? ; 42,09 ? 
29.01.25; 17 226,00 ? ; 20 607,00 ? ; 34 731,00 ? ; 41,94 ? 
30.01.25; 17 181,00 ? ; 20 510,00 ? ; 34 654,00 ? ; 41,76 ? 
31.01.25; 17 134,00 ? ; 20 431,00 ? ; 34 575,00 ? ; 41,69 ? 
01.02.25; 17 087,00 ? ; 20 370,00 ? ; 34 496,00 ? ; 41,64 ? 
02.02.25; 17 037,00 ? ; 20 330,00 ? ; 34 430,00 ? ; 41,64 ? 
03.02.25; 16 996,00 ? ; 20 317,00 ? ; 34 378,00 ? ; 41,80 ? 
04.02.25; 16 954,00 ? ; 20 315,00 ? ; 34 335,00 ? ; 41,73 ? 
05.02.25; 16 924,00 ? ; 20 322,00 ? ; 34 303,00 ? ; 41,64 ? 
06.02.25; 16 909,00 ? ; 20 342,00 ? ; 34 274,00 ? ; 41,47 ? 
07.02.25; 16 899,00 ? ; 20 376,00 ? ; 34 244,00 ? ; 41,47 ? 
08.02.25; 16 890,00 ? ; 20 420,00 ? ; 34 212,00 ? ; 41,50 ? 
09.02.25; 16 886,00 ? ; 20 476,00 ? ; 34 171,00 ? ; 41,50 ? 
10.02.25; 16 893,00 ? ; 20 534,00 ? ; 34 118,00 ? ; 41,65 ? 
11.02.25; 16 904,00 ? ; 20 589,00 ? ; 34 054,00 ? ; 41,70 ? 
12.02.25; 16 915,00 ? ; 20 638,00 ? ; 33 976,00 ? ; 41,84 ? 
13.02.25; 16 924,00 ? ; 20 686,00 ? ; 33 883,00 ? ; 41,79 ? 
14.02.25; 16 928,00 ? ; 20 725,00 ? ; 33 771,00 ? ; 41,50 ? 
15.02.25; 16 934,00 ? ; 20 760,00 ? ; 33 644,00 ? ; 41,59 ? 
16.02.25; 16 942,00 ? ; 20 786,00 ? ; 33 499,00 ? ; 41,59 ? 
17.02.25; 16 956,00 ? ; 20 799,00 ? ; 33 334,00 ? ; 41,52 ? 
18.02.25; 16 968,00 ? ; 20 798,00 ? ; 33 156,00 ? ; 41,63 ? 
19.02.25; 16 989,00 ? ; 20 779,00 ? ; 32 959,00 ? ; 41,70 ? 
20.02.25; 17 011,00 ? ; 20 752,00 ? ; 32 740,00 ? ; 41,63 ? 
21.02.25; 17 034,00 ? ; 20 711,00 ? ; 32 503,00 ? ; 41,64 ? 
22.02.25; 17 062,00 ? ; 20 652,00 ? ; 32 254,00 ? ; 41,60 ? 
23.02.25; 17 099,00 ? ; 20 577,00 ? ; 31 998,00 ? ; 41,60 ? 
24.02.25; 17 142,00 ? ; 20 487,00 ? ; 31 751,00 ? ; 41,75 ? 
25.02.25; 17 183,00 ? ; 20 383,00 ? ; 31 519,00 ? ; 41,66 ? 
26.02.25; 17 224,00 ? ; 20 275,00 ? ; 31 300,00 ? ; 41,64 ? 
27.02.25; 17 266,00 ? ; 20 157,00 ? ; 31 101,00 ? ; 41,49 ? 
28.02.25; 17 307,00 ? ; 20 029,00 ? ; 30 929,00 ? ; 41,43 ? 
01.03.25; 17 352,00 ? ; 19 896,00 ? ; 30 777,00 ? ; 41,40 ? 
02.03.25; 17 400,00 ? ; 19 757,00 ? ; 30 642,00 ? ; 41,40 ? 
03.03.25; 17 447,00 ? ; 19 613,00 ? ; 30 526,00 ? ; 41,52 ? 
04.03.25; 17 492,00 ? ; 19 467,00 ? ; 30 429,00 ? ; 41,46 ? 
05.03.25; 17 532,00 ? ; 19 321,00 ? ; 30 346,00 ? ; 41,30 ? 
06.03.25; 17 565,00 ? ; 19 188,00 ? ; 30 285,00 ? ; 41,24 ? 
07.03.25; 17 591,00 ? ; 19 047,00 ? ; 30 245,00 ? ; 41,24 ? 
08.03.25; 17 611,00 ? ; 18 905,00 ? ; 30 223,00 ? ; 41,10 ? 
09.03.25; 17 627,00 ? ; 18 777,00 ? ; 30 217,00 ? ; 41,10 ? 
10.03.25; 17 629,00 ? ; 18 666,00 ? ; 30 222,00 ? ; 41,34 ? 
11.03.25; 17 625,00 ? ; 18 569,00 ? ; 30 232,00 ? ; 41,45 ? 
12.03.25; 17 625,00 ? ; 18 489,00 ? ; 30 243,00 ? ; 41,58 ? 
13.03.25; 17 628,00 ? ; 18 418,00 ? ; 30 256,00 ? ; 41,52 ? 
14.03.25; 17 635,00 ? ; 18 362,00 ? ; 30 255,00 ? ; 41,45 ? 
15.03.25; 17 649,00 ? ; 18 318,00 ? ; 30 237,00 ? ; 41,37 ? 
16.03.25; 17 662,00 ? ; 18 284,00 ? ; 30 218,00 ? ; 41,38 ? 
17.03.25; 17 675,00 ? ; 18 262,00 ? ; 30 199,00 ? ; 41,47 ? 
18.03.25; 17 684,00 ? ; 18 251,00 ? ; 30 180,00 ? ; 41,59 ? 
19.03.25; 17 690,00 ? ; 18 249,00 ? ; 30 162,00 ? ; 41,55 ? 
20.03.25; 17 696,00 ? ; 18 246,00 ? ; 30 143,00 ? ; 41,50 ? 
21.03.25; 17 704,00 ? ; 18 244,00 ? ; 30 124,00 ? ; 41,53 ? 
22.03.25; 17 709,00 ? ; 18 260,00 ? ; 30 106,00 ? ; 41,54 ? 
23.03.25; 17 711,00 ? ; 18 294,00 ? ; 30 087,00 ? ; 41,43 ? 
24.03.25; 17 709,00 ? ; 18 339,00 ? ; 30 068,00 ? ; 41,70 ? 
25.03.25; 17 707,00 ? ; 18 379,00 ? ; 30 050,00 ? ; 41,67 ? 
26.03.25; 17 701,00 ? ; 18 424,00 ? ; 30 031,00 ? ; 41,58 ? 
27.03.25; 17 687,00 ? ; 18 472,00 ? ; 30 013,00 ? ; 41,46 ? 
28.03.25; 17 666,00 ? ; 18 523,00 ? ; 29 996,00 ? ; 41,48 ? 
29.03.25; 17 636,00 ? ; 18 577,00 ? ; 29 988,00 ? ; 41,44 ? 
30.03.25; 17 598,00 ? ; 18 643,00 ? ; 30 007,00 ? ; 41,44 ? 
31.03.25; 17 553,00 ? ; 18 719,00 ? ; 30 048,00 ? ; 41,38 ? 
01.04.25; 17 498,00 ? ; 18 802,00 ? ; 30 109,00 ? ; 41,41 ? 
02.04.25; 17 444,00 ? ; 18 894,00 ? ; 30 190,00 ? ; 41,34 ? 
03.04.25; 17 389,00 ? ; 19 000,00 ? ; 30 295,00 ? ; 41,28 ? 
04.04.25; 17 336,00 ? ; 19 123,00 ? ; 30 425,00 ? ; 41 
05.04.25; 17 282,00 ? ; 19 260,00 ? ; 30 579,00 ? ; 41,10 ? 
06.04.25; 17 232,00 ? ; 19 406,00 ? ; 30 742,00 ? ; 41,10 ? 
07.04.25; 17 186,00 ? ; 19 547,00 ? ; 30 906,00 ? ; 41,05 ? 
08.04.25; 17 144,00 ? ; 19 677,00 ? ; 31 095,00 ? ; 41,14 ? 
09.04.25; 17 102,00 ? ; 19 813,00 ? ; 31 312,00 ? ; 41,26 ? 
10.04.25; 17 060,00 ? ; 19 946,00 ? ; 31 553,00 ? ; 41,45 ? 
11.04.25; 17 019,00 ? ; 20 073,00 ? ; 31 815,00 ? ; 41,41 ? 
12.04.25; 16 977,00 ? ; 20 197,00 ? ; 32 100,00 ? ; 41,32 ? 
13.04.25; 16 935,00 ? ; 20 313,00 ? ; 32 407,00 ? ; 41,32 ? 
14.04.25; 16 890,00 ? ; 20 417,00 ? ; 32 702,00 ? ; 41,28 ? 
15.04.25; 16 845,00 ? ; 20 509,00 ? ; 32 978,00 ? ; 41,22 ? 
16.04.25; 16 805,00 ? ; 20 592,00 ? ; 33 238,00 ? ; 41,29 ? 
17.04.25; 16 765,00 ? ; 20 664,00 ? ; 33 480,00 ? ; 41,42 ? 
18.04.25; 16 724,00 ? ; 20 723,00 ? ; 33 695,00 ? ; 41,42 ? 
19.04.25; 16 683,00 ? ; 20 767,00 ? ; 33 884,00 ? ; 41,31 ? 
20.04.25; 16 640,00 ? ; 20 794,00 ? ; 34 049,00 ? ; 41,31 ? 
21.04.25; 16 593,00 ? ; 20 809,00 ? ; 34 213,00 ? ; 41,42 ? 
22.04.25; 16 539,00 ? ; 20 820,00 ? ; 34 398,00 ? ; 41,58 ? 
23.04.25; 16 478,00 ? ; 20 837,00 ? ; 34 547,00 ? ; 41,76 ? 
24.04.25; 16 417,00 ? ; 20 850,00 ? ; 34 660,00 ? ; 41,67 ? 
25.04.25; 16 357,00 ? ; 20 860,00 ? ; 34 724,00 ? ; 41,82 ? 
26.04.25; 16 293,00 ? ; 20 868,00 ? ; 34 744,00 ? ; 41,80 ? 
27.04.25; 16 229,00 ? ; 20 874,00 ? ; 34 729,00 ? ; 41,80 ? 
28.04.25; 16 165,00 ? ; 20 881,00 ? ; 34 687,00 ? ; 41,70 ? 
29.04.25; 16 109,00 ? ; 20 888,00 ? ; 34 613,00 ? ; 41,53 ? 
30.04.25; 16 052,00 ? ; 20 897,00 ? ; 34 539,00 ? ; 41,47 ? 
01.05.25; 15 994,00 ? ; 20 909,00 ? ; 34 470,00 ? ; 41,61 ? 
02.05.25; 15 930,00 ? ; 20 926,00 ? ; 34 402,00 ? ; 41,76 ? 
03.05.25; 15 864,00 ? ; 20 950,00 ? ; 34 344,00 ? ; 41,49 ? 
04.05.25; 15 792,00 ? ; 20 979,00 ? ; 34 283,00 ? ; 41,49 ? 
05.05.25; 15 713,00 ? ; 21 015,00 ? ; 34 214,00 ? ; 41,54 ? 
06.05.25; 15 634,00 ? ; 21 053,00 ? ; 34 134,00 ? ; 41,43 ? 
07.05.25; 15 559,00 ? ; 21 091,00 ? ; 34 030,00 ? ; 41,44 ? 
08.05.25; 15 493,00 ? ; 21 127,00 ? ; 33 932,00 ? ; 41,51 ? 
09.05.25; 15 432,00 ? ; 21 161,00 ? ; 33 840,00 ? ; 41,52 ? 
10.05.25; 15 371,00 ? ; 21 275,00 ? ; 33 987,00 ? ; 41,55 ? 
11.05.25; 15 339,00 ? ; 21 298,00 ? ; 33 970,00 ? ; 41,55 ? 
12.05.25; 15 307,00 ? ; 21 325,00 ? ; 33 965,00 ? ; 41,46 ? 
13.05.25; 15 276,00 ? ; 21 356,00 ? ; 33 964,00 ? ; 41,54 ? 
14.05.25; 15 238,00 ? ; 21 393,00 ? ; 33 998,00 ? ; 41,57 ? 
15.05.25; 15 200,00 ? ; 21 434,00 ? ; 34 035,00 ? ; 41,50 ? 
16.05.25; 15 160,00 ? ; 21 477,00 ? ; 34 066,00 ? ; 41,49 ? 
17.05.25; 15 000,00 ? ; 22 660,00 ? ; 36 775,00 ? ; 41,53 ? 
