Дата,Час,Код цифровий,Код літерний,Кількість одиниць,Назва валюти,"Офіційний курс гривні, грн",Примітка
23.11.2015,00.00,978,EUR,100,Євро,2563.4715,
24.11.2015,00.00,978,EUR,100,Євро,2558.2033,
25.11.2015,00.00,978,EUR,100,Євро,2550.8337,
26.11.2015,00.00,978,EUR,100,Євро,2516.4664,
27.11.2015,00.00,978,EUR,100,Євро,2504.1457,
28.11.2015,00.00,978,EUR,100,Євро,2504.1457,
29.11.2015,00.00,978,EUR,100,Євро,2504.1457,
30.11.2015,00.00,978,EUR,100,Євро,2526.9966,
01.12.2015,00.00,978,EUR,100,Євро,2533.468,
02.12.2015,00.00,978,EUR,100,Євро,2527.2057,
03.12.2015,00.00,978,EUR,100,Євро,2509.4939,
04.12.2015,00.00,978,EUR,100,Євро,2463.8066,
05.12.2015,00.00,978,EUR,100,Євро,2463.8066,
06.12.2015,00.00,978,EUR,100,Євро,2463.8066,
07.12.2015,00.00,978,EUR,100,Євро,2578.173,
08.12.2015,00.00,978,EUR,100,Євро,2534.7859,
09.12.2015,00.00,978,EUR,100,Євро,2491.8091,
10.12.2015,00.00,978,EUR,100,Євро,2504.933,
11.12.2015,00.00,978,EUR,100,Євро,2557.1951,
12.12.2015,00.00,978,EUR,100,Євро,2557.1951,
13.12.2015,00.00,978,EUR,100,Євро,2557.1951,
14.12.2015,00.00,978,EUR,100,Євро,2612.6803,
15.12.2015,00.00,978,EUR,100,Євро,2615.2302,
16.12.2015,00.00,978,EUR,100,Євро,2577.2984,
17.12.2015,00.00,978,EUR,100,Євро,2571.3624,
18.12.2015,00.00,978,EUR,100,Євро,2546.2988,
19.12.2015,00.00,978,EUR,100,Євро,2546.2988,
20.12.2015,00.00,978,EUR,100,Євро,2546.2988,
21.12.2015,00.00,978,EUR,100,Євро,2551.4894,
22.12.2015,00.00,978,EUR,100,Євро,2556.4231,
23.12.2015,00.00,978,EUR,100,Євро,2535.042,
24.12.2015,00.00,978,EUR,100,Євро,2510.3841,
25.12.2015,00.00,978,EUR,100,Євро,2513.9218,
26.12.2015,00.00,978,EUR,100,Євро,2513.9218,
27.12.2015,00.00,978,EUR,100,Євро,2513.9218,
28.12.2015,00.00,978,EUR,100,Євро,2532.8606,
29.12.2015,00.00,978,EUR,100,Євро,2609.7762,
30.12.2015,00.00,978,EUR,100,Євро,2605.5598,
31.12.2015,00.00,978,EUR,100,Євро,2622.3129,
01.01.2016,00.00,978,EUR,100,Євро,2622.3129,
02.01.2016,00.00,978,EUR,100,Євро,2622.3129,
03.01.2016,00.00,978,EUR,100,Євро,2622.3129,
04.01.2016,00.00,978,EUR,100,Євро,2622.3129,
05.01.2016,00.00,978,EUR,100,Євро,2622.3129,
06.01.2016,00.00,978,EUR,100,Євро,2555.7954,
07.01.2016,00.00,978,EUR,100,Євро,2555.7954,
08.01.2016,00.00,978,EUR,100,Євро,2555.7954,
09.01.2016,00.00,978,EUR,100,Євро,2555.7954,
10.01.2016,00.00,978,EUR,100,Євро,2555.7954,
11.01.2016,00.00,978,EUR,100,Євро,2524.6597,
12.01.2016,00.00,978,EUR,100,Євро,2559.1553,
13.01.2016,00.00,978,EUR,100,Євро,2521.1859,
14.01.2016,00.00,978,EUR,100,Євро,2557.1144,
15.01.2016,00.00,978,EUR,100,Євро,2608.9577,
16.01.2016,00.00,978,EUR,100,Євро,2639.8127,
17.01.2016,00.00,978,EUR,100,Євро,2639.8127,
18.01.2016,00.00,978,EUR,100,Євро,2661.1564,
19.01.2016,00.00,978,EUR,100,Євро,2683.4749,
20.01.2016,00.00,978,EUR,100,Євро,2700.0766,
21.01.2016,00.00,978,EUR,100,Євро,2689.78,
22.01.2016,00.00,978,EUR,100,Євро,2671.1526,
23.01.2016,00.00,978,EUR,100,Євро,2671.1526,
24.01.2016,00.00,978,EUR,100,Євро,2671.1526,
25.01.2016,00.00,978,EUR,100,Євро,2679.5371,
26.01.2016,00.00,978,EUR,100,Євро,2685.3448,
27.01.2016,00.00,978,EUR,100,Євро,2692.8814,
28.01.2016,00.00,978,EUR,100,Євро,2707.8972,
29.01.2016,00.00,978,EUR,100,Євро,2742.2974,
30.01.2016,00.00,978,EUR,100,Євро,2742.2974,
31.01.2016,00.00,978,EUR,100,Євро,2742.2974,
01.02.2016,00.00,978,EUR,100,Євро,2790.6092,
02.02.2016,00.00,978,EUR,100,Євро,2769.8014,
03.02.2016,00.00,978,EUR,100,Євро,2825.0462,
04.02.2016,00.00,978,EUR,100,Євро,2809.6033,
05.02.2016,00.00,978,EUR,100,Євро,2901.5329,
06.02.2016,00.00,978,EUR,100,Євро,2901.5329,
07.02.2016,00.00,978,EUR,100,Євро,2901.5329,
08.02.2016,00.00,978,EUR,100,Євро,2902.7736,
09.02.2016,00.00,978,EUR,100,Євро,2872.6498,
10.02.2016,00.00,978,EUR,100,Євро,2915.128,
11.02.2016,00.00,978,EUR,100,Євро,2920.1986,
12.02.2016,00.00,978,EUR,100,Євро,2959.7138,
13.02.2016,00.00,978,EUR,100,Євро,2959.7138,
14.02.2016,00.00,978,EUR,100,Євро,2959.7138,
15.02.2016,00.00,978,EUR,100,Євро,2948.1227,
16.02.2016,00.00,978,EUR,100,Євро,2998.2613,
17.02.2016,00.00,978,EUR,100,Євро,3017.0306,
18.02.2016,00.00,978,EUR,100,Євро,2975.9522,
19.02.2016,00.00,978,EUR,100,Євро,2933.0761,
20.02.2016,00.00,978,EUR,100,Євро,2933.0761,
21.02.2016,00.00,978,EUR,100,Євро,2933.0761,
22.02.2016,00.00,978,EUR,100,Євро,2979.9154,
23.02.2016,00.00,978,EUR,100,Євро,2978.6195,
24.02.2016,00.00,978,EUR,100,Євро,2996.2691,
25.02.2016,00.00,978,EUR,100,Євро,2988.8778,
26.02.2016,00.00,978,EUR,100,Євро,3004.7078,
27.02.2016,00.00,978,EUR,100,Євро,3004.7078,
28.02.2016,00.00,978,EUR,100,Євро,3004.7078,
29.02.2016,00.00,978,EUR,100,Євро,2977.6061,
01.03.2016,00.00,978,EUR,100,Євро,2950.082,
02.03.2016,00.00,978,EUR,100,Євро,2944.7061,
03.03.2016,00.00,978,EUR,100,Євро,2910.5763,
04.03.2016,00.00,978,EUR,100,Євро,2857.5468,
05.03.2016,00.00,978,EUR,100,Євро,2857.5468,
06.03.2016,00.00,978,EUR,100,Євро,2857.5468,
07.03.2016,00.00,978,EUR,100,Євро,2857.5468,
08.03.2016,00.00,978,EUR,100,Євро,2857.5468,
09.03.2016,00.00,978,EUR,100,Євро,2906.7352,
10.03.2016,00.00,978,EUR,100,Євро,2873.0338,
11.03.2016,00.00,978,EUR,100,Євро,2770.6188,
12.03.2016,00.00,978,EUR,100,Євро,2866.227,
13.03.2016,00.00,978,EUR,100,Євро,2866.227,
14.03.2016,00.00,978,EUR,100,Євро,2885.6137,
15.03.2016,00.00,978,EUR,100,Євро,2948.4736,
16.03.2016,00.00,978,EUR,100,Євро,2986.7012,
17.03.2016,00.00,978,EUR,100,Євро,2970.0966,
18.03.2016,00.00,978,EUR,100,Євро,3020.0342,
19.03.2016,00.00,978,EUR,100,Євро,3020.0342,
20.03.2016,00.00,978,EUR,100,Євро,3020.0342,
21.03.2016,00.00,978,EUR,100,Євро,2959.9369,
22.03.2016,00.00,978,EUR,100,Євро,2998.1633,
23.03.2016,00.00,978,EUR,100,Євро,2926.6108,
24.03.2016,00.00,978,EUR,100,Євро,2906.1429,
25.03.2016,00.00,978,EUR,100,Євро,2928.1658,
26.03.2016,00.00,978,EUR,100,Євро,2928.1658,
27.03.2016,00.00,978,EUR,100,Євро,2928.1658,
28.03.2016,00.00,978,EUR,100,Євро,2907.8848,
29.03.2016,00.00,978,EUR,100,Євро,2931.2873,
30.03.2016,00.00,978,EUR,100,Євро,2959.6009,
31.03.2016,00.00,978,EUR,100,Євро,2968.9327,
01.04.2016,00.00,978,EUR,100,Євро,2984.9437,
02.04.2016,00.00,978,EUR,100,Євро,2984.9437,
03.04.2016,00.00,978,EUR,100,Євро,2984.9437,
04.04.2016,00.00,978,EUR,100,Євро,2984.7209,
05.04.2016,00.00,978,EUR,100,Євро,2958.1891,
06.04.2016,00.00,978,EUR,100,Євро,2964.2008,
07.04.2016,00.00,978,EUR,100,Євро,2942.5906,
08.04.2016,00.00,978,EUR,100,Євро,2932.0585,
09.04.2016,00.00,978,EUR,100,Євро,2932.0585,
10.04.2016,00.00,978,EUR,100,Євро,2932.0585,
11.04.2016,00.00,978,EUR,100,Євро,2912.3196,
12.04.2016,00.00,978,EUR,100,Євро,2912.4912,
13.04.2016,00.00,978,EUR,100,Євро,2912.0366,
14.04.2016,00.00,978,EUR,100,Євро,2879.1232,
15.04.2016,00.00,978,EUR,100,Євро,2885.8725,
16.04.2016,00.00,978,EUR,100,Євро,2885.8725,
17.04.2016,00.00,978,EUR,100,Євро,2885.8725,
18.04.2016,00.00,978,EUR,100,Євро,2874.6037,
19.04.2016,00.00,978,EUR,100,Євро,2881.3074,
20.04.2016,00.00,978,EUR,100,Євро,2886.0537,
21.04.2016,00.00,978,EUR,100,Євро,2891.5592,
22.04.2016,00.00,978,EUR,100,Євро,2881.1785,
23.04.2016,00.00,978,EUR,100,Євро,2881.1785,
24.04.2016,00.00,978,EUR,100,Євро,2881.1785,
25.04.2016,00.00,978,EUR,100,Євро,2854.4548,
26.04.2016,00.00,978,EUR,100,Євро,2854.1761,
27.04.2016,00.00,978,EUR,100,Євро,2855.8157,
28.04.2016,00.00,978,EUR,100,Євро,2850.0621,
29.04.2016,00.00,978,EUR,100,Євро,2860.6859,
30.04.2016,00.00,978,EUR,100,Євро,2860.6859,
01.05.2016,00.00,978,EUR,100,Євро,2860.6859,
02.05.2016,00.00,978,EUR,100,Євро,2860.6859,
03.05.2016,00.00,978,EUR,100,Євро,2860.6859,
04.05.2016,00.00,978,EUR,100,Євро,2873.6594,
05.05.2016,00.00,978,EUR,100,Євро,2898.7171,
06.05.2016,00.00,978,EUR,100,Євро,2873.8227,
07.05.2016,00.00,978,EUR,100,Євро,2873.8227,
08.05.2016,00.00,978,EUR,100,Євро,2873.8227,
09.05.2016,00.00,978,EUR,100,Євро,2875.3385,
10.05.2016,00.00,978,EUR,100,Євро,2875.3385,
11.05.2016,00.00,978,EUR,100,Євро,2866.0606,
12.05.2016,00.00,978,EUR,100,Євро,2889.4049,
13.05.2016,00.00,978,EUR,100,Євро,2882.8905,
14.05.2016,00.00,978,EUR,100,Євро,2882.8905,
15.05.2016,00.00,978,EUR,100,Євро,2882.8905,
16.05.2016,00.00,978,EUR,100,Євро,2888.3128,
17.05.2016,00.00,978,EUR,100,Євро,2875.6925,
18.05.2016,00.00,978,EUR,100,Євро,2860.4464,
19.05.2016,00.00,978,EUR,100,Євро,2848.764,
20.05.2016,00.00,978,EUR,100,Євро,2828.3143,
21.05.2016,00.00,978,EUR,100,Євро,2828.3143,
22.05.2016,00.00,978,EUR,100,Євро,2828.3143,
23.05.2016,00.00,978,EUR,100,Євро,2827.357,
24.05.2016,00.00,978,EUR,100,Євро,2817.6221,
25.05.2016,00.00,978,EUR,100,Євро,2806.9328,
26.05.2016,00.00,978,EUR,100,Євро,2799.0393,
27.05.2016,00.00,978,EUR,100,Євро,2803.1674,
28.05.2016,00.00,978,EUR,100,Євро,2803.1674,
29.05.2016,00.00,978,EUR,100,Євро,2803.1674,
30.05.2016,00.00,978,EUR,100,Євро,2807.1913,
31.05.2016,00.00,978,EUR,100,Євро,2803.241,
01.06.2016,00.00,978,EUR,100,Євро,2804.2982,
02.06.2016,00.00,978,EUR,100,Євро,2804.4047,
03.06.2016,00.00,978,EUR,100,Євро,2802.729,
04.06.2016,00.00,978,EUR,100,Євро,2802.729,
05.06.2016,00.00,978,EUR,100,Євро,2802.729,
06.06.2016,00.00,978,EUR,100,Євро,2788.7311,
07.06.2016,00.00,978,EUR,100,Євро,2835.6223,
08.06.2016,00.00,978,EUR,100,Євро,2832.6514,
09.06.2016,00.00,978,EUR,100,Євро,2838.1421,
10.06.2016,00.00,978,EUR,100,Євро,2836.0037,
11.06.2016,00.00,978,EUR,100,Євро,2836.0037,
12.06.2016,00.00,978,EUR,100,Євро,2836.0037,
13.06.2016,00.00,978,EUR,100,Євро,2827.7344,
14.06.2016,00.00,978,EUR,100,Євро,2813.471,
15.06.2016,00.00,978,EUR,100,Євро,2796.7026,
16.06.2016,00.00,978,EUR,100,Євро,2794.8822,
17.06.2016,00.00,978,EUR,100,Євро,2782.8447,
18.06.2016,00.00,978,EUR,100,Євро,2782.8447,
19.06.2016,00.00,978,EUR,100,Євро,2782.8447,
20.06.2016,00.00,978,EUR,100,Євро,2782.8447,
21.06.2016,00.00,978,EUR,100,Євро,2803.246,
22.06.2016,00.00,978,EUR,100,Євро,2816.344,
23.06.2016,00.00,978,EUR,100,Євро,2809.2501,
24.06.2016,00.00,978,EUR,100,Євро,2833.9168,
25.06.2016,00.00,978,EUR,100,Євро,2833.9168,
26.06.2016,00.00,978,EUR,100,Євро,2833.9168,
27.06.2016,00.00,978,EUR,100,Євро,2833.9168,
28.06.2016,00.00,978,EUR,100,Євро,2833.9168,
29.06.2016,00.00,978,EUR,100,Євро,2752.4899,
30.06.2016,00.00,978,EUR,100,Євро,2756.354,
01.07.2016,00.00,978,EUR,100,Євро,2756.4503,
02.07.2016,00.00,978,EUR,100,Євро,2763.8642,
03.07.2016,00.00,978,EUR,100,Євро,2763.8642,
04.07.2016,00.00,978,EUR,100,Євро,2763.8642,
05.07.2016,00.00,978,EUR,100,Євро,2763.9864,
06.07.2016,00.00,978,EUR,100,Євро,2769.328,
07.07.2016,00.00,978,EUR,100,Євро,2749.7552,
08.07.2016,00.00,978,EUR,100,Євро,2749.4796,
09.07.2016,00.00,978,EUR,100,Євро,2749.4796,
10.07.2016,00.00,978,EUR,100,Євро,2749.4796,
11.07.2016,00.00,978,EUR,100,Євро,2749.4362,
12.07.2016,00.00,978,EUR,100,Євро,2745.9078,
13.07.2016,00.00,978,EUR,100,Євро,2755.4373,
14.07.2016,00.00,978,EUR,100,Євро,2748.2128,
15.07.2016,00.00,978,EUR,100,Євро,2766.7152,
16.07.2016,00.00,978,EUR,100,Євро,2766.7152,
17.07.2016,00.00,978,EUR,100,Євро,2766.7152,
18.07.2016,00.00,978,EUR,100,Євро,2760.5427,
19.07.2016,00.00,978,EUR,100,Євро,2747.3983,
20.07.2016,00.00,978,EUR,100,Євро,2738.2589,
21.07.2016,00.00,978,EUR,100,Євро,2732.5011,
22.07.2016,00.00,978,EUR,100,Євро,2733.4953,
23.07.2016,00.00,978,EUR,100,Євро,2733.4953,
24.07.2016,00.00,978,EUR,100,Євро,2733.4953,
25.07.2016,00.00,978,EUR,100,Євро,2732.8545,
26.07.2016,00.00,978,EUR,100,Євро,2722.1902,
27.07.2016,00.00,978,EUR,100,Євро,2725.6349,
28.07.2016,00.00,978,EUR,100,Євро,2727.4551,
29.07.2016,00.00,978,EUR,100,Євро,2750.1208,
30.07.2016,00.00,978,EUR,100,Євро,2750.1208,
31.07.2016,00.00,978,EUR,100,Євро,2750.1208,
01.08.2016,00.00,978,EUR,100,Євро,2756.7512,
02.08.2016,00.00,978,EUR,100,Євро,2766.8327,
03.08.2016,00.00,978,EUR,100,Євро,2778.4581,
04.08.2016,00.00,978,EUR,100,Євро,2779.3929,
05.08.2016,00.00,978,EUR,100,Євро,2762.7387,
06.08.2016,00.00,978,EUR,100,Євро,2762.7387,
07.08.2016,00.00,978,EUR,100,Євро,2762.7387,
08.08.2016,00.00,978,EUR,100,Євро,2767.318,
09.08.2016,00.00,978,EUR,100,Євро,2751.7534,
10.08.2016,00.00,978,EUR,100,Євро,2749.3672,
11.08.2016,00.00,978,EUR,100,Євро,2775.4874,
12.08.2016,00.00,978,EUR,100,Євро,2771.5661,
13.08.2016,00.00,978,EUR,100,Євро,2771.5661,
14.08.2016,00.00,978,EUR,100,Євро,2771.5661,
15.08.2016,00.00,978,EUR,100,Євро,2794.4315,
16.08.2016,00.00,978,EUR,100,Євро,2807.8728,
17.08.2016,00.00,978,EUR,100,Євро,2830.4466,
18.08.2016,00.00,978,EUR,100,Євро,2828.9974,
19.08.2016,00.00,978,EUR,100,Євро,2849.5987,
20.08.2016,00.00,978,EUR,100,Євро,2849.5987,
21.08.2016,00.00,978,EUR,100,Євро,2849.5987,
22.08.2016,00.00,978,EUR,100,Євро,2861.224,
23.08.2016,00.00,978,EUR,100,Євро,2859.4187,
24.08.2016,00.00,978,EUR,100,Євро,2859.4187,
25.08.2016,00.00,978,EUR,100,Євро,2869.394,
26.08.2016,00.00,978,EUR,100,Євро,2859.6684,
27.08.2016,00.00,978,EUR,100,Євро,2859.6684,
28.08.2016,00.00,978,EUR,100,Євро,2859.6684,
29.08.2016,00.00,978,EUR,100,Євро,2872.4421,
30.08.2016,00.00,978,EUR,100,Євро,2847.0862,
31.08.2016,00.00,978,EUR,100,Євро,2864.8423,
01.09.2016,00.00,978,EUR,100,Євро,2903.3648,
02.09.2016,00.00,978,EUR,100,Євро,2966.612,
03.09.2016,00.00,978,EUR,100,Євро,2966.612,
04.09.2016,00.00,978,EUR,100,Євро,2966.612,
05.09.2016,00.00,978,EUR,100,Євро,2981.029,
06.09.2016,00.00,978,EUR,100,Євро,2988.3635,
07.09.2016,00.00,978,EUR,100,Євро,2996.0199,
08.09.2016,00.00,978,EUR,100,Євро,3003.0103,
09.09.2016,00.00,978,EUR,100,Євро,3009.0063,
10.09.2016,00.00,978,EUR,100,Євро,3009.0063,
11.09.2016,00.00,978,EUR,100,Євро,3009.0063,
12.09.2016,00.00,978,EUR,100,Євро,3005.7262,
13.09.2016,00.00,978,EUR,100,Євро,2989.5636,
14.09.2016,00.00,978,EUR,100,Євро,2972.1305,
15.09.2016,00.00,978,EUR,100,Євро,2953.6967,
16.09.2016,00.00,978,EUR,100,Євро,2949.3035,
17.09.2016,00.00,978,EUR,100,Євро,2949.3035,
18.09.2016,00.00,978,EUR,100,Євро,2949.3035,
19.09.2016,00.00,978,EUR,100,Євро,2907.6554,
20.09.2016,00.00,978,EUR,100,Євро,2876.8908,
21.09.2016,00.00,978,EUR,100,Євро,2886.0901,
22.09.2016,00.00,978,EUR,100,Євро,2896.1701,
23.09.2016,00.00,978,EUR,100,Євро,2913.2077,
24.09.2016,00.00,978,EUR,100,Євро,2913.2077,
25.09.2016,00.00,978,EUR,100,Євро,2913.2077,
26.09.2016,00.00,978,EUR,100,Євро,2914.5888,
27.09.2016,00.00,978,EUR,100,Євро,2917.0291,
28.09.2016,00.00,978,EUR,100,Євро,2898.067,
29.09.2016,00.00,978,EUR,100,Євро,2906.8982,
30.09.2016,00.00,978,EUR,100,Євро,2907.5719,
01.10.2016,00.00,978,EUR,100,Євро,2907.5719,
02.10.2016,00.00,978,EUR,100,Євро,2907.5719,
03.10.2016,00.00,978,EUR,100,Євро,2894.8166,
04.10.2016,00.00,978,EUR,100,Євро,2912.4412,
05.10.2016,00.00,978,EUR,100,Євро,2886.7274,
06.10.2016,00.00,978,EUR,100,Євро,2903.4622,
07.10.2016,00.00,978,EUR,100,Євро,2895.6767,
08.10.2016,00.00,978,EUR,100,Євро,2895.6767,
09.10.2016,00.00,978,EUR,100,Євро,2895.6767,
10.10.2016,00.00,978,EUR,100,Євро,2878.6746,
11.10.2016,00.00,978,EUR,100,Євро,2882.3121,
12.10.2016,00.00,978,EUR,100,Євро,2864.1113,
13.10.2016,00.00,978,EUR,100,Євро,2843.9755,
14.10.2016,00.00,978,EUR,100,Євро,2843.9755,
15.10.2016,00.00,978,EUR,100,Євро,2843.9755,
16.10.2016,00.00,978,EUR,100,Євро,2843.9755,
17.10.2016,00.00,978,EUR,100,Євро,2846.7874,
18.10.2016,00.00,978,EUR,100,Євро,2834.604,
19.10.2016,00.00,978,EUR,100,Євро,2821.139,
20.10.2016,00.00,978,EUR,100,Євро,2820.8607,
21.10.2016,00.00,978,EUR,100,Євро,2822.2524,
22.10.2016,00.00,978,EUR,100,Євро,2822.2524,
23.10.2016,00.00,978,EUR,100,Євро,2822.2524,
24.10.2016,00.00,978,EUR,100,Євро,2793.6526,
25.10.2016,00.00,978,EUR,100,Євро,2792.5047,
26.10.2016,00.00,978,EUR,100,Євро,2782.7225,
27.10.2016,00.00,978,EUR,100,Євро,2794.7645,
28.10.2016,00.00,978,EUR,100,Євро,2789.9676,
29.10.2016,00.00,978,EUR,100,Євро,2789.9676,
30.10.2016,00.00,978,EUR,100,Євро,2789.9676,
31.10.2016,00.00,978,EUR,100,Євро,2784.6678,
01.11.2016,00.00,978,EUR,100,Євро,2792.9198,
02.11.2016,00.00,978,EUR,100,Євро,2820.7211,
03.11.2016,00.00,978,EUR,100,Євро,2835.7351,
04.11.2016,00.00,978,EUR,100,Євро,2831.8115,
05.11.2016,00.00,978,EUR,100,Євро,2831.8115,
06.11.2016,00.00,978,EUR,100,Євро,2831.8115,
07.11.2016,00.00,978,EUR,100,Євро,2837.1669,
08.11.2016,00.00,978,EUR,100,Євро,2828.6257,
09.11.2016,00.00,978,EUR,100,Євро,2821.673,
10.11.2016,00.00,978,EUR,100,Євро,2817.446,
11.11.2016,00.00,978,EUR,100,Євро,2786.9466,
12.11.2016,00.00,978,EUR,100,Євро,2786.9466,
13.11.2016,00.00,978,EUR,100,Євро,2786.9466,
14.11.2016,00.00,978,EUR,100,Євро,2794.7387,
15.11.2016,00.00,978,EUR,100,Євро,2775.2105,
16.11.2016,00.00,978,EUR,100,Євро,2800.1662,
17.11.2016,00.00,978,EUR,100,Євро,2819.5147,
18.11.2016,00.00,978,EUR,100,Євро,2792.147,
19.11.2016,00.00,978,EUR,100,Євро,2792.147,
20.11.2016,00.00,978,EUR,100,Євро,2792.147,
21.11.2016,00.00,978,EUR,100,Євро,2752.4079,
22.11.2016,00.00,978,EUR,100,Євро,2741.0778,
23.11.2016,00.00,978,EUR,100,Євро,2724.2094,
24.11.2016,00.00,978,EUR,100,Євро,2712.7994,
25.11.2016,00.00,978,EUR,100,Євро,2699.027,
26.11.2016,00.00,978,EUR,100,Євро,2699.027,
27.11.2016,00.00,978,EUR,100,Євро,2699.027,
28.11.2016,00.00,978,EUR,100,Євро,2724.7312,
29.11.2016,00.00,978,EUR,100,Євро,2716.8301,
30.11.2016,00.00,978,EUR,100,Євро,2707.3898,
01.12.2016,00.00,978,EUR,100,Євро,2718.1545,
02.12.2016,00.00,978,EUR,100,Євро,2724.5725,
03.12.2016,00.00,978,EUR,100,Євро,2724.5725,
04.12.2016,00.00,978,EUR,100,Євро,2724.5725,
05.12.2016,00.00,978,EUR,100,Євро,2756.1441,
06.12.2016,00.00,978,EUR,100,Євро,2796.1627,
07.12.2016,00.00,978,EUR,100,Євро,2801.2932,
08.12.2016,00.00,978,EUR,100,Євро,2791.9572,
09.12.2016,00.00,978,EUR,100,Євро,2773.6354,
10.12.2016,00.00,978,EUR,100,Євро,2773.6354,
11.12.2016,00.00,978,EUR,100,Євро,2773.6354,
12.12.2016,00.00,978,EUR,100,Євро,2732.6011,
13.12.2016,00.00,978,EUR,100,Євро,2773.0928,
14.12.2016,00.00,978,EUR,100,Євро,2770.1458,
15.12.2016,00.00,978,EUR,100,Євро,2800.1614,
16.12.2016,00.00,978,EUR,100,Євро,2740.0418,
17.12.2016,00.00,978,EUR,100,Євро,2740.0418,
18.12.2016,00.00,978,EUR,100,Євро,2740.0418,
19.12.2016,00.00,978,EUR,100,Євро,2748.7803,
20.12.2016,00.00,978,EUR,100,Євро,2750.9947,
21.12.2016,00.00,978,EUR,100,Євро,2743.4007,
22.12.2016,00.00,978,EUR,100,Євро,2754.2042,
23.12.2016,00.00,978,EUR,100,Євро,2745.3112,
24.12.2016,00.00,978,EUR,100,Євро,2745.3112,
25.12.2016,00.00,978,EUR,100,Євро,2745.3112,
26.12.2016,00.00,978,EUR,100,Євро,2743.8264,
27.12.2016,00.00,978,EUR,100,Євро,2754.1483,
28.12.2016,00.00,978,EUR,100,Євро,2783.6625,
29.12.2016,00.00,978,EUR,100,Євро,2797.1574,
30.12.2016,00.00,978,EUR,100,Євро,2842.2604,
31.12.2016,00.00,978,EUR,100,Євро,2842.2604,
01.01.2017,00.00,978,EUR,100,Євро,2842.2604,
02.01.2017,00.00,978,EUR,100,Євро,2842.2604,
03.01.2017,00.00,978,EUR,100,Євро,2842.2604,
04.01.2017,00.00,978,EUR,100,Євро,2842.2604,
05.01.2017,00.00,978,EUR,100,Євро,2785.8822,
06.01.2017,00.00,978,EUR,100,Євро,2760.3684,
07.01.2017,00.00,978,EUR,100,Євро,2760.3684,
08.01.2017,00.00,978,EUR,100,Євро,2760.3684,
09.01.2017,00.00,978,EUR,100,Євро,2760.3684,
10.01.2017,00.00,978,EUR,100,Євро,2861.2462,
11.01.2017,00.00,978,EUR,100,Євро,2872.8326,
12.01.2017,00.00,978,EUR,100,Євро,2847.6993,
13.01.2017,00.00,978,EUR,100,Євро,2910.2015,
14.01.2017,00.00,978,EUR,100,Євро,2910.2015,
15.01.2017,00.00,978,EUR,100,Євро,2910.2015,
16.01.2017,00.00,978,EUR,100,Євро,2949.8168,
17.01.2017,00.00,978,EUR,100,Євро,2936.8201,
18.01.2017,00.00,978,EUR,100,Євро,2951.967,
19.01.2017,00.00,978,EUR,100,Євро,2931.7325,
20.01.2017,00.00,978,EUR,100,Євро,2927.5295,
21.01.2017,00.00,978,EUR,100,Євро,2927.5295,
22.01.2017,00.00,978,EUR,100,Євро,2927.5295,
23.01.2017,00.00,978,EUR,100,Євро,2916.1971,
24.01.2017,00.00,978,EUR,100,Євро,2928.6773,
25.01.2017,00.00,978,EUR,100,Євро,2926.8848,
26.01.2017,00.00,978,EUR,100,Євро,2922.9702,
27.01.2017,00.00,978,EUR,100,Євро,2911.7993,
28.01.2017,00.00,978,EUR,100,Євро,2911.7993,
29.01.2017,00.00,978,EUR,100,Євро,2911.7993,
30.01.2017,00.00,978,EUR,100,Євро,2904.4034,
31.01.2017,00.00,978,EUR,100,Євро,2882.7535,
01.02.2017,00.00,978,EUR,100,Євро,2912.404,
02.02.2017,00.00,978,EUR,100,Євро,2913.1474,
03.02.2017,00.00,978,EUR,100,Євро,2916.7527,
04.02.2017,00.00,978,EUR,100,Євро,2916.7527,
05.02.2017,00.00,978,EUR,100,Євро,2916.7527,
06.02.2017,00.00,978,EUR,100,Євро,2908.4453,
07.02.2017,00.00,978,EUR,100,Євро,2920.384,
08.02.2017,00.00,978,EUR,100,Євро,2885.6547,
09.02.2017,00.00,978,EUR,100,Євро,2870.218,
10.02.2017,00.00,978,EUR,100,Євро,2889.5283,
11.02.2017,00.00,978,EUR,100,Євро,2889.5283,
12.02.2017,00.00,978,EUR,100,Євро,2889.5283,
13.02.2017,00.00,978,EUR,100,Євро,2891.8143,
14.02.2017,00.00,978,EUR,100,Євро,2887.3795,
15.02.2017,00.00,978,EUR,100,Євро,2892.692,
16.02.2017,00.00,978,EUR,100,Євро,2849.1748,
17.02.2017,00.00,978,EUR,100,Євро,2874.8346,
18.02.2017,00.00,978,EUR,100,Євро,2874.8346,
19.02.2017,00.00,978,EUR,100,Євро,2874.8346,
20.02.2017,00.00,978,EUR,100,Євро,2878.2837,
21.02.2017,00.00,978,EUR,100,Євро,2869.0057,
22.02.2017,00.00,978,EUR,100,Євро,2849.472,
23.02.2017,00.00,978,EUR,100,Євро,2835.6578,
24.02.2017,00.00,978,EUR,100,Євро,2844.8016,
25.02.2017,00.00,978,EUR,100,Євро,2844.8016,
26.02.2017,00.00,978,EUR,100,Євро,2844.8016,
27.02.2017,00.00,978,EUR,100,Євро,2861.9442,
28.02.2017,00.00,978,EUR,100,Євро,2864.1723,
01.03.2017,00.00,978,EUR,100,Євро,2878.5388,
02.03.2017,00.00,978,EUR,100,Євро,2862.9367,
03.03.2017,00.00,978,EUR,100,Євро,2848.381,
04.03.2017,00.00,978,EUR,100,Євро,2848.381,
05.03.2017,00.00,978,EUR,100,Євро,2848.381,
06.03.2017,00.00,978,EUR,100,Євро,2865.1487,
07.03.2017,00.00,978,EUR,100,Євро,2862.0982,
08.03.2017,00.00,978,EUR,100,Євро,2862.0982,
09.03.2017,00.00,978,EUR,100,Євро,2851.2332,
10.03.2017,00.00,978,EUR,100,Євро,2839.1298,
11.03.2017,00.00,978,EUR,100,Євро,2839.1298,
12.03.2017,00.00,978,EUR,100,Євро,2839.1298,
13.03.2017,00.00,978,EUR,100,Євро,2843.4846,
14.03.2017,00.00,978,EUR,100,Євро,2867.7678,
15.03.2017,00.00,978,EUR,100,Євро,2860.1957,
16.03.2017,00.00,978,EUR,100,Євро,2855.2752,
17.03.2017,00.00,978,EUR,100,Євро,2893.7676,
18.03.2017,00.00,978,EUR,100,Євро,2893.7676,
19.03.2017,00.00,978,EUR,100,Євро,2893.7676,
20.03.2017,00.00,978,EUR,100,Євро,2889.2477,
21.03.2017,00.00,978,EUR,100,Євро,2890.9832,
22.03.2017,00.00,978,EUR,100,Євро,2900.4515,
23.03.2017,00.00,978,EUR,100,Євро,2909.234,
24.03.2017,00.00,978,EUR,100,Євро,2918.4423,
25.03.2017,00.00,978,EUR,100,Євро,2918.4423,
26.03.2017,00.00,978,EUR,100,Євро,2918.4423,
27.03.2017,00.00,978,EUR,100,Євро,2930.8086,
28.03.2017,00.00,978,EUR,100,Євро,2956.7497,
29.03.2017,00.00,978,EUR,100,Євро,2945.033,
30.03.2017,00.00,978,EUR,100,Євро,2906.2707,
31.03.2017,00.00,978,EUR,100,Євро,2896.4193,
01.04.2017,00.00,978,EUR,100,Євро,2896.4193,
02.04.2017,00.00,978,EUR,100,Євро,2896.4193,
03.04.2017,00.00,978,EUR,100,Євро,2888.8948,
04.04.2017,00.00,978,EUR,100,Євро,2881.0968,
05.04.2017,00.00,978,EUR,100,Євро,2888.4397,
06.04.2017,00.00,978,EUR,100,Євро,2899.8254,
07.04.2017,00.00,978,EUR,100,Євро,2890.5208,
08.04.2017,00.00,978,EUR,100,Євро,2890.5208,
09.04.2017,00.00,978,EUR,100,Євро,2890.5208,
10.04.2017,00.00,978,EUR,100,Євро,2867.3357,
11.04.2017,00.00,978,EUR,100,Євро,2848.9982,
12.04.2017,00.00,978,EUR,100,Євро,2855.0442,
13.04.2017,00.00,978,EUR,100,Євро,2850.1649,
14.04.2017,00.00,978,EUR,100,Євро,2855.6654,
15.04.2017,00.00,978,EUR,100,Євро,2855.6654,
16.04.2017,00.00,978,EUR,100,Євро,2855.6654,
17.04.2017,00.00,978,EUR,100,Євро,2855.6654,
18.04.2017,00.00,978,EUR,100,Євро,2850.1218,
19.04.2017,00.00,978,EUR,100,Євро,2867.5785,
20.04.2017,00.00,978,EUR,100,Євро,2872.9145,
21.04.2017,00.00,978,EUR,100,Євро,2875.0111,
22.04.2017,00.00,978,EUR,100,Євро,2875.0111,
23.04.2017,00.00,978,EUR,100,Євро,2875.0111,
24.04.2017,00.00,978,EUR,100,Євро,2859.8728,
25.04.2017,00.00,978,EUR,100,Євро,2893.5627,
26.04.2017,00.00,978,EUR,100,Євро,2900.4728,
27.04.2017,00.00,978,EUR,100,Євро,2896.3263,
28.04.2017,00.00,978,EUR,100,Євро,2889.0636,
29.04.2017,00.00,978,EUR,100,Євро,2889.0636,
30.04.2017,00.00,978,EUR,100,Євро,2889.0636,
01.05.2017,00.00,978,EUR,100,Євро,2889.0636,
02.05.2017,00.00,978,EUR,100,Євро,2889.0636,
03.05.2017,00.00,978,EUR,100,Євро,2903.1096,
04.05.2017,00.00,978,EUR,100,Євро,2896.0928,
05.05.2017,00.00,978,EUR,100,Євро,2894.101,
06.05.2017,00.00,978,EUR,100,Євро,2894.101,
07.05.2017,00.00,978,EUR,100,Євро,2894.101,
08.05.2017,00.00,978,EUR,100,Євро,2894.101,
09.05.2017,00.00,978,EUR,100,Євро,2894.101,
10.05.2017,00.00,978,EUR,100,Євро,2905.6889,
11.05.2017,00.00,978,EUR,100,Євро,2878.9266,
12.05.2017,00.00,978,EUR,100,Євро,2870.1818,
13.05.2017,00.00,978,EUR,100,Євро,2879.3462,
14.05.2017,00.00,978,EUR,100,Євро,2879.3462,
15.05.2017,00.00,978,EUR,100,Євро,2879.3462,
16.05.2017,00.00,978,EUR,100,Євро,2904.502,
17.05.2017,00.00,978,EUR,100,Євро,2923.2698,
18.05.2017,00.00,978,EUR,100,Євро,2936.8275,
19.05.2017,00.00,978,EUR,100,Євро,2937.3262,
20.05.2017,00.00,978,EUR,100,Євро,2937.3262,
21.05.2017,00.00,978,EUR,100,Євро,2937.3262,
22.05.2017,00.00,978,EUR,100,Євро,2947.8642,
23.05.2017,00.00,978,EUR,100,Євро,2961.6217,
24.05.2017,00.00,978,EUR,100,Євро,2950.0505,
25.05.2017,00.00,978,EUR,100,Євро,2939.9666,
26.05.2017,00.00,978,EUR,100,Євро,2946.6658,
27.05.2017,00.00,978,EUR,100,Євро,2946.6658,
28.05.2017,00.00,978,EUR,100,Євро,2946.6658,
29.05.2017,00.00,978,EUR,100,Євро,2949.6274,
30.05.2017,00.00,978,EUR,100,Євро,2952.2658,
31.05.2017,00.00,978,EUR,100,Євро,2944.3959,
01.06.2017,00.00,978,EUR,100,Євро,2952.2827,
02.06.2017,00.00,978,EUR,100,Євро,2947.3382,
03.06.2017,00.00,978,EUR,100,Євро,2947.3382,
04.06.2017,00.00,978,EUR,100,Євро,2947.3382,
05.06.2017,00.00,978,EUR,100,Євро,2947.3382,
06.06.2017,00.00,978,EUR,100,Євро,2947.9328,
07.06.2017,00.00,978,EUR,100,Євро,2954.8404,
08.06.2017,00.00,978,EUR,100,Євро,2939.4613,
09.06.2017,00.00,978,EUR,100,Євро,2936.2952,
10.06.2017,00.00,978,EUR,100,Євро,2936.2952,
11.06.2017,00.00,978,EUR,100,Євро,2936.2952,
12.06.2017,00.00,978,EUR,100,Євро,2919.7031,
13.06.2017,00.00,978,EUR,100,Євро,2925.3935,
14.06.2017,00.00,978,EUR,100,Євро,2915.8829,
15.06.2017,00.00,978,EUR,100,Євро,2914.4572,
16.06.2017,00.00,978,EUR,100,Євро,2903.9545,
17.06.2017,00.00,978,EUR,100,Євро,2903.9545,
18.06.2017,00.00,978,EUR,100,Євро,2903.9545,
19.06.2017,00.00,978,EUR,100,Євро,2905.8656,
20.06.2017,00.00,978,EUR,100,Євро,2914.3299,
21.06.2017,00.00,978,EUR,100,Євро,2904.4512,
22.06.2017,00.00,978,EUR,100,Євро,2900.8509,
23.06.2017,00.00,978,EUR,100,Євро,2906.8099,
24.06.2017,00.00,978,EUR,100,Євро,2906.8099,
25.06.2017,00.00,978,EUR,100,Євро,2906.8099,
26.06.2017,00.00,978,EUR,100,Євро,2908.4561,
27.06.2017,00.00,978,EUR,100,Євро,2912.7151,
28.06.2017,00.00,978,EUR,100,Євро,2912.7151,
29.06.2017,00.00,978,EUR,100,Євро,2941.3159,
30.06.2017,00.00,978,EUR,100,Євро,2978.6782,
01.07.2017,00.00,978,EUR,100,Євро,2978.6782,
02.07.2017,00.00,978,EUR,100,Євро,2978.6782,
03.07.2017,00.00,978,EUR,100,Євро,2969.7866,
04.07.2017,00.00,978,EUR,100,Євро,2955.3131,
05.07.2017,00.00,978,EUR,100,Євро,2953.7514,
06.07.2017,00.00,978,EUR,100,Євро,2959.0574,
07.07.2017,00.00,978,EUR,100,Євро,2966.9661,
08.07.2017,00.00,978,EUR,100,Євро,2966.9661,
09.07.2017,00.00,978,EUR,100,Євро,2966.9661,
10.07.2017,00.00,978,EUR,100,Євро,2969.741,
11.07.2017,00.00,978,EUR,100,Євро,2961.0954,
12.07.2017,00.00,978,EUR,100,Євро,2962.1079,
13.07.2017,00.00,978,EUR,100,Євро,2966.513,
14.07.2017,00.00,978,EUR,100,Євро,2964.8392,
15.07.2017,00.00,978,EUR,100,Євро,2964.8392,
16.07.2017,00.00,978,EUR,100,Євро,2964.8392,
17.07.2017,00.00,978,EUR,100,Євро,2969.9155,
18.07.2017,00.00,978,EUR,100,Євро,2976.0874,
19.07.2017,00.00,978,EUR,100,Євро,2996.2296,
20.07.2017,00.00,978,EUR,100,Євро,2992.1364,
21.07.2017,00.00,978,EUR,100,Євро,2977.869,
22.07.2017,00.00,978,EUR,100,Євро,2977.869,
23.07.2017,00.00,978,EUR,100,Євро,2977.869,
24.07.2017,00.00,978,EUR,100,Євро,3014.0825,
25.07.2017,00.00,978,EUR,100,Євро,3007.8194,
26.07.2017,00.00,978,EUR,100,Євро,3022.1647,
27.07.2017,00.00,978,EUR,100,Євро,3014.0331,
28.07.2017,00.00,978,EUR,100,Євро,3028.7969,
29.07.2017,00.00,978,EUR,100,Євро,3028.7969,
30.07.2017,00.00,978,EUR,100,Євро,3028.7969,
31.07.2017,00.00,978,EUR,100,Євро,3039.6394,
01.08.2017,00.00,978,EUR,100,Євро,3031.9911,
02.08.2017,00.00,978,EUR,100,Євро,3054.2375,
03.08.2017,00.00,978,EUR,100,Євро,3064.2055,
04.08.2017,00.00,978,EUR,100,Євро,3070.0502,
05.08.2017,00.00,978,EUR,100,Євро,3070.0502,
06.08.2017,00.00,978,EUR,100,Євро,3070.0502,
07.08.2017,00.00,978,EUR,100,Євро,3067.0345,
08.08.2017,00.00,978,EUR,100,Євро,3041.8455,
09.08.2017,00.00,978,EUR,100,Євро,3040.0443,
10.08.2017,00.00,978,EUR,100,Євро,3017.7414,
11.08.2017,00.00,978,EUR,100,Євро,3014.2286,
12.08.2017,00.00,978,EUR,100,Євро,3014.2286,
13.08.2017,00.00,978,EUR,100,Євро,3014.2286,
14.08.2017,00.00,978,EUR,100,Євро,3023.1004,
15.08.2017,00.00,978,EUR,100,Євро,3023.6516,
16.08.2017,00.00,978,EUR,100,Євро,3006.262,
17.08.2017,00.00,978,EUR,100,Євро,2994.5655,
18.08.2017,00.00,978,EUR,100,Євро,2983.4847,
19.08.2017,00.00,978,EUR,100,Євро,2992.5731,
20.08.2017,00.00,978,EUR,100,Євро,2992.5731,
21.08.2017,00.00,978,EUR,100,Євро,2992.5731,
22.08.2017,00.00,978,EUR,100,Євро,2992.371,
23.08.2017,00.00,978,EUR,100,Євро,2995.9201,
24.08.2017,00.00,978,EUR,100,Євро,2995.9201,
25.08.2017,00.00,978,EUR,100,Євро,2995.9201,
26.08.2017,00.00,978,EUR,100,Євро,2995.9201,
27.08.2017,00.00,978,EUR,100,Євро,2995.9201,
28.08.2017,00.00,978,EUR,100,Євро,3014.123,
29.08.2017,00.00,978,EUR,100,Євро,3042.7546,
30.08.2017,00.00,978,EUR,100,Євро,3065.0806,
31.08.2017,00.00,978,EUR,100,Євро,3048.0581,
01.09.2017,00.00,978,EUR,100,Євро,3038.3104,
02.09.2017,00.00,978,EUR,100,Євро,3038.3104,
03.09.2017,00.00,978,EUR,100,Євро,3038.3104,
04.09.2017,00.00,978,EUR,100,Євро,3069.2074,
05.09.2017,00.00,978,EUR,100,Євро,3084.1389,
06.09.2017,00.00,978,EUR,100,Євро,3085.9619,
07.09.2017,00.00,978,EUR,100,Євро,3099.9378,
08.09.2017,00.00,978,EUR,100,Євро,3112.841,
09.09.2017,00.00,978,EUR,100,Євро,3112.841,
10.09.2017,00.00,978,EUR,100,Євро,3112.841,
11.09.2017,00.00,978,EUR,100,Євро,3144.3995,
12.09.2017,00.00,978,EUR,100,Євро,3120.2641,
13.09.2017,00.00,978,EUR,100,Євро,3104.8423,
14.09.2017,00.00,978,EUR,100,Євро,3124.0804,
15.09.2017,00.00,978,EUR,100,Євро,3109.3556,
16.09.2017,00.00,978,EUR,100,Євро,3109.3556,
17.09.2017,00.00,978,EUR,100,Євро,3109.3556,
18.09.2017,00.00,978,EUR,100,Євро,3137.2233,
19.09.2017,00.00,978,EUR,100,Євро,3128.0675,
20.09.2017,00.00,978,EUR,100,Євро,3127.8569,
21.09.2017,00.00,978,EUR,100,Євро,3144.5894,
22.09.2017,00.00,978,EUR,100,Євро,3123.5364,
23.09.2017,00.00,978,EUR,100,Євро,3123.5364,
24.09.2017,00.00,978,EUR,100,Євро,3123.5364,
25.09.2017,00.00,978,EUR,100,Євро,3141.1454,
26.09.2017,00.00,978,EUR,100,Євро,3122.9967,
27.09.2017,00.00,978,EUR,100,Євро,3109.8185,
28.09.2017,00.00,978,EUR,100,Євро,3108.175,
29.09.2017,00.00,978,EUR,100,Євро,3123.6545,
30.09.2017,00.00,978,EUR,100,Євро,3123.6545,
01.10.2017,00.00,978,EUR,100,Євро,3123.6545,
02.10.2017,00.00,978,EUR,100,Євро,3137.8572,
03.10.2017,00.00,978,EUR,100,Євро,3130.3169,
04.10.2017,00.00,978,EUR,100,Євро,3138.5438,
05.10.2017,00.00,978,EUR,100,Євро,3159.9538,
06.10.2017,00.00,978,EUR,100,Євро,3146.8189,
07.10.2017,00.00,978,EUR,100,Євро,3146.8189,
08.10.2017,00.00,978,EUR,100,Євро,3146.8189,
09.10.2017,00.00,978,EUR,100,Євро,3130.4437,
10.10.2017,00.00,978,EUR,100,Євро,3118.7621,
11.10.2017,00.00,978,EUR,100,Євро,3136.372,
12.10.2017,00.00,978,EUR,100,Євро,3138.8908,
13.10.2017,00.00,978,EUR,100,Євро,3157.8052,
14.10.2017,00.00,978,EUR,100,Євро,3157.8052,
15.10.2017,00.00,978,EUR,100,Євро,3157.8052,
16.10.2017,00.00,978,EUR,100,Євро,3157.8052,
17.10.2017,00.00,978,EUR,100,Євро,3134.1328,
18.10.2017,00.00,978,EUR,100,Євро,3114.2921,
19.10.2017,00.00,978,EUR,100,Євро,3104.728,
20.10.2017,00.00,978,EUR,100,Євро,3136.0041,
21.10.2017,00.00,978,EUR,100,Євро,3136.0041,
22.10.2017,00.00,978,EUR,100,Євро,3136.0041,
23.10.2017,00.00,978,EUR,100,Євро,3136.3674,
24.10.2017,00.00,978,EUR,100,Євро,3120.1109,
25.10.2017,00.00,978,EUR,100,Євро,3136.6534,
26.10.2017,00.00,978,EUR,100,Євро,3154.8499,
27.10.2017,00.00,978,EUR,100,Євро,3152.9325,
28.10.2017,00.00,978,EUR,100,Євро,3152.9325,
29.10.2017,00.00,978,EUR,100,Євро,3152.9325,
30.10.2017,00.00,978,EUR,100,Євро,3118.9344,
31.10.2017,00.00,978,EUR,100,Євро,3115.4288,
01.11.2017,00.00,978,EUR,100,Євро,3126.2018,
02.11.2017,00.00,978,EUR,100,Євро,3121.1202,
03.11.2017,00.00,978,EUR,100,Євро,3136.159,
04.11.2017,00.00,978,EUR,100,Євро,3136.159,
05.11.2017,00.00,978,EUR,100,Євро,3136.159,
06.11.2017,00.00,978,EUR,100,Євро,3143.0358,
07.11.2017,00.00,978,EUR,100,Євро,3111.9553,
08.11.2017,00.00,978,EUR,100,Євро,3092.9838,
09.11.2017,00.00,978,EUR,100,Євро,3087.1409,
10.11.2017,00.00,978,EUR,100,Євро,3088.7623,
11.11.2017,00.00,978,EUR,100,Євро,3088.7623,
12.11.2017,00.00,978,EUR,100,Євро,3088.7623,
13.11.2017,00.00,978,EUR,100,Євро,3090.2597,
14.11.2017,00.00,978,EUR,100,Євро,3087.4358,
15.11.2017,00.00,978,EUR,100,Євро,3111.9989,
16.11.2017,00.00,978,EUR,100,Євро,3135.495,
17.11.2017,00.00,978,EUR,100,Євро,3116.5379,
18.11.2017,00.00,978,EUR,100,Євро,3116.5379,
19.11.2017,00.00,978,EUR,100,Євро,3116.5379,
20.11.2017,00.00,978,EUR,100,Євро,3125.5673,
21.11.2017,00.00,978,EUR,100,Євро,3119.2648,
22.11.2017,00.00,978,EUR,100,Євро,3104.3573,
23.11.2017,00.00,978,EUR,100,Євро,3130.8221,
24.11.2017,00.00,978,EUR,100,Євро,3182.5434,
25.11.2017,00.00,978,EUR,100,Євро,3182.5434,
26.11.2017,00.00,978,EUR,100,Євро,3182.5434,
27.11.2017,00.00,978,EUR,100,Євро,3196.5337,
28.11.2017,00.00,978,EUR,100,Євро,3207.3516,
29.11.2017,00.00,978,EUR,100,Євро,3194.5227,
30.11.2017,00.00,978,EUR,100,Євро,3194.9375,
01.12.2017,00.00,978,EUR,100,Євро,3217.6965,
02.12.2017,00.00,978,EUR,100,Євро,3217.6965,
03.12.2017,00.00,978,EUR,100,Євро,3217.6965,
04.12.2017,00.00,978,EUR,100,Євро,3215.4059,
05.12.2017,00.00,978,EUR,100,Євро,3229.0975,
06.12.2017,00.00,978,EUR,100,Євро,3218.1672,
07.12.2017,00.00,978,EUR,100,Євро,3203.4884,
08.12.2017,00.00,978,EUR,100,Євро,3196.2881,
09.12.2017,00.00,978,EUR,100,Євро,3196.2881,
10.12.2017,00.00,978,EUR,100,Євро,3196.2881,
11.12.2017,00.00,978,EUR,100,Євро,3183.1793,
12.12.2017,00.00,978,EUR,100,Євро,3200.9295,
13.12.2017,00.00,978,EUR,100,Євро,3197.6583,
14.12.2017,00.00,978,EUR,100,Євро,3200.1126,
15.12.2017,00.00,978,EUR,100,Євро,3246.7152,
16.12.2017,00.00,978,EUR,100,Євро,3246.7152,
17.12.2017,00.00,978,EUR,100,Євро,3246.7152,
18.12.2017,00.00,978,EUR,100,Євро,3262.5955,
19.12.2017,00.00,978,EUR,100,Євро,3287.6952,
20.12.2017,00.00,978,EUR,100,Євро,3296.7613,
21.12.2017,00.00,978,EUR,100,Євро,3300.1202,
22.12.2017,00.00,978,EUR,100,Євро,3303.4353,
23.12.2017,00.00,978,EUR,100,Євро,3303.4353,
24.12.2017,00.00,978,EUR,100,Євро,3303.4353,
25.12.2017,00.00,978,EUR,100,Євро,3303.4353,
26.12.2017,00.00,978,EUR,100,Євро,3313.0227,
27.12.2017,00.00,978,EUR,100,Євро,3312.2695,
28.12.2017,00.00,978,EUR,100,Євро,3324.47,
29.12.2017,00.00,978,EUR,100,Євро,3349.5424,
30.12.2017,00.00,978,EUR,100,Євро,3349.5424,
31.12.2017,00.00,978,EUR,100,Євро,3349.5424,
01.01.2018,00.00,978,EUR,100,Євро,3349.5424,
02.01.2018,00.00,978,EUR,100,Євро,3349.5424,
03.01.2018,00.00,978,EUR,100,Євро,3349.5424,
04.01.2018,00.00,978,EUR,100,Євро,3353.2796,
05.01.2018,00.00,978,EUR,100,Євро,3379.8126,
06.01.2018,00.00,978,EUR,100,Євро,3379.8126,
07.01.2018,00.00,978,EUR,100,Євро,3379.8126,
08.01.2018,00.00,978,EUR,100,Євро,3379.8126,
09.01.2018,00.00,978,EUR,100,Євро,3397.091,
10.01.2018,00.00,978,EUR,100,Євро,3365.2111,
11.01.2018,00.00,978,EUR,100,Євро,3397.1913,
12.01.2018,00.00,978,EUR,100,Євро,3418.3211,
13.01.2018,00.00,978,EUR,100,Євро,3418.3211,
14.01.2018,00.00,978,EUR,100,Євро,3418.3211,
15.01.2018,00.00,978,EUR,100,Євро,3463.4916,
16.01.2018,00.00,978,EUR,100,Євро,3507.2521,
17.01.2018,00.00,978,EUR,100,Євро,3504.21,
18.01.2018,00.00,978,EUR,100,Євро,3498.1281,
19.01.2018,00.00,978,EUR,100,Євро,3520.9253,
20.01.2018,00.00,978,EUR,100,Євро,3520.9253,
21.01.2018,00.00,978,EUR,100,Євро,3520.9253,
22.01.2018,00.00,978,EUR,100,Євро,3534.9322,
23.01.2018,00.00,978,EUR,100,Євро,3534.1137,
24.01.2018,00.00,978,EUR,100,Євро,3535.6522,
25.01.2018,00.00,978,EUR,100,Євро,3565.4501,
26.01.2018,00.00,978,EUR,100,Євро,3566.4229,
27.01.2018,00.00,978,EUR,100,Євро,3566.4229,
28.01.2018,00.00,978,EUR,100,Євро,3566.4229,
29.01.2018,00.00,978,EUR,100,Євро,3550.3086,
30.01.2018,00.00,978,EUR,100,Євро,3496.6361,
31.01.2018,00.00,978,EUR,100,Євро,3478.9719,
01.02.2018,00.00,978,EUR,100,Євро,3468.4639,
02.02.2018,00.00,978,EUR,100,Євро,3472.2563,
03.02.2018,00.00,978,EUR,100,Євро,3472.2563,
04.02.2018,00.00,978,EUR,100,Євро,3472.2563,
05.02.2018,00.00,978,EUR,100,Євро,3483.6614,
06.02.2018,00.00,978,EUR,100,Євро,3451.1605,
07.02.2018,00.00,978,EUR,100,Євро,3385.6502,
08.02.2018,00.00,978,EUR,100,Євро,3346.0206,
09.02.2018,00.00,978,EUR,100,Євро,3323.2353,
10.02.2018,00.00,978,EUR,100,Євро,3323.2353,
11.02.2018,00.00,978,EUR,100,Євро,3323.2353,
12.02.2018,00.00,978,EUR,100,Євро,3320.8954,
13.02.2018,00.00,978,EUR,100,Євро,3291.4342,
14.02.2018,00.00,978,EUR,100,Євро,3292.8469,
15.02.2018,00.00,978,EUR,100,Євро,3291.33,
16.02.2018,00.00,978,EUR,100,Євро,3343.1024,
17.02.2018,00.00,978,EUR,100,Євро,3343.1024,
18.02.2018,00.00,978,EUR,100,Євро,3343.1024,
19.02.2018,00.00,978,EUR,100,Євро,3364.1444,
20.02.2018,00.00,978,EUR,100,Євро,3352.1795,
21.02.2018,00.00,978,EUR,100,Євро,3340.8014,
22.02.2018,00.00,978,EUR,100,Євро,3322.7674,
23.02.2018,00.00,978,EUR,100,Євро,3323.3394,
24.02.2018,00.00,978,EUR,100,Євро,3323.3394,
25.02.2018,00.00,978,EUR,100,Євро,3323.3394,
26.02.2018,00.00,978,EUR,100,Євро,3319.335,
27.02.2018,00.00,978,EUR,100,Євро,3327.2144,
28.02.2018,00.00,978,EUR,100,Євро,3314.8962,
01.03.2018,00.00,978,EUR,100,Євро,3274.0257,
02.03.2018,00.00,978,EUR,100,Євро,3245.9444,
03.03.2018,00.00,978,EUR,100,Євро,3267.1005,
04.03.2018,00.00,978,EUR,100,Євро,3267.1005,
05.03.2018,00.00,978,EUR,100,Євро,3267.1005,
06.03.2018,00.00,978,EUR,100,Євро,3259.1496,
07.03.2018,00.00,978,EUR,100,Євро,3270.1691,
08.03.2018,00.00,978,EUR,100,Євро,3270.1691,
09.03.2018,00.00,978,EUR,100,Євро,3270.1691,
10.03.2018,00.00,978,EUR,100,Євро,3270.1691,
11.03.2018,00.00,978,EUR,100,Євро,3270.1691,
12.03.2018,00.00,978,EUR,100,Євро,3240.0861,
13.03.2018,00.00,978,EUR,100,Євро,3189.2458,
14.03.2018,00.00,978,EUR,100,Євро,3207.8685,
15.03.2018,00.00,978,EUR,100,Євро,3217.6689,
16.03.2018,00.00,978,EUR,100,Євро,3242.3082,
17.03.2018,00.00,978,EUR,100,Євро,3242.3082,
18.03.2018,00.00,978,EUR,100,Євро,3242.3082,
19.03.2018,00.00,978,EUR,100,Євро,3241.7945,
20.03.2018,00.00,978,EUR,100,Євро,3254.0127,
21.03.2018,00.00,978,EUR,100,Євро,3228.7252,
22.03.2018,00.00,978,EUR,100,Євро,3228.8805,
23.03.2018,00.00,978,EUR,100,Євро,3233.3994,
24.03.2018,00.00,978,EUR,100,Євро,3233.3994,
25.03.2018,00.00,978,EUR,100,Євро,3233.3994,
26.03.2018,00.00,978,EUR,100,Євро,3242.7359,
27.03.2018,00.00,978,EUR,100,Євро,3264.6378,
28.03.2018,00.00,978,EUR,100,Євро,3255.664,
29.03.2018,00.00,978,EUR,100,Євро,3273.7228,
30.03.2018,00.00,978,EUR,100,Євро,3270.4238,
31.03.2018,00.00,978,EUR,100,Євро,3270.4238,
01.04.2018,00.00,978,EUR,100,Євро,3270.4238,
02.04.2018,00.00,978,EUR,100,Євро,3241.2911,
03.04.2018,00.00,978,EUR,100,Євро,3223.2919,
04.04.2018,00.00,978,EUR,100,Євро,3240.6432,
05.04.2018,00.00,978,EUR,100,Євро,3224.0529,
06.04.2018,00.00,978,EUR,100,Євро,3195.7574,
07.04.2018,00.00,978,EUR,100,Євро,3195.7574,
08.04.2018,00.00,978,EUR,100,Євро,3195.7574,
09.04.2018,00.00,978,EUR,100,Євро,3195.7574,
10.04.2018,00.00,978,EUR,100,Євро,3184.1393,
11.04.2018,00.00,978,EUR,100,Євро,3210.8349,
12.04.2018,00.00,978,EUR,100,Євро,3210.6649,
13.04.2018,00.00,978,EUR,100,Євро,3202.2979,
14.04.2018,00.00,978,EUR,100,Євро,3202.2979,
15.04.2018,00.00,978,EUR,100,Євро,3202.2979,
16.04.2018,00.00,978,EUR,100,Євро,3217.805,
17.04.2018,00.00,978,EUR,100,Євро,3227.2438,
18.04.2018,00.00,978,EUR,100,Євро,3223.0606,
19.04.2018,00.00,978,EUR,100,Євро,3239.186,
20.04.2018,00.00,978,EUR,100,Євро,3247.2987,
21.04.2018,00.00,978,EUR,100,Євро,3247.2987,
22.04.2018,00.00,978,EUR,100,Євро,3247.2987,
23.04.2018,00.00,978,EUR,100,Євро,3222.306,
24.04.2018,00.00,978,EUR,100,Євро,3197.2453,
25.04.2018,00.00,978,EUR,100,Євро,3197.0293,
26.04.2018,00.00,978,EUR,100,Євро,3201.0659,
27.04.2018,00.00,978,EUR,100,Євро,3191.6721,
28.04.2018,00.00,978,EUR,100,Євро,3191.6721,
29.04.2018,00.00,978,EUR,100,Євро,3191.6721,
30.04.2018,00.00,978,EUR,100,Євро,3191.6721,
01.05.2018,00.00,978,EUR,100,Євро,3191.6721,
02.05.2018,00.00,978,EUR,100,Євро,3161.8147,
03.05.2018,00.00,978,EUR,100,Євро,3140.4389,
04.05.2018,00.00,978,EUR,100,Євро,3140.8811,
05.05.2018,00.00,978,EUR,100,Євро,3148.5079,
06.05.2018,00.00,978,EUR,100,Євро,3148.5079,
07.05.2018,00.00,978,EUR,100,Євро,3148.5079,
08.05.2018,00.00,978,EUR,100,Євро,3129.0585,
09.05.2018,00.00,978,EUR,100,Євро,3129.0585,
10.05.2018,00.00,978,EUR,100,Євро,3112.1998,
11.05.2018,00.00,978,EUR,100,Євро,3111.1048,
12.05.2018,00.00,978,EUR,100,Євро,3111.1048,
13.05.2018,00.00,978,EUR,100,Євро,3111.1048,
14.05.2018,00.00,978,EUR,100,Євро,3126.4704,
15.05.2018,00.00,978,EUR,100,Євро,3137.4086,
16.05.2018,00.00,978,EUR,100,Євро,3114.6302,
17.05.2018,00.00,978,EUR,100,Євро,3088.3708,
18.05.2018,00.00,978,EUR,100,Євро,3091.5895,
19.05.2018,00.00,978,EUR,100,Євро,3091.5895,
20.05.2018,00.00,978,EUR,100,Євро,3091.5895,
21.05.2018,00.00,978,EUR,100,Євро,3080.4915,
22.05.2018,00.00,978,EUR,100,Євро,3067.1723,
23.05.2018,00.00,978,EUR,100,Євро,3074.8331,
24.05.2018,00.00,978,EUR,100,Євро,3053.6259,
25.05.2018,00.00,978,EUR,100,Євро,3061.8896,
26.05.2018,00.00,978,EUR,100,Євро,3061.8896,
27.05.2018,00.00,978,EUR,100,Євро,3061.8896,
28.05.2018,00.00,978,EUR,100,Євро,3061.8896,
29.05.2018,00.00,978,EUR,100,Євро,3052.953,
30.05.2018,00.00,978,EUR,100,Євро,3016.5158,
31.05.2018,00.00,978,EUR,100,Євро,3040.1182,
01.06.2018,00.00,978,EUR,100,Євро,3056.049,
02.06.2018,00.00,978,EUR,100,Євро,3056.049,
03.06.2018,00.00,978,EUR,100,Євро,3056.049,
04.06.2018,00.00,978,EUR,100,Євро,3047.2361,
05.06.2018,00.00,978,EUR,100,Євро,3067.2155,
06.06.2018,00.00,978,EUR,100,Євро,3053.7375,
07.06.2018,00.00,978,EUR,100,Євро,3078.0024,
08.06.2018,00.00,978,EUR,100,Євро,3097.6799,
09.06.2018,00.00,978,EUR,100,Євро,3097.6799,
10.06.2018,00.00,978,EUR,100,Євро,3097.6799,
11.06.2018,00.00,978,EUR,100,Євро,3072.0743,
12.06.2018,00.00,978,EUR,100,Євро,3076.166,
13.06.2018,00.00,978,EUR,100,Євро,3075.1933,
14.06.2018,00.00,978,EUR,100,Євро,3073.2521,
15.06.2018,00.00,978,EUR,100,Євро,3075.5682,
16.06.2018,00.00,978,EUR,100,Євро,3075.5682,
17.06.2018,00.00,978,EUR,100,Євро,3075.5682,
18.06.2018,00.00,978,EUR,100,Євро,3051.5504,
19.06.2018,00.00,978,EUR,100,Євро,3057.5853,
20.06.2018,00.00,978,EUR,100,Євро,3050.3323,
21.06.2018,00.00,978,EUR,100,Євро,3065.3849,
22.06.2018,00.00,978,EUR,100,Євро,3035.113,
23.06.2018,00.00,978,EUR,100,Євро,3056.3072,
24.06.2018,00.00,978,EUR,100,Євро,3056.3072,
25.06.2018,00.00,978,EUR,100,Євро,3056.3072,
26.06.2018,00.00,978,EUR,100,Євро,3062.3141,
27.06.2018,00.00,978,EUR,100,Євро,3056.7999,
28.06.2018,00.00,978,EUR,100,Євро,3056.7999,
29.06.2018,00.00,978,EUR,100,Євро,3056.7999,
30.06.2018,00.00,978,EUR,100,Євро,3056.7999,
01.07.2018,00.00,978,EUR,100,Євро,3056.7999,
02.07.2018,00.00,978,EUR,100,Євро,3058.2017,
03.07.2018,00.00,978,EUR,100,Євро,3053.223,
04.07.2018,00.00,978,EUR,100,Євро,3067.8086,
05.07.2018,00.00,978,EUR,100,Євро,3077.91,
06.07.2018,00.00,978,EUR,100,Євро,3094.6629,
07.07.2018,00.00,978,EUR,100,Євро,3094.6629,
08.07.2018,00.00,978,EUR,100,Євро,3094.6629,
09.07.2018,00.00,978,EUR,100,Євро,3085.282,
10.07.2018,00.00,978,EUR,100,Євро,3094.5835,
11.07.2018,00.00,978,EUR,100,Євро,3069.8803,
12.07.2018,00.00,978,EUR,100,Євро,3077.7684,
13.07.2018,00.00,978,EUR,100,Євро,3057.6655,
14.07.2018,00.00,978,EUR,100,Євро,3057.6655,
15.07.2018,00.00,978,EUR,100,Євро,3057.6655,
16.07.2018,00.00,978,EUR,100,Євро,3054.3344,
17.07.2018,00.00,978,EUR,100,Євро,3071.4414,
18.07.2018,00.00,978,EUR,100,Євро,3069.7584,
19.07.2018,00.00,978,EUR,100,Євро,3054.0806,
20.07.2018,00.00,978,EUR,100,Євро,3067.6255,
21.07.2018,00.00,978,EUR,100,Євро,3067.6255,
22.07.2018,00.00,978,EUR,100,Євро,3067.6255,
23.07.2018,00.00,978,EUR,100,Євро,3086.2603,
24.07.2018,00.00,978,EUR,100,Євро,3098.8449,
25.07.2018,00.00,978,EUR,100,Євро,3111.8283,
26.07.2018,00.00,978,EUR,100,Євро,3112.682,
27.07.2018,00.00,978,EUR,100,Євро,3122.4794,
28.07.2018,00.00,978,EUR,100,Євро,3122.4794,
29.07.2018,00.00,978,EUR,100,Євро,3122.4794,
30.07.2018,00.00,978,EUR,100,Євро,3111.0251,
31.07.2018,00.00,978,EUR,100,Євро,3126.0792,
01.08.2018,00.00,978,EUR,100,Євро,3153.0779,
02.08.2018,00.00,978,EUR,100,Євро,3153.4907,
03.08.2018,00.00,978,EUR,100,Євро,3137.9686,
04.08.2018,00.00,978,EUR,100,Євро,3137.9686,
05.08.2018,00.00,978,EUR,100,Євро,3137.9686,
06.08.2018,00.00,978,EUR,100,Євро,3139.5022,
07.08.2018,00.00,978,EUR,100,Євро,3131.815,
08.08.2018,00.00,978,EUR,100,Євро,3134.9827,
09.08.2018,00.00,978,EUR,100,Євро,3124.5944,
10.08.2018,00.00,978,EUR,100,Євро,3143.0238,
11.08.2018,00.00,978,EUR,100,Євро,3143.0238,
12.08.2018,00.00,978,EUR,100,Євро,3143.0238,
13.08.2018,00.00,978,EUR,100,Євро,3121.2605,
14.08.2018,00.00,978,EUR,100,Євро,3118.0874,
15.08.2018,00.00,978,EUR,100,Євро,3131.9646,
16.08.2018,00.00,978,EUR,100,Євро,3107.5987,
17.08.2018,00.00,978,EUR,100,Євро,3146.1396,
18.08.2018,00.00,978,EUR,100,Євро,3146.1396,
19.08.2018,00.00,978,EUR,100,Євро,3146.1396,
20.08.2018,00.00,978,EUR,100,Євро,3177.9243,
21.08.2018,00.00,978,EUR,100,Євро,3162.9609,
22.08.2018,00.00,978,EUR,100,Євро,3187.1438,
23.08.2018,00.00,978,EUR,100,Євро,3239.1783,
24.08.2018,00.00,978,EUR,100,Євро,3239.1783,
25.08.2018,00.00,978,EUR,100,Євро,3239.1783,
26.08.2018,00.00,978,EUR,100,Євро,3239.1783,
27.08.2018,00.00,978,EUR,100,Євро,3225.1217,
28.08.2018,00.00,978,EUR,100,Євро,3243.89,
29.08.2018,00.00,978,EUR,100,Євро,3284.7975,
30.08.2018,00.00,978,EUR,100,Євро,3278.3753,
31.08.2018,00.00,978,EUR,100,Євро,3306.4318,
01.09.2018,00.00,978,EUR,100,Євро,3306.4318,
02.09.2018,00.00,978,EUR,100,Євро,3306.4318,
03.09.2018,00.00,978,EUR,100,Євро,3290.9551,
04.09.2018,00.00,978,EUR,100,Євро,3294.4367,
05.09.2018,00.00,978,EUR,100,Євро,3294.3599,
06.09.2018,00.00,978,EUR,100,Євро,3290.626,
07.09.2018,00.00,978,EUR,100,Євро,3283.6537,
08.09.2018,00.00,978,EUR,100,Євро,3283.6537,
09.09.2018,00.00,978,EUR,100,Євро,3283.6537,
10.09.2018,00.00,978,EUR,100,Євро,3282.9771,
11.09.2018,00.00,978,EUR,100,Євро,3263.1016,
12.09.2018,00.00,978,EUR,100,Євро,3251.7864,
13.09.2018,00.00,978,EUR,100,Євро,3246.8232,
14.09.2018,00.00,978,EUR,100,Євро,3268.3386,
15.09.2018,00.00,978,EUR,100,Євро,3268.3386,
16.09.2018,00.00,978,EUR,100,Євро,3268.3386,
17.09.2018,00.00,978,EUR,100,Євро,3290.6957,
18.09.2018,00.00,978,EUR,100,Євро,3282.6735,
19.09.2018,00.00,978,EUR,100,Євро,3292.8233,
20.09.2018,00.00,978,EUR,100,Євро,3280.7843,
21.09.2018,00.00,978,EUR,100,Євро,3302.5991,
22.09.2018,00.00,978,EUR,100,Євро,3302.5991,
23.09.2018,00.00,978,EUR,100,Євро,3302.5991,
24.09.2018,00.00,978,EUR,100,Євро,3299.9141,
25.09.2018,00.00,978,EUR,100,Євро,3309.5194,
26.09.2018,00.00,978,EUR,100,Євро,3304.7686,
27.09.2018,00.00,978,EUR,100,Євро,3303.1255,
28.09.2018,00.00,978,EUR,100,Євро,3312.8775,
29.09.2018,00.00,978,EUR,100,Євро,3312.8775,
30.09.2018,00.00,978,EUR,100,Євро,3312.8775,
01.10.2018,00.00,978,EUR,100,Євро,3272.5272,
02.10.2018,00.00,978,EUR,100,Євро,3274.3633,
03.10.2018,00.00,978,EUR,100,Євро,3263.9286,
04.10.2018,00.00,978,EUR,100,Євро,3270.4,
05.10.2018,00.00,978,EUR,100,Євро,3240.6948,
06.10.2018,00.00,978,EUR,100,Євро,3240.6948,
07.10.2018,00.00,978,EUR,100,Євро,3240.6948,
08.10.2018,00.00,978,EUR,100,Євро,3231.4389,
09.10.2018,00.00,978,EUR,100,Євро,3223.9315,
10.10.2018,00.00,978,EUR,100,Євро,3211.1127,
11.10.2018,00.00,978,EUR,100,Євро,3220.3332,
12.10.2018,00.00,978,EUR,100,Євро,3239.2081,
13.10.2018,00.00,978,EUR,100,Євро,3239.2081,
14.10.2018,00.00,978,EUR,100,Євро,3239.2081,
15.10.2018,00.00,978,EUR,100,Євро,3239.2081,
16.10.2018,00.00,978,EUR,100,Євро,3232.4059,
17.10.2018,00.00,978,EUR,100,Євро,3236.2514,
18.10.2018,00.00,978,EUR,100,Євро,3218.8179,
19.10.2018,00.00,978,EUR,100,Євро,3225.6162,
20.10.2018,00.00,978,EUR,100,Євро,3225.6162,
21.10.2018,00.00,978,EUR,100,Євро,3225.6162,
22.10.2018,00.00,978,EUR,100,Євро,3232.4755,
23.10.2018,00.00,978,EUR,100,Євро,3227.5618,
24.10.2018,00.00,978,EUR,100,Євро,3230.9884,
25.10.2018,00.00,978,EUR,100,Євро,3213.1896,
26.10.2018,00.00,978,EUR,100,Євро,3234.79,
27.10.2018,00.00,978,EUR,100,Євро,3234.79,
28.10.2018,00.00,978,EUR,100,Євро,3234.79,
29.10.2018,00.00,978,EUR,100,Євро,3206.7759,
30.10.2018,00.00,978,EUR,100,Євро,3209.7295,
31.10.2018,00.00,978,EUR,100,Євро,3202.8598,
01.11.2018,00.00,978,EUR,100,Євро,3182.4894,
02.11.2018,00.00,978,EUR,100,Євро,3208.0253,
03.11.2018,00.00,978,EUR,100,Євро,3208.0253,
04.11.2018,00.00,978,EUR,100,Євро,3208.0253,
05.11.2018,00.00,978,EUR,100,Євро,3211.9244,
06.11.2018,00.00,978,EUR,100,Євро,3185.3411,
07.11.2018,00.00,978,EUR,100,Євро,3194.7934,
08.11.2018,00.00,978,EUR,100,Євро,3204.5236,
09.11.2018,00.00,978,EUR,100,Євро,3190.3501,
10.11.2018,00.00,978,EUR,100,Євро,3190.3501,
11.11.2018,00.00,978,EUR,100,Євро,3190.3501,
12.11.2018,00.00,978,EUR,100,Євро,3164.5856,
13.11.2018,00.00,978,EUR,100,Євро,3143.356,
14.11.2018,00.00,978,EUR,100,Євро,3143.8642,
15.11.2018,00.00,978,EUR,100,Євро,3144.7393,
16.11.2018,00.00,978,EUR,100,Євро,3139.8796,
17.11.2018,00.00,978,EUR,100,Євро,3139.8796,
18.11.2018,00.00,978,EUR,100,Євро,3139.8796,
19.11.2018,00.00,978,EUR,100,Євро,3149.0789,
20.11.2018,00.00,978,EUR,100,Євро,3172.687,
21.11.2018,00.00,978,EUR,100,Євро,3170.9122,
22.11.2018,00.00,978,EUR,100,Євро,3168.8381,
23.11.2018,00.00,978,EUR,100,Євро,3163.8578,
24.11.2018,00.00,978,EUR,100,Євро,3163.8578,
25.11.2018,00.00,978,EUR,100,Євро,3163.8578,
26.11.2018,00.00,978,EUR,100,Євро,3155.3824,
27.11.2018,00.00,978,EUR,100,Євро,3170.1005,
28.11.2018,00.00,978,EUR,100,Євро,3183.7722,
29.11.2018,00.00,978,EUR,100,Євро,3189.8795,
30.11.2018,00.00,978,EUR,100,Євро,3232.8754,
01.12.2018,00.00,978,EUR,100,Євро,3232.8754,
02.12.2018,00.00,978,EUR,100,Євро,3232.8754,
03.12.2018,00.00,978,EUR,100,Євро,3205.8238,
04.12.2018,00.00,978,EUR,100,Євро,3192.5347,
05.12.2018,00.00,978,EUR,100,Євро,3208.8869,
06.12.2018,00.00,978,EUR,100,Євро,3176.356,
07.12.2018,00.00,978,EUR,100,Євро,3164.6099,
08.12.2018,00.00,978,EUR,100,Євро,3164.6099,
09.12.2018,00.00,978,EUR,100,Євро,3164.6099,
10.12.2018,00.00,978,EUR,100,Євро,3163.895,
11.12.2018,00.00,978,EUR,100,Євро,3173.5021,
12.12.2018,00.00,978,EUR,100,Євро,3153.481,
13.12.2018,00.00,978,EUR,100,Євро,3155.111,
14.12.2018,00.00,978,EUR,100,Євро,3168.7573,
15.12.2018,00.00,978,EUR,100,Євро,3168.7573,
16.12.2018,00.00,978,EUR,100,Євро,3168.7573,
17.12.2018,00.00,978,EUR,100,Євро,3141.4193,
18.12.2018,00.00,978,EUR,100,Євро,3162.5606,
19.12.2018,00.00,978,EUR,100,Євро,3168.2605,
20.12.2018,00.00,978,EUR,100,Євро,3161.1245,
21.12.2018,00.00,978,EUR,100,Євро,3157.8278,
22.12.2018,00.00,978,EUR,100,Євро,3131.3092,
23.12.2018,00.00,978,EUR,100,Євро,3131.3092,
24.12.2018,00.00,978,EUR,100,Євро,3131.3092,
25.12.2018,00.00,978,EUR,100,Євро,3131.3092,
26.12.2018,00.00,978,EUR,100,Євро,3131.3092,
27.12.2018,00.00,978,EUR,100,Євро,3110.7093,
28.12.2018,00.00,978,EUR,100,Євро,3123.553,
29.12.2018,00.00,978,EUR,100,Євро,3171.4138,
30.12.2018,00.00,978,EUR,100,Євро,3171.4138,
31.12.2018,00.00,978,EUR,100,Євро,3171.4138,
01.01.2019,00.00,978,EUR,100,Євро,3171.4138,
02.01.2019,00.00,978,EUR,100,Євро,3171.4138,
03.01.2019,00.00,978,EUR,100,Євро,3171.4138,
04.01.2019,00.00,978,EUR,100,Євро,3122.0257,
05.01.2019,00.00,978,EUR,100,Євро,3122.0257,
06.01.2019,00.00,978,EUR,100,Євро,3122.0257,
07.01.2019,00.00,978,EUR,100,Євро,3122.0257,
08.01.2019,00.00,978,EUR,100,Євро,3159.7029,
09.01.2019,00.00,978,EUR,100,Євро,3205.9157,
10.01.2019,00.00,978,EUR,100,Євро,3221.3903,
11.01.2019,00.00,978,EUR,100,Євро,3260.9616,
12.01.2019,00.00,978,EUR,100,Євро,3260.9616,
13.01.2019,00.00,978,EUR,100,Євро,3260.9616,
14.01.2019,00.00,978,EUR,100,Євро,3246.9826,
15.01.2019,00.00,978,EUR,100,Євро,3213.4747,
16.01.2019,00.00,978,EUR,100,Євро,3217.7763,
17.01.2019,00.00,978,EUR,100,Євро,3189.8883,
18.01.2019,00.00,978,EUR,100,Євро,3194.7101,
19.01.2019,00.00,978,EUR,100,Євро,3194.7101,
20.01.2019,00.00,978,EUR,100,Євро,3194.7101,
21.01.2019,00.00,978,EUR,100,Євро,3190.3745,
22.01.2019,00.00,978,EUR,100,Євро,3175.5196,
23.01.2019,00.00,978,EUR,100,Євро,3167.2934,
24.01.2019,00.00,978,EUR,100,Євро,3149.0811,
25.01.2019,00.00,978,EUR,100,Євро,3151.2701,
26.01.2019,00.00,978,EUR,100,Євро,3151.2701,
27.01.2019,00.00,978,EUR,100,Євро,3151.2701,
28.01.2019,00.00,978,EUR,100,Євро,3156.1492,
29.01.2019,00.00,978,EUR,100,Євро,3173.0733,
30.01.2019,00.00,978,EUR,100,Євро,3172.1252,
31.01.2019,00.00,978,EUR,100,Євро,3172.179,
01.02.2019,00.00,978,EUR,100,Євро,3186.8815,
02.02.2019,00.00,978,EUR,100,Євро,3186.8815,
03.02.2019,00.00,978,EUR,100,Євро,3186.8815,
04.02.2019,00.00,978,EUR,100,Євро,3162.6355,
05.02.2019,00.00,978,EUR,100,Євро,3138.6415,
06.02.2019,00.00,978,EUR,100,Євро,3108.867,
07.02.2019,00.00,978,EUR,100,Євро,3072.2882,
08.02.2019,00.00,978,EUR,100,Євро,3058.5383,
09.02.2019,00.00,978,EUR,100,Євро,3058.5383,
10.02.2019,00.00,978,EUR,100,Євро,3058.5383,
11.02.2019,00.00,978,EUR,100,Євро,3052.0732,
12.02.2019,00.00,978,EUR,100,Євро,3059.9571,
13.02.2019,00.00,978,EUR,100,Євро,3050.7665,
14.02.2019,00.00,978,EUR,100,Євро,3062.84,
15.02.2019,00.00,978,EUR,100,Євро,3060.3844,
16.02.2019,00.00,978,EUR,100,Євро,3060.3844,
17.02.2019,00.00,978,EUR,100,Євро,3060.3844,
18.02.2019,00.00,978,EUR,100,Євро,3068.1129,
19.02.2019,00.00,978,EUR,100,Євро,3079.6203,
20.02.2019,00.00,978,EUR,100,Євро,3068.947,
21.02.2019,00.00,978,EUR,100,Євро,3072.2714,
22.02.2019,00.00,978,EUR,100,Євро,3065.8786,
23.02.2019,00.00,978,EUR,100,Євро,3065.8786,
24.02.2019,00.00,978,EUR,100,Євро,3065.8786,
25.02.2019,00.00,978,EUR,100,Євро,3059.7106,
26.02.2019,00.00,978,EUR,100,Євро,3064.789,
27.02.2019,00.00,978,EUR,100,Євро,3065.4964,
28.02.2019,00.00,978,EUR,100,Євро,3073.3961,
01.03.2019,00.00,978,EUR,100,Євро,3066.2423,
02.03.2019,00.00,978,EUR,100,Євро,3066.2423,
03.03.2019,00.00,978,EUR,100,Євро,3066.2423,
04.03.2019,00.00,978,EUR,100,Євро,3057.7292,
05.03.2019,00.00,978,EUR,100,Євро,3041.3864,
06.03.2019,00.00,978,EUR,100,Євро,3031.9096,
07.03.2019,00.00,978,EUR,100,Євро,2993.6931,
08.03.2019,00.00,978,EUR,100,Євро,2993.6931,
09.03.2019,00.00,978,EUR,100,Євро,2993.6931,
10.03.2019,00.00,978,EUR,100,Євро,2993.6931,
11.03.2019,00.00,978,EUR,100,Євро,2974.323,
12.03.2019,00.00,978,EUR,100,Євро,2958.5162,
13.03.2019,00.00,978,EUR,100,Євро,2972.0396,
14.03.2019,00.00,978,EUR,100,Євро,3018.2323,
15.03.2019,00.00,978,EUR,100,Євро,3017.6273,
16.03.2019,00.00,978,EUR,100,Євро,3017.6273,
17.03.2019,00.00,978,EUR,100,Євро,3017.6273,
18.03.2019,00.00,978,EUR,100,Євро,3054.8391,
19.03.2019,00.00,978,EUR,100,Євро,3079.1982,
20.03.2019,00.00,978,EUR,100,Євро,3084.9271,
21.03.2019,00.00,978,EUR,100,Євро,3084.641,
22.03.2019,00.00,978,EUR,100,Євро,3103.6761,
23.03.2019,00.00,978,EUR,100,Євро,3103.6761,
24.03.2019,00.00,978,EUR,100,Євро,3103.6761,
25.03.2019,00.00,978,EUR,100,Євро,3047.1249,
26.03.2019,00.00,978,EUR,100,Євро,3045.1947,
27.03.2019,00.00,978,EUR,100,Євро,3046.3369,
28.03.2019,00.00,978,EUR,100,Євро,3049.6778,
29.03.2019,00.00,978,EUR,100,Євро,3056.7665,
30.03.2019,00.00,978,EUR,100,Євро,3056.7665,
31.03.2019,00.00,978,EUR,100,Євро,3056.7665,
01.04.2019,00.00,978,EUR,100,Євро,3056.9427,
02.04.2019,00.00,978,EUR,100,Євро,3055.1658,
03.04.2019,00.00,978,EUR,100,Євро,3021.1057,
04.04.2019,00.00,978,EUR,100,Євро,3044.7304,
05.04.2019,00.00,978,EUR,100,Євро,3031.6019,
06.04.2019,00.00,978,EUR,100,Євро,3031.6019,
07.04.2019,00.00,978,EUR,100,Євро,3031.6019,
08.04.2019,00.00,978,EUR,100,Євро,3006.9287,
09.04.2019,00.00,978,EUR,100,Євро,2996.3998,
10.04.2019,00.00,978,EUR,100,Євро,3010.519,
11.04.2019,00.00,978,EUR,100,Євро,3018.8501,
12.04.2019,00.00,978,EUR,100,Євро,3022.291,
13.04.2019,00.00,978,EUR,100,Євро,3022.291,
14.04.2019,00.00,978,EUR,100,Євро,3022.291,
15.04.2019,00.00,978,EUR,100,Євро,3024.2774,
16.04.2019,00.00,978,EUR,100,Євро,3033.0384,
17.04.2019,00.00,978,EUR,100,Євро,3020.9534,
18.04.2019,00.00,978,EUR,100,Євро,3015.9629,
19.04.2019,00.00,978,EUR,100,Євро,3019.2362,
20.04.2019,00.00,978,EUR,100,Євро,3019.2362,
21.04.2019,00.00,978,EUR,100,Євро,3019.2362,
22.04.2019,00.00,978,EUR,100,Євро,3021.0716,
23.04.2019,00.00,978,EUR,100,Євро,3012.2292,
24.04.2019,00.00,978,EUR,100,Євро,3001.0665,
25.04.2019,00.00,978,EUR,100,Євро,2980.9441,
26.04.2019,00.00,978,EUR,100,Євро,2960.8679,
27.04.2019,00.00,978,EUR,100,Євро,2960.8679,
28.04.2019,00.00,978,EUR,100,Євро,2960.8679,
29.04.2019,00.00,978,EUR,100,Євро,2960.8679,
30.04.2019,00.00,978,EUR,100,Євро,2960.8679,
01.05.2019,00.00,978,EUR,100,Євро,2960.8679,
02.05.2019,00.00,978,EUR,100,Євро,2949.4364,
03.05.2019,00.00,978,EUR,100,Євро,2977.598,
04.05.2019,00.00,978,EUR,100,Євро,2977.598,
05.05.2019,00.00,978,EUR,100,Євро,2977.598,
06.05.2019,00.00,978,EUR,100,Євро,2953.8954,
07.05.2019,00.00,978,EUR,100,Євро,2967.2781,
08.05.2019,00.00,978,EUR,100,Євро,2946.1312,
09.05.2019,00.00,978,EUR,100,Євро,2946.1312,
10.05.2019,00.00,978,EUR,100,Євро,2940.4746,
11.05.2019,00.00,978,EUR,100,Євро,2942.9211,
12.05.2019,00.00,978,EUR,100,Євро,2942.9211,
13.05.2019,00.00,978,EUR,100,Євро,2942.9211,
14.05.2019,00.00,978,EUR,100,Євро,2936.4311,
15.05.2019,00.00,978,EUR,100,Євро,2937.0443,
16.05.2019,00.00,978,EUR,100,Євро,2949.4081,
17.05.2019,00.00,978,EUR,100,Євро,2951.1965,
18.05.2019,00.00,978,EUR,100,Євро,2951.1965,
19.05.2019,00.00,978,EUR,100,Євро,2951.1965,
20.05.2019,00.00,978,EUR,100,Євро,2945.8555,
21.05.2019,00.00,978,EUR,100,Євро,2926.0773,
22.05.2019,00.00,978,EUR,100,Євро,2914.4107,
23.05.2019,00.00,978,EUR,100,Євро,2938.4978,
24.05.2019,00.00,978,EUR,100,Євро,2933.5362,
25.05.2019,00.00,978,EUR,100,Євро,2933.5362,
26.05.2019,00.00,978,EUR,100,Євро,2933.5362,
27.05.2019,00.00,978,EUR,100,Євро,2961.7336,
28.05.2019,00.00,978,EUR,100,Євро,2947.9499,
29.05.2019,00.00,978,EUR,100,Євро,2955.3782,
30.05.2019,00.00,978,EUR,100,Євро,2976.7974,
31.05.2019,00.00,978,EUR,100,Євро,2991.9923,
01.06.2019,00.00,978,EUR,100,Євро,2991.9923,
02.06.2019,00.00,978,EUR,100,Євро,2991.9923,
03.06.2019,00.00,978,EUR,100,Євро,2994.567,
04.06.2019,00.00,978,EUR,100,Євро,3014.8982,
05.06.2019,00.00,978,EUR,100,Євро,3059.1477,
06.06.2019,00.00,978,EUR,100,Євро,3031.5211,
07.06.2019,00.00,978,EUR,100,Євро,3018.7353,
08.06.2019,00.00,978,EUR,100,Євро,3018.7353,
09.06.2019,00.00,978,EUR,100,Євро,3018.7353,
10.06.2019,00.00,978,EUR,100,Євро,2998.1356,
11.06.2019,00.00,978,EUR,100,Євро,2980.6412,
12.06.2019,00.00,978,EUR,100,Євро,2977.0411,
13.06.2019,00.00,978,EUR,100,Євро,2989.4863,
14.06.2019,00.00,978,EUR,100,Євро,2982.2242,
15.06.2019,00.00,978,EUR,100,Євро,2982.2242,
16.06.2019,00.00,978,EUR,100,Євро,2982.2242,
17.06.2019,00.00,978,EUR,100,Євро,2982.2242,
18.06.2019,00.00,978,EUR,100,Євро,2976.4321,
19.06.2019,00.00,978,EUR,100,Євро,2952.0733,
20.06.2019,00.00,978,EUR,100,Євро,2951.2801,
21.06.2019,00.00,978,EUR,100,Євро,2982.3203,
22.06.2019,00.00,978,EUR,100,Євро,2982.3203,
23.06.2019,00.00,978,EUR,100,Євро,2982.3203,
24.06.2019,00.00,978,EUR,100,Євро,2972.3076,
25.06.2019,00.00,978,EUR,100,Євро,2984.2254,
26.06.2019,00.00,978,EUR,100,Євро,2982.6337,
27.06.2019,00.00,978,EUR,100,Євро,2973.0243,
28.06.2019,00.00,978,EUR,100,Євро,2973.0243,
29.06.2019,00.00,978,EUR,100,Євро,2973.0243,
30.06.2019,00.00,978,EUR,100,Євро,2973.0243,
01.07.2019,00.00,978,EUR,100,Євро,2976.4317,
02.07.2019,00.00,978,EUR,100,Євро,2974.1749,
03.07.2019,00.00,978,EUR,100,Євро,2958.4925,
04.07.2019,00.00,978,EUR,100,Євро,2941.2439,
05.07.2019,00.00,978,EUR,100,Євро,2920.2999,
06.07.2019,00.00,978,EUR,100,Євро,2920.2999,
07.07.2019,00.00,978,EUR,100,Євро,2920.2999,
08.07.2019,00.00,978,EUR,100,Євро,2895.0992,
09.07.2019,00.00,978,EUR,100,Євро,2871.2824,
10.07.2019,00.00,978,EUR,100,Євро,2856.0624,
11.07.2019,00.00,978,EUR,100,Євро,2883.5932,
12.07.2019,00.00,978,EUR,100,Євро,2911.7373,
13.07.2019,00.00,978,EUR,100,Євро,2911.7373,
14.07.2019,00.00,978,EUR,100,Євро,2911.7373,
15.07.2019,00.00,978,EUR,100,Євро,2898.8385,
16.07.2019,00.00,978,EUR,100,Євро,2900.7443,
17.07.2019,00.00,978,EUR,100,Євро,2902.7327,
18.07.2019,00.00,978,EUR,100,Євро,2900.4331,
19.07.2019,00.00,978,EUR,100,Євро,2919.5303,
20.07.2019,00.00,978,EUR,100,Євро,2919.5303,
21.07.2019,00.00,978,EUR,100,Євро,2919.5303,
22.07.2019,00.00,978,EUR,100,Євро,2898.0306,
23.07.2019,00.00,978,EUR,100,Євро,2875.875,
24.07.2019,00.00,978,EUR,100,Євро,2863.6452,
25.07.2019,00.00,978,EUR,100,Євро,2842.5158,
26.07.2019,00.00,978,EUR,100,Євро,2832.9175,
27.07.2019,00.00,978,EUR,100,Євро,2832.9175,
28.07.2019,00.00,978,EUR,100,Євро,2832.9175,
29.07.2019,00.00,978,EUR,100,Євро,2833.4769,
30.07.2019,00.00,978,EUR,100,Євро,2807.8346,
31.07.2019,00.00,978,EUR,100,Євро,2798.0385,
01.08.2019,00.00,978,EUR,100,Євро,2790.0644,
02.08.2019,00.00,978,EUR,100,Євро,2797.8706,
03.08.2019,00.00,978,EUR,100,Євро,2797.8706,
04.08.2019,00.00,978,EUR,100,Євро,2797.8706,
05.08.2019,00.00,978,EUR,100,Євро,2836.2182,
06.08.2019,00.00,978,EUR,100,Євро,2877.6927,
07.08.2019,00.00,978,EUR,100,Євро,2862.79,
08.08.2019,00.00,978,EUR,100,Євро,2848.0355,
09.08.2019,00.00,978,EUR,100,Євро,2833.6827,
10.08.2019,00.00,978,EUR,100,Євро,2833.6827,
11.08.2019,00.00,978,EUR,100,Євро,2833.6827,
12.08.2019,00.00,978,EUR,100,Євро,2809.6692,
13.08.2019,00.00,978,EUR,100,Євро,2816.241,
14.08.2019,00.00,978,EUR,100,Євро,2821.9021,
15.08.2019,00.00,978,EUR,100,Євро,2824.8936,
16.08.2019,00.00,978,EUR,100,Євро,2823.3641,
17.08.2019,00.00,978,EUR,100,Євро,2823.3641,
18.08.2019,00.00,978,EUR,100,Євро,2823.3641,
19.08.2019,00.00,978,EUR,100,Євро,2784.8218,
20.08.2019,00.00,978,EUR,100,Євро,2795.2562,
21.08.2019,00.00,978,EUR,100,Євро,2783.5428,
22.08.2019,00.00,978,EUR,100,Євро,2798.6996,
23.08.2019,00.00,978,EUR,100,Євро,2775.4821,
24.08.2019,00.00,978,EUR,100,Євро,2775.4821,
25.08.2019,00.00,978,EUR,100,Євро,2775.4821,
26.08.2019,00.00,978,EUR,100,Євро,2775.4821,
27.08.2019,00.00,978,EUR,100,Євро,2773.2088,
28.08.2019,00.00,978,EUR,100,Євро,2794.3138,
29.08.2019,00.00,978,EUR,100,Євро,2795.3383,
30.08.2019,00.00,978,EUR,100,Євро,2793.7201,
31.08.2019,00.00,978,EUR,100,Євро,2793.7201,
01.09.2019,00.00,978,EUR,100,Євро,2793.7201,
02.09.2019,00.00,978,EUR,100,Євро,2774.9041,
03.09.2019,00.00,978,EUR,100,Євро,2770.8977,
04.09.2019,00.00,978,EUR,100,Євро,2766.7181,
05.09.2019,00.00,978,EUR,100,Євро,2783.5277,
06.09.2019,00.00,978,EUR,100,Євро,2798.8505,
07.09.2019,00.00,978,EUR,100,Євро,2798.8505,
08.09.2019,00.00,978,EUR,100,Євро,2798.8505,
09.09.2019,00.00,978,EUR,100,Євро,2766.2371,
10.09.2019,00.00,978,EUR,100,Євро,2761.1811,
11.09.2019,00.00,978,EUR,100,Євро,2747.0036,
12.09.2019,00.00,978,EUR,100,Євро,2747.3188,
13.09.2019,00.00,978,EUR,100,Євро,2722.2427,
14.09.2019,00.00,978,EUR,100,Євро,2722.2427,
15.09.2019,00.00,978,EUR,100,Євро,2722.2427,
16.09.2019,00.00,978,EUR,100,Євро,2741.8972,
17.09.2019,00.00,978,EUR,100,Євро,2732.5379,
18.09.2019,00.00,978,EUR,100,Євро,2730.536,
19.09.2019,00.00,978,EUR,100,Євро,2726.7589,
20.09.2019,00.00,978,EUR,100,Євро,2724.4253,
21.09.2019,00.00,978,EUR,100,Євро,2724.4253,
22.09.2019,00.00,978,EUR,100,Євро,2724.4253,
23.09.2019,00.00,978,EUR,100,Євро,2694.9178,
24.09.2019,00.00,978,EUR,100,Євро,2672.3424,
25.09.2019,00.00,978,EUR,100,Євро,2663.7703,
26.09.2019,00.00,978,EUR,100,Євро,2648.8803,
27.09.2019,00.00,978,EUR,100,Євро,2645.5692,
28.09.2019,00.00,978,EUR,100,Євро,2645.5692,
29.09.2019,00.00,978,EUR,100,Євро,2645.5692,
30.09.2019,00.00,978,EUR,100,Євро,2633.4552,
01.10.2019,00.00,978,EUR,100,Євро,2634.8629,
02.10.2019,00.00,978,EUR,100,Євро,2676.0368,
03.10.2019,00.00,978,EUR,100,Євро,2715.9298,
04.10.2019,00.00,978,EUR,100,Євро,2724.2936,
05.10.2019,00.00,978,EUR,100,Євро,2724.2936,
06.10.2019,00.00,978,EUR,100,Євро,2724.2936,
07.10.2019,00.00,978,EUR,100,Євро,2702.1318,
08.10.2019,00.00,978,EUR,100,Євро,2733.6918,
09.10.2019,00.00,978,EUR,100,Євро,2714.3133,
10.10.2019,00.00,978,EUR,100,Євро,2712.4169,
11.10.2019,00.00,978,EUR,100,Євро,2705.7218,
12.10.2019,00.00,978,EUR,100,Євро,2705.7218,
13.10.2019,00.00,978,EUR,100,Євро,2705.7218,
14.10.2019,00.00,978,EUR,100,Євро,2705.7218,
15.10.2019,00.00,978,EUR,100,Євро,2709.7355,
16.10.2019,00.00,978,EUR,100,Євро,2728.1685,
17.10.2019,00.00,978,EUR,100,Євро,2738.0857,
18.10.2019,00.00,978,EUR,100,Євро,2748.673,
19.10.2019,00.00,978,EUR,100,Євро,2748.673,
20.10.2019,00.00,978,EUR,100,Євро,2748.673,
21.10.2019,00.00,978,EUR,100,Євро,2789.9083,
22.10.2019,00.00,978,EUR,100,Євро,2790.4742,
23.10.2019,00.00,978,EUR,100,Євро,2765.2072,
24.10.2019,00.00,978,EUR,100,Євро,2768.796,
25.10.2019,00.00,978,EUR,100,Євро,2794.6984,
26.10.2019,00.00,978,EUR,100,Євро,2794.6984,
27.10.2019,00.00,978,EUR,100,Євро,2794.6984,
28.10.2019,00.00,978,EUR,100,Євро,2796.0891,
29.10.2019,00.00,978,EUR,100,Євро,2779.1943,
30.10.2019,00.00,978,EUR,100,Євро,2786.3767,
31.10.2019,00.00,978,EUR,100,Євро,2775.9915,
01.11.2019,00.00,978,EUR,100,Євро,2768.3212,
02.11.2019,00.00,978,EUR,100,Євро,2768.3212,
03.11.2019,00.00,978,EUR,100,Євро,2768.3212,
04.11.2019,00.00,978,EUR,100,Євро,2755.5819,
05.11.2019,00.00,978,EUR,100,Євро,2766.9632,
06.11.2019,00.00,978,EUR,100,Євро,2746.0856,
07.11.2019,00.00,978,EUR,100,Євро,2734.5292,
08.11.2019,00.00,978,EUR,100,Євро,2715.6169,
09.11.2019,00.00,978,EUR,100,Євро,2715.6169,
10.11.2019,00.00,978,EUR,100,Євро,2715.6169,
11.11.2019,00.00,978,EUR,100,Євро,2703.5382,
12.11.2019,00.00,978,EUR,100,Євро,2706.2615,
13.11.2019,00.00,978,EUR,100,Євро,2694.4778,
14.11.2019,00.00,978,EUR,100,Євро,2676.1736,
15.11.2019,00.00,978,EUR,100,Євро,2666.2225,
16.11.2019,00.00,978,EUR,100,Євро,2666.2225,
17.11.2019,00.00,978,EUR,100,Євро,2666.2225,
18.11.2019,00.00,978,EUR,100,Євро,2672.4494,
19.11.2019,00.00,978,EUR,100,Євро,2669.8133,
20.11.2019,00.00,978,EUR,100,Євро,2681.0691,
21.11.2019,00.00,978,EUR,100,Євро,2674.4647,
22.11.2019,00.00,978,EUR,100,Євро,2683.322,
23.11.2019,00.00,978,EUR,100,Євро,2683.322,
24.11.2019,00.00,978,EUR,100,Євро,2683.322,
25.11.2019,00.00,978,EUR,100,Євро,2672.0841,
26.11.2019,00.00,978,EUR,100,Євро,2647.8424,
27.11.2019,00.00,978,EUR,100,Євро,2642.8938,
28.11.2019,00.00,978,EUR,100,Євро,2640.4416,
29.11.2019,00.00,978,EUR,100,Євро,2645.115,
30.11.2019,00.00,978,EUR,100,Євро,2645.115,
01.12.2019,00.00,978,EUR,100,Євро,2645.115,
02.12.2019,00.00,978,EUR,100,Євро,2632.6354,
03.12.2019,00.00,978,EUR,100,Євро,2640.8191,
04.12.2019,00.00,978,EUR,100,Євро,2650.3106,
05.12.2019,00.00,978,EUR,100,Євро,2651.7145,
06.12.2019,00.00,978,EUR,100,Євро,2648.9182,
07.12.2019,00.00,978,EUR,100,Євро,2648.9182,
08.12.2019,00.00,978,EUR,100,Євро,2648.9182,
09.12.2019,00.00,978,EUR,100,Євро,2632.0281,
10.12.2019,00.00,978,EUR,100,Євро,2623.5026,
11.12.2019,00.00,978,EUR,100,Євро,2624.053,
12.12.2019,00.00,978,EUR,100,Євро,2614.0927,
13.12.2019,00.00,978,EUR,100,Євро,2624.242,
14.12.2019,00.00,978,EUR,100,Євро,2624.242,
15.12.2019,00.00,978,EUR,100,Євро,2624.242,
16.12.2019,00.00,978,EUR,100,Євро,2625.6661,
17.12.2019,00.00,978,EUR,100,Євро,2618.2373,
18.12.2019,00.00,978,EUR,100,Євро,2619.6245,
19.12.2019,00.00,978,EUR,100,Євро,2602.3645,
20.12.2019,00.00,978,EUR,100,Євро,2598.4934,
21.12.2019,00.00,978,EUR,100,Євро,2588.4068,
22.12.2019,00.00,978,EUR,100,Євро,2588.4068,
23.12.2019,00.00,978,EUR,100,Євро,2584.6272,
24.12.2019,00.00,978,EUR,100,Євро,2577.7911,
25.12.2019,00.00,978,EUR,100,Євро,2577.7911,
26.12.2019,00.00,978,EUR,100,Євро,2576.6712,
27.12.2019,00.00,978,EUR,100,Євро,2580.8517,
28.12.2019,00.00,978,EUR,1,Євро,26.422,
29.12.2019,00.00,978,EUR,1,Євро,26.422,
30.12.2019,00.00,978,EUR,1,Євро,26.422,
31.12.2019,00.00,978,EUR,1,Євро,26.422,
01.01.2020,00.00,978,EUR,1,Євро,26.422,
02.01.2020,00.00,978,EUR,1,Євро,26.422,
03.01.2020,00.00,978,EUR,1,Євро,26.422,
04.01.2020,00.00,978,EUR,1,Євро,26.422,
05.01.2020,00.00,978,EUR,1,Євро,26.422,
06.01.2020,00.00,978,EUR,1,Євро,26.422,
07.01.2020,00.00,978,EUR,1,Євро,26.422,
08.01.2020,00.00,978,EUR,1,Євро,26.3932,
09.01.2020,00.00,978,EUR,1,Євро,26.4909,
10.01.2020,00.00,978,EUR,1,Євро,26.7998,
11.01.2020,00.00,978,EUR,1,Євро,26.5874,
12.01.2020,00.00,978,EUR,1,Євро,26.5874,
13.01.2020,00.00,978,EUR,1,Євро,26.5874,
14.01.2020,00.00,978,EUR,1,Євро,26.6205,
15.01.2020,00.00,978,EUR,1,Євро,26.6889,
16.01.2020,00.00,978,EUR,1,Євро,26.7269,
17.01.2020,00.00,978,EUR,1,Євро,26.9003,
18.01.2020,00.00,978,EUR,1,Євро,26.9003,
19.01.2020,00.00,978,EUR,1,Євро,26.9003,
20.01.2020,00.00,978,EUR,1,Євро,26.9363,
21.01.2020,00.00,978,EUR,1,Євро,26.9565,
22.01.2020,00.00,978,EUR,1,Євро,26.9695,
23.01.2020,00.00,978,EUR,1,Євро,26.9843,
24.01.2020,00.00,978,EUR,1,Євро,27.1989,
25.01.2020,00.00,978,EUR,1,Євро,27.1989,
26.01.2020,00.00,978,EUR,1,Євро,27.1989,
27.01.2020,00.00,978,EUR,1,Євро,26.8495,
28.01.2020,00.00,978,EUR,1,Євро,27.121,
29.01.2020,00.00,978,EUR,1,Євро,27.2085,
30.01.2020,00.00,978,EUR,1,Євро,27.3253,
31.01.2020,00.00,978,EUR,1,Євро,27.4751,
01.02.2020,00.00,978,EUR,1,Євро,27.4751,
02.02.2020,00.00,978,EUR,1,Євро,27.4751,
03.02.2020,00.00,978,EUR,1,Євро,27.6587,
04.02.2020,00.00,978,EUR,1,Євро,27.7512,
05.02.2020,00.00,978,EUR,1,Євро,27.4556,
06.02.2020,00.00,978,EUR,1,Євро,27.3152,
07.02.2020,00.00,978,EUR,1,Євро,27.0435,
08.02.2020,00.00,978,EUR,1,Євро,27.0435,
09.02.2020,00.00,978,EUR,1,Євро,27.0435,
10.02.2020,00.00,978,EUR,1,Євро,26.9048,
11.02.2020,00.00,978,EUR,1,Євро,26.8518,
12.02.2020,00.00,978,EUR,1,Євро,26.6205,
13.02.2020,00.00,978,EUR,1,Євро,26.7246,
14.02.2020,00.00,978,EUR,1,Євро,26.5872,
15.02.2020,00.00,978,EUR,1,Євро,26.5872,
16.02.2020,00.00,978,EUR,1,Євро,26.5872,
17.02.2020,00.00,978,EUR,1,Євро,26.4944,
18.02.2020,00.00,978,EUR,1,Євро,26.4954,
19.02.2020,00.00,978,EUR,1,Євро,26.4291,
20.02.2020,00.00,978,EUR,1,Євро,26.4862,
21.02.2020,00.00,978,EUR,1,Євро,26.4249,
22.02.2020,00.00,978,EUR,1,Євро,26.4249,
23.02.2020,00.00,978,EUR,1,Євро,26.4249,
24.02.2020,00.00,978,EUR,1,Євро,26.4129,
25.02.2020,00.00,978,EUR,1,Євро,26.5109,
26.02.2020,00.00,978,EUR,1,Євро,26.6035,
27.02.2020,00.00,978,EUR,1,Євро,26.8021,
28.02.2020,00.00,978,EUR,1,Євро,26.9299,
29.02.2020,00.00,978,EUR,1,Євро,26.9299,
01.03.2020,00.00,978,EUR,1,Євро,26.9299,
02.03.2020,00.00,978,EUR,1,Євро,26.9789,
03.03.2020,00.00,978,EUR,1,Євро,27.6075,
04.03.2020,00.00,978,EUR,1,Євро,27.6856,
05.03.2020,00.00,978,EUR,1,Євро,27.7047,
06.03.2020,00.00,978,EUR,1,Євро,27.6942,
07.03.2020,00.00,978,EUR,1,Євро,27.6942,
08.03.2020,00.00,978,EUR,1,Євро,27.6942,
09.03.2020,00.00,978,EUR,1,Євро,27.6942,
10.03.2020,00.00,978,EUR,1,Євро,28.2336,
11.03.2020,00.00,978,EUR,1,Євро,28.7916,
12.03.2020,00.00,978,EUR,1,Євро,29.0499,
13.03.2020,00.00,978,EUR,1,Євро,29.054,
14.03.2020,00.00,978,EUR,1,Євро,29.054,
15.03.2020,00.00,978,EUR,1,Євро,29.054,
16.03.2020,00.00,978,EUR,1,Євро,28.9901,
17.03.2020,00.00,978,EUR,1,Євро,29.5249,
18.03.2020,00.00,978,EUR,1,Євро,29.7271,
19.03.2020,00.00,978,EUR,1,Євро,29.7936,
20.03.2020,00.00,978,EUR,1,Євро,30.0934,
21.03.2020,00.00,978,EUR,1,Євро,30.0934,
22.03.2020,00.00,978,EUR,1,Євро,30.0934,
23.03.2020,00.00,978,EUR,1,Євро,29.6359,
24.03.2020,00.00,978,EUR,1,Євро,30.2463,
25.03.2020,00.00,978,EUR,1,Євро,30.1057,
26.03.2020,00.00,978,EUR,1,Євро,30.2671,
27.03.2020,00.00,978,EUR,1,Євро,30.8633,
28.03.2020,00.00,978,EUR,1,Євро,30.8633,
29.03.2020,00.00,978,EUR,1,Євро,30.8633,
30.03.2020,00.00,978,EUR,1,Євро,30.9027,
31.03.2020,00.00,978,EUR,1,Євро,30.9617,
01.04.2020,00.00,978,EUR,1,Євро,30.2564,
02.04.2020,00.00,978,EUR,1,Євро,30.3238,
03.04.2020,00.00,978,EUR,1,Євро,30.0812,
04.04.2020,00.00,978,EUR,1,Євро,30.0812,
05.04.2020,00.00,978,EUR,1,Євро,30.0812,
06.04.2020,00.00,978,EUR,1,Євро,29.5601,
07.04.2020,00.00,978,EUR,1,Євро,29.3827,
08.04.2020,00.00,978,EUR,1,Євро,29.567,
09.04.2020,00.00,978,EUR,1,Євро,29.5762,
10.04.2020,00.00,978,EUR,1,Євро,29.6382,
11.04.2020,00.00,978,EUR,1,Євро,29.6382,
12.04.2020,00.00,978,EUR,1,Євро,29.6382,
13.04.2020,00.00,978,EUR,1,Євро,29.5606,
14.04.2020,00.00,978,EUR,1,Євро,29.5376,
15.04.2020,00.00,978,EUR,1,Євро,29.7081,
16.04.2020,00.00,978,EUR,1,Євро,29.6351,
17.04.2020,00.00,978,EUR,1,Євро,29.6341,
18.04.2020,00.00,978,EUR,1,Євро,29.6341,
19.04.2020,00.00,978,EUR,1,Євро,29.6341,
20.04.2020,00.00,978,EUR,1,Євро,29.6341,
21.04.2020,00.00,978,EUR,1,Євро,29.4277,
22.04.2020,00.00,978,EUR,1,Євро,29.3577,
23.04.2020,00.00,978,EUR,1,Євро,29.4181,
24.04.2020,00.00,978,EUR,1,Євро,29.1383,
25.04.2020,00.00,978,EUR,1,Євро,29.1383,
26.04.2020,00.00,978,EUR,1,Євро,29.1383,
27.04.2020,00.00,978,EUR,1,Євро,29.3306,
28.04.2020,00.00,978,EUR,1,Євро,29.4184,
29.04.2020,00.00,978,EUR,1,Євро,29.4274,
30.04.2020,00.00,978,EUR,1,Євро,29.2424,
01.05.2020,00.00,978,EUR,1,Євро,29.2424,
02.05.2020,00.00,978,EUR,1,Євро,29.2424,
03.05.2020,00.00,978,EUR,1,Євро,29.2424,
04.05.2020,00.00,978,EUR,1,Євро,29.2939,
05.05.2020,00.00,978,EUR,1,Євро,29.5078,
06.05.2020,00.00,978,EUR,1,Євро,29.2691,
07.05.2020,00.00,978,EUR,1,Євро,29.1017,
08.05.2020,00.00,978,EUR,1,Євро,28.9117,
09.05.2020,00.00,978,EUR,1,Євро,28.9117,
10.05.2020,00.00,978,EUR,1,Євро,28.9117,
11.05.2020,00.00,978,EUR,1,Євро,28.9117,
12.05.2020,00.00,978,EUR,1,Євро,29.0966,
13.05.2020,00.00,978,EUR,1,Євро,29.0843,
14.05.2020,00.00,978,EUR,1,Євро,29.0291,
15.05.2020,00.00,978,EUR,1,Євро,28.7869,
16.05.2020,00.00,978,EUR,1,Євро,28.7869,
17.05.2020,00.00,978,EUR,1,Євро,28.7869,
18.05.2020,00.00,978,EUR,1,Євро,28.7677,
19.05.2020,00.00,978,EUR,1,Євро,28.791,
20.05.2020,00.00,978,EUR,1,Євро,29.0217,
21.05.2020,00.00,978,EUR,1,Євро,29.1403,
22.05.2020,00.00,978,EUR,1,Євро,29.4616,
23.05.2020,00.00,978,EUR,1,Євро,29.4616,
24.05.2020,00.00,978,EUR,1,Євро,29.4616,
25.05.2020,00.00,978,EUR,1,Євро,29.1676,
26.05.2020,00.00,978,EUR,1,Євро,29.3157,
27.05.2020,00.00,978,EUR,1,Євро,29.5084,
28.05.2020,00.00,978,EUR,1,Євро,29.7151,
29.05.2020,00.00,978,EUR,1,Євро,29.6234,
30.05.2020,00.00,978,EUR,1,Євро,29.6234,
31.05.2020,00.00,978,EUR,1,Євро,29.6234,
01.06.2020,00.00,978,EUR,1,Євро,29.9275,
02.06.2020,00.00,978,EUR,1,Євро,29.8043,
03.06.2020,00.00,978,EUR,1,Євро,29.9185,
04.06.2020,00.00,978,EUR,1,Євро,29.9609,
05.06.2020,00.00,978,EUR,1,Євро,29.9975,
06.06.2020,00.00,978,EUR,1,Євро,29.9975,
07.06.2020,00.00,978,EUR,1,Євро,29.9975,
08.06.2020,00.00,978,EUR,1,Євро,29.9975,
09.06.2020,00.00,978,EUR,1,Євро,30.1477,
10.06.2020,00.00,978,EUR,1,Євро,30.0872,
11.06.2020,00.00,978,EUR,1,Євро,30.2859,
12.06.2020,00.00,978,EUR,1,Євро,30.1723,
13.06.2020,00.00,978,EUR,1,Євро,30.1723,
14.06.2020,00.00,978,EUR,1,Євро,30.1723,
15.06.2020,00.00,978,EUR,1,Євро,30.2119,
16.06.2020,00.00,978,EUR,1,Євро,30.2062,
17.06.2020,00.00,978,EUR,1,Євро,30.239,
18.06.2020,00.00,978,EUR,1,Євро,30.0681,
19.06.2020,00.00,978,EUR,1,Євро,30.0579,
20.06.2020,00.00,978,EUR,1,Євро,30.0579,
21.06.2020,00.00,978,EUR,1,Євро,30.0579,
22.06.2020,00.00,978,EUR,1,Євро,29.9953,
23.06.2020,00.00,978,EUR,1,Євро,29.8952,
24.06.2020,00.00,978,EUR,1,Євро,30.1227,
25.06.2020,00.00,978,EUR,1,Євро,30.0675,
26.06.2020,00.00,978,EUR,1,Євро,29.9122,
27.06.2020,00.00,978,EUR,1,Євро,29.9122,
28.06.2020,00.00,978,EUR,1,Євро,29.9122,
29.06.2020,00.00,978,EUR,1,Євро,29.9122,
30.06.2020,00.00,978,EUR,1,Євро,29.95,
01.07.2020,00.00,978,EUR,1,Євро,29.8677,
02.07.2020,00.00,978,EUR,1,Євро,29.9971,
03.07.2020,00.00,978,EUR,1,Євро,30.6592,
04.07.2020,00.00,978,EUR,1,Євро,30.6592,
05.07.2020,00.00,978,EUR,1,Євро,30.6592,
06.07.2020,00.00,978,EUR,1,Євро,30.5069,
07.07.2020,00.00,978,EUR,1,Євро,30.7226,
08.07.2020,00.00,978,EUR,1,Євро,30.409,
09.07.2020,00.00,978,EUR,1,Євро,30.4295,
10.07.2020,00.00,978,EUR,1,Євро,30.5359,
11.07.2020,00.00,978,EUR,1,Євро,30.5359,
12.07.2020,00.00,978,EUR,1,Євро,30.5359,
13.07.2020,00.00,978,EUR,1,Євро,30.3988,
14.07.2020,00.00,978,EUR,1,Євро,30.687,
15.07.2020,00.00,978,EUR,1,Євро,30.8745,
16.07.2020,00.00,978,EUR,1,Євро,31.0309,
17.07.2020,00.00,978,EUR,1,Євро,31.129,
18.07.2020,00.00,978,EUR,1,Євро,31.129,
19.07.2020,00.00,978,EUR,1,Євро,31.129,
20.07.2020,00.00,978,EUR,1,Євро,31.2554,
21.07.2020,00.00,978,EUR,1,Євро,31.5908,
22.07.2020,00.00,978,EUR,1,Євро,31.6719,
23.07.2020,00.00,978,EUR,1,Євро,32.1898,
24.07.2020,00.00,978,EUR,1,Євро,32.2366,
25.07.2020,00.00,978,EUR,1,Євро,32.2366,
26.07.2020,00.00,978,EUR,1,Євро,32.2366,
27.07.2020,00.00,978,EUR,1,Євро,32.2246,
28.07.2020,00.00,978,EUR,1,Євро,32.6049,
29.07.2020,00.00,978,EUR,1,Євро,32.4539,
30.07.2020,00.00,978,EUR,1,Євро,32.4696,
31.07.2020,00.00,978,EUR,1,Євро,32.547,
01.08.2020,00.00,978,EUR,1,Євро,32.547,
02.08.2020,00.00,978,EUR,1,Євро,32.547,
03.08.2020,00.00,978,EUR,1,Євро,32.7812,
04.08.2020,00.00,978,EUR,1,Євро,32.5169,
05.08.2020,00.00,978,EUR,1,Євро,32.7234,
06.08.2020,00.00,978,EUR,1,Євро,32.9012,
07.08.2020,00.00,978,EUR,1,Євро,32.7972,
08.08.2020,00.00,978,EUR,1,Євро,32.7972,
09.08.2020,00.00,978,EUR,1,Євро,32.7972,
10.08.2020,00.00,978,EUR,1,Євро,32.6848,
11.08.2020,00.00,978,EUR,1,Євро,32.4653,
12.08.2020,00.00,978,EUR,1,Євро,32.5562,
13.08.2020,00.00,978,EUR,1,Євро,32.3961,
14.08.2020,00.00,978,EUR,1,Євро,32.4185,
15.08.2020,00.00,978,EUR,1,Євро,32.4185,
16.08.2020,00.00,978,EUR,1,Євро,32.4185,
17.08.2020,00.00,978,EUR,1,Євро,32.3082,
18.08.2020,00.00,978,EUR,1,Євро,32.3741,
19.08.2020,00.00,978,EUR,1,Євро,32.4973,
20.08.2020,00.00,978,EUR,1,Євро,32.6044,
21.08.2020,00.00,978,EUR,1,Євро,32.5529,
22.08.2020,00.00,978,EUR,1,Євро,32.5529,
23.08.2020,00.00,978,EUR,1,Євро,32.5529,
24.08.2020,00.00,978,EUR,1,Євро,32.5529,
25.08.2020,00.00,978,EUR,1,Євро,32.2416,
26.08.2020,00.00,978,EUR,1,Євро,32.4087,
27.08.2020,00.00,978,EUR,1,Євро,32.2812,
28.08.2020,00.00,978,EUR,1,Євро,32.4279,
29.08.2020,00.00,978,EUR,1,Євро,32.4279,
30.08.2020,00.00,978,EUR,1,Євро,32.4279,
31.08.2020,00.00,978,EUR,1,Євро,32.7334,
01.09.2020,00.00,978,EUR,1,Євро,32.895,
02.09.2020,00.00,978,EUR,1,Євро,33.0721,
03.09.2020,00.00,978,EUR,1,Євро,32.7996,
04.09.2020,00.00,978,EUR,1,Євро,32.7319,
05.09.2020,00.00,978,EUR,1,Євро,32.7319,
06.09.2020,00.00,978,EUR,1,Євро,32.7319,
07.09.2020,00.00,978,EUR,1,Євро,32.8589,
08.09.2020,00.00,978,EUR,1,Євро,32.8099,
09.09.2020,00.00,978,EUR,1,Євро,32.798,
10.09.2020,00.00,978,EUR,1,Євро,32.768,
11.09.2020,00.00,978,EUR,1,Євро,32.9687,
12.09.2020,00.00,978,EUR,1,Євро,32.9687,
13.09.2020,00.00,978,EUR,1,Євро,32.9687,
14.09.2020,00.00,978,EUR,1,Євро,33.0674,
15.09.2020,00.00,978,EUR,1,Євро,33.2476,
16.09.2020,00.00,978,EUR,1,Євро,33.3441,
17.09.2020,00.00,978,EUR,1,Євро,33.3877,
18.09.2020,00.00,978,EUR,1,Євро,33.1744,
19.09.2020,00.00,978,EUR,1,Євро,33.1744,
20.09.2020,00.00,978,EUR,1,Євро,33.1744,
21.09.2020,00.00,978,EUR,1,Євро,33.3456,
22.09.2020,00.00,978,EUR,1,Євро,33.1996,
23.09.2020,00.00,978,EUR,1,Євро,33.1151,
24.09.2020,00.00,978,EUR,1,Євро,32.9609,
25.09.2020,00.00,978,EUR,1,Євро,32.8942,
26.09.2020,00.00,978,EUR,1,Євро,32.8942,
27.09.2020,00.00,978,EUR,1,Євро,32.8942,
28.09.2020,00.00,978,EUR,1,Євро,32.8763,
29.09.2020,00.00,978,EUR,1,Євро,33.0376,
30.09.2020,00.00,978,EUR,1,Євро,33.1309,
01.10.2020,00.00,978,EUR,1,Євро,33.1643,
02.10.2020,00.00,978,EUR,1,Євро,33.3282,
03.10.2020,00.00,978,EUR,1,Євро,33.3282,
04.10.2020,00.00,978,EUR,1,Євро,33.3282,
05.10.2020,00.00,978,EUR,1,Євро,33.2324,
06.10.2020,00.00,978,EUR,1,Євро,33.4037,
07.10.2020,00.00,978,EUR,1,Євро,33.4822,
08.10.2020,00.00,978,EUR,1,Євро,33.3303,
09.10.2020,00.00,978,EUR,1,Євро,33.2799,
10.10.2020,00.00,978,EUR,1,Євро,33.2799,
11.10.2020,00.00,978,EUR,1,Євро,33.2799,
12.10.2020,00.00,978,EUR,1,Євро,33.2791,
13.10.2020,00.00,978,EUR,1,Євро,33.3398,
14.10.2020,00.00,978,EUR,1,Євро,33.3398,
15.10.2020,00.00,978,EUR,1,Євро,33.3935,
16.10.2020,00.00,978,EUR,1,Євро,33.1764,
17.10.2020,00.00,978,EUR,1,Євро,33.1764,
18.10.2020,00.00,978,EUR,1,Євро,33.1764,
19.10.2020,00.00,978,EUR,1,Євро,33.3018,
20.10.2020,00.00,978,EUR,1,Євро,33.4343,
21.10.2020,00.00,978,EUR,1,Євро,33.5044,
22.10.2020,00.00,978,EUR,1,Євро,33.5312,
23.10.2020,00.00,978,EUR,1,Євро,33.4106,
24.10.2020,00.00,978,EUR,1,Євро,33.4106,
25.10.2020,00.00,978,EUR,1,Євро,33.4106,
26.10.2020,00.00,978,EUR,1,Євро,33.549,
27.10.2020,00.00,978,EUR,1,Євро,33.4908,
28.10.2020,00.00,978,EUR,1,Євро,33.5578,
29.10.2020,00.00,978,EUR,1,Євро,33.3133,
30.10.2020,00.00,978,EUR,1,Євро,33.2984,
31.10.2020,00.00,978,EUR,1,Євро,33.2984,
01.11.2020,00.00,978,EUR,1,Євро,33.2984,
02.11.2020,00.00,978,EUR,1,Євро,33.2475,
03.11.2020,00.00,978,EUR,1,Євро,33.2917,
04.11.2020,00.00,978,EUR,1,Євро,33.4806,
05.11.2020,00.00,978,EUR,1,Євро,33.4249,
06.11.2020,00.00,978,EUR,1,Євро,33.5819,
07.11.2020,00.00,978,EUR,1,Євро,33.5819,
08.11.2020,00.00,978,EUR,1,Євро,33.5819,
09.11.2020,00.00,978,EUR,1,Євро,33.4245,
10.11.2020,00.00,978,EUR,1,Євро,33.3938,
11.11.2020,00.00,978,EUR,1,Євро,33.2006,
12.11.2020,00.00,978,EUR,1,Євро,33.1441,
13.11.2020,00.00,978,EUR,1,Євро,33.266,
14.11.2020,00.00,978,EUR,1,Євро,33.266,
15.11.2020,00.00,978,EUR,1,Євро,33.266,
16.11.2020,00.00,978,EUR,1,Євро,33.2118,
17.11.2020,00.00,978,EUR,1,Євро,33.241,
18.11.2020,00.00,978,EUR,1,Євро,33.3964,
19.11.2020,00.00,978,EUR,1,Євро,33.3608,
20.11.2020,00.00,978,EUR,1,Євро,33.4353,
21.11.2020,00.00,978,EUR,1,Євро,33.4353,
22.11.2020,00.00,978,EUR,1,Євро,33.4353,
23.11.2020,00.00,978,EUR,1,Євро,33.6266,
24.11.2020,00.00,978,EUR,1,Євро,33.7553,
25.11.2020,00.00,978,EUR,1,Євро,33.6801,
26.11.2020,00.00,978,EUR,1,Євро,33.784,
27.11.2020,00.00,978,EUR,1,Євро,33.8455,
28.11.2020,00.00,978,EUR,1,Євро,33.8455,
29.11.2020,00.00,978,EUR,1,Євро,33.8455,
30.11.2020,00.00,978,EUR,1,Євро,33.9596,
01.12.2020,00.00,978,EUR,1,Євро,34.1456,
02.12.2020,00.00,978,EUR,1,Євро,34.2157,
03.12.2020,00.00,978,EUR,1,Євро,34.316,
04.12.2020,00.00,978,EUR,1,Євро,34.4047,
05.12.2020,00.00,978,EUR,1,Євро,34.4047,
06.12.2020,00.00,978,EUR,1,Євро,34.4047,
07.12.2020,00.00,978,EUR,1,Євро,34.3895,
08.12.2020,00.00,978,EUR,1,Євро,34.2586,
09.12.2020,00.00,978,EUR,1,Євро,34.0546,
10.12.2020,00.00,978,EUR,1,Євро,33.9558,
11.12.2020,00.00,978,EUR,1,Євро,33.9946,
12.12.2020,00.00,978,EUR,1,Євро,33.9946,
13.12.2020,00.00,978,EUR,1,Євро,33.9946,
14.12.2020,00.00,978,EUR,1,Євро,33.8941,
15.12.2020,00.00,978,EUR,1,Євро,33.888,
16.12.2020,00.00,978,EUR,1,Євро,33.6897,
17.12.2020,00.00,978,EUR,1,Євро,33.8021,
18.12.2020,00.00,978,EUR,1,Євро,34.0789,
19.12.2020,00.00,978,EUR,1,Євро,34.0789,
20.12.2020,00.00,978,EUR,1,Євро,34.0789,
21.12.2020,00.00,978,EUR,1,Євро,34.1018,
22.12.2020,00.00,978,EUR,1,Євро,34.1811,
23.12.2020,00.00,978,EUR,1,Євро,34.5669,
24.12.2020,00.00,978,EUR,1,Євро,34.6156,
25.12.2020,00.00,978,EUR,1,Євро,34.6156,
26.12.2020,00.00,978,EUR,1,Євро,34.6156,
27.12.2020,00.00,978,EUR,1,Євро,34.6156,
28.12.2020,00.00,978,EUR,1,Євро,34.5601,
29.12.2020,00.00,978,EUR,1,Євро,34.6458,
30.12.2020,00.00,978,EUR,1,Євро,34.6375,
31.12.2020,00.00,978,EUR,1,Євро,34.7396,
01.01.2021,00.00,978,EUR,1,Євро,34.7396,
02.01.2021,00.00,978,EUR,1,Євро,34.7396,
03.01.2021,00.00,978,EUR,1,Євро,34.7396,
04.01.2021,00.00,978,EUR,1,Євро,34.7396,
05.01.2021,00.00,978,EUR,1,Євро,34.9389,
06.01.2021,00.00,978,EUR,1,Євро,34.846,
07.01.2021,00.00,978,EUR,1,Євро,34.846,
08.01.2021,00.00,978,EUR,1,Євро,34.846,
09.01.2021,00.00,978,EUR,1,Євро,34.846,
10.01.2021,00.00,978,EUR,1,Євро,34.846,
11.01.2021,00.00,978,EUR,1,Євро,34.909,
12.01.2021,00.00,978,EUR,1,Євро,34.2817,
13.01.2021,00.00,978,EUR,1,Євро,34.0787,
14.01.2021,00.00,978,EUR,1,Євро,34.0373,
15.01.2021,00.00,978,EUR,1,Євро,33.9888,
16.01.2021,00.00,978,EUR,1,Євро,34.0121,
17.01.2021,00.00,978,EUR,1,Євро,34.0121,
18.01.2021,00.00,978,EUR,1,Євро,34.0121,
19.01.2021,00.00,978,EUR,1,Євро,34.0158,
20.01.2021,00.00,978,EUR,1,Євро,34.1555,
21.01.2021,00.00,978,EUR,1,Євро,34.1488,
22.01.2021,00.00,978,EUR,1,Євро,34.3651,
23.01.2021,00.00,978,EUR,1,Євро,34.3651,
24.01.2021,00.00,978,EUR,1,Євро,34.3651,
25.01.2021,00.00,978,EUR,1,Євро,34.2526,
26.01.2021,00.00,978,EUR,1,Євро,34.2265,
27.01.2021,00.00,978,EUR,1,Євро,34.1897,
28.01.2021,00.00,978,EUR,1,Євро,34.1207,
29.01.2021,00.00,978,EUR,1,Євро,34.1035,
30.01.2021,00.00,978,EUR,1,Євро,34.1035,
31.01.2021,00.00,978,EUR,1,Євро,34.1035,
01.02.2021,00.00,978,EUR,1,Євро,34.157,
02.02.2021,00.00,978,EUR,1,Євро,33.9039,
03.02.2021,00.00,978,EUR,1,Євро,33.7913,
04.02.2021,00.00,978,EUR,1,Євро,33.6374,
05.02.2021,00.00,978,EUR,1,Євро,33.4509,
06.02.2021,00.00,978,EUR,1,Євро,33.4509,
07.02.2021,00.00,978,EUR,1,Євро,33.4509,
08.02.2021,00.00,978,EUR,1,Євро,33.2823,
09.02.2021,00.00,978,EUR,1,Євро,33.2604,
10.02.2021,00.00,978,EUR,1,Євро,33.4406,
11.02.2021,00.00,978,EUR,1,Євро,33.6655,
12.02.2021,00.00,978,EUR,1,Євро,33.8111,
13.02.2021,00.00,978,EUR,1,Євро,33.8111,
14.02.2021,00.00,978,EUR,1,Євро,33.8111,
15.02.2021,00.00,978,EUR,1,Євро,33.6801,
16.02.2021,00.00,978,EUR,1,Євро,33.9297,
17.02.2021,00.00,978,EUR,1,Євро,33.7708,
18.02.2021,00.00,978,EUR,1,Євро,33.6422,
19.02.2021,00.00,978,EUR,1,Євро,33.6478,
20.02.2021,00.00,978,EUR,1,Євро,33.6478,
21.02.2021,00.00,978,EUR,1,Євро,33.6478,
22.02.2021,00.00,978,EUR,1,Євро,33.7768,
23.02.2021,00.00,978,EUR,1,Євро,33.8866,
24.02.2021,00.00,978,EUR,1,Євро,33.883,
25.02.2021,00.00,978,EUR,1,Євро,33.9289,
26.02.2021,00.00,978,EUR,1,Євро,34.1459,
27.02.2021,00.00,978,EUR,1,Євро,34.1459,
28.02.2021,00.00,978,EUR,1,Євро,34.1459,
01.03.2021,00.00,978,EUR,1,Євро,33.8449,
02.03.2021,00.00,978,EUR,1,Євро,33.717,
03.03.2021,00.00,978,EUR,1,Євро,33.6006,
04.03.2021,00.00,978,EUR,1,Євро,33.5565,
05.03.2021,00.00,978,EUR,1,Євро,33.4062,
06.03.2021,00.00,978,EUR,1,Євро,33.4062,
07.03.2021,00.00,978,EUR,1,Євро,33.4062,
08.03.2021,00.00,978,EUR,1,Євро,33.4062,
09.03.2021,00.00,978,EUR,1,Євро,33.075,
10.03.2021,00.00,978,EUR,1,Євро,32.9741,
11.03.2021,00.00,978,EUR,1,Євро,32.9317,
12.03.2021,00.00,978,EUR,1,Євро,33.1748,
13.03.2021,00.00,978,EUR,1,Євро,33.1748,
14.03.2021,00.00,978,EUR,1,Євро,33.1748,
15.03.2021,00.00,978,EUR,1,Євро,33.0839,
16.03.2021,00.00,978,EUR,1,Євро,32.9523,
17.03.2021,00.00,978,EUR,1,Євро,32.9632,
18.03.2021,00.00,978,EUR,1,Євро,32.9853,
19.03.2021,00.00,978,EUR,1,Євро,32.9785,
20.03.2021,00.00,978,EUR,1,Євро,32.9785,
21.03.2021,00.00,978,EUR,1,Євро,32.9785,
22.03.2021,00.00,978,EUR,1,Євро,32.9502,
23.03.2021,00.00,978,EUR,1,Євро,33.0072,
24.03.2021,00.00,978,EUR,1,Євро,32.9329,
25.03.2021,00.00,978,EUR,1,Євро,32.9389,
26.03.2021,00.00,978,EUR,1,Євро,33.0337,
27.03.2021,00.00,978,EUR,1,Євро,33.0337,
28.03.2021,00.00,978,EUR,1,Євро,33.0337,
29.03.2021,00.00,978,EUR,1,Євро,32.9532,
30.03.2021,00.00,978,EUR,1,Євро,32.9661,
31.03.2021,00.00,978,EUR,1,Євро,32.7233,
01.04.2021,00.00,978,EUR,1,Євро,32.629,
02.04.2021,00.00,978,EUR,1,Євро,32.7003,
03.04.2021,00.00,978,EUR,1,Євро,32.7003,
04.04.2021,00.00,978,EUR,1,Євро,32.7003,
05.04.2021,00.00,978,EUR,1,Євро,32.8365,
06.04.2021,00.00,978,EUR,1,Євро,32.8632,
07.04.2021,00.00,978,EUR,1,Євро,32.898,
08.04.2021,00.00,978,EUR,1,Євро,33.1388,
09.04.2021,00.00,978,EUR,1,Євро,33.2266,
10.04.2021,00.00,978,EUR,1,Євро,33.2266,
11.04.2021,00.00,978,EUR,1,Євро,33.2266,
12.04.2021,00.00,978,EUR,1,Євро,33.1522,
13.04.2021,00.00,978,EUR,1,Євро,33.2758,
14.04.2021,00.00,978,EUR,1,Євро,33.3218,
15.04.2021,00.00,978,EUR,1,Євро,33.4753,
16.04.2021,00.00,978,EUR,1,Євро,33.4616,
17.04.2021,00.00,978,EUR,1,Євро,33.4616,
18.04.2021,00.00,978,EUR,1,Євро,33.4616,
19.04.2021,00.00,978,EUR,1,Євро,33.525,
20.04.2021,00.00,978,EUR,1,Євро,33.7099,
21.04.2021,00.00,978,EUR,1,Євро,33.7362,
22.04.2021,00.00,978,EUR,1,Євро,33.6986,
23.04.2021,00.00,978,EUR,1,Євро,33.8103,
24.04.2021,00.00,978,EUR,1,Євро,33.8103,
25.04.2021,00.00,978,EUR,1,Євро,33.8103,
26.04.2021,00.00,978,EUR,1,Євро,33.6714,
27.04.2021,00.00,978,EUR,1,Євро,33.6512,
28.04.2021,00.00,978,EUR,1,Євро,33.5577,
29.04.2021,00.00,978,EUR,1,Євро,33.526,
30.04.2021,00.00,978,EUR,1,Євро,33.6427,
01.05.2021,00.00,978,EUR,1,Євро,33.6427,
02.05.2021,00.00,978,EUR,1,Євро,33.6427,
03.05.2021,00.00,978,EUR,1,Євро,33.6427,
04.05.2021,00.00,978,EUR,1,Євро,33.6427,
05.05.2021,00.00,978,EUR,1,Євро,33.5112,
06.05.2021,00.00,978,EUR,1,Євро,33.2751,
07.05.2021,00.00,978,EUR,1,Євро,33.4129,
08.05.2021,00.00,978,EUR,1,Євро,33.4129,
09.05.2021,00.00,978,EUR,1,Євро,33.4129,
10.05.2021,00.00,978,EUR,1,Євро,33.4129,
11.05.2021,00.00,978,EUR,1,Євро,33.4904,
12.05.2021,00.00,978,EUR,1,Євро,33.6728,
13.05.2021,00.00,978,EUR,1,Євро,33.4953,
14.05.2021,00.00,978,EUR,1,Євро,33.3738,
15.05.2021,00.00,978,EUR,1,Євро,33.3738,
16.05.2021,00.00,978,EUR,1,Євро,33.3738,
17.05.2021,00.00,978,EUR,1,Євро,33.4781,
18.05.2021,00.00,978,EUR,1,Євро,33.4449,
19.05.2021,00.00,978,EUR,1,Євро,33.5319,
20.05.2021,00.00,978,EUR,1,Євро,33.488,
21.05.2021,00.00,978,EUR,1,Євро,33.5174,
22.05.2021,00.00,978,EUR,1,Євро,33.5174,
23.05.2021,00.00,978,EUR,1,Євро,33.5174,
24.05.2021,00.00,978,EUR,1,Євро,33.4799,
25.05.2021,00.00,978,EUR,1,Євро,33.4911,
26.05.2021,00.00,978,EUR,1,Євро,33.6643,
27.05.2021,00.00,978,EUR,1,Євро,33.6765,
28.05.2021,00.00,978,EUR,1,Євро,33.5693,
29.05.2021,00.00,978,EUR,1,Євро,33.5693,
30.05.2021,00.00,978,EUR,1,Євро,33.5693,
31.05.2021,00.00,978,EUR,1,Євро,33.3896,
01.06.2021,00.00,978,EUR,1,Євро,33.5116,
02.06.2021,00.00,978,EUR,1,Євро,33.5335,
03.06.2021,00.00,978,EUR,1,Євро,33.3348,
04.06.2021,00.00,978,EUR,1,Євро,33.2577,
05.06.2021,00.00,978,EUR,1,Євро,33.2577,
06.06.2021,00.00,978,EUR,1,Євро,33.2577,
07.06.2021,00.00,978,EUR,1,Євро,33.0635,
08.06.2021,00.00,978,EUR,1,Євро,33.0781,
09.06.2021,00.00,978,EUR,1,Євро,33.1104,
10.06.2021,00.00,978,EUR,1,Євро,33.0248,
11.06.2021,00.00,978,EUR,1,Євро,32.989,
12.06.2021,00.00,978,EUR,1,Євро,32.989,
13.06.2021,00.00,978,EUR,1,Євро,32.989,
14.06.2021,00.00,978,EUR,1,Євро,32.7905,
15.06.2021,00.00,978,EUR,1,Євро,32.7053,
16.06.2021,00.00,978,EUR,1,Євро,32.6166,
17.06.2021,00.00,978,EUR,1,Євро,32.7722,
18.06.2021,00.00,978,EUR,1,Євро,32.4424,
19.06.2021,00.00,978,EUR,1,Євро,32.4424,
20.06.2021,00.00,978,EUR,1,Євро,32.4424,
21.06.2021,00.00,978,EUR,1,Євро,32.4424,
22.06.2021,00.00,978,EUR,1,Євро,32.2882,
23.06.2021,00.00,978,EUR,1,Євро,32.467,
24.06.2021,00.00,978,EUR,1,Євро,32.6003,
25.06.2021,00.00,978,EUR,1,Євро,32.7928,
26.06.2021,00.00,978,EUR,1,Євро,32.7928,
27.06.2021,00.00,978,EUR,1,Євро,32.7928,
28.06.2021,00.00,978,EUR,1,Євро,32.7928,
29.06.2021,00.00,978,EUR,1,Євро,32.7401,
30.06.2021,00.00,978,EUR,1,Євро,32.3018,
01.07.2021,00.00,978,EUR,1,Євро,32.3463,
02.07.2021,00.00,978,EUR,1,Євро,32.5227,
03.07.2021,00.00,978,EUR,1,Євро,32.5227,
04.07.2021,00.00,978,EUR,1,Євро,32.5227,
05.07.2021,00.00,978,EUR,1,Євро,32.4107,
06.07.2021,00.00,978,EUR,1,Євро,32.3732,
07.07.2021,00.00,978,EUR,1,Євро,32.2623,
08.07.2021,00.00,978,EUR,1,Євро,32.291,
09.07.2021,00.00,978,EUR,1,Євро,32.3191,
10.07.2021,00.00,978,EUR,1,Євро,32.3191,
11.07.2021,00.00,978,EUR,1,Євро,32.3191,
12.07.2021,00.00,978,EUR,1,Євро,32.4056,
13.07.2021,00.00,978,EUR,1,Євро,32.3459,
14.07.2021,00.00,978,EUR,1,Євро,32.372,
15.07.2021,00.00,978,EUR,1,Євро,32.2482,
16.07.2021,00.00,978,EUR,1,Євро,32.2369,
17.07.2021,00.00,978,EUR,1,Євро,32.2369,
18.07.2021,00.00,978,EUR,1,Євро,32.2369,
19.07.2021,00.00,978,EUR,1,Євро,32.141,
20.07.2021,00.00,978,EUR,1,Євро,32.0313,
21.07.2021,00.00,978,EUR,1,Євро,32.0344,
22.07.2021,00.00,978,EUR,1,Євро,32.0607,
23.07.2021,00.00,978,EUR,1,Євро,32.0343,
24.07.2021,00.00,978,EUR,1,Євро,32.0343,
25.07.2021,00.00,978,EUR,1,Євро,32.0343,
26.07.2021,00.00,978,EUR,1,Євро,31.845,
27.07.2021,00.00,978,EUR,1,Євро,31.8087,
28.07.2021,00.00,978,EUR,1,Євро,31.7814,
29.07.2021,00.00,978,EUR,1,Євро,31.7021,
30.07.2021,00.00,978,EUR,1,Євро,31.9239,
31.07.2021,00.00,978,EUR,1,Євро,31.9239,
01.08.2021,00.00,978,EUR,1,Євро,31.9239,
02.08.2021,00.00,978,EUR,1,Євро,31.8946,
03.08.2021,00.00,978,EUR,1,Євро,31.9032,
04.08.2021,00.00,978,EUR,1,Євро,31.8913,
05.08.2021,00.00,978,EUR,1,Євро,31.9482,
06.08.2021,00.00,978,EUR,1,Євро,31.8964,
07.08.2021,00.00,978,EUR,1,Євро,31.8964,
08.08.2021,00.00,978,EUR,1,Євро,31.8964,
09.08.2021,00.00,978,EUR,1,Євро,31.6756,
10.08.2021,00.00,978,EUR,1,Євро,31.5302,
11.08.2021,00.00,978,EUR,1,Євро,31.3617,
12.08.2021,00.00,978,EUR,1,Євро,31.4105,
13.08.2021,00.00,978,EUR,1,Євро,31.421,
14.08.2021,00.00,978,EUR,1,Євро,31.421,
15.08.2021,00.00,978,EUR,1,Євро,31.421,
16.08.2021,00.00,978,EUR,1,Євро,31.3978,
17.08.2021,00.00,978,EUR,1,Євро,31.3633,
18.08.2021,00.00,978,EUR,1,Євро,31.382,
19.08.2021,00.00,978,EUR,1,Євро,31.2379,
20.08.2021,00.00,978,EUR,1,Євро,31.169,
21.08.2021,00.00,978,EUR,1,Євро,31.169,
22.08.2021,00.00,978,EUR,1,Євро,31.169,
23.08.2021,00.00,978,EUR,1,Євро,31.169,
24.08.2021,00.00,978,EUR,1,Євро,31.169,
25.08.2021,00.00,978,EUR,1,Євро,31.1287,
26.08.2021,00.00,978,EUR,1,Євро,31.3438,
27.08.2021,00.00,978,EUR,1,Євро,31.5121,
28.08.2021,00.00,978,EUR,1,Євро,31.6645,
29.08.2021,00.00,978,EUR,1,Євро,31.6645,
30.08.2021,00.00,978,EUR,1,Євро,31.6645,
31.08.2021,00.00,978,EUR,1,Євро,31.6963,
01.09.2021,00.00,978,EUR,1,Євро,31.8317,
02.09.2021,00.00,978,EUR,1,Євро,31.9323,
03.09.2021,00.00,978,EUR,1,Євро,32.0067,
04.09.2021,00.00,978,EUR,1,Євро,32.0067,
05.09.2021,00.00,978,EUR,1,Євро,32.0067,
06.09.2021,00.00,978,EUR,1,Євро,31.9684,
07.09.2021,00.00,978,EUR,1,Євро,31.8063,
08.09.2021,00.00,978,EUR,1,Євро,31.7091,
09.09.2021,00.00,978,EUR,1,Євро,31.6315,
10.09.2021,00.00,978,EUR,1,Євро,31.624,
11.09.2021,00.00,978,EUR,1,Євро,31.624,
12.09.2021,00.00,978,EUR,1,Євро,31.624,
13.09.2021,00.00,978,EUR,1,Євро,31.5843,
14.09.2021,00.00,978,EUR,1,Євро,31.4472,
15.09.2021,00.00,978,EUR,1,Євро,31.4627,
16.09.2021,00.00,978,EUR,1,Євро,31.517,
17.09.2021,00.00,978,EUR,1,Євро,31.37,
18.09.2021,00.00,978,EUR,1,Євро,31.37,
19.09.2021,00.00,978,EUR,1,Євро,31.37,
20.09.2021,00.00,978,EUR,1,Євро,31.4626,
21.09.2021,00.00,978,EUR,1,Євро,31.2701,
22.09.2021,00.00,978,EUR,1,Євро,31.3566,
23.09.2021,00.00,978,EUR,1,Євро,31.2856,
24.09.2021,00.00,978,EUR,1,Євро,31.0846,
25.09.2021,00.00,978,EUR,1,Євро,31.0846,
26.09.2021,00.00,978,EUR,1,Євро,31.0846,
27.09.2021,00.00,978,EUR,1,Євро,31.2153,
28.09.2021,00.00,978,EUR,1,Євро,31.1764,
29.09.2021,00.00,978,EUR,1,Євро,31.0335,
30.09.2021,00.00,978,EUR,1,Євро,30.981,
01.10.2021,00.00,978,EUR,1,Євро,30.8231,
02.10.2021,00.00,978,EUR,1,Євро,30.8231,
03.10.2021,00.00,978,EUR,1,Євро,30.8231,
04.10.2021,00.00,978,EUR,1,Євро,30.8716,
05.10.2021,00.00,978,EUR,1,Євро,30.9261,
06.10.2021,00.00,978,EUR,1,Євро,30.6536,
07.10.2021,00.00,978,EUR,1,Євро,30.4135,
08.10.2021,00.00,978,EUR,1,Євро,30.4378,
09.10.2021,00.00,978,EUR,1,Євро,30.4378,
10.10.2021,00.00,978,EUR,1,Євро,30.4378,
11.10.2021,00.00,978,EUR,1,Євро,30.4768,
12.10.2021,00.00,978,EUR,1,Євро,30.5012,
13.10.2021,00.00,978,EUR,1,Євро,30.4265,
14.10.2021,00.00,978,EUR,1,Євро,30.4265,
15.10.2021,00.00,978,EUR,1,Євро,30.4265,
16.10.2021,00.00,978,EUR,1,Євро,30.4265,
17.10.2021,00.00,978,EUR,1,Євро,30.4265,
18.10.2021,00.00,978,EUR,1,Євро,30.446,
19.10.2021,00.00,978,EUR,1,Євро,30.5611,
20.10.2021,00.00,978,EUR,1,Євро,30.6056,
21.10.2021,00.00,978,EUR,1,Євро,30.4836,
22.10.2021,00.00,978,EUR,1,Євро,30.4934,
23.10.2021,00.00,978,EUR,1,Євро,30.5774,
24.10.2021,00.00,978,EUR,1,Євро,30.5774,
25.10.2021,00.00,978,EUR,1,Євро,30.5774,
26.10.2021,00.00,978,EUR,1,Євро,30.5749,
27.10.2021,00.00,978,EUR,1,Євро,30.6791,
28.10.2021,00.00,978,EUR,1,Євро,30.6447,
29.10.2021,00.00,978,EUR,1,Євро,30.5032,
30.10.2021,00.00,978,EUR,1,Євро,30.5032,
31.10.2021,00.00,978,EUR,1,Євро,30.5032,
01.11.2021,00.00,978,EUR,1,Євро,30.5953,
02.11.2021,00.00,978,EUR,1,Євро,30.4358,
03.11.2021,00.00,978,EUR,1,Євро,30.4903,
04.11.2021,00.00,978,EUR,1,Євро,30.3646,
05.11.2021,00.00,978,EUR,1,Євро,30.2848,
06.11.2021,00.00,978,EUR,1,Євро,30.2848,
07.11.2021,00.00,978,EUR,1,Євро,30.2848,
08.11.2021,00.00,978,EUR,1,Євро,30.0969,
09.11.2021,00.00,978,EUR,1,Євро,30.2026,
10.11.2021,00.00,978,EUR,1,Євро,30.2075,
11.11.2021,00.00,978,EUR,1,Євро,30.1186,
12.11.2021,00.00,978,EUR,1,Євро,29.9144,
13.11.2021,00.00,978,EUR,1,Євро,29.9144,
14.11.2021,00.00,978,EUR,1,Євро,29.9144,
15.11.2021,00.00,978,EUR,1,Євро,29.9007,
16.11.2021,00.00,978,EUR,1,Євро,30.1468,
17.11.2021,00.00,978,EUR,1,Євро,30.0266,
18.11.2021,00.00,978,EUR,1,Євро,29.9974,
19.11.2021,00.00,978,EUR,1,Євро,29.9688,
20.11.2021,00.00,978,EUR,1,Євро,29.9688,
21.11.2021,00.00,978,EUR,1,Євро,29.9688,
22.11.2021,00.00,978,EUR,1,Євро,29.9796,
23.11.2021,00.00,978,EUR,1,Євро,30.0591,
24.11.2021,00.00,978,EUR,1,Євро,30.2354,
25.11.2021,00.00,978,EUR,1,Євро,30.1734,
26.11.2021,00.00,978,EUR,1,Євро,30.3376,
27.11.2021,00.00,978,EUR,1,Євро,30.3376,
28.11.2021,00.00,978,EUR,1,Євро,30.3376,
29.11.2021,00.00,978,EUR,1,Євро,30.5752,
30.11.2021,00.00,978,EUR,1,Євро,30.6481,
01.12.2021,00.00,978,EUR,1,Євро,30.9221,
02.12.2021,00.00,978,EUR,1,Євро,30.8443,
03.12.2021,00.00,978,EUR,1,Євро,30.9438,
04.12.2021,00.00,978,EUR,1,Євро,30.9438,
05.12.2021,00.00,978,EUR,1,Євро,30.9438,
06.12.2021,00.00,978,EUR,1,Євро,30.8277,
07.12.2021,00.00,978,EUR,1,Євро,30.9055,
08.12.2021,00.00,978,EUR,1,Євро,30.7277,
09.12.2021,00.00,978,EUR,1,Євро,30.7698,
10.12.2021,00.00,978,EUR,1,Євро,30.6773,
11.12.2021,00.00,978,EUR,1,Євро,30.6773,
12.12.2021,00.00,978,EUR,1,Євро,30.6773,
13.12.2021,00.00,978,EUR,1,Євро,30.4521,
14.12.2021,00.00,978,EUR,1,Євро,30.3272,
15.12.2021,00.00,978,EUR,1,Євро,30.534,
16.12.2021,00.00,978,EUR,1,Євро,30.6186,
17.12.2021,00.00,978,EUR,1,Євро,30.8435,
18.12.2021,00.00,978,EUR,1,Євро,30.8435,
19.12.2021,00.00,978,EUR,1,Євро,30.8435,
20.12.2021,00.00,978,EUR,1,Євро,30.8573,
21.12.2021,00.00,978,EUR,1,Євро,30.7661,
22.12.2021,00.00,978,EUR,1,Євро,30.7859,
23.12.2021,00.00,978,EUR,1,Євро,30.8084,
24.12.2021,00.00,978,EUR,1,Євро,30.845,
25.12.2021,00.00,978,EUR,1,Євро,30.845,
26.12.2021,00.00,978,EUR,1,Євро,30.845,
27.12.2021,00.00,978,EUR,1,Євро,30.845,
28.12.2021,00.00,978,EUR,1,Євро,30.8196,
29.12.2021,00.00,978,EUR,1,Євро,30.8401,
30.12.2021,00.00,978,EUR,1,Євро,30.776,
31.12.2021,00.00,978,EUR,1,Євро,30.9226,
01.01.2022,00.00,978,EUR,1,Євро,30.9226,
02.01.2022,00.00,978,EUR,1,Євро,30.9226,
03.01.2022,00.00,978,EUR,1,Євро,30.9226,
04.01.2022,00.00,978,EUR,1,Євро,30.9226,
05.01.2022,00.00,978,EUR,1,Євро,30.7739,
06.01.2022,00.00,978,EUR,1,Євро,31.0421,
07.01.2022,00.00,978,EUR,1,Євро,31.0421,
08.01.2022,00.00,978,EUR,1,Євро,31.0421,
09.01.2022,00.00,978,EUR,1,Євро,31.0421,
10.01.2022,00.00,978,EUR,1,Євро,31.1095,
11.01.2022,00.00,978,EUR,1,Євро,31.116,
12.01.2022,00.00,978,EUR,1,Євро,31.1722,
13.01.2022,00.00,978,EUR,1,Євро,31.4796,
14.01.2022,00.00,978,EUR,1,Євро,31.7813,
15.01.2022,00.00,978,EUR,1,Євро,31.7813,
16.01.2022,00.00,978,EUR,1,Євро,31.7813,
17.01.2022,00.00,978,EUR,1,Євро,31.989,
18.01.2022,00.00,978,EUR,1,Євро,32.0577,
19.01.2022,00.00,978,EUR,1,Євро,32.3406,
20.01.2022,00.00,978,EUR,1,Євро,32.1943,
21.01.2022,00.00,978,EUR,1,Євро,32.1147,
22.01.2022,00.00,978,EUR,1,Євро,32.1147,
23.01.2022,00.00,978,EUR,1,Євро,32.1147,
24.01.2022,00.00,978,EUR,1,Євро,32.1099,
25.01.2022,00.00,978,EUR,1,Євро,32.0594,
26.01.2022,00.00,978,EUR,1,Євро,32.3021,
27.01.2022,00.00,978,EUR,1,Євро,32.4803,
28.01.2022,00.00,978,EUR,1,Євро,32.3432,
29.01.2022,00.00,978,EUR,1,Євро,32.3432,
30.01.2022,00.00,978,EUR,1,Євро,32.3432,
31.01.2022,00.00,978,EUR,1,Євро,32.0293,
01.02.2022,00.00,978,EUR,1,Євро,31.7464,
02.02.2022,00.00,978,EUR,1,Євро,31.8875,
03.02.2022,00.00,978,EUR,1,Євро,32.1419,
04.02.2022,00.00,978,EUR,1,Євро,31.9198,
05.02.2022,00.00,978,EUR,1,Євро,31.9198,
06.02.2022,00.00,978,EUR,1,Євро,31.9198,
07.02.2022,00.00,978,EUR,1,Євро,32.2745,
08.02.2022,00.00,978,EUR,1,Євро,32.0724,
09.02.2022,00.00,978,EUR,1,Євро,31.9255,
10.02.2022,00.00,978,EUR,1,Євро,31.996,
11.02.2022,00.00,978,EUR,1,Євро,31.8785,
12.02.2022,00.00,978,EUR,1,Євро,31.8785,
13.02.2022,00.00,978,EUR,1,Євро,31.8785,
14.02.2022,00.00,978,EUR,1,Євро,31.9777,
15.02.2022,00.00,978,EUR,1,Євро,32.3264,
16.02.2022,00.00,978,EUR,1,Євро,32.0283,
17.02.2022,00.00,978,EUR,1,Євро,31.932,
18.02.2022,00.00,978,EUR,1,Євро,32.1969,
19.02.2022,00.00,978,EUR,1,Євро,32.1969,
20.02.2022,00.00,978,EUR,1,Євро,32.1969,
21.02.2022,00.00,978,EUR,1,Євро,32.196,
22.02.2022,00.00,978,EUR,1,Євро,32.2887,
23.02.2022,00.00,978,EUR,1,Євро,32.9039,
24.02.2022,00.00,978,EUR,1,Євро,33.1707,
25.02.2022,00.00,978,EUR,1,Євро,33.1707,
26.02.2022,00.00,978,EUR,1,Євро,33.1707,
27.02.2022,00.00,978,EUR,1,Євро,33.1707,
28.02.2022,00.00,978,EUR,1,Євро,33.1707,
01.03.2022,00.00,978,EUR,1,Євро,33.1707,
02.03.2022,00.00,978,EUR,1,Євро,33.1707,
03.03.2022,00.00,978,EUR,1,Євро,33.1707,
04.03.2022,00.00,978,EUR,1,Євро,33.1707,
05.03.2022,00.00,978,EUR,1,Євро,33.1707,
06.03.2022,00.00,978,EUR,1,Євро,33.1707,
07.03.2022,00.00,978,EUR,1,Євро,33.1707,
08.03.2022,00.00,978,EUR,1,Євро,33.1707,
09.03.2022,00.00,978,EUR,1,Євро,33.1707,
10.03.2022,00.00,978,EUR,1,Євро,33.1707,
11.03.2022,00.00,978,EUR,1,Євро,33.1707,
12.03.2022,00.00,978,EUR,1,Євро,33.1707,
13.03.2022,00.00,978,EUR,1,Євро,33.1707,
14.03.2022,00.00,978,EUR,1,Євро,33.1707,
15.03.2022,00.00,978,EUR,1,Євро,33.1707,
16.03.2022,00.00,978,EUR,1,Євро,33.1707,
17.03.2022,00.00,978,EUR,1,Євро,33.1707,
18.03.2022,00.00,978,EUR,1,Євро,33.1707,
19.03.2022,00.00,978,EUR,1,Євро,33.1707,
20.03.2022,00.00,978,EUR,1,Євро,33.1707,
21.03.2022,00.00,978,EUR,1,Євро,33.1707,
22.03.2022,00.00,978,EUR,1,Євро,33.1707,
23.03.2022,00.00,978,EUR,1,Євро,32.2345,
24.03.2022,00.00,978,EUR,1,Євро,32.138,
25.03.2022,00.00,978,EUR,1,Євро,32.1233,
26.03.2022,00.00,978,EUR,1,Євро,32.1233,
27.03.2022,00.00,978,EUR,1,Євро,32.1233,
28.03.2022,00.00,978,EUR,1,Євро,32.1936,
29.03.2022,00.00,978,EUR,1,Євро,32.0707,
30.03.2022,00.00,978,EUR,1,Євро,32.4217,
31.03.2022,00.00,978,EUR,1,Євро,32.5856,
01.04.2022,00.00,978,EUR,1,Євро,32.4773,
02.04.2022,00.00,978,EUR,1,Євро,32.4773,
03.04.2022,00.00,978,EUR,1,Євро,32.4773,
04.04.2022,00.00,978,EUR,1,Євро,32.3281,
05.04.2022,00.00,978,EUR,1,Євро,32.176,
06.04.2022,00.00,978,EUR,1,Євро,32.0795,
07.04.2022,00.00,978,EUR,1,Євро,31.9361,
08.04.2022,00.00,978,EUR,1,Євро,31.9244,
09.04.2022,00.00,978,EUR,1,Євро,31.9244,
10.04.2022,00.00,978,EUR,1,Євро,31.9244,
11.04.2022,00.00,978,EUR,1,Євро,31.7796,
12.04.2022,00.00,978,EUR,1,Євро,31.8952,
13.04.2022,00.00,978,EUR,1,Євро,31.7752,
14.04.2022,00.00,978,EUR,1,Євро,31.6874,
15.04.2022,00.00,978,EUR,1,Євро,31.7957,
16.04.2022,00.00,978,EUR,1,Євро,31.7957,
17.04.2022,00.00,978,EUR,1,Євро,31.7957,
18.04.2022,00.00,978,EUR,1,Євро,31.8235,
19.04.2022,00.00,978,EUR,1,Євро,31.6216,
20.04.2022,00.00,978,EUR,1,Євро,31.5792,
21.04.2022,00.00,978,EUR,1,Євро,31.6787,
22.04.2022,00.00,978,EUR,1,Євро,31.8264,
23.04.2022,00.00,978,EUR,1,Євро,31.8264,
24.04.2022,00.00,978,EUR,1,Євро,31.8264,
25.04.2022,00.00,978,EUR,1,Євро,31.6567,
26.04.2022,00.00,978,EUR,1,Євро,31.4476,
27.04.2022,00.00,978,EUR,1,Євро,31.2223,
28.04.2022,00.00,978,EUR,1,Євро,30.9663,
29.04.2022,00.00,978,EUR,1,Євро,30.6869,
30.04.2022,00.00,978,EUR,1,Євро,30.6869,
01.05.2022,00.00,978,EUR,1,Євро,30.6869,
02.05.2022,00.00,978,EUR,1,Євро,30.8478,
03.05.2022,00.00,978,EUR,1,Євро,30.7659,
04.05.2022,00.00,978,EUR,1,Євро,30.8288,
05.05.2022,00.00,978,EUR,1,Євро,30.801,
06.05.2022,00.00,978,EUR,1,Євро,30.8595,
07.05.2022,00.00,978,EUR,1,Євро,30.8595,
08.05.2022,00.00,978,EUR,1,Євро,30.8595,
09.05.2022,00.00,978,EUR,1,Євро,30.9063,
10.05.2022,00.00,978,EUR,1,Євро,30.861,
11.05.2022,00.00,978,EUR,1,Євро,30.8727,
12.05.2022,00.00,978,EUR,1,Євро,30.8537,
13.05.2022,00.00,978,EUR,1,Євро,30.4178,
14.05.2022,00.00,978,EUR,1,Євро,30.4178,
15.05.2022,00.00,978,EUR,1,Євро,30.4178,
16.05.2022,00.00,978,EUR,1,Євро,30.3768,
17.05.2022,00.00,978,EUR,1,Євро,30.4792,
18.05.2022,00.00,978,EUR,1,Євро,30.842,
19.05.2022,00.00,978,EUR,1,Євро,30.7454,
20.05.2022,00.00,978,EUR,1,Євро,30.7688,
21.05.2022,00.00,978,EUR,1,Євро,30.7688,
22.05.2022,00.00,978,EUR,1,Євро,30.7688,
23.05.2022,00.00,978,EUR,1,Євро,30.918,
24.05.2022,00.00,978,EUR,1,Євро,31.1784,
25.05.2022,00.00,978,EUR,1,Євро,31.3437,
26.05.2022,00.00,978,EUR,1,Євро,31.1813,
27.05.2022,00.00,978,EUR,1,Євро,31.3159,
28.05.2022,00.00,978,EUR,1,Євро,31.3159,
29.05.2022,00.00,978,EUR,1,Євро,31.3159,
30.05.2022,00.00,978,EUR,1,Євро,31.3203,
31.05.2022,00.00,978,EUR,1,Євро,31.5031,
01.06.2022,00.00,978,EUR,1,Євро,31.3364,
02.06.2022,00.00,978,EUR,1,Євро,31.3247,
03.06.2022,00.00,978,EUR,1,Євро,31.2808,
04.06.2022,00.00,978,EUR,1,Євро,31.2808,
05.06.2022,00.00,978,EUR,1,Євро,31.2808,
06.06.2022,00.00,978,EUR,1,Євро,31.3876,
07.06.2022,00.00,978,EUR,1,Євро,31.389,
08.06.2022,00.00,978,EUR,1,Євро,31.1901,
09.06.2022,00.00,978,EUR,1,Євро,31.411,
10.06.2022,00.00,978,EUR,1,Євро,31.3934,
11.06.2022,00.00,978,EUR,1,Євро,31.3934,
12.06.2022,00.00,978,EUR,1,Євро,31.3934,
13.06.2022,00.00,978,EUR,1,Євро,30.9327,
14.06.2022,00.00,978,EUR,1,Євро,30.5626,
15.06.2022,00.00,978,EUR,1,Євро,30.567,
16.06.2022,00.00,978,EUR,1,Євро,30.5962,
17.06.2022,00.00,978,EUR,1,Євро,30.3885,
18.06.2022,00.00,978,EUR,1,Євро,30.3885,
19.06.2022,00.00,978,EUR,1,Євро,30.3885,
20.06.2022,00.00,978,EUR,1,Євро,30.6899,
21.06.2022,00.00,978,EUR,1,Євро,30.7952,
22.06.2022,00.00,978,EUR,1,Євро,30.861,
23.06.2022,00.00,978,EUR,1,Євро,30.7542,
24.06.2022,00.00,978,EUR,1,Євро,30.7337,
25.06.2022,00.00,978,EUR,1,Євро,30.7337,
26.06.2022,00.00,978,EUR,1,Євро,30.7337,
27.06.2022,00.00,978,EUR,1,Євро,30.7674,
28.06.2022,00.00,978,EUR,1,Євро,30.9122,
29.06.2022,00.00,978,EUR,1,Євро,30.9151,
30.06.2022,00.00,978,EUR,1,Євро,30.7776,
01.07.2022,00.00,978,EUR,1,Євро,30.4017,
02.07.2022,00.00,978,EUR,1,Євро,30.4017,
03.07.2022,00.00,978,EUR,1,Євро,30.4017,
04.07.2022,00.00,978,EUR,1,Євро,30.526,
05.07.2022,00.00,978,EUR,1,Євро,30.5816,
06.07.2022,00.00,978,EUR,1,Євро,30.1135,
07.07.2022,00.00,978,EUR,1,Євро,29.8122,
08.07.2022,00.00,978,EUR,1,Євро,29.8107,
09.07.2022,00.00,978,EUR,1,Євро,29.8107,
10.07.2022,00.00,978,EUR,1,Євро,29.8107,
11.07.2022,00.00,978,EUR,1,Євро,29.701,
12.07.2022,00.00,978,EUR,1,Євро,29.5109,
13.07.2022,00.00,978,EUR,1,Євро,29.3675,
14.07.2022,00.00,978,EUR,1,Євро,29.4494,
15.07.2022,00.00,978,EUR,1,Євро,29.2754,
16.07.2022,00.00,978,EUR,1,Євро,29.2754,
17.07.2022,00.00,978,EUR,1,Євро,29.2754,
18.07.2022,00.00,978,EUR,1,Євро,29.4173,
19.07.2022,00.00,978,EUR,1,Євро,29.6645,
20.07.2022,00.00,978,EUR,1,Євро,29.998,
21.07.2022,00.00,978,EUR,1,Євро,29.8064,
22.07.2022,00.00,978,EUR,1,Євро,37.2689,
23.07.2022,00.00,978,EUR,1,Євро,37.2689,
24.07.2022,00.00,978,EUR,1,Євро,37.2689,
25.07.2022,00.00,978,EUR,1,Євро,37.2177,
26.07.2022,00.00,978,EUR,1,Євро,37.4115,
27.07.2022,00.00,978,EUR,1,Євро,37.0568,
28.07.2022,00.00,978,EUR,1,Євро,37.1244,
29.07.2022,00.00,978,EUR,1,Євро,36.9965,
30.07.2022,00.00,978,EUR,1,Євро,36.9965,
31.07.2022,00.00,978,EUR,1,Євро,36.9965,
01.08.2022,00.00,978,EUR,1,Євро,37.3365,
02.08.2022,00.00,978,EUR,1,Євро,37.4133,
03.08.2022,00.00,978,EUR,1,Євро,37.3804,
04.08.2022,00.00,978,EUR,1,Євро,37.2488,
05.08.2022,00.00,978,EUR,1,Євро,37.2104,
06.08.2022,00.00,978,EUR,1,Євро,37.2104,
07.08.2022,00.00,978,EUR,1,Євро,37.2104,
08.08.2022,00.00,978,EUR,1,Євро,37.417,
09.08.2022,00.00,978,EUR,1,Євро,37.2963,
10.08.2022,00.00,978,EUR,1,Євро,37.3804,
11.08.2022,00.00,978,EUR,1,Євро,37.5102,
12.08.2022,00.00,978,EUR,1,Євро,37.7516,
13.08.2022,00.00,978,EUR,1,Євро,37.7516,
14.08.2022,00.00,978,EUR,1,Євро,37.7516,
15.08.2022,00.00,978,EUR,1,Євро,37.5943,
16.08.2022,00.00,978,EUR,1,Євро,37.2817,
17.08.2022,00.00,978,EUR,1,Євро,37.033,
18.08.2022,00.00,978,EUR,1,Євро,37.1738,
19.08.2022,00.00,978,EUR,1,Євро,37.2177,
20.08.2022,00.00,978,EUR,1,Євро,37.2177,
21.08.2022,00.00,978,EUR,1,Євро,37.2177,
22.08.2022,00.00,978,EUR,1,Євро,36.7441,
23.08.2022,00.00,978,EUR,1,Євро,36.5686,
24.08.2022,00.00,978,EUR,1,Євро,36.298,
25.08.2022,00.00,978,EUR,1,Євро,36.3053,
26.08.2022,00.00,978,EUR,1,Євро,36.4808,
27.08.2022,00.00,978,EUR,1,Євро,36.4808,
28.08.2022,00.00,978,EUR,1,Євро,36.4808,
29.08.2022,00.00,978,EUR,1,Євро,36.5467,
30.08.2022,00.00,978,EUR,1,Євро,36.554,
31.08.2022,00.00,978,EUR,1,Євро,36.6564,
01.09.2022,00.00,978,EUR,1,Євро,36.5704,
02.09.2022,00.00,978,EUR,1,Євро,36.5832,
03.09.2022,00.00,978,EUR,1,Євро,36.5832,
04.09.2022,00.00,978,EUR,1,Євро,36.5832,
05.09.2022,00.00,978,EUR,1,Євро,36.5339,
06.09.2022,00.00,978,EUR,1,Євро,36.2614,
07.09.2022,00.00,978,EUR,1,Євро,36.287,
08.09.2022,00.00,978,EUR,1,Євро,36.1371,
09.09.2022,00.00,978,EUR,1,Євро,36.6491,
10.09.2022,00.00,978,EUR,1,Євро,36.6491,
11.09.2022,00.00,978,EUR,1,Євро,36.6491,
12.09.2022,00.00,978,EUR,1,Євро,36.7112,
13.09.2022,00.00,978,EUR,1,Євро,37.097,
14.09.2022,00.00,978,EUR,1,Євро,37.2159,
15.09.2022,00.00,978,EUR,1,Євро,36.543,
16.09.2022,00.00,978,EUR,1,Євро,36.5137,
17.09.2022,00.00,978,EUR,1,Євро,36.5137,
18.09.2022,00.00,978,EUR,1,Євро,36.5137,
19.09.2022,00.00,978,EUR,1,Євро,36.4607,
20.09.2022,00.00,978,EUR,1,Євро,36.5064,
21.09.2022,00.00,978,EUR,1,Євро,36.5247,
22.09.2022,00.00,978,EUR,1,Євро,36.2084,
23.09.2022,00.00,978,EUR,1,Євро,36.0768,
24.09.2022,00.00,978,EUR,1,Євро,36.0768,
25.09.2022,00.00,978,EUR,1,Євро,36.0768,
26.09.2022,00.00,978,EUR,1,Євро,35.6654,
27.09.2022,00.00,978,EUR,1,Євро,35.2375,
28.09.2022,00.00,978,EUR,1,Євро,35.2576,
29.09.2022,00.00,978,EUR,1,Євро,34.9742,
30.09.2022,00.00,978,EUR,1,Євро,35.5611,
01.10.2022,00.00,978,EUR,1,Євро,35.5611,
02.10.2022,00.00,978,EUR,1,Євро,35.5611,
03.10.2022,00.00,978,EUR,1,Євро,35.6361,
04.10.2022,00.00,978,EUR,1,Євро,35.7074,
05.10.2022,00.00,978,EUR,1,Євро,36.1682,
06.10.2022,00.00,978,EUR,1,Євро,36.2157,
07.10.2022,00.00,978,EUR,1,Євро,36.0768,
08.10.2022,00.00,978,EUR,1,Євро,36.0768,
09.10.2022,00.00,978,EUR,1,Євро,36.0768,
10.10.2022,00.00,978,EUR,1,Євро,35.797,
11.10.2022,00.00,978,EUR,1,Євро,35.4587,
12.10.2022,00.00,978,EUR,1,Євро,35.5465,
13.10.2022,00.00,978,EUR,1,Євро,35.5026,
14.10.2022,00.00,978,EUR,1,Євро,35.6306,
15.10.2022,00.00,978,EUR,1,Євро,35.6306,
16.10.2022,00.00,978,EUR,1,Євро,35.6306,
17.10.2022,00.00,978,EUR,1,Євро,35.5337,
18.10.2022,00.00,978,EUR,1,Євро,35.6196,
19.10.2022,00.00,978,EUR,1,Євро,35.9451,
20.10.2022,00.00,978,EUR,1,Євро,35.7623,
21.10.2022,00.00,978,EUR,1,Євро,35.8866,
22.10.2022,00.00,978,EUR,1,Євро,35.8866,
23.10.2022,00.00,978,EUR,1,Євро,35.8866,
24.10.2022,00.00,978,EUR,1,Євро,35.6379,
25.10.2022,00.00,978,EUR,1,Євро,35.9579,
26.10.2022,00.00,978,EUR,1,Євро,36.0804,
27.10.2022,00.00,978,EUR,1,Євро,36.6417,
28.10.2022,00.00,978,EUR,1,Євро,36.7386,
29.10.2022,00.00,978,EUR,1,Євро,36.7386,
30.10.2022,00.00,978,EUR,1,Євро,36.7386,
31.10.2022,00.00,978,EUR,1,Євро,36.4095,
01.11.2022,00.00,978,EUR,1,Євро,36.2377,
02.11.2022,00.00,978,EUR,1,Євро,36.3474,
03.11.2022,00.00,978,EUR,1,Євро,36.2194,
04.11.2022,00.00,978,EUR,1,Євро,35.6288,
05.11.2022,00.00,978,EUR,1,Євро,35.6288,
06.11.2022,00.00,978,EUR,1,Євро,35.6288,
07.11.2022,00.00,978,EUR,1,Євро,35.9817,
08.11.2022,00.00,978,EUR,1,Євро,36.5083,
09.11.2022,00.00,978,EUR,1,Євро,36.5375,
10.11.2022,00.00,978,EUR,1,Євро,36.7496,
11.11.2022,00.00,978,EUR,1,Євро,36.3821,
12.11.2022,00.00,978,EUR,1,Євро,36.3821,
13.11.2022,00.00,978,EUR,1,Євро,36.3821,
14.11.2022,00.00,978,EUR,1,Євро,37.7022,
15.11.2022,00.00,978,EUR,1,Євро,37.7626,
16.11.2022,00.00,978,EUR,1,Євро,38.0588,
17.11.2022,00.00,978,EUR,1,Євро,38.0935,
18.11.2022,00.00,978,EUR,1,Євро,37.7681,
19.11.2022,00.00,978,EUR,1,Євро,37.7681,
20.11.2022,00.00,978,EUR,1,Євро,37.7681,
21.11.2022,00.00,978,EUR,1,Євро,37.8906,
22.11.2022,00.00,978,EUR,1,Євро,37.4481,
23.11.2022,00.00,978,EUR,1,Євро,37.5541,
24.11.2022,00.00,978,EUR,1,Євро,37.7461,
25.11.2022,00.00,978,EUR,1,Євро,38.0716,
26.11.2022,00.00,978,EUR,1,Євро,38.0716,
27.11.2022,00.00,978,EUR,1,Євро,38.0716,
28.11.2022,00.00,978,EUR,1,Євро,37.96,
29.11.2022,00.00,978,EUR,1,Євро,38.302,
30.11.2022,00.00,978,EUR,1,Євро,37.9344,
01.12.2022,00.00,978,EUR,1,Євро,37.9198,
02.12.2022,00.00,978,EUR,1,Євро,38.205,
03.12.2022,00.00,978,EUR,1,Євро,38.205,
04.12.2022,00.00,978,EUR,1,Євро,38.205,
05.12.2022,00.00,978,EUR,1,Євро,38.5396,
06.12.2022,00.00,978,EUR,1,Євро,38.7353,
07.12.2022,00.00,978,EUR,1,Євро,38.4866,
08.12.2022,00.00,978,EUR,1,Євро,38.5232,
09.12.2022,00.00,978,EUR,1,Євро,38.4629,
10.12.2022,00.00,978,EUR,1,Євро,38.4629,
11.12.2022,00.00,978,EUR,1,Євро,38.4629,
12.12.2022,00.00,978,EUR,1,Євро,38.6,
13.12.2022,00.00,978,EUR,1,Євро,38.6,
14.12.2022,00.00,978,EUR,1,Євро,38.578,
15.12.2022,00.00,978,EUR,1,Євро,38.9273,
16.12.2022,00.00,978,EUR,1,Євро,38.8541,
17.12.2022,00.00,978,EUR,1,Євро,38.8541,
18.12.2022,00.00,978,EUR,1,Євро,38.8541,
19.12.2022,00.00,978,EUR,1,Євро,38.8377,
20.12.2022,00.00,978,EUR,1,Євро,38.7865,
21.12.2022,00.00,978,EUR,1,Євро,38.8121,
22.12.2022,00.00,978,EUR,1,Євро,38.8706,
23.12.2022,00.00,978,EUR,1,Євро,38.8962,
24.12.2022,00.00,978,EUR,1,Євро,38.8962,
25.12.2022,00.00,978,EUR,1,Євро,38.8962,
26.12.2022,00.00,978,EUR,1,Євро,38.834,
27.12.2022,00.00,978,EUR,1,Євро,38.8432,
28.12.2022,00.00,978,EUR,1,Євро,38.8852,
29.12.2022,00.00,978,EUR,1,Євро,38.9437,
30.12.2022,00.00,978,EUR,1,Євро,38.951,
31.12.2022,00.00,978,EUR,1,Євро,38.951,
01.01.2023,00.00,978,EUR,1,Євро,38.951,
02.01.2023,00.00,978,EUR,1,Євро,39.037,
03.01.2023,00.00,978,EUR,1,Євро,39.0041,
04.01.2023,00.00,978,EUR,1,Євро,38.5378,
05.01.2023,00.00,978,EUR,1,Євро,38.7901,
06.01.2023,00.00,978,EUR,1,Євро,38.7773,
07.01.2023,00.00,978,EUR,1,Євро,38.7773,
08.01.2023,00.00,978,EUR,1,Євро,38.7773,
09.01.2023,00.00,978,EUR,1,Євро,38.3733,
10.01.2023,00.00,978,EUR,1,Євро,39.0827,
11.01.2023,00.00,978,EUR,1,Євро,39.1961,
12.01.2023,00.00,978,EUR,1,Євро,39.2728,
13.01.2023,00.00,978,EUR,1,Євро,39.357,
14.01.2023,00.00,978,EUR,1,Євро,39.357,
15.01.2023,00.00,978,EUR,1,Євро,39.357,
16.01.2023,00.00,978,EUR,1,Євро,39.5361,
17.01.2023,00.00,978,EUR,1,Євро,39.5581,
18.01.2023,00.00,978,EUR,1,Євро,39.6897,
19.01.2023,00.00,978,EUR,1,Євро,39.5873,
20.01.2023,00.00,978,EUR,1,Євро,39.5215,
21.01.2023,00.00,978,EUR,1,Євро,39.5215,
22.01.2023,00.00,978,EUR,1,Євро,39.5215,
23.01.2023,00.00,978,EUR,1,Євро,39.5581,
24.01.2023,00.00,978,EUR,1,Євро,39.7519,
25.01.2023,00.00,978,EUR,1,Євро,39.7226,
26.01.2023,00.00,978,EUR,1,Євро,39.7629,
27.01.2023,00.00,978,EUR,1,Євро,39.8433,
28.01.2023,00.00,978,EUR,1,Євро,39.8433,
29.01.2023,00.00,978,EUR,1,Євро,39.8433,
30.01.2023,00.00,978,EUR,1,Євро,39.7482,
31.01.2023,00.00,978,EUR,1,Євро,39.8762,
01.02.2023,00.00,978,EUR,1,Євро,39.5947,
02.02.2023,00.00,978,EUR,1,Євро,39.8323,
03.02.2023,00.00,978,EUR,1,Євро,40.1724,
04.02.2023,00.00,978,EUR,1,Євро,40.1724,
05.02.2023,00.00,978,EUR,1,Євро,40.1724,
06.02.2023,00.00,978,EUR,1,Євро,39.9859,
07.02.2023,00.00,978,EUR,1,Євро,39.4045,
08.02.2023,00.00,978,EUR,1,Євро,39.1485,
09.02.2023,00.00,978,EUR,1,Євро,39.2564,
10.02.2023,00.00,978,EUR,1,Євро,39.3826,
11.02.2023,00.00,978,EUR,1,Євро,39.3826,
12.02.2023,00.00,978,EUR,1,Євро,39.3826,
13.02.2023,00.00,978,EUR,1,Євро,39.0644,
14.02.2023,00.00,978,EUR,1,Євро,39.0973,
15.02.2023,00.00,978,EUR,1,Євро,39.3405,
16.02.2023,00.00,978,EUR,1,Євро,39.1229,
17.02.2023,00.00,978,EUR,1,Євро,39.1046,
18.02.2023,00.00,978,EUR,1,Євро,39.1046,
19.02.2023,00.00,978,EUR,1,Євро,39.1046,
20.02.2023,00.00,978,EUR,1,Євро,38.8377,
21.02.2023,00.00,978,EUR,1,Євро,39.0242,
22.02.2023,00.00,978,EUR,1,Євро,38.984,
23.02.2023,00.00,978,EUR,1,Євро,38.9328,
24.02.2023,00.00,978,EUR,1,Євро,38.8231,
25.02.2023,00.00,978,EUR,1,Євро,38.8231,
26.02.2023,00.00,978,EUR,1,Євро,38.8231,
27.02.2023,00.00,978,EUR,1,Євро,38.6402,
28.02.2023,00.00,978,EUR,1,Євро,38.611,
01.03.2023,00.00,978,EUR,1,Євро,38.8231,
02.03.2023,00.00,978,EUR,1,Євро,39.0754,
03.03.2023,00.00,978,EUR,1,Євро,38.7847,
04.03.2023,00.00,978,EUR,1,Євро,38.7847,
05.03.2023,00.00,978,EUR,1,Євро,38.7847,
06.03.2023,00.00,978,EUR,1,Євро,38.8048,
07.03.2023,00.00,978,EUR,1,Євро,38.9126,
08.03.2023,00.00,978,EUR,1,Євро,39.0132,
09.03.2023,00.00,978,EUR,1,Євро,38.5671,
10.03.2023,00.00,978,EUR,1,Євро,38.6201,
11.03.2023,00.00,978,EUR,1,Євро,38.6201,
12.03.2023,00.00,978,EUR,1,Євро,38.6201,
13.03.2023,00.00,978,EUR,1,Євро,38.7426,
14.03.2023,00.00,978,EUR,1,Євро,39.1046,
15.03.2023,00.00,978,EUR,1,Євро,39.2728,
16.03.2023,00.00,978,EUR,1,Євро,38.6183,
17.03.2023,00.00,978,EUR,1,Євро,38.717,
18.03.2023,00.00,978,EUR,1,Євро,38.717,
19.03.2023,00.00,978,EUR,1,Євро,38.717,
20.03.2023,00.00,978,EUR,1,Євро,38.8523,
21.03.2023,00.00,978,EUR,1,Євро,39.1485,
22.03.2023,00.00,978,EUR,1,Євро,39.4228,
23.03.2023,00.00,978,EUR,1,Євро,39.4264,
24.03.2023,00.00,978,EUR,1,Євро,39.7665,
25.03.2023,00.00,978,EUR,1,Євро,39.7665,
26.03.2023,00.00,978,EUR,1,Євро,39.7665,
27.03.2023,00.00,978,EUR,1,Євро,39.3076,
28.03.2023,00.00,978,EUR,1,Євро,39.3899,
29.03.2023,00.00,978,EUR,1,Євро,39.6111,
30.03.2023,00.00,978,EUR,1,Євро,39.6989,
31.03.2023,00.00,978,EUR,1,Євро,39.7812,
01.04.2023,00.00,978,EUR,1,Євро,39.7812,
02.04.2023,00.00,978,EUR,1,Євро,39.7812,
03.04.2023,00.00,978,EUR,1,Євро,39.7373,
04.04.2023,00.00,978,EUR,1,Євро,39.761,
05.04.2023,00.00,978,EUR,1,Євро,39.8653,
06.04.2023,00.00,978,EUR,1,Євро,40.0152,
07.04.2023,00.00,978,EUR,1,Євро,39.9146,
08.04.2023,00.00,978,EUR,1,Євро,39.9146,
09.04.2023,00.00,978,EUR,1,Євро,39.9146,
10.04.2023,00.00,978,EUR,1,Євро,39.9146,
11.04.2023,00.00,978,EUR,1,Євро,39.825,
12.04.2023,00.00,978,EUR,1,Євро,39.8835,
13.04.2023,00.00,978,EUR,1,Євро,39.9421,
14.04.2023,00.00,978,EUR,1,Євро,40.2639,
15.04.2023,00.00,978,EUR,1,Євро,40.2639,
16.04.2023,00.00,978,EUR,1,Євро,40.2639,
17.04.2023,00.00,978,EUR,1,Євро,40.4174,
18.04.2023,00.00,978,EUR,1,Євро,40.1432,
19.04.2023,00.00,978,EUR,1,Євро,40.1066,
20.04.2023,00.00,978,EUR,1,Євро,39.9677,
21.04.2023,00.00,978,EUR,1,Євро,40.0664,
22.04.2023,00.00,978,EUR,1,Євро,40.0664,
23.04.2023,00.00,978,EUR,1,Євро,40.0664,
24.04.2023,00.00,978,EUR,1,Євро,40.1505,
25.04.2023,00.00,978,EUR,1,Євро,40.2291,
26.04.2023,00.00,978,EUR,1,Євро,40.2858,
27.04.2023,00.00,978,EUR,1,Євро,40.3918,
28.04.2023,00.00,978,EUR,1,Євро,40.3461,
29.04.2023,00.00,978,EUR,1,Євро,40.3461,
30.04.2023,00.00,978,EUR,1,Євро,40.3461,
01.05.2023,00.00,978,EUR,1,Євро,40.1322,
02.05.2023,00.00,978,EUR,1,Євро,40.2693,
03.05.2023,00.00,978,EUR,1,Євро,40.1066,
04.05.2023,00.00,978,EUR,1,Євро,40.3699,
05.05.2023,00.00,978,EUR,1,Євро,40.4942,
06.05.2023,00.00,978,EUR,1,Євро,40.4942,
07.05.2023,00.00,978,EUR,1,Євро,40.4942,
08.05.2023,00.00,978,EUR,1,Євро,40.2602,
09.05.2023,00.00,978,EUR,1,Євро,40.348,
10.05.2023,00.00,978,EUR,1,Євро,40.0883,
11.05.2023,00.00,978,EUR,1,Євро,40.0444,
12.05.2023,00.00,978,EUR,1,Євро,39.9713,
13.05.2023,00.00,978,EUR,1,Євро,39.9713,
14.05.2023,00.00,978,EUR,1,Євро,39.9713,
15.05.2023,00.00,978,EUR,1,Євро,39.8287,
16.05.2023,00.00,978,EUR,1,Євро,39.7702,
17.05.2023,00.00,978,EUR,1,Євро,39.8104,
18.05.2023,00.00,978,EUR,1,Євро,39.5947,
19.05.2023,00.00,978,EUR,1,Євро,39.5471,
20.05.2023,00.00,978,EUR,1,Євро,39.5471,
21.05.2023,00.00,978,EUR,1,Євро,39.5471,
22.05.2023,00.00,978,EUR,1,Євро,39.5179,
23.05.2023,00.00,978,EUR,1,Євро,39.5691,
24.05.2023,00.00,978,EUR,1,Євро,39.3972,
25.05.2023,00.00,978,EUR,1,Євро,39.41,
26.05.2023,00.00,978,EUR,1,Євро,39.2436,
27.05.2023,00.00,978,EUR,1,Євро,39.2436,
28.05.2023,00.00,978,EUR,1,Євро,39.2436,
29.05.2023,00.00,978,EUR,1,Євро,39.3167,
30.05.2023,00.00,978,EUR,1,Євро,39.1759,
31.05.2023,00.00,978,EUR,1,Євро,39.2802,
01.06.2023,00.00,978,EUR,1,Євро,39.0553,
02.06.2023,00.00,978,EUR,1,Євро,39.1522,
03.06.2023,00.00,978,EUR,1,Євро,39.1522,
04.06.2023,00.00,978,EUR,1,Євро,39.1522,
05.06.2023,00.00,978,EUR,1,Євро,39.346,
06.06.2023,00.00,978,EUR,1,Євро,39.0937,
07.06.2023,00.00,978,EUR,1,Євро,39.0516,
08.06.2023,00.00,978,EUR,1,Євро,39.1851,
09.06.2023,00.00,978,EUR,1,Євро,39.2619,
10.06.2023,00.00,978,EUR,1,Євро,39.2619,
11.06.2023,00.00,978,EUR,1,Євро,39.2619,
12.06.2023,00.00,978,EUR,1,Євро,39.4082,
13.06.2023,00.00,978,EUR,1,Євро,39.357,
14.06.2023,00.00,978,EUR,1,Євро,39.4721,
15.06.2023,00.00,978,EUR,1,Євро,39.5069,
16.06.2023,00.00,978,EUR,1,Євро,39.5691,
17.06.2023,00.00,978,EUR,1,Євро,39.5691,
18.06.2023,00.00,978,EUR,1,Євро,39.5691,
19.06.2023,00.00,978,EUR,1,Євро,40.081,
20.06.2023,00.00,978,EUR,1,Євро,39.9384,
21.06.2023,00.00,978,EUR,1,Євро,39.964,
22.06.2023,00.00,978,EUR,1,Євро,39.9494,
23.06.2023,00.00,978,EUR,1,Євро,40.1852,
24.06.2023,00.00,978,EUR,1,Євро,40.1852,
25.06.2023,00.00,978,EUR,1,Євро,40.1852,
26.06.2023,00.00,978,EUR,1,Євро,39.7738,
27.06.2023,00.00,978,EUR,1,Євро,39.9238,
28.06.2023,00.00,978,EUR,1,Євро,40.0225,
29.06.2023,00.00,978,EUR,1,Євро,40.0042,
30.06.2023,00.00,978,EUR,1,Євро,40.0006,
01.07.2023,00.00,978,EUR,1,Євро,40.0006,
02.07.2023,00.00,978,EUR,1,Євро,40.0006,
03.07.2023,00.00,978,EUR,1,Євро,39.6952,
04.07.2023,00.00,978,EUR,1,Євро,39.8543,
05.07.2023,00.00,978,EUR,1,Євро,39.8543,
06.07.2023,00.00,978,EUR,1,Євро,39.7848,
07.07.2023,00.00,978,EUR,1,Євро,39.8433,
08.07.2023,00.00,978,EUR,1,Євро,39.8433,
09.07.2023,00.00,978,EUR,1,Євро,39.8433,
10.07.2023,00.00,978,EUR,1,Євро,39.8214,
11.07.2023,00.00,978,EUR,1,Євро,40.0627,
12.07.2023,00.00,978,EUR,1,Євро,40.167,
13.07.2023,00.00,978,EUR,1,Євро,40.2803,
14.07.2023,00.00,978,EUR,1,Євро,40.8581,
15.07.2023,00.00,978,EUR,1,Євро,40.8581,
16.07.2023,00.00,978,EUR,1,Євро,40.8581,
17.07.2023,00.00,978,EUR,1,Євро,41.0483,
18.07.2023,00.00,978,EUR,1,Євро,41.0812,
19.07.2023,00.00,978,EUR,1,Євро,41.1506,
20.07.2023,00.00,978,EUR,1,Євро,41.0117,
21.07.2023,00.00,978,EUR,1,Євро,40.9897,
22.07.2023,00.00,978,EUR,1,Євро,40.9897,
23.07.2023,00.00,978,EUR,1,Євро,40.9897,
24.07.2023,00.00,978,EUR,1,Євро,40.6643,
25.07.2023,00.00,978,EUR,1,Євро,40.5838,
26.07.2023,00.00,978,EUR,1,Євро,40.4046,
27.07.2023,00.00,978,EUR,1,Євро,40.4558,
28.07.2023,00.00,978,EUR,1,Євро,40.7228,
29.07.2023,00.00,978,EUR,1,Євро,40.7228,
30.07.2023,00.00,978,EUR,1,Євро,40.7228,
31.07.2023,00.00,978,EUR,1,Євро,40.2584,
01.08.2023,00.00,978,EUR,1,Євро,40.3242,
02.08.2023,00.00,978,EUR,1,Євро,40.134,
03.08.2023,00.00,978,EUR,1,Євро,40.145,
04.08.2023,00.00,978,EUR,1,Євро,39.9914,
05.08.2023,00.00,978,EUR,1,Євро,39.9914,
06.08.2023,00.00,978,EUR,1,Євро,39.9914,
07.08.2023,00.00,978,EUR,1,Євро,40.0024,
08.08.2023,00.00,978,EUR,1,Євро,40.1633,
09.08.2023,00.00,978,EUR,1,Євро,40.0134,
10.08.2023,00.00,978,EUR,1,Євро,40.1194,
11.08.2023,00.00,978,EUR,1,Євро,40.284,
12.08.2023,00.00,978,EUR,1,Євро,40.284,
13.08.2023,00.00,978,EUR,1,Євро,40.284,
14.08.2023,00.00,978,EUR,1,Євро,40.2145,
15.08.2023,00.00,978,EUR,1,Євро,40.006,
16.08.2023,00.00,978,EUR,1,Євро,39.9658,
17.08.2023,00.00,978,EUR,1,Євро,39.911,
18.08.2023,00.00,978,EUR,1,Євро,39.8415,
19.08.2023,00.00,978,EUR,1,Євро,39.8415,
20.08.2023,00.00,978,EUR,1,Євро,39.8415,
21.08.2023,00.00,978,EUR,1,Євро,39.7245,
22.08.2023,00.00,978,EUR,1,Євро,39.889,
23.08.2023,00.00,978,EUR,1,Євро,39.8086,
24.08.2023,00.00,978,EUR,1,Євро,39.5343,
25.08.2023,00.00,978,EUR,1,Євро,39.655,
26.08.2023,00.00,978,EUR,1,Євро,39.655,
27.08.2023,00.00,978,EUR,1,Євро,39.655,
28.08.2023,00.00,978,EUR,1,Євро,39.5051,
29.08.2023,00.00,978,EUR,1,Євро,39.516,
30.08.2023,00.00,978,EUR,1,Євро,39.516,
31.08.2023,00.00,978,EUR,1,Євро,39.7903,
01.09.2023,00.00,978,EUR,1,Євро,39.7391,
02.09.2023,00.00,978,EUR,1,Євро,39.7391,
03.09.2023,00.00,978,EUR,1,Євро,39.7391,
04.09.2023,00.00,978,EUR,1,Євро,39.6221,
05.09.2023,00.00,978,EUR,1,Євро,39.4977,
06.09.2023,00.00,978,EUR,1,Євро,39.2527,
07.09.2023,00.00,978,EUR,1,Євро,39.2856,
08.09.2023,00.00,978,EUR,1,Євро,39.1467,
09.09.2023,00.00,978,EUR,1,Євро,39.1467,
10.09.2023,00.00,978,EUR,1,Євро,39.1467,
11.09.2023,00.00,978,EUR,1,Євро,39.1247,
12.09.2023,00.00,978,EUR,1,Євро,39.1979,
13.09.2023,00.00,978,EUR,1,Євро,39.1906,
14.09.2023,00.00,978,EUR,1,Євро,39.2674,
15.09.2023,00.00,978,EUR,1,Євро,39.2381,
16.09.2023,00.00,978,EUR,1,Євро,39.2381,
17.09.2023,00.00,978,EUR,1,Євро,39.2381,
18.09.2023,00.00,978,EUR,1,Євро,38.9602,
19.09.2023,00.00,978,EUR,1,Євро,38.9931,
20.09.2023,00.00,978,EUR,1,Євро,39.154,
21.09.2023,00.00,978,EUR,1,Євро,39.1394,
22.09.2023,00.00,978,EUR,1,Євро,38.8944,
23.09.2023,00.00,978,EUR,1,Євро,38.8944,
24.09.2023,00.00,978,EUR,1,Євро,38.8944,
25.09.2023,00.00,978,EUR,1,Євро,38.898,
26.09.2023,00.00,978,EUR,1,Євро,38.8724,
27.09.2023,00.00,978,EUR,1,Євро,38.7609,
28.09.2023,00.00,978,EUR,1,Євро,38.5506,
29.09.2023,00.00,978,EUR,1,Євро,38.5543,
30.09.2023,00.00,978,EUR,1,Євро,38.5543,
01.10.2023,00.00,978,EUR,1,Євро,38.5543,
02.10.2023,00.00,978,EUR,1,Євро,38.7408,
03.10.2023,00.00,978,EUR,1,Євро,38.5177,
04.10.2023,00.00,978,EUR,1,Євро,38.3263,
05.10.2023,00.00,978,EUR,1,Євро,38.4288,
06.10.2023,00.00,978,EUR,1,Євро,38.5406,
07.10.2023,00.00,978,EUR,1,Євро,38.5406,
08.10.2023,00.00,978,EUR,1,Євро,38.5406,
09.10.2023,00.00,978,EUR,1,Євро,38.6533,
10.10.2023,00.00,978,EUR,1,Євро,38.4827,
11.10.2023,00.00,978,EUR,1,Євро,38.6049,
12.10.2023,00.00,978,EUR,1,Євро,38.6394,
13.10.2023,00.00,978,EUR,1,Євро,38.6422,
14.10.2023,00.00,978,EUR,1,Євро,38.6422,
15.10.2023,00.00,978,EUR,1,Євро,38.6422,
16.10.2023,00.00,978,EUR,1,Євро,38.2782,
17.10.2023,00.00,978,EUR,1,Євро,38.2806,
18.10.2023,00.00,978,EUR,1,Євро,38.5503,
19.10.2023,00.00,978,EUR,1,Євро,38.609,
20.10.2023,00.00,978,EUR,1,Євро,38.6511,
21.10.2023,00.00,978,EUR,1,Євро,38.6511,
22.10.2023,00.00,978,EUR,1,Євро,38.6511,
23.10.2023,00.00,978,EUR,1,Євро,38.7033,
24.10.2023,00.00,978,EUR,1,Євро,38.7613,
25.10.2023,00.00,978,EUR,1,Євро,38.9091,
26.10.2023,00.00,978,EUR,1,Євро,38.6171,
27.10.2023,00.00,978,EUR,1,Євро,38.4687,
28.10.2023,00.00,978,EUR,1,Євро,38.4687,
29.10.2023,00.00,978,EUR,1,Євро,38.4687,
30.10.2023,00.00,978,EUR,1,Євро,38.3774,
31.10.2023,00.00,978,EUR,1,Євро,38.5624,
01.11.2023,00.00,978,EUR,1,Євро,38.5451,
02.11.2023,00.00,978,EUR,1,Євро,38.2311,
03.11.2023,00.00,978,EUR,1,Євро,38.6703,
04.11.2023,00.00,978,EUR,1,Євро,38.6703,
05.11.2023,00.00,978,EUR,1,Євро,38.6703,
06.11.2023,00.00,978,EUR,1,Євро,38.7278,
07.11.2023,00.00,978,EUR,1,Євро,38.7206,
08.11.2023,00.00,978,EUR,1,Євро,38.484,
09.11.2023,00.00,978,EUR,1,Євро,38.4518,
10.11.2023,00.00,978,EUR,1,Євро,38.5225,
11.11.2023,00.00,978,EUR,1,Євро,38.5225,
12.11.2023,00.00,978,EUR,1,Євро,38.5225,
13.11.2023,00.00,978,EUR,1,Євро,38.542,
14.11.2023,00.00,978,EUR,1,Євро,38.5945,
15.11.2023,00.00,978,EUR,1,Євро,38.9392,
16.11.2023,00.00,978,EUR,1,Євро,39.3939,
17.11.2023,00.00,978,EUR,1,Євро,39.3054,
18.11.2023,00.00,978,EUR,1,Євро,39.3054,
19.11.2023,00.00,978,EUR,1,Євро,39.3054,
20.11.2023,00.00,978,EUR,1,Євро,39.2582,
21.11.2023,00.00,978,EUR,1,Євро,39.3986,
22.11.2023,00.00,978,EUR,1,Євро,39.466,
23.11.2023,00.00,978,EUR,1,Євро,39.3352,
24.11.2023,00.00,978,EUR,1,Євро,39.27,
25.11.2023,00.00,978,EUR,1,Євро,39.27,
26.11.2023,00.00,978,EUR,1,Євро,39.27,
27.11.2023,00.00,978,EUR,1,Євро,39.358,
28.11.2023,00.00,978,EUR,1,Євро,39.6579,
29.11.2023,00.00,978,EUR,1,Євро,39.8172,
30.11.2023,00.00,978,EUR,1,Євро,39.9582,
01.12.2023,00.00,978,EUR,1,Євро,39.7235,
02.12.2023,00.00,978,EUR,1,Євро,39.7235,
03.12.2023,00.00,978,EUR,1,Євро,39.7235,
04.12.2023,00.00,978,EUR,1,Євро,39.6582,
05.12.2023,00.00,978,EUR,1,Євро,39.7135,
06.12.2023,00.00,978,EUR,1,Євро,39.6461,
07.12.2023,00.00,978,EUR,1,Євро,39.5433,
08.12.2023,00.00,978,EUR,1,Євро,39.496,
09.12.2023,00.00,978,EUR,1,Євро,39.496,
10.12.2023,00.00,978,EUR,1,Євро,39.496,
11.12.2023,00.00,978,EUR,1,Євро,39.601,
12.12.2023,00.00,978,EUR,1,Євро,39.6738,
13.12.2023,00.00,978,EUR,1,Євро,39.9376,
14.12.2023,00.00,978,EUR,1,Євро,39.9217,
15.12.2023,00.00,978,EUR,1,Євро,40.413,
16.12.2023,00.00,978,EUR,1,Євро,40.413,
17.12.2023,00.00,978,EUR,1,Євро,40.413,
18.12.2023,00.00,978,EUR,1,Євро,40.5122,
19.12.2023,00.00,978,EUR,1,Євро,40.5918,
20.12.2023,00.00,978,EUR,1,Євро,40.9219,
21.12.2023,00.00,978,EUR,1,Євро,41.0664,
22.12.2023,00.00,978,EUR,1,Євро,41.2846,
23.12.2023,00.00,978,EUR,1,Євро,41.2846,
24.12.2023,00.00,978,EUR,1,Євро,41.2846,
25.12.2023,00.00,978,EUR,1,Євро,41.3753,
26.12.2023,00.00,978,EUR,1,Євро,41.3611,
27.12.2023,00.00,978,EUR,1,Євро,41.1538,
28.12.2023,00.00,978,EUR,1,Євро,41.6334,
29.12.2023,00.00,978,EUR,1,Євро,42.2079,
30.12.2023,00.00,978,EUR,1,Євро,42.2079,
31.12.2023,00.00,978,EUR,1,Євро,42.2079,
01.01.2024,00.00,978,EUR,1,Євро,41.996,
02.01.2024,00.00,978,EUR,1,Євро,42.0059,
03.01.2024,00.00,978,EUR,1,Євро,41.7209,
04.01.2024,00.00,978,EUR,1,Євро,41.6073,
05.01.2024,00.00,978,EUR,1,Євро,41.6665,
06.01.2024,00.00,978,EUR,1,Євро,41.6665,
07.01.2024,00.00,978,EUR,1,Євро,41.6665,
08.01.2024,00.00,978,EUR,1,Євро,41.573,
09.01.2024,00.00,978,EUR,1,Євро,41.7973,
10.01.2024,00.00,978,EUR,1,Євро,41.8185,
11.01.2024,00.00,978,EUR,1,Євро,41.8015,
12.01.2024,00.00,978,EUR,1,Євро,41.741,
13.01.2024,00.00,978,EUR,1,Євро,41.741,
14.01.2024,00.00,978,EUR,1,Євро,41.741,
15.01.2024,00.00,978,EUR,1,Євро,41.3879,
16.01.2024,00.00,978,EUR,1,Євро,41.4763,
17.01.2024,00.00,978,EUR,1,Євро,41.2848,
18.01.2024,00.00,978,EUR,1,Євро,41.21,
19.01.2024,00.00,978,EUR,1,Євро,41.0146,
20.01.2024,00.00,978,EUR,1,Євро,41.0146,
21.01.2024,00.00,978,EUR,1,Євро,41.0146,
22.01.2024,00.00,978,EUR,1,Євро,40.8404,
23.01.2024,00.00,978,EUR,1,Євро,40.7928,
24.01.2024,00.00,978,EUR,1,Євро,40.6905,
25.01.2024,00.00,978,EUR,1,Євро,40.8837,
26.01.2024,00.00,978,EUR,1,Євро,40.9161,
27.01.2024,00.00,978,EUR,1,Євро,40.9161,
28.01.2024,00.00,978,EUR,1,Євро,40.9161,
29.01.2024,00.00,978,EUR,1,Євро,41.0567,
30.01.2024,00.00,978,EUR,1,Євро,41.0042,
31.01.2024,00.00,978,EUR,1,Євро,41.0845,
01.02.2024,00.00,978,EUR,1,Євро,40.7067,
02.02.2024,00.00,978,EUR,1,Євро,40.6695,
03.02.2024,00.00,978,EUR,1,Євро,40.6695,
04.02.2024,00.00,978,EUR,1,Євро,40.6695,
05.02.2024,00.00,978,EUR,1,Євро,40.8797,
06.02.2024,00.00,978,EUR,1,Євро,40.3747,
07.02.2024,00.00,978,EUR,1,Євро,40.3946,
08.02.2024,00.00,978,EUR,1,Євро,40.5035,
09.02.2024,00.00,978,EUR,1,Євро,40.4129,
10.02.2024,00.00,978,EUR,1,Євро,40.4129,
11.02.2024,00.00,978,EUR,1,Євро,40.4129,
12.02.2024,00.00,978,EUR,1,Євро,40.5129,
13.02.2024,00.00,978,EUR,1,Євро,40.8092,
14.02.2024,00.00,978,EUR,1,Євро,41.1212,
15.02.2024,00.00,978,EUR,1,Євро,40.8684,
16.02.2024,00.00,978,EUR,1,Євро,40.7718,
17.02.2024,00.00,978,EUR,1,Євро,40.7718,
18.02.2024,00.00,978,EUR,1,Євро,40.7718,
19.02.2024,00.00,978,EUR,1,Євро,40.8919,
20.02.2024,00.00,978,EUR,1,Євро,41.2403,
21.02.2024,00.00,978,EUR,1,Євро,41.5421,
22.02.2024,00.00,978,EUR,1,Євро,41.7213,
23.02.2024,00.00,978,EUR,1,Євро,41.728,
24.02.2024,00.00,978,EUR,1,Євро,41.728,
25.02.2024,00.00,978,EUR,1,Євро,41.728,
26.02.2024,00.00,978,EUR,1,Євро,41.5628,
27.02.2024,00.00,978,EUR,1,Євро,41.5985,
28.02.2024,00.00,978,EUR,1,Євро,41.7179,
29.02.2024,00.00,978,EUR,1,Євро,41.2968,
01.03.2024,00.00,978,EUR,1,Євро,41.2035,
02.03.2024,00.00,978,EUR,1,Євро,41.2035,
03.03.2024,00.00,978,EUR,1,Євро,41.2035,
04.03.2024,00.00,978,EUR,1,Євро,41.2635,
05.03.2024,00.00,978,EUR,1,Євро,41.5433,
06.03.2024,00.00,978,EUR,1,Євро,41.6463,
07.03.2024,00.00,978,EUR,1,Євро,41.5918,
08.03.2024,00.00,978,EUR,1,Євро,41.4883,
09.03.2024,00.00,978,EUR,1,Євро,41.4883,
10.03.2024,00.00,978,EUR,1,Євро,41.4883,
11.03.2024,00.00,978,EUR,1,Євро,41.6957,
12.03.2024,00.00,978,EUR,1,Євро,41.9559,
13.03.2024,00.00,978,EUR,1,Євро,42.0414,
14.03.2024,00.00,978,EUR,1,Євро,42.4183,
15.03.2024,00.00,978,EUR,1,Євро,42.287,
16.03.2024,00.00,978,EUR,1,Євро,42.287,
17.03.2024,00.00,978,EUR,1,Євро,42.287,
18.03.2024,00.00,978,EUR,1,Євро,42.2452,
19.03.2024,00.00,978,EUR,1,Євро,42.447,
20.03.2024,00.00,978,EUR,1,Євро,42.4641,
21.03.2024,00.00,978,EUR,1,Євро,42.4394,
22.03.2024,00.00,978,EUR,1,Євро,42.4693,
23.03.2024,00.00,978,EUR,1,Євро,42.4693,
24.03.2024,00.00,978,EUR,1,Євро,42.4693,
25.03.2024,00.00,978,EUR,1,Євро,42.1252,
26.03.2024,00.00,978,EUR,1,Євро,42.4898,
27.03.2024,00.00,978,EUR,1,Євро,42.6911,
28.03.2024,00.00,978,EUR,1,Євро,42.442,
29.03.2024,00.00,978,EUR,1,Євро,42.367,
30.03.2024,00.00,978,EUR,1,Євро,42.367,
31.03.2024,00.00,978,EUR,1,Євро,42.367,
01.04.2024,00.00,978,EUR,1,Євро,42.1601,
02.04.2024,00.00,978,EUR,1,Євро,42.1384,
03.04.2024,00.00,978,EUR,1,Євро,42.2768,
04.04.2024,00.00,978,EUR,1,Євро,42.2643,
05.04.2024,00.00,978,EUR,1,Євро,42.3485,
06.04.2024,00.00,978,EUR,1,Євро,42.3485,
07.04.2024,00.00,978,EUR,1,Євро,42.3485,
08.04.2024,00.00,978,EUR,1,Євро,42.091,
09.04.2024,00.00,978,EUR,1,Євро,42.2008,
10.04.2024,00.00,978,EUR,1,Євро,42.3519,
11.04.2024,00.00,978,EUR,1,Євро,42.3616,
12.04.2024,00.00,978,EUR,1,Євро,42.019,
13.04.2024,00.00,978,EUR,1,Євро,42.019,
14.04.2024,00.00,978,EUR,1,Євро,42.019,
15.04.2024,00.00,978,EUR,1,Євро,41.9678,
16.04.2024,00.00,978,EUR,1,Євро,42.1618,
17.04.2024,00.00,978,EUR,1,Євро,42.1222,
18.04.2024,00.00,978,EUR,1,Євро,42.0562,
19.04.2024,00.00,978,EUR,1,Євро,42.2789,
20.04.2024,00.00,978,EUR,1,Євро,42.2789,
21.04.2024,00.00,978,EUR,1,Євро,42.2789,
22.04.2024,00.00,978,EUR,1,Євро,42.3821,
23.04.2024,00.00,978,EUR,1,Євро,42.3118,
24.04.2024,00.00,978,EUR,1,Євро,42.262,
25.04.2024,00.00,978,EUR,1,Євро,42.1833,
26.04.2024,00.00,978,EUR,1,Євро,42.5205,
27.04.2024,00.00,978,EUR,1,Євро,42.5205,
28.04.2024,00.00,978,EUR,1,Євро,42.5205,
29.04.2024,00.00,978,EUR,1,Євро,42.4409,
30.04.2024,00.00,978,EUR,1,Євро,42.4972,
01.05.2024,00.00,978,EUR,1,Євро,42.3641,
02.05.2024,00.00,978,EUR,1,Євро,42.2986,
03.05.2024,00.00,978,EUR,1,Євро,42.3098,
04.05.2024,00.00,978,EUR,1,Євро,42.3098,
05.05.2024,00.00,978,EUR,1,Євро,42.3098,
06.05.2024,00.00,978,EUR,1,Євро,42.3359,
07.05.2024,00.00,978,EUR,1,Євро,42.3983,
08.05.2024,00.00,978,EUR,1,Євро,42.3087,
09.05.2024,00.00,978,EUR,1,Євро,42.3168,
10.05.2024,00.00,978,EUR,1,Євро,42.4312,
11.05.2024,00.00,978,EUR,1,Євро,42.4312,
12.05.2024,00.00,978,EUR,1,Євро,42.4312,
13.05.2024,00.00,978,EUR,1,Євро,42.8148,
14.05.2024,00.00,978,EUR,1,Євро,42.7495,
15.05.2024,00.00,978,EUR,1,Євро,42.8305,
16.05.2024,00.00,978,EUR,1,Євро,42.8501,
17.05.2024,00.00,978,EUR,1,Євро,42.8452,
18.05.2024,00.00,978,EUR,1,Євро,42.8452,
19.05.2024,00.00,978,EUR,1,Євро,42.8452,
20.05.2024,00.00,978,EUR,1,Євро,42.7549,
21.05.2024,00.00,978,EUR,1,Євро,43.0802,
22.05.2024,00.00,978,EUR,1,Євро,43.2643,
23.05.2024,00.00,978,EUR,1,Євро,43.1106,
24.05.2024,00.00,978,EUR,1,Євро,43.3137,
25.05.2024,00.00,978,EUR,1,Євро,43.3137,
26.05.2024,00.00,978,EUR,1,Євро,43.3137,
27.05.2024,00.00,978,EUR,1,Євро,43.491,
28.05.2024,00.00,978,EUR,1,Євро,43.759,
29.05.2024,00.00,978,EUR,1,Євро,43.9708,
30.05.2024,00.00,978,EUR,1,Євро,43.9202,
31.05.2024,00.00,978,EUR,1,Євро,43.8171,
01.06.2024,00.00,978,EUR,1,Євро,43.8171,
02.06.2024,00.00,978,EUR,1,Євро,43.8171,
03.06.2024,00.00,978,EUR,1,Євро,43.985,
04.06.2024,00.00,978,EUR,1,Євро,43.8939,
05.06.2024,00.00,978,EUR,1,Євро,43.7671,
06.06.2024,00.00,978,EUR,1,Євро,43.6083,
07.06.2024,00.00,978,EUR,1,Євро,43.627,
08.06.2024,00.00,978,EUR,1,Євро,43.627,
09.06.2024,00.00,978,EUR,1,Євро,43.627,
10.06.2024,00.00,978,EUR,1,Євро,43.8709,
11.06.2024,00.00,978,EUR,1,Євро,43.4726,
12.06.2024,00.00,978,EUR,1,Євро,43.4594,
13.06.2024,00.00,978,EUR,1,Євро,43.532,
14.06.2024,00.00,978,EUR,1,Євро,43.885,
15.06.2024,00.00,978,EUR,1,Євро,43.885,
16.06.2024,00.00,978,EUR,1,Євро,43.885,
17.06.2024,00.00,978,EUR,1,Євро,43.4782,
18.06.2024,00.00,978,EUR,1,Євро,43.5366,
19.06.2024,00.00,978,EUR,1,Євро,43.4486,
20.06.2024,00.00,978,EUR,1,Євро,43.5744,
21.06.2024,00.00,978,EUR,1,Євро,43.4276,
22.06.2024,00.00,978,EUR,1,Євро,43.4276,
23.06.2024,00.00,978,EUR,1,Євро,43.4276,
24.06.2024,00.00,978,EUR,1,Євро,43.2347,
25.06.2024,00.00,978,EUR,1,Євро,43.5188,
26.06.2024,00.00,978,EUR,1,Євро,43.545,
27.06.2024,00.00,978,EUR,1,Євро,43.3133,
28.06.2024,00.00,978,EUR,1,Євро,43.3547,
29.06.2024,00.00,978,EUR,1,Євро,43.3547,
30.06.2024,00.00,978,EUR,1,Євро,43.3547,
01.07.2024,00.00,978,EUR,1,Євро,43.2658,
02.07.2024,00.00,978,EUR,1,Євро,43.6853,
03.07.2024,00.00,978,EUR,1,Євро,43.6977,
04.07.2024,00.00,978,EUR,1,Євро,43.8495,
05.07.2024,00.00,978,EUR,1,Євро,43.7814,
06.07.2024,00.00,978,EUR,1,Євро,43.7814,
07.07.2024,00.00,978,EUR,1,Євро,43.7814,
08.07.2024,00.00,978,EUR,1,Євро,43.8624,
09.07.2024,00.00,978,EUR,1,Євро,44.0781,
10.07.2024,00.00,978,EUR,1,Євро,44.0846,
11.07.2024,00.00,978,EUR,1,Євро,44.0776,
12.07.2024,00.00,978,EUR,1,Євро,44.3818,
13.07.2024,00.00,978,EUR,1,Євро,44.3818,
14.07.2024,00.00,978,EUR,1,Євро,44.3818,
15.07.2024,00.00,978,EUR,1,Євро,44.686,
16.07.2024,00.00,978,EUR,1,Євро,44.7263,
17.07.2024,00.00,978,EUR,1,Євро,44.9789,
18.07.2024,00.00,978,EUR,1,Євро,45.3457,
19.07.2024,00.00,978,EUR,1,Євро,45.2618,
20.07.2024,00.00,978,EUR,1,Євро,45.2618,
21.07.2024,00.00,978,EUR,1,Євро,45.2618,
22.07.2024,00.00,978,EUR,1,Євро,45.186,
23.07.2024,00.00,978,EUR,1,Євро,44.9952,
24.07.2024,00.00,978,EUR,1,Євро,44.7693,
25.07.2024,00.00,978,EUR,1,Євро,44.7044,
26.07.2024,00.00,978,EUR,1,Євро,44.683,
27.07.2024,00.00,978,EUR,1,Євро,44.683,
28.07.2024,00.00,978,EUR,1,Євро,44.683,
29.07.2024,00.00,978,EUR,1,Євро,44.6324,
30.07.2024,00.00,978,EUR,1,Євро,44.4055,
31.07.2024,00.00,978,EUR,1,Євро,44.4181,
01.08.2024,00.00,978,EUR,1,Євро,44.4016,
02.08.2024,00.00,978,EUR,1,Євро,44.4013,
03.08.2024,00.00,978,EUR,1,Євро,44.4013,
04.08.2024,00.00,978,EUR,1,Євро,44.4013,
05.08.2024,00.00,978,EUR,1,Євро,44.6467,
06.08.2024,00.00,978,EUR,1,Євро,45.1474,
07.08.2024,00.00,978,EUR,1,Євро,44.7931,
08.08.2024,00.00,978,EUR,1,Євро,44.7676,
09.08.2024,00.00,978,EUR,1,Євро,44.809,
10.08.2024,00.00,978,EUR,1,Євро,44.809,
11.08.2024,00.00,978,EUR,1,Євро,44.809,
12.08.2024,00.00,978,EUR,1,Євро,44.8855,
13.08.2024,00.00,978,EUR,1,Євро,45.1058,
14.08.2024,00.00,978,EUR,1,Євро,45.1957,
15.08.2024,00.00,978,EUR,1,Євро,45.5497,
16.08.2024,00.00,978,EUR,1,Євро,45.3055,
17.08.2024,00.00,978,EUR,1,Євро,45.3055,
18.08.2024,00.00,978,EUR,1,Євро,45.3055,
19.08.2024,00.00,978,EUR,1,Євро,45.2991,
20.08.2024,00.00,978,EUR,1,Євро,45.6085,
21.08.2024,00.00,978,EUR,1,Євро,45.8195,
22.08.2024,00.00,978,EUR,1,Євро,45.898,
23.08.2024,00.00,978,EUR,1,Євро,45.9826,
24.08.2024,00.00,978,EUR,1,Євро,45.9826,
25.08.2024,00.00,978,EUR,1,Євро,45.9826,
26.08.2024,00.00,978,EUR,1,Євро,45.8406,
27.08.2024,00.00,978,EUR,1,Євро,46.1816,
28.08.2024,00.00,978,EUR,1,Євро,46.1041,
29.08.2024,00.00,978,EUR,1,Євро,45.8791,
30.08.2024,00.00,978,EUR,1,Євро,45.7045,
31.08.2024,00.00,978,EUR,1,Євро,45.7045,
01.09.2024,00.00,978,EUR,1,Євро,45.7045,
02.09.2024,00.00,978,EUR,1,Євро,45.5018,
03.09.2024,00.00,978,EUR,1,Євро,45.4622,
04.09.2024,00.00,978,EUR,1,Євро,45.5431,
05.09.2024,00.00,978,EUR,1,Євро,45.6065,
06.09.2024,00.00,978,EUR,1,Євро,45.5882,
07.09.2024,00.00,978,EUR,1,Євро,45.5882,
08.09.2024,00.00,978,EUR,1,Євро,45.5882,
09.09.2024,00.00,978,EUR,1,Євро,45.5574,
10.09.2024,00.00,978,EUR,1,Євро,45.383,
11.09.2024,00.00,978,EUR,1,Євро,45.3774,
12.09.2024,00.00,978,EUR,1,Євро,45.4894,
13.09.2024,00.00,978,EUR,1,Євро,45.4595,
14.09.2024,00.00,978,EUR,1,Євро,45.4595,
15.09.2024,00.00,978,EUR,1,Євро,45.4595,
16.09.2024,00.00,978,EUR,1,Євро,45.7959,
17.09.2024,00.00,978,EUR,1,Євро,46.0079,
18.09.2024,00.00,978,EUR,1,Євро,46.1245,
19.09.2024,00.00,978,EUR,1,Євро,46.1099,
20.09.2024,00.00,978,EUR,1,Євро,46.2396,
21.09.2024,00.00,978,EUR,1,Євро,46.2396,
22.09.2024,00.00,978,EUR,1,Євро,46.2396,
23.09.2024,00.00,978,EUR,1,Євро,46.1486,
24.09.2024,00.00,978,EUR,1,Євро,45.9928,
25.09.2024,00.00,978,EUR,1,Євро,46.0414,
26.09.2024,00.00,978,EUR,1,Євро,46.1958,
27.09.2024,00.00,978,EUR,1,Євро,45.9598,
28.09.2024,00.00,978,EUR,1,Євро,45.9598,
29.09.2024,00.00,978,EUR,1,Євро,45.9598,
30.09.2024,00.00,978,EUR,1,Євро,45.9541,
01.10.2024,00.00,978,EUR,1,Євро,46.1539,
02.10.2024,00.00,978,EUR,1,Євро,45.7106,
03.10.2024,00.00,978,EUR,1,Євро,45.7147,
04.10.2024,00.00,978,EUR,1,Євро,45.5236,
05.10.2024,00.00,978,EUR,1,Євро,45.5236,
06.10.2024,00.00,978,EUR,1,Євро,45.5236,
07.10.2024,00.00,978,EUR,1,Євро,45.4322,
08.10.2024,00.00,978,EUR,1,Євро,45.221,
09.10.2024,00.00,978,EUR,1,Євро,45.2437,
10.10.2024,00.00,978,EUR,1,Євро,45.1274,
11.10.2024,00.00,978,EUR,1,Євро,45.0477,
12.10.2024,00.00,978,EUR,1,Євро,45.0477,
13.10.2024,00.00,978,EUR,1,Євро,45.0477,
14.10.2024,00.00,978,EUR,1,Євро,45.0238,
15.10.2024,00.00,978,EUR,1,Євро,44.9575,
16.10.2024,00.00,978,EUR,1,Євро,44.9232,
17.10.2024,00.00,978,EUR,1,Євро,44.9132,
18.10.2024,00.00,978,EUR,1,Євро,44.7937,
19.10.2024,00.00,978,EUR,1,Євро,44.7937,
20.10.2024,00.00,978,EUR,1,Євро,44.7937,
21.10.2024,00.00,978,EUR,1,Євро,44.7272,
22.10.2024,00.00,978,EUR,1,Євро,44.813,
23.10.2024,00.00,978,EUR,1,Євро,44.7081,
24.10.2024,00.00,978,EUR,1,Євро,44.4355,
25.10.2024,00.00,978,EUR,1,Євро,44.5413,
26.10.2024,00.00,978,EUR,1,Євро,44.5413,
27.10.2024,00.00,978,EUR,1,Євро,44.5413,
28.10.2024,00.00,978,EUR,1,Євро,44.7136,
29.10.2024,00.00,978,EUR,1,Євро,44.6975,
30.10.2024,00.00,978,EUR,1,Євро,44.6074,
31.10.2024,00.00,978,EUR,1,Євро,44.635,
01.11.2024,00.00,978,EUR,1,Євро,44.8467,
02.11.2024,00.00,978,EUR,1,Євро,44.8467,
03.11.2024,00.00,978,EUR,1,Євро,44.8467,
04.11.2024,00.00,978,EUR,1,Євро,44.968,
05.11.2024,00.00,978,EUR,1,Євро,45.1417,
06.11.2024,00.00,978,EUR,1,Євро,45.1503,
07.11.2024,00.00,978,EUR,1,Євро,44.3374,
08.11.2024,00.00,978,EUR,1,Євро,44.5642,
09.11.2024,00.00,978,EUR,1,Євро,44.5642,
10.11.2024,00.00,978,EUR,1,Євро,44.5642,
11.11.2024,00.00,978,EUR,1,Євро,44.4864,
12.11.2024,00.00,978,EUR,1,Євро,43.9949,
13.11.2024,00.00,978,EUR,1,Євро,43.9416,
14.11.2024,00.00,978,EUR,1,Євро,43.9499,
15.11.2024,00.00,978,EUR,1,Євро,43.4677,
16.11.2024,00.00,978,EUR,1,Євро,43.4677,
17.11.2024,00.00,978,EUR,1,Євро,43.4677,
18.11.2024,00.00,978,EUR,1,Євро,43.6532,
19.11.2024,00.00,978,EUR,1,Євро,43.6345,
20.11.2024,00.00,978,EUR,1,Євро,43.691,
21.11.2024,00.00,978,EUR,1,Євро,43.5635,
22.11.2024,00.00,978,EUR,1,Євро,43.4659,
23.11.2024,00.00,978,EUR,1,Євро,43.4659,
24.11.2024,00.00,978,EUR,1,Євро,43.4659,
25.11.2024,00.00,978,EUR,1,Євро,42.9927,
26.11.2024,00.00,978,EUR,1,Євро,43.4733,
27.11.2024,00.00,978,EUR,1,Євро,43.6824,
28.11.2024,00.00,978,EUR,1,Євро,43.8017,
29.11.2024,00.00,978,EUR,1,Євро,43.8626,
30.11.2024,00.00,978,EUR,1,Євро,43.8626,
01.12.2024,00.00,978,EUR,1,Євро,43.8626,
02.12.2024,00.00,978,EUR,1,Євро,43.901,
03.12.2024,00.00,978,EUR,1,Євро,43.7242,
04.12.2024,00.00,978,EUR,1,Євро,43.8238,
05.12.2024,00.00,978,EUR,1,Євро,43.7043,
06.12.2024,00.00,978,EUR,1,Євро,43.8146,
07.12.2024,00.00,978,EUR,1,Євро,43.8146,
08.12.2024,00.00,978,EUR,1,Євро,43.8146,
09.12.2024,00.00,978,EUR,1,Євро,43.8567,
10.12.2024,00.00,978,EUR,1,Євро,43.8525,
11.12.2024,00.00,978,EUR,1,Євро,43.8215,
12.12.2024,00.00,978,EUR,1,Євро,43.7997,
13.12.2024,00.00,978,EUR,1,Євро,43.7042,
14.12.2024,00.00,978,EUR,1,Євро,43.7042,
15.12.2024,00.00,978,EUR,1,Євро,43.7042,
16.12.2024,00.00,978,EUR,1,Євро,43.7373,
17.12.2024,00.00,978,EUR,1,Євро,43.8064,
18.12.2024,00.00,978,EUR,1,Євро,43.9143,
19.12.2024,00.00,978,EUR,1,Євро,43.9581,
20.12.2024,00.00,978,EUR,1,Євро,43.577,
21.12.2024,00.00,978,EUR,1,Євро,43.577,
22.12.2024,00.00,978,EUR,1,Євро,43.577,
23.12.2024,00.00,978,EUR,1,Євро,43.5114,
24.12.2024,00.00,978,EUR,1,Євро,43.6454,
25.12.2024,00.00,978,EUR,1,Євро,43.6334,
26.12.2024,00.00,978,EUR,1,Євро,43.5159,
27.12.2024,00.00,978,EUR,1,Євро,43.5122,
28.12.2024,00.00,978,EUR,1,Євро,43.5122,
29.12.2024,00.00,978,EUR,1,Євро,43.5122,
30.12.2024,00.00,978,EUR,1,Євро,43.7479,
31.12.2024,00.00,978,EUR,1,Євро,43.9266,
01.01.2025,00.00,978,EUR,1,Євро,43.6855,
02.01.2025,00.00,978,EUR,1,Євро,43.6052,
03.01.2025,00.00,978,EUR,1,Євро,43.3753,
04.01.2025,00.00,978,EUR,1,Євро,43.3753,
05.01.2025,00.00,978,EUR,1,Євро,43.3753,
06.01.2025,00.00,978,EUR,1,Євро,43.3347,
07.01.2025,00.00,978,EUR,1,Євро,43.9091,
08.01.2025,00.00,978,EUR,1,Євро,43.8767,
09.01.2025,00.00,978,EUR,1,Євро,43.4272,
10.01.2025,00.00,978,EUR,1,Євро,43.5594,
11.01.2025,00.00,978,EUR,1,Євро,43.5594,
12.01.2025,00.00,978,EUR,1,Євро,43.5594,
13.01.2025,00.00,978,EUR,1,Євро,43.5738,
14.01.2025,00.00,978,EUR,1,Євро,43.1273,
15.01.2025,00.00,978,EUR,1,Євро,43.3218,
16.01.2025,00.00,978,EUR,1,Євро,43.5297,
17.01.2025,00.00,978,EUR,1,Євро,43.32,
18.01.2025,00.00,978,EUR,1,Євро,43.32,
19.01.2025,00.00,978,EUR,1,Євро,43.32,
20.01.2025,00.00,978,EUR,1,Євро,43.3684,
21.01.2025,00.00,978,EUR,1,Євро,43.4998,
22.01.2025,00.00,978,EUR,1,Євро,43.6419,
23.01.2025,00.00,978,EUR,1,Євро,43.8735,
24.01.2025,00.00,978,EUR,1,Євро,43.6709,
25.01.2025,00.00,978,EUR,1,Євро,43.6709,
26.01.2025,00.00,978,EUR,1,Євро,43.6709,
27.01.2025,00.00,978,EUR,1,Євро,43.9168,
28.01.2025,00.00,978,EUR,1,Євро,44.146,
29.01.2025,00.00,978,EUR,1,Євро,43.7843,
30.01.2025,00.00,978,EUR,1,Євро,43.6192,
31.01.2025,00.00,978,EUR,1,Євро,43.5097,
01.02.2025,00.00,978,EUR,1,Євро,43.5097,
02.02.2025,00.00,978,EUR,1,Євро,43.5097,
03.02.2025,00.00,978,EUR,1,Євро,43.3244,
04.02.2025,00.00,978,EUR,1,Євро,42.8627,
05.02.2025,00.00,978,EUR,1,Євро,43.117,
06.02.2025,00.00,978,EUR,1,Євро,43.4081,
07.02.2025,00.00,978,EUR,1,Євро,42.9792,
08.02.2025,00.00,978,EUR,1,Євро,42.9792,
09.02.2025,00.00,978,EUR,1,Євро,42.9792,
10.02.2025,00.00,978,EUR,1,Євро,43.0327,
11.02.2025,00.00,978,EUR,1,Євро,42.8955,
12.02.2025,00.00,978,EUR,1,Євро,43.0114,
13.02.2025,00.00,978,EUR,1,Євро,43.3557,
14.02.2025,00.00,978,EUR,1,Євро,43.4361,
15.02.2025,00.00,978,EUR,1,Євро,43.4361,
16.02.2025,00.00,978,EUR,1,Євро,43.4361,
17.02.2025,00.00,978,EUR,1,Євро,43.5907,
18.02.2025,00.00,978,EUR,1,Євро,43.5168,
19.02.2025,00.00,978,EUR,1,Євро,43.4661,
20.02.2025,00.00,978,EUR,1,Євро,43.4737,
21.02.2025,00.00,978,EUR,1,Євро,43.5511,
22.02.2025,00.00,978,EUR,1,Євро,43.5511,
23.02.2025,00.00,978,EUR,1,Євро,43.5511,
24.02.2025,00.00,978,EUR,1,Євро,43.5093,
25.02.2025,00.00,978,EUR,1,Євро,43.6448,
26.02.2025,00.00,978,EUR,1,Євро,43.7892,
27.02.2025,00.00,978,EUR,1,Євро,43.6252,
28.02.2025,00.00,978,EUR,1,Євро,43.4942,
01.03.2025,00.00,978,EUR,1,Євро,43.4942,
02.03.2025,00.00,978,EUR,1,Євро,43.4942,
03.03.2025,00.00,978,EUR,1,Євро,43.1134,
04.03.2025,00.00,978,EUR,1,Євро,43.5417,
05.03.2025,00.00,978,EUR,1,Євро,43.8775,
06.03.2025,00.00,978,EUR,1,Євро,44.2493,
07.03.2025,00.00,978,EUR,1,Євро,44.5596,
08.03.2025,00.00,978,EUR,1,Євро,44.5596,
09.03.2025,00.00,978,EUR,1,Євро,44.5596,
10.03.2025,00.00,978,EUR,1,Євро,44.7281,
11.03.2025,00.00,978,EUR,1,Євро,44.7716,
12.03.2025,00.00,978,EUR,1,Євро,45.2141,
13.03.2025,00.00,978,EUR,1,Євро,45.1644,
14.03.2025,00.00,978,EUR,1,Євро,45.0007,
15.03.2025,00.00,978,EUR,1,Євро,45.0007,
16.03.2025,00.00,978,EUR,1,Євро,45.0007,
17.03.2025,00.00,978,EUR,1,Євро,45.2291,
18.03.2025,00.00,978,EUR,1,Євро,45.1649,
19.03.2025,00.00,978,EUR,1,Євро,45.3483,
20.03.2025,00.00,978,EUR,1,Євро,45.3229,
21.03.2025,00.00,978,EUR,1,Євро,45.0014,
22.03.2025,00.00,978,EUR,1,Євро,45.0014,
23.03.2025,00.00,978,EUR,1,Євро,45.0014,
24.03.2025,00.00,978,EUR,1,Євро,44.9807,
25.03.2025,00.00,978,EUR,1,Євро,45.0886,
26.03.2025,00.00,978,EUR,1,Євро,45.1389,
27.03.2025,00.00,978,EUR,1,Євро,44.823,
28.03.2025,00.00,978,EUR,1,Євро,44.7471,
29.03.2025,00.00,978,EUR,1,Євро,44.7471,
30.03.2025,00.00,978,EUR,1,Євро,44.7471,
31.03.2025,00.00,978,EUR,1,Євро,44.7472,
01.04.2025,00.00,978,EUR,1,Євро,44.8278,
02.04.2025,00.00,978,EUR,1,Євро,44.6084,
03.04.2025,00.00,978,EUR,1,Євро,44.6339,
04.04.2025,00.00,978,EUR,1,Євро,45.8531,
05.04.2025,00.00,978,EUR,1,Євро,45.8531,
06.04.2025,00.00,978,EUR,1,Євро,45.8531,
07.04.2025,00.00,978,EUR,1,Євро,45.5524,
08.04.2025,00.00,978,EUR,1,Євро,45.0532,
09.04.2025,00.00,978,EUR,1,Євро,45.0258,
10.04.2025,00.00,978,EUR,1,Євро,45.5471,
11.04.2025,00.00,978,EUR,1,Євро,45.8415,
12.04.2025,00.00,978,EUR,1,Євро,45.8415,
13.04.2025,00.00,978,EUR,1,Євро,45.8415,
14.04.2025,00.00,978,EUR,1,Євро,46.9153,
15.04.2025,00.00,978,EUR,1,Євро,47.0271,
16.04.2025,00.00,978,EUR,1,Євро,46.6104,
17.04.2025,00.00,978,EUR,1,Євро,46.8205,
18.04.2025,00.00,978,EUR,1,Євро,47.0043,
19.04.2025,00.00,978,EUR,1,Євро,47.0043,
20.04.2025,00.00,978,EUR,1,Євро,47.0043,
21.04.2025,00.00,978,EUR,1,Євро,47.0253,
22.04.2025,00.00,978,EUR,1,Євро,47.7653,
23.04.2025,00.00,978,EUR,1,Євро,47.7131,
24.04.2025,00.00,978,EUR,1,Євро,47.5421,
25.04.2025,00.00,978,EUR,1,Євро,47.4171,
26.04.2025,00.00,978,EUR,1,Євро,47.4171,
27.04.2025,00.00,978,EUR,1,Євро,47.4171,
28.04.2025,00.00,978,EUR,1,Євро,47.3856,
29.04.2025,00.00,978,EUR,1,Євро,47.3921,
30.04.2025,00.00,978,EUR,1,Євро,47.284,
01.05.2025,00.00,978,EUR,1,Євро,47.1687,
02.05.2025,00.00,978,EUR,1,Євро,47.0808,
03.05.2025,00.00,978,EUR,1,Євро,47.0808,
04.05.2025,00.00,978,EUR,1,Євро,47.0808,
05.05.2025,00.00,978,EUR,1,Євро,47.3127,
06.05.2025,00.00,978,EUR,1,Євро,47.1868,
07.05.2025,00.00,978,EUR,1,Євро,46.9637,
08.05.2025,00.00,978,EUR,1,Євро,47.0745,
09.05.2025,00.00,978,EUR,1,Євро,46.887,
10.05.2025,00.00,978,EUR,1,Євро,46.887,
11.05.2025,00.00,978,EUR,1,Євро,46.887,
12.05.2025,00.00,978,EUR,1,Євро,46.7528,
13.05.2025,00.00,978,EUR,1,Євро,46.1578,
14.05.2025,00.00,978,EUR,1,Євро,46.0924,
15.05.2025,00.00,978,EUR,1,Євро,46.5886,
16.05.2025,00.00,978,EUR,1,Євро,46.3831,
17.05.2025,00.00,978,EUR,1,Євро,46.3831,
18.05.2025,00.00,978,EUR,1,Євро,46.3831,
19.05.2025,00.00,978,EUR,1,Євро,46.449,
20.05.2025,00.00,978,EUR,1,Євро,46.8562,
21.05.2025,00.00,978,EUR,1,Євро,46.6521,
22.05.2025,00.00,978,EUR,1,Євро,46.9138,
23.05.2025,00.00,978,EUR,1,Євро,46.9281,
24.05.2025,00.00,978,EUR,1,Євро,46.9281,
25.05.2025,00.00,978,EUR,1,Євро,46.9281,
26.05.2025,00.00,978,EUR,1,Євро,46.9949,
27.05.2025,00.00,978,EUR,1,Євро,47.295,
28.05.2025,00.00,978,EUR,1,Євро,47.3104,
29.05.2025,00.00,978,EUR,1,Євро,47.0761,
30.05.2025,00.00,978,EUR,1,Євро,46.8026,
31.05.2025,00.00,978,EUR,1,Євро,46.8026,
01.06.2025,00.00,978,EUR,1,Євро,46.8026,
02.06.2025,00.00,978,EUR,1,Євро,47.074,
03.06.2025,00.00,978,EUR,1,Євро,47.5032,
04.06.2025,00.00,978,EUR,1,Євро,47.4263,
05.06.2025,00.00,978,EUR,1,Євро,47.2013,
06.06.2025,00.00,978,EUR,1,Євро,47.3773,
07.06.2025,00.00,978,EUR,1,Євро,47.3773,
08.06.2025,00.00,978,EUR,1,Євро,47.3773,
09.06.2025,00.00,978,EUR,1,Євро,47.2726,
10.06.2025,00.00,978,EUR,1,Євро,47.3713,
11.06.2025,00.00,978,EUR,1,Євро,47.5033,
12.06.2025,00.00,978,EUR,1,Євро,47.4562,
13.06.2025,00.00,978,EUR,1,Євро,48.0825,
14.06.2025,00.00,978,EUR,1,Євро,48.0825,
15.06.2025,00.00,978,EUR,1,Євро,48.0825,
16.06.2025,00.00,978,EUR,1,Євро,47.6926,
17.06.2025,00.00,978,EUR,1,Євро,48.0675,
18.06.2025,00.00,978,EUR,1,Євро,48.0159,
19.06.2025,00.00,978,EUR,1,Євро,47.9028,
20.06.2025,00.00,978,EUR,1,Євро,47.859,
21.06.2025,00.00,978,EUR,1,Євро,47.859,
22.06.2025,00.00,978,EUR,1,Євро,47.859,
23.06.2025,00.00,978,EUR,1,Євро,48.2006,
24.06.2025,00.00,978,EUR,1,Євро,48.0209,
25.06.2025,00.00,978,EUR,1,Євро,48.5084,
26.06.2025,00.00,978,EUR,1,Євро,48.3238,
27.06.2025,00.00,978,EUR,1,Євро,48.638,
28.06.2025,00.00,978,EUR,1,Євро,48.638,
29.06.2025,00.00,978,EUR,1,Євро,48.638,
30.06.2025,00.00,978,EUR,1,Євро,48.7823,
01.07.2025,00.00,978,EUR,1,Євро,48.9856,
02.07.2025,00.00,978,EUR,1,Євро,49.4093,
03.07.2025,00.00,978,EUR,1,Євро,49.1328,
04.07.2025,00.00,978,EUR,1,Євро,49.1758,
05.07.2025,00.00,978,EUR,1,Євро,49.1758,
06.07.2025,00.00,978,EUR,1,Євро,49.1758,
07.07.2025,00.00,978,EUR,1,Євро,49.121,
08.07.2025,00.00,978,EUR,1,Євро,49.0285,
09.07.2025,00.00,978,EUR,1,Євро,49.0563,
10.07.2025,00.00,978,EUR,1,Євро,48.8427,
11.07.2025,00.00,978,EUR,1,Євро,48.975,
12.07.2025,00.00,978,EUR,1,Євро,48.975,
13.07.2025,00.00,978,EUR,1,Євро,48.975,
14.07.2025,00.00,978,EUR,1,Євро,48.8416,
15.07.2025,00.00,978,EUR,1,Євро,48.8973,
16.07.2025,00.00,978,EUR,1,Євро,48.8031,
17.07.2025,00.00,978,EUR,1,Євро,48.5197,
18.07.2025,00.00,978,EUR,1,Євро,48.4527,
19.07.2025,00.00,978,EUR,1,Євро,48.4527,
20.07.2025,00.00,978,EUR,1,Євро,48.4527,
21.07.2025,00.00,978,EUR,1,Євро,48.607,
22.07.2025,00.00,978,EUR,1,Євро,48.7907,
23.07.2025,00.00,978,EUR,1,Євро,48.8654,
24.07.2025,00.00,978,EUR,1,Євро,48.9821,
25.07.2025,00.00,978,EUR,1,Євро,49.1009,
26.07.2025,00.00,978,EUR,1,Євро,49.1009,
27.07.2025,00.00,978,EUR,1,Євро,49.1009,
28.07.2025,00.00,978,EUR,1,Євро,48.9815,
29.07.2025,00.00,978,EUR,1,Євро,48.6967,
30.07.2025,00.00,978,EUR,1,Євро,48.224,
31.07.2025,00.00,978,EUR,1,Євро,48.1481,
01.08.2025,00.00,978,EUR,1,Євро,47.7491,
02.08.2025,00.00,978,EUR,1,Євро,47.7491,
03.08.2025,00.00,978,EUR,1,Євро,47.7491,
04.08.2025,00.00,978,EUR,1,Євро,47.6448,
05.08.2025,00.00,978,EUR,1,Євро,48.347,
06.08.2025,00.00,978,EUR,1,Євро,48.0914,
07.08.2025,00.00,978,EUR,1,Євро,48.2854,
08.08.2025,00.00,978,EUR,1,Євро,48.276,
09.08.2025,00.00,978,EUR,1,Євро,48.276,
10.08.2025,00.00,978,EUR,1,Євро,48.276,
11.08.2025,00.00,978,EUR,1,Євро,48.1939,
12.08.2025,00.00,978,EUR,1,Євро,48.1969,
13.08.2025,00.00,978,EUR,1,Євро,48.0758,
14.08.2025,00.00,978,EUR,1,Євро,48.6472,
15.08.2025,00.00,978,EUR,1,Євро,48.4405,
16.08.2025,00.00,978,EUR,1,Євро,48.4405,
17.08.2025,00.00,978,EUR,1,Євро,48.4405,
18.08.2025,00.00,978,EUR,1,Євро,48.3059,
19.08.2025,00.00,978,EUR,1,Євро,48.1739,
20.08.2025,00.00,978,EUR,1,Євро,48.3241,
21.08.2025,00.00,978,EUR,1,Євро,48.1684,
22.08.2025,00.00,978,EUR,1,Євро,47.9825,
23.08.2025,00.00,978,EUR,1,Євро,47.9825,
24.08.2025,00.00,978,EUR,1,Євро,47.9825,
25.08.2025,00.00,978,EUR,1,Євро,47.91,
26.08.2025,00.00,978,EUR,1,Євро,48.4731,
27.08.2025,00.00,978,EUR,1,Євро,48.2655,
28.08.2025,00.00,978,EUR,1,Євро,47.88,
29.08.2025,00.00,978,EUR,1,Євро,48.1341,
30.08.2025,00.00,978,EUR,1,Євро,48.1341,
31.08.2025,00.00,978,EUR,1,Євро,48.1341,
01.09.2025,00.00,978,EUR,1,Євро,48.196,
02.09.2025,00.00,978,EUR,1,Євро,48.4675,
03.09.2025,00.00,978,EUR,1,Євро,48.1756,
04.09.2025,00.00,978,EUR,1,Євро,48.2024,
05.09.2025,00.00,978,EUR,1,Євро,48.1348,
06.09.2025,00.00,978,EUR,1,Євро,48.1348,
07.09.2025,00.00,978,EUR,1,Євро,48.1348,
08.09.2025,00.00,978,EUR,1,Євро,48.1634,
09.09.2025,00.00,978,EUR,1,Євро,48.3818,
10.09.2025,00.00,978,EUR,1,Євро,48.2916,
11.09.2025,00.00,978,EUR,1,Євро,48.2408,
12.09.2025,00.00,978,EUR,1,Євро,48.2739,
13.09.2025,00.00,978,EUR,1,Євро,48.2739,
14.09.2025,00.00,978,EUR,1,Євро,48.2739,
15.09.2025,00.00,978,EUR,1,Євро,48.3929,
16.09.2025,00.00,978,EUR,1,Євро,48.4967,
17.09.2025,00.00,978,EUR,1,Євро,48.6567,
18.09.2025,00.00,978,EUR,1,Євро,48.7738,
19.09.2025,00.00,978,EUR,1,Євро,48.785,
20.09.2025,00.00,978,EUR,1,Євро,48.785,
21.09.2025,00.00,978,EUR,1,Євро,48.785,
22.09.2025,00.00,978,EUR,1,Євро,48.4215,
23.09.2025,00.00,978,EUR,1,Євро,48.7304,
24.09.2025,00.00,978,EUR,1,Євро,48.8012,
25.09.2025,00.00,978,EUR,1,Євро,48.6573,
26.09.2025,00.00,978,EUR,1,Євро,48.7118,
27.09.2025,00.00,978,EUR,1,Євро,48.7118,
28.09.2025,00.00,978,EUR,1,Євро,48.7118,
29.09.2025,00.00,978,EUR,1,Євро,48.4059,
30.09.2025,00.00,978,EUR,1,Євро,48.4408,
01.10.2025,00.00,978,EUR,1,Євро,48.3028,
02.10.2025,00.00,978,EUR,1,Євро,48.3734,
03.10.2025,00.00,978,EUR,1,Євро,48.5039,
04.10.2025,00.00,978,EUR,1,Євро,48.5039,
05.10.2025,00.00,978,EUR,1,Євро,48.5039,
06.10.2025,00.00,978,EUR,1,Євро,48.3818,
07.10.2025,00.00,978,EUR,1,Євро,48.2696,
08.10.2025,00.00,978,EUR,1,Євро,48.1742,
09.10.2025,00.00,978,EUR,1,Євро,48.1386,
10.10.2025,00.00,978,EUR,1,Євро,48.2053,
11.10.2025,00.00,978,EUR,1,Євро,48.2053,
12.10.2025,00.00,978,EUR,1,Євро,48.2053,
13.10.2025,00.00,978,EUR,1,Євро,48.1094,
14.10.2025,00.00,978,EUR,1,Євро,48.1347,
15.10.2025,00.00,978,EUR,1,Євро,48.2354,
16.10.2025,00.00,978,EUR,1,Євро,48.5301,
17.10.2025,00.00,978,EUR,1,Євро,48.5224,
18.10.2025,00.00,978,EUR,1,Євро,48.5224,
19.10.2025,00.00,978,EUR,1,Євро,48.5224,
20.10.2025,00.00,978,EUR,1,Євро,48.7624,
21.10.2025,00.00,978,EUR,1,Євро,48.663,
22.10.2025,00.00,978,EUR,1,Євро,48.4732,
23.10.2025,00.00,978,EUR,1,Євро,48.369,
24.10.2025,00.00,978,EUR,1,Євро,48.5502,
25.10.2025,00.00,978,EUR,1,Євро,48.5502,
26.10.2025,00.00,978,EUR,1,Євро,48.5502,
27.10.2025,00.00,978,EUR,1,Євро,48.7668,
28.10.2025,00.00,978,EUR,1,Євро,48.9742,
29.10.2025,00.00,978,EUR,1,Євро,48.9784,
30.10.2025,00.00,978,EUR,1,Євро,48.8657,
31.10.2025,00.00,978,EUR,1,Євро,48.5132,
01.11.2025,00.00,978,EUR,1,Євро,48.5132,
02.11.2025,00.00,978,EUR,1,Євро,48.5132,
03.11.2025,00.00,978,EUR,1,Євро,48.4088,
04.11.2025,00.00,978,EUR,1,Євро,48.4269,
05.11.2025,00.00,978,EUR,1,Євро,48.3329,
06.11.2025,00.00,978,EUR,1,Євро,48.3351,
07.11.2025,00.00,978,EUR,1,Євро,48.5224,
08.11.2025,00.00,978,EUR,1,Євро,48.5224,
09.11.2025,00.00,978,EUR,1,Євро,48.5224,
10.11.2025,00.00,978,EUR,1,Євро,48.5058,
11.11.2025,00.00,978,EUR,1,Євро,48.543,
12.11.2025,00.00,978,EUR,1,Євро,48.6101,
13.11.2025,00.00,978,EUR,1,Євро,48.6544,
14.11.2025,00.00,978,EUR,1,Євро,48.8827,
15.11.2025,00.00,978,EUR,1,Євро,48.8827,
16.11.2025,00.00,978,EUR,1,Євро,48.8827,
17.11.2025,00.00,978,EUR,1,Євро,48.9835,
18.11.2025,00.00,978,EUR,1,Євро,48.7872,
19.11.2025,00.00,978,EUR,1,Євро,48.7914,
20.11.2025,00.00,978,EUR,1,Євро,48.7374,
21.11.2025,00.00,978,EUR,1,Євро,48.5161,
22.11.2025,00.00,978,EUR,1,Євро,48.5161,
23.11.2025,00.00,978,EUR,1,Євро,48.5161,
24.11.2025,00.00,978,EUR,1,Євро,48.7045,
25.11.2025,00.00,978,EUR,1,Євро,48.9177,
26.11.2025,00.00,978,EUR,1,Євро,48.9483,
27.11.2025,00.00,978,EUR,1,Євро,48.9481,
28.11.2025,00.00,978,EUR,1,Євро,48.8719,
29.11.2025,00.00,978,EUR,1,Євро,48.8719,
30.11.2025,00.00,978,EUR,1,Євро,48.8719,
01.12.2025,00.00,978,EUR,1,Євро,48.8933,
02.12.2025,00.00,978,EUR,1,Євро,49.3149,
03.12.2025,00.00,978,EUR,1,Євро,49.1839,
04.12.2025,00.00,978,EUR,1,Євро,49.226,
05.12.2025,00.00,978,EUR,1,Євро,49.2264,
06.12.2025,00.00,978,EUR,1,Євро,49.2264,
07.12.2025,00.00,978,EUR,1,Євро,49.2264,
08.12.2025,00.00,978,EUR,1,Євро,48.9961,
09.12.2025,00.00,978,EUR,1,Євро,49.0242,
10.12.2025,00.00,978,EUR,1,Євро,49.0935,
11.12.2025,00.00,978,EUR,1,Євро,49.2153,
12.12.2025,00.00,978,EUR,1,Євро,49.5154,
13.12.2025,00.00,978,EUR,1,Євро,49.5154,
14.12.2025,00.00,978,EUR,1,Євро,49.5154,
15.12.2025,00.00,978,EUR,1,Євро,49.4678,
16.12.2025,00.00,978,EUR,1,Євро,49.6549,
17.12.2025,00.00,978,EUR,1,Євро,49.6684,
18.12.2025,00.00,978,EUR,1,Євро,49.6291,
19.12.2025,00.00,978,EUR,1,Євро,49.594,
20.12.2025,00.00,978,EUR,1,Євро,49.594,
21.12.2025,00.00,978,EUR,1,Євро,49.594,
22.12.2025,00.00,978,EUR,1,Євро,49.4725,
23.12.2025,00.00,978,EUR,1,Євро,49.4904,
24.12.2025,00.00,978,EUR,1,Євро,49.6363,
25.12.2025,00.00,978,EUR,1,Євро,49.6828,
26.12.2025,00.00,978,EUR,1,Євро,49.4265,
27.12.2025,00.00,978,EUR,1,Євро,49.4265,
28.12.2025,00.00,978,EUR,1,Євро,49.4265,
29.12.2025,00.00,978,EUR,1,Євро,49.5552,
30.12.2025,00.00,978,EUR,1,Євро,49.6525,
31.12.2025,00.00,978,EUR,1,Євро,49.8565,
01.01.2026,00.00,978,EUR,1,Євро,49.7947,
02.01.2026,00.00,978,EUR,1,Євро,49.5499,
03.01.2026,00.00,978,EUR,1,Євро,49.5499,
04.01.2026,00.00,978,EUR,1,Євро,49.5499,
05.01.2026,00.00,978,EUR,1,Євро,49.5794,
06.01.2026,00.00,978,EUR,1,Євро,49.5136,
07.01.2026,00.00,978,EUR,1,Євро,49.7992,
08.01.2026,00.00,978,EUR,1,Євро,49.9216,
09.01.2026,00.00,978,EUR,1,Євро,50.1762,
10.01.2026,00.00,978,EUR,1,Євро,50.1762,
11.01.2026,00.00,978,EUR,1,Євро,50.1762,
12.01.2026,00.00,978,EUR,1,Євро,50.1444,
13.01.2026,00.00,978,EUR,1,Євро,50.5264,
14.01.2026,00.00,978,EUR,1,Євро,50.3219,
15.01.2026,00.00,978,EUR,1,Євро,50.2649,
16.01.2026,00.00,978,EUR,1,Євро,50.4375,
17.01.2026,00.00,978,EUR,1,Євро,50.4375,
18.01.2026,00.00,978,EUR,1,Євро,50.4375,
19.01.2026,00.00,978,EUR,1,Євро,50.4372,
20.01.2026,00.00,978,EUR,1,Євро,50.3031,
21.01.2026,00.00,978,EUR,1,Євро,50.7219,
22.01.2026,00.00,978,EUR,1,Євро,50.6669,
23.01.2026,00.00,978,EUR,1,Євро,50.5201,
24.01.2026,00.00,978,EUR,1,Євро,50.5201,
25.01.2026,00.00,978,EUR,1,Євро,50.5201,
26.01.2026,00.00,978,EUR,1,Євро,50.6539,
27.01.2026,00.00,978,EUR,1,Євро,51.0647,
28.01.2026,00.00,978,EUR,1,Євро,51.2297,
29.01.2026,00.00,978,EUR,1,Євро,51.2286,
30.01.2026,00.00,978,EUR,1,Євро,51.2423,
31.01.2026,00.00,978,EUR,1,Євро,51.2423,
01.02.2026,00.00,978,EUR,1,Євро,51.2423,
02.02.2026,00.00,978,EUR,1,Євро,51.0225,
03.02.2026,00.00,978,EUR,1,Євро,50.9062,
04.02.2026,00.00,978,EUR,1,Євро,50.9502,
05.02.2026,00.00,978,EUR,1,Євро,51.035,
06.02.2026,00.00,978,EUR,1,Євро,50.8972,
07.02.2026,00.00,978,EUR,1,Євро,50.8972,
08.02.2026,00.00,978,EUR,1,Євро,50.8972,
09.02.2026,00.00,978,EUR,1,Євро,50.763,
10.02.2026,00.00,978,EUR,1,Євро,51.12,
11.02.2026,00.00,978,EUR,1,Євро,51.2517,
12.02.2026,00.00,978,EUR,1,Євро,51.2078,
13.02.2026,00.00,978,EUR,1,Євро,51.0348,
14.02.2026,00.00,978,EUR,1,Євро,51.0348,
15.02.2026,00.00,978,EUR,1,Євро,51.0348,
16.02.2026,00.00,978,EUR,1,Євро,51.1276,
17.02.2026,00.00,978,EUR,1,Євро,51.1614,
18.02.2026,00.00,978,EUR,1,Євро,51.1695,
19.02.2026,00.00,978,EUR,1,Євро,51.2577,
20.02.2026,00.00,978,EUR,1,Євро,50.9163,
21.02.2026,00.00,978,EUR,1,Євро,50.9163,
22.02.2026,00.00,978,EUR,1,Євро,50.9163,
23.02.2026,00.00,978,EUR,1,Євро,50.917,
24.02.2026,00.00,978,EUR,1,Євро,51.0053,
25.02.2026,00.00,978,EUR,1,Євро,50.9659,
26.02.2026,00.00,978,EUR,1,Євро,50.962,
27.02.2026,00.00,978,EUR,1,Євро,51.0244,
28.02.2026,00.00,978,EUR,1,Євро,51.0244,
01.03.2026,00.00,978,EUR,1,Євро,51.0244,
02.03.2026,00.00,978,EUR,1,Євро,50.8661,
03.03.2026,00.00,978,EUR,1,Євро,50.6014,
04.03.2026,00.00,978,EUR,1,Євро,50.4597,
05.03.2026,00.00,978,EUR,1,Євро,50.8341,
06.03.2026,00.00,978,EUR,1,Євро,50.9036,
07.03.2026,00.00,978,EUR,1,Євро,50.9036,
08.03.2026,00.00,978,EUR,1,Євро,50.9036,
09.03.2026,00.00,978,EUR,1,Євро,50.5422,
10.03.2026,00.00,978,EUR,1,Євро,50.7132,
11.03.2026,00.00,978,EUR,1,Євро,51.0386,
12.03.2026,00.00,978,EUR,1,Євро,50.9349,
13.03.2026,00.00,978,EUR,1,Євро,50.956,
14.03.2026,00.00,978,EUR,1,Євро,50.956,
15.03.2026,00.00,978,EUR,1,Євро,50.956,
16.03.2026,00.00,978,EUR,1,Євро,50.6661,
17.03.2026,00.00,978,EUR,1,Євро,50.5777,
18.03.2026,00.00,978,EUR,1,Євро,50.6388,
19.03.2026,00.00,978,EUR,1,Євро,50.5243,
20.03.2026,00.00,978,EUR,1,Євро,50.5032,
21.03.2026,00.00,978,EUR,1,Євро,50.5032,
22.03.2026,00.00,978,EUR,1,Євро,50.5032,
23.03.2026,00.00,978,EUR,1,Євро,50.6778,
24.03.2026,00.00,978,EUR,1,Євро,50.883,
25.03.2026,00.00,978,EUR,1,Євро,50.8951,
26.03.2026,00.00,978,EUR,1,Євро,50.8523,
27.03.2026,00.00,978,EUR,1,Євро,50.6104,
28.03.2026,00.00,978,EUR,1,Євро,50.6104,
29.03.2026,00.00,978,EUR,1,Євро,50.6104,
30.03.2026,00.00,978,EUR,1,Євро,50.4861,
31.03.2026,00.00,978,EUR,1,Євро,50.3123,
01.04.2026,00.00,978,EUR,1,Євро,50.4546,
02.04.2026,00.00,978,EUR,1,Євро,50.8208,
03.04.2026,00.00,978,EUR,1,Євро,50.4567,
04.04.2026,00.00,978,EUR,1,Євро,50.4567,
05.04.2026,00.00,978,EUR,1,Євро,50.4567,
06.04.2026,00.00,978,EUR,1,Євро,50.3123,
07.04.2026,00.00,978,EUR,1,Євро,50.321,
08.04.2026,00.00,978,EUR,1,Євро,50.2711,
09.04.2026,00.00,978,EUR,1,Євро,50.758,
10.04.2026,00.00,978,EUR,1,Євро,50.7979,
11.04.2026,00.00,978,EUR,1,Євро,50.7979,
12.04.2026,00.00,978,EUR,1,Євро,50.7979,
13.04.2026,00.00,978,EUR,1,Євро,50.9075,
14.04.2026,00.00,978,EUR,1,Євро,50.752,
15.04.2026,00.00,978,EUR,1,Євро,51.3253,
16.04.2026,00.00,978,EUR,1,Євро,51.2718,
17.04.2026,00.00,978,EUR,1,Євро,51.4216,
18.04.2026,00.00,978,EUR,1,Євро,51.4216,
19.04.2026,00.00,978,EUR,1,Євро,51.4216,
20.04.2026,00.00,978,EUR,1,Євро,51.7667,
21.04.2026,00.00,978,EUR,1,Євро,51.8929,
22.04.2026,00.00,978,EUR,1,Євро,51.9113,
23.04.2026,00.00,978,EUR,1,Євро,51.4974,
24.04.2026,00.00,978,EUR,1,Євро,51.3804,
25.04.2026,00.00,978,EUR,1,Євро,51.3804,
26.04.2026,00.00,978,EUR,1,Євро,51.3804,
27.04.2026,00.00,978,EUR,1,Євро,51.5484,
28.04.2026,00.00,978,EUR,1,Євро,51.761,
29.04.2026,00.00,978,EUR,1,Євро,51.4999,
30.04.2026,00.00,978,EUR,1,Євро,51.5803,
01.05.2026,00.00,978,EUR,1,Євро,51.4587,
02.05.2026,00.00,978,EUR,1,Євро,51.4587,
03.05.2026,00.00,978,EUR,1,Євро,51.4587,
04.05.2026,00.00,978,EUR,1,Євро,51.5977,
05.05.2026,00.00,978,EUR,1,Євро,51.458,
06.05.2026,00.00,978,EUR,1,Євро,51.3963,
07.05.2026,00.00,978,EUR,1,Євро,51.6147,
08.05.2026,00.00,978,EUR,1,Євро,51.5433,
09.05.2026,00.00,978,EUR,1,Євро,51.5433,
10.05.2026,00.00,978,EUR,1,Євро,51.5433,
11.05.2026,00.00,978,EUR,1,Євро,51.5998,
12.05.2026,00.00,978,EUR,1,Євро,51.7237,
13.05.2026,00.00,978,EUR,1,Євро,51.6416,
14.05.2026,00.00,978,EUR,1,Євро,51.5014,
15.05.2026,00.00,978,EUR,1,Євро,51.4384,
16.05.2026,00.00,978,EUR,1,Євро,51.4384,
17.05.2026,00.00,978,EUR,1,Євро,51.4384,
18.05.2026,00.00,978,EUR,1,Євро,51.2606,
19.05.2026,00.00,978,EUR,1,Євро,51.41,
20.05.2026,00.00,978,EUR,1,Євро,51.297,
21.05.2026,00.00,978,EUR,1,Євро,51.3034,
22.05.2026,00.00,978,EUR,1,Євро,51.3027,
23.05.2026,00.00,978,EUR,1,Євро,51.3027,
24.05.2026,00.00,978,EUR,1,Євро,51.3027,
25.05.2026,00.00,978,EUR,1,Євро,51.3305,
26.05.2026,00.00,978,EUR,1,Євро,51.5274,
27.05.2026,00.00,978,EUR,1,Євро,51.5159,
28.05.2026,00.00,978,EUR,1,Євро,51.5426,
29.05.2026,00.00,978,EUR,1,Євро,51.4363,
30.05.2026,00.00,978,EUR,1,Євро,51.4363,
31.05.2026,00.00,978,EUR,1,Євро,51.4363,
01.06.2026,00.00,978,EUR,1,Євро,51.5545,