xValue,valueField0,valueField1,valueField2,valueField3
"2015-11-23",5000,7391,12000,24.06
"2015-11-24",5000,7396,12000,24.06
"2015-11-25",5000,7402,12000,""
"2015-11-26",5000,7407,12000,23.6
"2015-11-27",5000,7412,12000,23.88
"2015-11-28",5000,7418,12000,23.88
"2015-11-29",5000,7424,12000,23.88
"2015-11-30",5000,7429,12000,23.95
"2015-12-01",5000,7439,12000,23.84
"2015-12-02",5000,7448,12000,23.65
"2015-12-03",5000,7456,12000,23.09
"2015-12-04",5000,7463,12000,23.65
"2015-12-05",5000,7472,12004,23.65
"2015-12-06",5001,7483,12013,23.65
"2015-12-07",5004,7495,12027,23.45
"2015-12-08",5009,7509,12044,22.91
"2015-12-09",5017,7525,12067,22.89
"2015-12-10",5027,7541,12092,23.37
"2015-12-11",5039,7560,12119,23.86
"2015-12-12",5053,7579,12149,23.86
"2015-12-13",5069,7600,12180,23.86
"2015-12-14",5086,7622,12213,23.81
"2015-12-15",5105,7647,12249,23.45
"2015-12-16",5125,7673,12287,23.52
"2015-12-17",5145,7701,12329,23.49
"2015-12-18",5166,7730,12375,23.55
"2015-12-19",5188,7761,12425,23.55
"2015-12-20",5209,7790,12469,23.55
"2015-12-21",5230,7816,12509,23.52
"2015-12-22",5245,7839,12543,23.15
"2015-12-23",5257,7859,12571,23
"2015-12-24",5263,7876,12592,22.96
"2015-12-25",5266,7890,12609,23.14
"2015-12-26",5264,7899,12622,23.14
"2015-12-27",5257,7906,12633,23.14
"2015-12-28",5247,7908,12644,23.81
"2015-12-29",5235,7907,12654,23.79
"2015-12-30",5219,7902,12664,24
"2015-12-31",5202,7895,12670,24
"2016-01-01",5183,7887,12675,24
"2016-01-02",5165,7876,12677,24
"2016-01-03",5146,7864,12676,24
"2016-01-04",5129,7853,12677,24
"2016-01-05",5113,7842,12677,23.78
"2016-01-06",5100,7832,12680,23.5
"2016-01-07",5089,7823,12687,23.5
"2016-01-08",5081,7817,12697,23.5
"2016-01-09",5075,7813,12713,23.5
"2016-01-10",5072,7811,12734,23.5
"2016-01-11",5070,7813,12757,23.5
"2016-01-12",5071,7817,12779,23.27
"2016-01-13",5073,7824,12802,23.64
"2016-01-14",5076,7833,12824,23.95
"2016-01-15",5080,7845,12845,24.19
"2016-01-16",5083,7856,12865,24.38
"2016-01-17",5086,7869,12883,24.38
"2016-01-18",5086,7882,12902,24.64
"2016-01-19",5084,7895,12919,24.84
"2016-01-20",5080,7908,12939,24.66
"2016-01-21",5076,7920,12962,24.52
"2016-01-22",5070,7932,12988,24.79
"2016-01-23",5064,7943,13017,24.79
"2016-01-24",5057,7953,13050,24.79
"2016-01-25",5051,7962,13086,24.83
"2016-01-26",5045,7969,13123,24.85
"2016-01-27",5038,7976,13166,24.87
"2016-01-28",5032,7981,13213,25.15
"2016-01-29",5025,7984,13265,25.56
"2016-01-30",5019,7987,13322,25.56
"2016-01-31",5013,7989,13387,25.56
"2016-02-01",5009,7990,13457,25.45
"2016-02-02",5005,7991,13534,25.87
"2016-02-03",5003,7993,13617,25.7
"2016-02-04",5001,7993,13699,25.89
"2016-02-05",5000,7994,13777,25.91
"2016-02-06",5000,7995,13852,25.91
"2016-02-07",5000,7996,13922,25.91
"2016-02-08",5000,7997,13983,25.88
"2016-02-09",5000,7998,14036,25.94
"2016-02-10",5000,7999,14086,25.94
"2016-02-11",5000,8001,14128,26.08
"2016-02-12",5000,8004,14168,26.15
"2016-02-13",5000,8008,14202,26.15
"2016-02-14",5000,8012,14230,26.15
"2016-02-15",5000,8017,14252,26.82
"2016-02-16",5000,8022,14266,27.02
"2016-02-17",5000,8026,14271,26.72
"2016-02-18",5000,8031,14268,26.46
"2016-02-19",5000,8035,14260,26.86
"2016-02-20",5000,8040,14251,26.86
"2016-02-21",5000,8044,14237,26.86
"2016-02-22",5001,8049,14224,27.01
"2016-02-23",5001,8053,14211,27.23
"2016-02-24",5003,8058,14201,27.22
"2016-02-25",5004,8063,14186,27.25
"2016-02-26",5006,8065,14172,27.05
"2016-02-27",5008,8065,14153,27.05
"2016-02-28",5010,8065,14131,27.05
"2016-02-29",5012,8063,14107,27.09
"2016-03-01",5013,8060,14080,27.09
"2016-03-02",5015,8058,14051,26.81
"2016-03-03",5017,8055,14024,26.21
"2016-03-04",5019,8052,13997,26.5
"2016-03-05",5021,8049,13974,26.5
"2016-03-06",5023,8046,13953,26.5
"2016-03-07",5026,8043,13936,26.5
"2016-03-08",5028,8041,13918,26.5
"2016-03-09",5029,8038,13899,26.18
"2016-03-10",5030,8032,13878,25.52
"2016-03-11",5030,8027,13857,25.85
"2016-03-12",5030,8023,13836,26.02
"2016-03-13",5031,8020,13819,26.02
"2016-03-14",5033,8018,13805,26.52
"2016-03-15",5036,8016,13794,26.89
"2016-03-16",5039,8015,13789,26.84
"2016-03-17",5044,8014,13786,26.7
"2016-03-18",5049,8012,13784,26.24
"2016-03-19",5055,8011,13783,26.24
"2016-03-20",5060,8010,13779,26.24
"2016-03-21",5064,8009,13771,26.6
"2016-03-22",5068,8008,13760,26.1
"2016-03-23",5071,8007,13747,26.02
"2016-03-24",5075,8005,13736,26.25
"2016-03-25",5079,8005,13726,26.07
"2016-03-26",5084,8005,13715,26.07
"2016-03-27",5087,8006,13701,26.07
"2016-03-28",5089,8006,13681,26.28
"2016-03-29",5089,8006,13656,26.44
"2016-03-30",5087,8006,13627,26.22
"2016-03-31",5083,8005,13591,26.22
"2016-04-01",5077,8005,13552,26.11
"2016-04-02",5071,8004,13512,26.11
"2016-04-03",5064,8004,13470,26.11
"2016-04-04",5056,8003,13429,25.99
"2016-04-05",5051,8004,13392,26.08
"2016-04-06",5047,8006,13360,25.96
"2016-04-07",5044,8009,13329,25.8
"2016-04-08",5043,8012,13296,25.63
"2016-04-09",5043,8017,13264,25.63
"2016-04-10",5044,8024,13234,25.63
"2016-04-11",5047,8033,13209,25.57
"2016-04-12",5052,8043,13190,25.55
"2016-04-13",5059,8056,13178,25.48
"2016-04-14",5069,8070,13171,25.65
"2016-04-15","","","",25.48
"2016-04-16",5081,8085,13170,25.48
"2016-04-17",5095,8102,13172,25.48
"2016-04-18",5111,8119,13176,25.48
"2016-04-19",5130,8137,13180,""
"2016-04-20",5150,8157,13185,""
"2016-04-21",5171,8174,13186,25.37
"2016-04-22",5191,8189,13184,25.34
"2016-04-23",5210,8203,13180,25.34
"2016-04-24",5229,8215,13179,25.34
"2016-04-25",5246,8225,13178,25.34
"2016-04-26",5263,8231,13177,25.3
"2016-04-27",5278,8232,13174,25.22
"2016-04-28",5292,8229,13167,25.19
"2016-04-29",5305,8223,13158,25.2
"2016-04-30",5318,8214,13149,25.2
"2016-05-01",5329,8202,13136,25.2
"2016-05-02",5341,8189,13122,25.2
"2016-05-03",5351,8173,13109,25.2
"2016-05-04",5360,8154,13096,25.2
"2016-05-05",5366,8132,13087,25.12
"2016-05-06",5371,8111,13079,25.16
"2016-05-07",5376,8092,13074,25.16
"2016-05-08",5379,8072,13071,25.16
"2016-05-09",5381,8052,13068,25.16
"2016-05-10",5383,8034,13065,25.2
"2016-05-11",5384,8017,13062,25.33
"2016-05-12",5384,8004,13061,25.31
"2016-05-13",5383,7992,13060,25.45
"2016-05-14",5379,7982,13060,25.45
"2016-05-15",5372,7972,13058,25.45
"2016-05-16",5364,7963,13057,25.39
"2016-05-17",5353,7953,13056,25.27
"2016-05-18",5338,7943,13055,25.26
"2016-05-19",5322,7934,13055,25.26
"2016-05-20",5304,7926,13050,25.2
"2016-05-21",5283,7916,13046,25.2
"2016-05-22",5261,7904,13042,25.2
"2016-05-23",5239,7893,13038,25.12
"2016-05-24",5215,7880,13034,25.13
"2016-05-25",5192,7866,13031,25.11
"2016-05-26",5168,7852,13027,25.1
"2016-05-27",5144,7836,13023,25.14
"2016-05-28",5123,7820,13019,25.14
"2016-05-29",5104,7805,13017,25.14
"2016-05-30",5088,7791,13016,25.17
"2016-05-31",5074,7779,13014,25.14
"2016-06-01",5063,7770,13013,25.1
"2016-06-02",5054,7763,13012,25.05
"2016-06-03",5049,7759,13011,25
"2016-06-04",5046,7757,13012,25
"2016-06-05",5047,7757,13013,25
"2016-06-06",5050,7759,13012,24.99
"2016-06-07",5053,7764,13011,24.96
"2016-06-08",5058,7770,13010,24.94
"2016-06-09",5064,7777,13007,25
"2016-06-10",5071,7785,13004,25.02
"2016-06-11",5078,7794,13001,25.02
"2016-06-12",5084,7804,12998,25.02
"2016-06-13",5091,7814,12995,24.97
"2016-06-14",5096,7823,12992,24.91
"2016-06-15",5100,7830,12989,24.89
"2016-06-16",5103,7835,12986,24.9
"2016-06-17",5107,7838,12982,24.91
"2016-06-18",5109,7840,12975,24.91
"2016-06-19",5108,7840,12967,24.91
"2016-06-20",5107,7839,12958,24.91
"2016-06-21",5104,7838,12951,24.89
"2016-06-22",5103,7836,12943,24.9
"2016-06-23",5102,7835,12935,24.88
"2016-06-24",5101,7835,12931,24.87
"2016-06-25",5100,7836,12924,24.87
"2016-06-26",5099,7839,12917,24.87
"2016-06-27",5097,7843,12907,24.87
"2016-06-28",5093,7846,12895,24.87
"2016-06-29",5090,7850,12880,24.85
"2016-06-30",5086,7856,12864,24.85
"2016-07-01",5082,7863,12845,""
"2016-07-02",5077,7872,12826,24.82
"2016-07-03",5073,7881,12809,24.82
"2016-07-04","","","",24.82
"2016-07-05",5069,7893,12793,24.85
"2016-07-06",5067,7906,12776,24.84
"2016-07-07",5063,7918,12756,24.81
"2016-07-08",5058,7930,12734,24.84
"2016-07-09",5051,7941,12709,24.84
"2016-07-10",5044,7951,12681,24.84
"2016-07-11",5038,7959,12655,24.85
"2016-07-12",5032,7966,12628,24.84
"2016-07-13",5027,7973,12603,24.82
"2016-07-14",5023,7979,12581,24.8
"2016-07-15",5019,7984,12561,24.81
"2016-07-16",5017,7989,12544,24.81
"2016-07-17",5015,7993,12530,24.81
"2016-07-18",5015,7996,12516,24.86
"2016-07-19",5015,7998,12502,24.81
"2016-07-20",5016,7999,12488,24.81
"2016-07-21",5018,7999,12477,24.82
"2016-07-22",5020,7999,12468,24.81
"2016-07-23",5025,7999,12462,24.81
"2016-07-24",5030,7999,12458,24.81
"2016-07-25",5037,7999,12454,24.79
"2016-07-26",5045,7999,12452,24.79
"2016-07-27",5054,7999,12450,24.82
"2016-07-28",5063,7999,12448,24.8
"2016-07-29",5074,8000,12446,24.81
"2016-07-30",5085,8000,12440,24.81
"2016-07-31",5097,8000,12434,24.81
"2016-08-01",5108,8000,12427,24.78
"2016-08-02",5119,8000,12421,24.82
"2016-08-03",5132,8000,12414,24.82
"2016-08-04",5146,8000,12408,24.81
"2016-08-05",5160,8000,12402,24.81
"2016-08-06",5176,8000,12397,24.81
"2016-08-07",5193,8000,12393,24.81
"2016-08-08",5210,8000,12390,24.82
"2016-08-09",5228,8000,12391,24.82
"2016-08-10",5245,8000,12393,24.82
"2016-08-11",5262,8000,12397,24.85
"2016-08-12",5280,8000,12403,25.04
"2016-08-13",5297,8000,12413,25.04
"2016-08-14",5314,8000,12427,25.04
"2016-08-15",5333,8000,12444,25.12
"2016-08-16",5353,8000,12462,25.06
"2016-08-17",5374,8000,12482,25.09
"2016-08-18",5394,8000,12506,25.17
"2016-08-19",5413,8000,12532,25.26
"2016-08-20",5431,8002,12559,25.26
"2016-08-21",5447,8004,12587,25.26
"2016-08-22",5463,8006,12616,25.29
"2016-08-23",5478,8010,12645,25.31
"2016-08-24",5491,8016,12673,25.31
"2016-08-25",5503,8023,12701,25.33
"2016-08-26",5514,8032,12728,25.44
"2016-08-27",5526,8044,12757,25.44
"2016-08-28",5537,8058,12787,25.44
"2016-08-29",5547,8074,12816,25.49
"2016-08-30",5557,8095,12847,25.65
"2016-08-31",5565,8119,12881,26.08
"2016-09-01",5570,8148,12918,26.62
"2016-09-02",5573,8179,12954,26.63
"2016-09-03",5576,8213,12988,26.63
"2016-09-04",5577,8248,13020,26.63
"2016-09-05",5577,8284,13051,26.79
"2016-09-06",5576,8322,13080,26.85
"2016-09-07",5575,8357,13108,26.72
"2016-09-08",5574,8390,13134,26.64
"2016-09-09",5573,8422,13159,26.67
"2016-09-10",5572,8451,13183,26.67
"2016-09-11",5569,8477,13203,26.67
"2016-09-12",5563,8499,13218,26.63
"2016-09-13",5558,8516,13229,26.43
"2016-09-14",5551,8526,13234,26.33
"2016-09-15",5544,8527,13231,26.21
"2016-09-16",5538,8522,13218,25.9
"2016-09-17",5532,8511,13201,25.9
"2016-09-18",5528,8495,13184,25.9
"2016-09-19",5523,8475,13167,25.77
"2016-09-20",5520,8453,13150,25.81
"2016-09-21",5517,8428,13132,25.97
"2016-09-22",5513,8404,13114,25.92
"2016-09-23",5510,8381,13096,25.99
"2016-09-24",5507,8360,13078,25.99
"2016-09-25",5504,8339,13060,25.99
"2016-09-26",5503,8320,13043,25.9
"2016-09-27",5502,8303,13028,25.83
"2016-09-28",5501,8290,13015,25.9
"2016-09-29",5501,8282,13004,25.91
"2016-09-30",5502,8280,12997,25.94
"2016-10-01",5502,8283,12994,25.94
"2016-10-02",5503,8286,12993,25.94
"2016-10-03",5504,8290,12992,25.92
"2016-10-04",5506,8296,12991,25.86
"2016-10-05",5509,8301,12990,25.9
"2016-10-06",5512,8306,12989,25.89
"2016-10-07",5516,8308,12987,25.84
"2016-10-08",5521,8308,12984,25.84
"2016-10-09",5525,8303,12981,25.84
"2016-10-10",5529,8296,12976,25.83
"2016-10-11",5532,8287,12971,25.85
"2016-10-12",5536,8278,12965,25.81
"2016-10-13",5540,8268,12959,25.79
"2016-10-14",5546,8256,12951,25.79
"2016-10-15",5551,8244,12943,25.79
"2016-10-16",5556,8231,12932,25.79
"2016-10-17",5561,8222,12919,25.78
"2016-10-18",5564,8216,12905,25.66
"2016-10-19",5567,8212,12888,25.69
"2016-10-20",5567,8211,12870,25.7
"2016-10-21",5566,8214,12852,25.66
"2016-10-22",5564,8222,12834,25.66
"2016-10-23",5562,8234,12817,25.66
"2016-10-24",5560,8251,12800,25.64
"2016-10-25",5558,8272,12785,25.6
"2016-10-26",5557,8295,12770,25.58
"2016-10-27",5557,8319,12756,25.53
"2016-10-28",5557,8342,12743,25.5
"2016-10-29",5556,8365,12733,25.5
"2016-10-30",5556,8387,12725,25.5
"2016-10-31",5558,8408,12722,25.52
"2016-11-01",5562,8429,12725,25.58
"2016-11-02",5567,8448,12733,25.56
"2016-11-03",5576,8467,12746,25.59
"2016-11-04",5587,8485,12765,25.58
"2016-11-05",5600,8501,12787,25.58
"2016-11-06",5615,8516,12813,25.58
"2016-11-07",5631,8530,12841,25.57
"2016-11-08",5649,8541,12873,25.56
"2016-11-09",5667,8551,12906,25.56
"2016-11-10",5685,8559,12942,25.58
"2016-11-11",5702,8568,12978,25.63
"2016-11-12",5718,8576,13015,25.63
"2016-11-13",5733,8584,13050,25.63
"2016-11-14",5746,8593,13083,25.75
"2016-11-15",5758,8601,13114,26.01
"2016-11-16",5768,8605,13138,26.35
"2016-11-17",5774,8608,13159,26.05
"2016-11-18",5777,8609,13175,25.9
"2016-11-19",5777,8609,13185,25.9
"2016-11-20",5774,8607,13191,25.9
"2016-11-21",5769,8602,13194,25.78
"2016-11-22",5762,8598,13193,25.66
"2016-11-23",5753,8595,13189,25.59
"2016-11-24",5743,8590,13184,25.59
"2016-11-25",5731,8585,13174,25.72
"2016-11-26",5718,8580,13163,25.72
"2016-11-27",5707,8575,13152,25.72
"2016-11-28",5695,8570,13142,25.66
"2016-11-29",5684,8566,13135,25.6
"2016-11-30",5672,8562,13130,25.56
"2016-12-01",5661,8560,13128,25.64
"2016-12-02",5651,8558,13127,25.9
"2016-12-03",5644,8558,13130,25.9
"2016-12-04",5638,8557,13137,25.9
"2016-12-05",5634,8556,13147,26.13
"2016-12-06",5632,8556,13161,26.1
"2016-12-07",5630,8553,13175,26.02
"2016-12-08",5629,8547,13189,25.77
"2016-12-09",5628,8542,13205,25.88
"2016-12-10",5629,8536,13226,25.88
"2016-12-11",5628,8525,13246,25.88
"2016-12-12",5624,8510,13267,26.17
"2016-12-13",5618,8489,13281,26.11
"2016-12-14",5609,8463,13289,26.31
"2016-12-15",5599,8433,13291,26.3
"2016-12-16",5584,8398,13288,26.33
"2016-12-17",5567,8359,13282,26.33
"2016-12-18",5546,8316,13268,26.33
"2016-12-19",5521,8268,13247,26.4
"2016-12-20",5492,8218,13217,26.47
"2016-12-21",5460,8163,13178,26.43
"2016-12-22",5424,8107,13132,26.29
"2016-12-23",5386,8049,13080,26.27
"2016-12-24",5346,7987,13017,26.27
"2016-12-25",5304,7922,12946,26.27
"2016-12-26",5263,7861,12870,26.37
"2016-12-27",5226,7803,12791,26.37
"2016-12-28",5191,7749,12712,26.89
"2016-12-29",5158,7698,12634,27.19
"2016-12-30",5129,7651,12556,27.19
"2016-12-31",5103,7607,12480,27.19
"2017-01-01",5081,7567,12405,27.19
"2017-01-02",5062,7530,12332,27.19
"2017-01-03",5046,7497,12262,27.19
"2017-01-04",5035,7467,12198,26.69
"2017-01-05",5027,7440,12140,26.69
"2017-01-06",5021,7414,12090,27.02
"2017-01-07",5018,7390,12045,27.02
"2017-01-08",5017,7368,12009,27.02
"2017-01-09",5019,7348,11978,27.02
"2017-01-10",5020,7328,11948,27.19
"2017-01-11",5022,7309,11921,27.11
"2017-01-12",5023,7289,11897,27.25
"2017-01-13",5025,7270,11880,27.67
"2017-01-14",5026,7250,11868,27.67
"2017-01-15",5027,7229,11857,27.67
"2017-01-16",5027,7208,11845,27.72
"2017-01-17",5027,7187,11834,27.63
"2017-01-18",5025,7165,11829,27.49
"2017-01-19",5028,7149,11829,27.44
"2017-01-20",5034,7140,11829,27.43
"2017-01-21",5046,7140,11834,27.43
"2017-01-22",5061,7148,11844,27.43
"2017-01-23",5081,7165,11858,27.33
"2017-01-24",5106,7189,11882,27.23
"2017-01-25",5135,7222,11914,27.21
"2017-01-26",5169,7261,11955,27.21
"2017-01-27",5207,7307,12000,27.19
"2017-01-28",5250,7359,12047,27.19
"2017-01-29",5297,7418,12098,27.19
"2017-01-30",5349,7484,12155,27.12
"2017-01-31",5406,7555,12220,27.08
"2017-02-01",5467,7633,12294,27
"2017-02-02",5533,7718,12369,26.99
"2017-02-03",5596,7797,12440,27.08
"2017-02-04",5653,7872,12514,27.08
"2017-02-05",5707,7938,12585,27.08
"2017-02-06",5756,7997,12650,27.26
"2017-02-07",5800,8047,12711,27.03
"2017-02-08",5840,8090,12764,26.91
"2017-02-09",5876,8125,12811,27.03
"2017-02-10",5907,8154,12852,27.21
"2017-02-11",5933,8178,12888,27.21
"2017-02-12",5956,8196,12919,27.21
"2017-02-13",5973,8208,12946,27.17
"2017-02-14",5987,8215,12968,27.23
"2017-02-15",5996,8219,12982,26.99
"2017-02-16",6000,8217,12991,26.99
"2017-02-17",6000,8210,12996,27.03
"2017-02-18",6000,8204,13000,27.03
"2017-02-19",6000,8198,13001,27.03
"2017-02-20",6000,8194,13002,27.03
"2017-02-21",6000,8192,13003,27.04
"2017-02-22",6000,8191,13005,26.97
"2017-02-23",6000,8192,13007,26.91
"2017-02-24",6000,8194,13009,26.98
"2017-02-25",6000,8196,13012,26.98
"2017-02-26",6000,8200,13016,26.98
"2017-02-27",6000,8205,13022,27.05
"2017-02-28",6000,8211,13029,27.16
"2017-03-01",6000,8217,13039,27.18
"2017-03-02",6000,8224,13051,27.09
"2017-03-03",6000,8232,13065,27.12
"2017-03-04",6000,8240,13082,27.12
"2017-03-05",6000,8250,13100,27.12
"2017-03-06",6000,8260,13120,27.02
"2017-03-07",6000,8271,13141,26.96
"2017-03-08",6000,8283,13163,26.96
"2017-03-09",6000,8297,13186,26.91
"2017-03-10",6000,8315,13210,26.81
"2017-03-11",6000,8335,13235,26.81
"2017-03-12",6000,8357,13263,26.81
"2017-03-13",6000,8381,13289,26.89
"2017-03-14",6000,8408,13317,26.9
"2017-03-15",6000,8437,13343,26.88
"2017-03-16",6000,8467,13369,26.98
"2017-03-17",6000,8498,13393,26.91
"2017-03-18",6000,8529,13416,26.91
"2017-03-19",6000,8561,13439,26.91
"2017-03-20",6000,8593,13463,26.89
"2017-03-21",6000,8626,13487,26.85
"2017-03-22",6000,8660,13511,26.92
"2017-03-23",6000,8694,13537,27.06
"2017-03-24",6000,8725,13563,27.12
"2017-03-25",6000,8753,13592,27.12
"2017-03-26",6000,8779,13621,27.12
"2017-03-27",6000,8802,13650,27.15
"2017-03-28",6000,8822,13680,27.12
"2017-03-29",6000,8839,13710,27.04
"2017-03-30",6000,8853,13739,26.98
"2017-03-31",6000,8866,13770,27.02
"2017-04-01",6000,8878,13804,27.02
"2017-04-02",6000,8889,13838,27.02
"2017-04-03",6000,8899,13870,27.02
"2017-04-04",6000,8907,13900,27.12
"2017-04-05",6000,8914,13928,27.16
"2017-04-06",6000,8920,13954,27.1
"2017-04-07",6000,8924,13977,26.97
"2017-04-08",6000,8930,13998,26.97
"2017-04-09",6000,8935,14015,26.97
"2017-04-10",6000,8941,14030,26.93
"2017-04-11",6000,8946,14043,26.89
"2017-04-12",6000,8951,14055,26.88
"2017-04-13",6000,8956,14066,26.86
"2017-04-14",6000,8959,14077,26.81
"2017-04-15",6000,8961,14083,26.81
"2017-04-16",6000,8961,14085,26.81
"2017-04-17",6000,8959,14084,26.81
"2017-04-18",6000,8957,14082,26.84
"2017-04-19",6000,8954,14079,26.79
"2017-04-20",6000,8950,14074,26.76
"2017-04-21",6000,8946,14065,26.73
"2017-04-22",6000,8942,14055,26.73
"2017-04-23",6000,8936,14042,26.73
"2017-04-24",6000,8931,14029,26.67
"2017-04-25",6000,8925,14016,26.63
"2017-04-26",6000,8919,14000,26.59
"2017-04-27",6000,8914,13980,26.55
"2017-04-28",6000,8911,13955,26.56
"2017-04-29",6000,8910,13925,26.56
"2017-04-30",6000,8911,13892,26.56
"2017-05-01",6000,8913,13857,26.56
"2017-05-02",6000,8917,13821,26.56
"2017-05-03",6000,8920,13781,26.52
"2017-05-04",6000,8923,13738,26.49
"2017-05-05",6000,8924,13695,26.51
"2017-05-06",6000,8925,13654,26.51
"2017-05-07",6000,8924,13615,26.51
"2017-05-08",6000,8922,13575,26.51
"2017-05-09",6000,8919,13534,26.51
"2017-05-10",6000,8915,13491,26.46
"2017-05-11",6000,8908,13447,26.43
"2017-05-12",6000,8899,13407,26.47
"2017-05-13",6000,8886,13369,26.47
"2017-05-14",6000,8870,13335,26.47
"2017-05-15",6000,8852,13302,26.47
"2017-05-16",6000,8831,13272,26.43
"2017-05-17",6000,8809,13244,26.42
"2017-05-18",6000,8786,13216,26.39
"2017-05-19",6000,8763,13191,26.37
"2017-05-20",6000,8740,13166,26.37
"2017-05-21",6000,8716,13138,26.37
"2017-05-22",6000,8693,13109,26.34
"2017-05-23",6000,8671,13078,26.3
"2017-05-24",6000,8648,13045,26.27
"2017-05-25",6000,8627,13012,26.28
"2017-05-26",6000,8607,12978,26.35
"2017-05-27",6000,8589,12944,26.35
"2017-05-28",6000,8574,12909,26.35
"2017-05-29",6000,8561,12872,26.39
"2017-05-30",6000,8550,12837,26.35
"2017-05-31",6000,8541,12802,26.31
"2017-06-01",6000,8534,12768,26.27
"2017-06-02",6000,8529,12735,26.28
"2017-06-03",6000,8525,12704,26.28
"2017-06-04",6000,8523,12677,26.28
"2017-06-05",6000,8524,12652,26.28
"2017-06-06",6000,8528,12630,26.25
"2017-06-07",6000,8535,12613,26.21
"2017-06-08",6000,8545,12602,26.15
"2017-06-09",6000,8558,12596,26.12
"2017-06-10",6000,8573,12595,26.12
"2017-06-11",6000,8589,12598,26.12
"2017-06-12",6000,8608,12606,26.07
"2017-06-13",6000,8629,12617,26
"2017-06-14",6000,8651,12630,26.01
"2017-06-15",6000,8674,12647,26.01
"2017-06-16",6000,8698,12666,26.02
"2017-06-17",6000,8724,12688,26.02
"2017-06-18",6000,8752,12712,26.02
"2017-06-19",6000,8781,12736,26.02
"2017-06-20",6000,8808,12763,26.03
"2017-06-21",6000,8834,12791,26.02
"2017-06-22",6000,8857,12819,26.03
"2017-06-23",6000,8878,12844,26.03
"2017-06-24",6000,8896,12868,26.03
"2017-06-25",6000,8910,12890,26.03
"2017-06-26",6000,8922,12909,26.04
"2017-06-27",6000,8930,12926,26.08
"2017-06-28",6000,8937,12943,26.08
"2017-06-29",6000,8942,12959,26.1
"2017-06-30",6000,8945,12974,26.02
"2017-07-01",6000,8947,12987,26.02
"2017-07-02",6000,8947,12999,26.02
"2017-07-03",6000,8945,13009,25.99
"2017-07-04",6000,8941,13018,26.02
"2017-07-05",6000,8937,13025,26.12
"2017-07-06",6000,8932,13031,26.06
"2017-07-07",6000,8928,13035,26.02
"2017-07-08",6000,8925,13041,26.02
"2017-07-09",6000,8924,13048,26.02
"2017-07-10",6000,8926,13058,26
"2017-07-11",6000,8930,13070,25.97
"2017-07-12",6000,8935,13085,25.91
"2017-07-13",6000,8941,13098,25.97
"2017-07-14",6000,8946,13110,26.02
"2017-07-15",6000,8951,13124,26.02
"2017-07-16",6000,8956,13141,26.02
"2017-07-17",6001,8961,13159,25.96
"2017-07-18",6003,8966,13178,25.93
"2017-07-19",6005,8971,13199,25.94
"2017-07-20",6006,8976,13222,25.93
"2017-07-21",6008,8981,13247,25.89
"2017-07-22",6010,8986,13274,25.89
"2017-07-23",6012,8990,13303,25.89
"2017-07-24",6014,8993,13332,25.82
"2017-07-25",6017,8995,13358,25.84
"2017-07-26",6021,8995,13384,25.88
"2017-07-27",6025,8994,13408,25.9
"2017-07-28",6030,8994,13433,25.92
"2017-07-29",6036,8994,13461,25.92
"2017-07-30",6043,8995,13488,25.92
"2017-07-31",6049,8995,13515,25.85
"2017-08-01",6055,8996,13541,25.86
"2017-08-02",6061,8996,13568,25.9
"2017-08-03",6068,8996,13594,25.89
"2017-08-04",6077,8996,13620,25.84
"2017-08-05",6087,8996,13647,25.84
"2017-08-06",6100,8996,13671,25.84
"2017-08-07",6115,8996,13692,25.78
"2017-08-08",6131,8996,13711,25.73
"2017-08-09",6148,8996,13731,25.72
"2017-08-10",6165,8996,13750,25.69
"2017-08-11",6183,8996,13768,25.7
"2017-08-12",6202,8996,13787,25.7
"2017-08-13",6224,8998,13804,25.7
"2017-08-14",6249,9002,13820,25.63
"2017-08-15",6276,9008,13832,25.6
"2017-08-16",6306,9015,13843,25.57
"2017-08-17",6340,9024,13852,25.51
"2017-08-18",6375,9036,13862,25.49
"2017-08-19",6411,9053,13870,25.49
"2017-08-20","","","",25.49
"2017-08-21",6447,9073,13879,25.44
"2017-08-22",6484,9098,13891,25.45
"2017-08-23",6521,9126,13905,25.55
"2017-08-24",6557,9157,13924,25.55
"2017-08-25",6595,9192,13947,25.55
"2017-08-26",6632,9230,13973,25.55
"2017-08-27",6670,9271,14000,25.55
"2017-08-28","","","",25.52
"2017-08-29",6708,9315,14029,25.44
"2017-08-30",6742,9358,14061,25.58
"2017-08-31",6772,9401,14096,25.69
"2017-09-01",6800,9446,14137,25.75
"2017-09-02",6824,9492,14181,25.75
"2017-09-03",6846,9540,14232,25.75
"2017-09-04",6864,9584,14283,25.91
"2017-09-05",6878,9624,14333,25.95
"2017-09-06",6888,9661,14382,25.98
"2017-09-07",6895,9692,14429,26
"2017-09-08",6900,9720,14475,26.07
"2017-09-09","","","",26.07
"2017-09-10",6901,9742,14517,26.07
"2017-09-11",6900,9761,14553,26.01
"2017-09-12",6897,9776,14586,26.02
"2017-09-13",6892,9786,14614,26.08
"2017-09-14",6885,9795,14639,26.16
"2017-09-15",6878,9800,14661,26.22
"2017-09-16",6870,9804,14680,26.22
"2017-09-17",6862,9803,14692,26.22
"2017-09-18",6854,9798,14698,26.18
"2017-09-19",6845,9790,14697,26.13
"2017-09-20",6837,9781,14692,26.19
"2017-09-21",6831,9773,14688,26.24
"2017-09-22",6828,9766,14683,26.26
"2017-09-23",6826,9760,14677,26.26
"2017-09-24",6826,9757,14667,26.26
"2017-09-25",6828,9755,14656,26.32
"2017-09-26",6831,9756,14647,26.38
"2017-09-27",6834,9759,14639,26.47
"2017-09-28",6840,9765,14631,26.52
"2017-09-29",6847,9772,14626,26.58
"2017-09-30",6856,9780,14619,26.58
"2017-10-01",6866,9787,14614,26.58
"2017-10-02",6877,9796,14610,26.65
"2017-10-03",6888,9806,14609,26.7
"2017-10-04",6901,9814,14610,26.81
"2017-10-05",6914,9821,14608,26.8
"2017-10-06",6926,9827,14602,26.74
"2017-10-07",6937,9830,14593,26.74
"2017-10-08",6945,9833,14584,26.74
"2017-10-09",6952,9835,14576,26.55
"2017-10-10",6957,9837,14568,26.59
"2017-10-11",6960,9836,14558,26.53
"2017-10-12",6962,9833,14547,26.63
"2017-10-13",6963,9827,14534,26.63
"2017-10-14",6963,9819,14520,26.63
"2017-10-15",6962,9811,14504,26.63
"2017-10-16",6959,9804,14485,26.63
"2017-10-17",6957,9799,14465,26.48
"2017-10-18",6953,9794,14442,26.43
"2017-10-19",6949,9791,14420,26.5
"2017-10-20",6945,9790,14400,26.54
"2017-10-21",6940,9791,14384,26.54
"2017-10-22",6935,9792,14371,26.54
"2017-10-23",6932,9791,14361,26.58
"2017-10-24",6930,9788,14352,26.67
"2017-10-25",6929,9784,14346,26.77
"2017-10-26",6929,9779,14340,26.83
"2017-10-27",6928,9775,14335,26.88
"2017-10-28",6925,9770,14331,26.88
"2017-10-29",6921,9763,14326,26.88
"2017-10-30",6915,9756,14322,26.83
"2017-10-31",6908,9746,14319,26.86
"2017-11-01",6899,9733,14316,26.88
"2017-11-02",6888,9716,14314,26.93
"2017-11-03",6876,9697,14313,26.96
"2017-11-04",6862,9675,14309,26.96
"2017-11-05",6847,9651,14304,26.96
"2017-11-06",6831,9626,14298,26.85
"2017-11-07",6814,9602,14290,26.75
"2017-11-08",6795,9579,14281,26.64
"2017-11-09",6776,9558,14271,26.56
"2017-11-10",6758,9538,14262,26.52
"2017-11-11",6742,9518,14253,26.52
"2017-11-12",6729,9500,14246,26.52
"2017-11-13",6719,9484,14242,26.49
"2017-11-14",6710,9468,14240,26.5
"2017-11-15",6705,9455,14241,26.48
"2017-11-16",6701,9447,14243,26.48
"2017-11-17",6701,9444,14248,26.5
"2017-11-18",6704,9445,14255,26.5
"2017-11-19",6710,9449,14264,26.5
"2017-11-20",6717,9458,14275,26.48
"2017-11-21",6727,9470,14287,26.49
"2017-11-22",6739,9485,14301,26.65
"2017-11-23",6753,9502,14314,26.86
"2017-11-24",6767,9519,14326,26.91
"2017-11-25",6781,9537,14335,26.91
"2017-11-26",6794,9555,14342,26.91
"2017-11-27",6805,9575,14346,26.84
"2017-11-28",6814,9596,14348,26.87
"2017-11-29",6823,9619,14347,27.01
"2017-11-30",6831,9643,14343,27.16
"2017-12-01",6837,9666,14335,27.05
"2017-12-02",6842,9686,14324,27.05
"2017-12-03",6845,9706,14309,27.05
"2017-12-04",6846,9724,14291,27.22
"2017-12-05",6847,9740,14270,27.16
"2017-12-06",6846,9755,14247,27.11
"2017-12-07",6844,9768,14221,27.12
"2017-12-08",6841,9781,14194,27.11
"2017-12-09",6838,9796,14166,27.11
"2017-12-10",6835,9812,14140,27.11
"2017-12-11",6832,9828,14116,27.14
"2017-12-12",6829,9844,14094,27.18
"2017-12-13",6827,9858,14073,27.27
"2017-12-14",6825,9871,14053,27.41
"2017-12-15",6824,9883,14037,27.64
"2017-12-16",6822,9893,14023,27.64
"2017-12-17",6821,9902,14012,27.64
"2017-12-18",6820,9909,14004,27.87
"2017-12-19",6819,9915,13998,27.88
"2017-12-20",6818,9920,13993,27.86
"2017-12-21",6817,9923,13991,27.86
"2017-12-22",6816,9924,13990,27.95
"2017-12-23",6815,9923,13992,27.95
"2017-12-24",6815,9918,13994,27.95
"2017-12-25",6815,9910,13997,27.95
"2017-12-26",6816,9899,14000,27.94
"2017-12-27",6818,9887,14003,27.95
"2017-12-28",6821,9873,14006,28.07
"2017-12-29",6825,9857,14008,28.07
"2017-12-30",6830,9839,14010,28.07
"2017-12-31",6836,9821,14011,28.07
"2018-01-01",6843,9802,14011,28.07
"2018-01-02",6851,9783,14010,28.07
"2018-01-03",6860,9764,14009,27.89
"2018-01-04",6871,9743,14008,28.01
"2018-01-05",6882,9723,14007,28.2
"2018-01-06",6895,9703,14005,28.2
"2018-01-07",6907,9683,14004,28.2
"2018-01-08",6920,9665,14003,28.2
"2018-01-09",6931,9647,14001,28.2
"2018-01-10",6942,9631,14000,28.33
"2018-01-11",6952,9615,13999,28.45
"2018-01-12",6961,9601,13998,28.54
"2018-01-13",6969,9589,13997,28.54
"2018-01-14",6976,9579,13996,28.54
"2018-01-15",6982,9571,13996,28.57
"2018-01-16",6988,9565,13995,28.65
"2018-01-17",6992,9561,13995,28.67
"2018-01-18",6995,9559,13995,28.78
"2018-01-19",6998,9559,13995,28.84
"2018-01-20",6999,9561,13994,28.84
"2018-01-21",7000,9563,13994,28.84
"2018-01-22",7000,9568,13994,28.88
"2018-01-23",7000,9574,13993,28.86
"2018-01-24",7000,9581,13992,28.87
"2018-01-25",7000,9591,13990,28.75
"2018-01-26",7000,9601,13988,28.55
"2018-01-27",6999,9611,13984,28.55
"2018-01-28",6998,9619,13979,28.55
"2018-01-29",6995,9627,13972,28.25
"2018-01-30",6992,9633,13964,28.01
"2018-01-31",6988,9637,13957,27.84
"2018-02-01",6983,9640,13949,27.87
"2018-02-02",6976,9641,13940,27.89
"2018-02-03",6969,9641,13929,27.89
"2018-02-04",6961,9641,13916,27.89
"2018-02-05",6952,9640,13901,27.74
"2018-02-06",6941,9637,13884,27.46
"2018-02-07",6929,9632,13865,27.12
"2018-02-08",6915,9624,13846,27.12
"2018-02-09",6900,9614,13825,27.06
"2018-02-10",6883,9602,13802,27.06
"2018-02-11",6865,9590,13781,27.06
"2018-02-12",6846,9580,13761,26.84
"2018-02-13",6827,9569,13742,26.7
"2018-02-14",6807,9559,13721,26.65
"2018-02-15",6786,9551,13698,26.76
"2018-02-16",6766,9542,13673,26.99
"2018-02-17",6747,9533,13651,26.99
"2018-02-18",6728,9523,13633,26.99
"2018-02-19",6708,9513,13620,27.01
"2018-02-20",6690,9502,13611,27.07
"2018-02-21",6672,9491,13607,26.99
"2018-02-22",6656,9479,13605,27.07
"2018-02-23",6641,9467,13602,26.99
"2018-02-24",6627,9453,13600,26.99
"2018-02-25",6615,9437,13596,26.99
"2018-02-26",6604,9420,13590,27.01
"2018-02-27",6595,9400,13583,26.95
"2018-02-28",6587,9379,13571,26.81
"2018-03-01",6580,9355,13558,26.67
"2018-03-02",6574,9329,13545,26.54
"2018-03-03",6568,9302,13531,26.54
"2018-03-04",6560,9275,13512,26.54
"2018-03-05",6552,9247,13487,26.48
"2018-03-06",6541,9219,13453,26.35
"2018-03-07",6529,9190,13411,26.09
"2018-03-08",6516,9161,13361,26.09
"2018-03-09",6501,9134,13307,26.09
"2018-03-10",6485,9110,13255,26.09
"2018-03-11",6469,9088,13205,26.09
"2018-03-12",6452,9068,13158,25.92
"2018-03-13",6434,9051,13114,25.92
"2018-03-14",6416,9036,13073,26.01
"2018-03-15",6397,9023,13038,26.27
"2018-03-16",6378,9012,13008,26.35
"2018-03-17",6359,9003,12980,26.35
"2018-03-18",6341,8996,12954,26.35
"2018-03-19",6324,8991,12934,26.44
"2018-03-20",6307,8987,12917,26.3
"2018-03-21",6293,8985,12903,26.28
"2018-03-22",6280,8986,12895,26.25
"2018-03-23",6268,8987,12889,26.27
"2018-03-24",6256,8988,12887,26.27
"2018-03-25",6244,8989,12882,26.27
"2018-03-26",6233,8990,12876,26.3
"2018-03-27",6222,8992,12869,26.31
"2018-03-28",6211,8993,12861,26.41
"2018-03-29",6201,8994,12853,26.54
"2018-03-30",6191,8995,12843,26.31
"2018-03-31",6181,8996,12833,26.31
"2018-04-01",6171,8997,12822,26.31
"2018-04-02",6163,8998,12811,26.16
"2018-04-03",6158,8999,12800,26.33
"2018-04-04",6154,9000,12789,26.26
"2018-04-05",6152,9000,12781,26.07
"2018-04-06",6151,9000,12775,26.03
"2018-04-07",6152,9000,12767,26.03
"2018-04-08",6155,9000,12759,26.03
"2018-04-09",6158,9000,12750,26.03
"2018-04-10",6163,9000,12741,25.98
"2018-04-11",6168,9000,12727,25.93
"2018-04-12",6173,9000,12710,25.99
"2018-04-13",6178,9000,12689,26.12
"2018-04-14",6184,9000,12664,26.12
"2018-04-15",6190,9000,12629,26.12
"2018-04-16",6195,9000,12586,26.09
"2018-04-17",6200,9000,12537,26.08
"2018-04-18",6202,9000,12486,26.15
"2018-04-19",6202,9000,12431,26.23
"2018-04-20",6199,8999,12373,26.18
"2018-04-21",6195,8999,12313,26.18
"2018-04-22",6189,8998,12250,26.18
"2018-04-23",6183,8997,12186,26.13
"2018-04-24",6179,8997,12119,26.18
"2018-04-25",6177,8996,12050,26.27
"2018-04-26",6176,8996,11981,26.23
"2018-04-27",6176,8996,11913,26.2
"2018-04-28",6179,8997,11849,26.2
"2018-04-29",6184,8999,11790,26.2
"2018-04-30",6191,9001,11743,26.2
"2018-05-01",6201,9006,11710,26.2
"2018-05-02",6215,9015,11682,26.16
"2018-05-03",6234,9029,11661,26.19
"2018-05-04",6259,9047,11644,26.31
"2018-05-05",6289,9069,11635,26.31
"2018-05-06",6328,9096,11632,26.31
"2018-05-07",6373,9131,11643,26.29
"2018-05-08",6426,9170,11664,26.22
"2018-05-09",6481,9214,11699,26.22
"2018-05-10",6539,9261,11745,26.19
"2018-05-11",6603,9315,11803,26.2
"2018-05-12",6671,9373,11870,26.2
"2018-05-13",6739,9440,11939,26.2
"2018-05-14",6808,9514,12008,26.17
"2018-05-15",6877,9595,12072,26.21
"2018-05-16",6947,9681,12133,26.21
"2018-05-17",7015,9766,12192,26.19
"2018-05-18",7082,9850,12246,26.15
"2018-05-19",7147,9931,12295,26.15
"2018-05-20",7211,10010,12336,26.15
"2018-05-21",7270,10087,12369,26.08
"2018-05-22",7325,10156,12388,26.07
"2018-05-23",7375,10223,12398,26.08
"2018-05-24",7423,10286,12397,26.11
"2018-05-25",7468,10349,12395,26.15
"2018-05-26",7507,10408,12397,26.15
"2018-05-27",7542,10463,12405,26.15
"2018-05-28",7575,10511,12422,26.15
"2018-05-29",7610,10550,12452,26.1
"2018-05-30",7644,10583,12495,26.14
"2018-05-31",7677,10610,12552,26.12
"2018-06-01",7710,10628,12609,26.11
"2018-06-02",7743,10642,12669,26.11
"2018-06-03",7775,10656,12744,26.11
"2018-06-04",7804,10670,12837,26.13
"2018-06-05",7833,10687,12948,26.16
"2018-06-06",7862,10709,13076,26.16
"2018-06-07",7891,10736,13219,26.17
"2018-06-08",7919,10771,13382,26.14
"2018-06-09",7946,10807,13542,26.14
"2018-06-10",7975,10844,13691,26.14
"2018-06-11",8005,10884,13829,26.09
"2018-06-12",8035,10928,13956,26.09
"2018-06-13",8065,10976,14069,26.12
"2018-06-14",8094,11022,14170,26.22
"2018-06-15",8124,11071,14257,26.32
"2018-06-16",8154,11131,14360,26.32
"2018-06-17",8184,11203,14478,26.32
"2018-06-18",8214,11274,14585,26.33
"2018-06-19",8246,11345,14679,26.45
"2018-06-20",8276,11410,14762,26.48
"2018-06-21",8303,11472,14831,26.31
"2018-06-22",8329,11528,14890,26.24
"2018-06-23",8355,11572,14931,26.24
"2018-06-24",8378,11613,14965,26.24
"2018-06-25",8398,11645,14999,26.17
"2018-06-26",8412,11670,15034,26.19
"2018-06-27",8425,11688,15071,26.33
"2018-06-28",8436,11702,15111,26.33
"2018-06-29",8445,11718,15153,26.33
"2018-06-30",8452,11732,15197,26.33
"2018-07-01",8456,11739,15226,26.33
"2018-07-02",8458,11737,15241,26.23
"2018-07-03",8458,11733,15254,26.3
"2018-07-04",8455,11729,15270,26.44
"2018-07-05",8453,11728,15286,26.43
"2018-07-06",8453,11724,15304,26.32
"2018-07-07",8455,11721,15322,26.32
"2018-07-08",8457,11722,15345,26.32
"2018-07-09",8461,11723,15373,26.25
"2018-07-10",8469,11730,15406,26.21
"2018-07-11",8482,11744,15443,26.23
"2018-07-12",8496,11765,15480,26.23
"2018-07-13",8511,11788,15514,26.23
"2018-07-14",8527,11813,15549,26.23
"2018-07-15",8545,11843,15586,26.23
"2018-07-16",8563,11876,15629,26.21
"2018-07-17",8581,11914,15677,26.22
"2018-07-18",8597,11959,15727,26.3
"2018-07-19",8616,12006,15778,26.47
"2018-07-20",8638,12055,15833,26.45
"2018-07-21",8657,12108,15891,26.45
"2018-07-22",8673,12166,15955,26.45
"2018-07-23",8691,12227,16023,26.45
"2018-07-24",8708,12291,16095,26.58
"2018-07-25",8727,12357,16163,26.63
"2018-07-26",8747,12425,16227,26.65
"2018-07-27",8768,12489,16293,26.76
"2018-07-28",8790,12554,16362,26.76
"2018-07-29",8812,12618,16433,26.76
"2018-07-30",8835,12680,16500,26.76
"2018-07-31",8862,12739,16562,26.87
"2018-08-01",8895,12798,16617,26.96
"2018-08-02",8934,12853,16675,27.01
"2018-08-03",8973,12908,16735,27.09
"2018-08-04",9012,12963,16795,27.09
"2018-08-05",9053,13018,16850,27.09
"2018-08-06",9096,13073,16899,27.13
"2018-08-07",9141,13128,16943,27.02
"2018-08-08",9187,13183,16987,26.96
"2018-08-09",9231,13238,17038,27.11
"2018-08-10",9271,13293,17097,27.25
"2018-08-11",9309,13350,17158,27.25
"2018-08-12",9347,13410,17219,27.25
"2018-08-13",9384,13468,17282,27.34
"2018-08-14",9422,13529,17349,27.46
"2018-08-15",9455,13591,17423,27.45
"2018-08-16",9483,13654,17503,27.67
"2018-08-17",9506,13717,17582,27.9
"2018-08-18",9529,13780,17658,27.9
"2018-08-19",9552,13840,17731,27.9
"2018-08-20",9575,13900,17802,27.7
"2018-08-21",9597,13954,17867,27.71
"2018-08-22",9616,14005,17928,27.89
"2018-08-23",9633,14051,17977,27.85
"2018-08-24",9650,14092,18018,27.85
"2018-08-25",9669,14130,18049,27.85
"2018-08-26",9690,14163,18070,27.85
"2018-08-27",9706,14192,18084,27.89
"2018-08-28",9719,14220,18091,28.05
"2018-08-29",9729,14238,18091,28.12
"2018-08-30",9740,14252,18082,28.28
"2018-08-31",9752,14261,18068,28.25
"2018-09-01",9765,14266,18048,28.25
"2018-09-02",9774,14263,18026,28.25
"2018-09-03",9779,14256,18002,28.38
"2018-09-04",9779,14244,17976,28.49
"2018-09-05",9774,14234,17960,28.41
"2018-09-06",9772,14223,17952,28.22
"2018-09-07",9772,14213,17955,28.26
"2018-09-08",9770,14205,17963,28.26
"2018-09-09",9766,14197,17976,28.26
"2018-09-10",9761,14190,17995,28.2
"2018-09-11",9760,14181,18019,28.1
"2018-09-12",9761,14175,18044,28.03
"2018-09-13",9766,14176,18072,28.13
"2018-09-14",9769,14182,18106,28.15
"2018-09-15",9773,14191,18142,28.15
"2018-09-16",9775,14200,18179,28.15
"2018-09-17",9779,14213,18215,28.13
"2018-09-18",9786,14228,18248,28.15
"2018-09-19",9797,14245,18282,28.12
"2018-09-20",9813,14261,18311,28.06
"2018-09-21",9828,14277,18333,28.06
"2018-09-22",9841,14292,18344,28.06
"2018-09-23",9854,14303,18346,28.06
"2018-09-24",9867,14311,18344,28.11
"2018-09-25",9879,14320,18340,28.06
"2018-09-26",9890,14328,18334,28.14
"2018-09-27",9899,14332,18331,28.3
"2018-09-28",9906,14328,18327,28.27
"2018-09-29",9913,14316,18316,28.27
"2018-09-30",9919,14298,18301,28.27
"2018-10-01",9925,14279,18285,28.21
"2018-10-02",9933,14261,18275,28.28
"2018-10-03",9942,14242,18272,28.32
"2018-10-04",9948,14222,18274,28.18
"2018-10-05",9953,14205,18278,28.08
"2018-10-06",9957,14192,18287,28.08
"2018-10-07",9960,14183,18305,28.08
"2018-10-08",9964,14181,18329,28.09
"2018-10-09",9968,14185,18355,28.08
"2018-10-10",9971,14193,18382,28
"2018-10-11",9975,14206,18412,27.98
"2018-10-12",9979,14226,18440,27.93
"2018-10-13",9982,14254,18470,27.93
"2018-10-14",9986,14290,18505,27.93
"2018-10-15",9989,14328,18544,27.93
"2018-10-16",9992,14371,18589,27.93
"2018-10-17",9994,14415,18633,27.92
"2018-10-18",9994,14461,18678,28.04
"2018-10-19",9994,14509,18722,28.18
"2018-10-20",9993,14549,18767,28.18
"2018-10-21",9990,14581,18817,28.18
"2018-10-22",9982,14604,18867,28.08
"2018-10-23",9970,14618,18922,28.15
"2018-10-24",9956,14623,18984,28.21
"2018-10-25",9942,14620,19052,28.34
"2018-10-26",9928,14607,19119,28.27
"2018-10-27",9914,14586,19187,28.27
"2018-10-28",9900,14556,19253,28.27
"2018-10-29",9883,14519,19317,28.2
"2018-10-30",9863,14481,19374,28.16
"2018-10-31",9842,14439,19418,28.12
"2018-11-01",9818,14392,19452,28.16
"2018-11-02",9793,14341,19473,28.13
"2018-11-03",9768,14289,19482,28.13
"2018-11-04",9744,14242,19476,28.13
"2018-11-05",9725,14199,19456,28.02
"2018-11-06",9715,14161,19422,27.96
"2018-11-07",9714,14127,19373,27.9
"2018-11-08",9717,14098,19307,27.93
"2018-11-09",9720,14072,19224,27.89
"2018-11-10",9723,14052,19132,27.89
"2018-11-11",9723,14036,19035,27.89
"2018-11-12",9719,14024,18928,27.9
"2018-11-13",9717,14015,18815,27.92
"2018-11-14",9722,14006,18699,27.84
"2018-11-15",9727,13996,18587,27.77
"2018-11-16",9733,13987,18473,27.75
"2018-11-17",9736,13977,18363,27.75
"2018-11-18",9735,13966,18257,27.75
"2018-11-19",9728,13954,18155,27.76
"2018-11-20",9715,13943,18058,27.76
"2018-11-21",9695,13930,17965,27.77
"2018-11-22",9668,13916,17876,27.75
"2018-11-23",9637,13896,17792,27.8
"2018-11-24",9603,13872,17712,27.8
"2018-11-25",9569,13844,17635,27.8
"2018-11-26",9534,13811,17557,27.9
"2018-11-27",9504,13774,17486,28.11
"2018-11-28",9473,13735,17416,28.27
"2018-11-29",9438,13692,17352,28.39
"2018-11-30",9403,13651,17292,28.22
"2018-12-01",9373,13609,17238,28.22
"2018-12-02",9346,13568,17188,28.22
"2018-12-03",9324,13526,17141,28.17
"2018-12-04",9306,13479,17096,28.13
"2018-12-05",9293,13428,17054,27.98
"2018-12-06",9280,13375,17012,27.88
"2018-12-07",9266,13322,16970,27.82
"2018-12-08",9253,13273,16928,27.82
"2018-12-09",9240,13227,16886,27.82
"2018-12-10",9226,13184,16844,27.78
"2018-12-11",9215,13144,16803,27.71
"2018-12-12",9203,13108,16759,27.81
"2018-12-13",9191,13074,16718,27.87
"2018-12-14",9180,13041,16674,27.84
"2018-12-15",9167,13009,16628,27.84
"2018-12-16",9150,12979,16581,27.84
"2018-12-17",9132,12950,16536,27.89
"2018-12-18",9114,12922,16489,27.85
"2018-12-19",9097,12896,16445,27.72
"2018-12-20",9079,12873,16402,27.58
"2018-12-21",9064,12849,16366,27.43
"2018-12-22",9051,12822,16337,27.43
"2018-12-23",9040,12790,16315,27.43
"2018-12-24",9031,12758,16301,27.43
"2018-12-26",9025,12725,16292,27.27
"2018-12-27",9018,12690,16289,27.45
"2018-12-28",9012,12653,16291,27.69
"2018-12-29",9007,12619,16298,27.69
"2018-12-30",9002,12586,16311,27.69
"2018-12-31",9000,12552,16327,27.69
"2019-01-01",9000,12517,16345,27.69
"2019-01-02",9000,12481,16362,27.69
"2019-01-03",9002,12448,16383,27.51
"2019-01-04",9006,12416,16405,27.71
"2019-01-05",9012,12384,16429,27.71
"2019-01-06",9022,12357,16453,27.71
"2019-01-07",9035,12336,16476,27.71
"2019-01-08",9052,12323,16495,28.02
"2019-01-09",9071,12314,16512,28.12
"2019-01-10",9093,12310,16528,28.27
"2019-01-11",9119,12311,16542,28.15
"2019-01-12",9149,12312,16558,28.15
"2019-01-13",9183,12312,16570,28.15
"2019-01-14",9219,12309,16579,28.02
"2019-01-15",9257,12307,16588,28.17
"2019-01-16",9297,12308,16595,28.01
"2019-01-17",9339,12313,16600,28.03
"2019-01-18",9380,12319,16602,27.98
"2019-01-19",9419,12327,16600,27.98
"2019-01-20",9456,12340,16596,27.98
"2019-01-21",9486,12354,16588,27.95
"2019-01-22",9510,12366,16576,27.9
"2019-01-23",9529,12376,16563,27.7
"2019-01-24",9544,12384,16549,27.79
"2019-01-25",9554,12389,16531,27.82
"2019-01-26",9560,12393,16510,27.82
"2019-01-27",9559,12400,16486,27.82
"2019-01-28",9554,12413,16460,27.79
"2019-01-29",9547,12430,16434,27.77
"2019-01-30",9537,12448,16405,27.76
"2019-01-31",9528,12467,16379,27.74
"2019-02-01",9518,12486,16356,27.57
"2019-02-02",9509,12504,16334,27.57
"2019-02-03",9501,12519,16314,27.57
"2019-02-04",9496,12532,16294,27.42
"2019-02-05",9495,12544,16275,27.22
"2019-02-06",9501,12555,16258,26.96
"2019-02-07",9511,12566,16242,26.96
"2019-02-08",9523,12578,16227,26.9
"2019-02-09",9538,12589,16214,26.9
"2019-02-10",9555,12601,16204,26.9
"2019-02-11",9574,12610,16196,27.06
"2019-02-12",9594,12617,16191,27.01
"2019-02-13",9615,12621,16185,27.09
"2019-02-14",9635,12625,16181,27.16
"2019-02-15",9651,12627,16176,27.25
"2019-02-16","","","",27.25
"2019-02-17",9663,12627,16169,27.25
"2019-02-18",9672,12628,16163,27.19
"2019-02-19",9679,12631,16159,27.17
"2019-02-20",9682,12634,16156,27.09
"2019-02-21",9681,12640,16153,27
"2019-02-22",9675,12647,16151,27.02
"2019-02-23",9665,12657,16154,27.02
"2019-02-24",9652,12669,16157,27.02
"2019-02-25",9636,12683,16162,26.99
"2019-02-26",9619,12700,16168,26.98
"2019-02-27",9600,12719,16176,26.99
"2019-02-28",9577,12739,16185,26.86
"2019-03-01",9553,12760,16197,26.86
"2019-03-02",9528,12781,16211,26.86
"2019-03-03",9505,12803,16228,26.86
"2019-03-04",9485,12825,16250,26.83
"2019-03-05",9467,12847,16271,26.76
"2019-03-06",9452,12868,16291,26.48
"2019-03-07",9441,12887,16311,26.39
"2019-03-08",9434,12903,16329,26.39
"2019-03-09",9430,12916,16347,26.39
"2019-03-10",9428,12925,16363,26.39
"2019-03-11",9429,12932,16380,26.31
"2019-03-12",9431,12936,16396,26.36
"2019-03-13",9435,12938,16414,26.7
"2019-03-14",9444,12938,16430,26.72
"2019-03-15",9458,12938,16445,27.01
"2019-03-16",9476,12937,16459,27.01
"2019-03-17",9493,12936,16472,27.01
"2019-03-18",9513,12934,16483,27.13
"2019-03-19",9534,12932,16493,27.16
"2019-03-20",9551,12931,16503,27.17
"2019-03-21",9566,12929,16515,27.26
"2019-03-22",9576,12928,16531,26.96
"2019-03-23",9582,12929,16550,26.96
"2019-03-24",9588,12931,16571,26.96
"2019-03-25",9593,12935,16594,26.89
"2019-03-26",9596,12941,16616,26.98
"2019-03-27",9600,12944,16635,27.08
"2019-03-28",9602,12946,16654,27.25
"2019-03-29",9602,12946,16671,27.21
"2019-03-30",9600,12943,16689,27.21
"2019-03-31",9596,12938,16705,27.21
"2019-04-01",9594,12931,16722,27.19
"2019-04-02",9589,12921,16732,26.97
"2019-04-03","","","",27.08
"2019-04-04",9579,12909,16737,27.02
"2019-04-05",9571,12894,16738,26.77
"2019-04-06",9565,12880,16733,26.77
"2019-04-07",9561,12863,16720,26.77
"2019-04-08",9559,12845,16702,26.64
"2019-04-09",9554,12827,16680,26.7
"2019-04-10",9549,12808,16652,26.77
"2019-04-11",9545,12789,16620,26.83
"2019-04-12",9540,12773,16585,26.71
"2019-04-13",9535,12758,16549,26.71
"2019-04-14",9531,12748,16512,26.71
"2019-04-15",9526,12741,16476,26.81
"2019-04-16",9521,12737,16440,26.72
"2019-04-17",9515,12736,16403,26.69
"2019-04-18",9511,12737,16373,26.84
"2019-04-19",9509,12742,16350,26.85
"2019-04-20",9507,12749,16329,26.85
"2019-04-21",9504,12756,16313,26.85
"2019-04-22",9502,12763,16299,26.78
"2019-04-23",9500,12768,16288,26.69
"2019-04-24",9501,12772,16276,26.59
"2019-04-25",9501,12772,16266,26.62
"2019-04-26",9502,12772,16260,26.62
"2019-04-27",9505,12770,16256,""
"2019-04-28",9510,12765,16253,""
"2019-04-29",9514,12756,16249,""
"2019-04-30",9519,12743,16241,""
"2019-05-01",9524,12728,16232,""
"2019-05-02",9528,12710,16219,26.56
"2019-05-03",9533,12693,16203,26.48
"2019-05-04",9538,12673,16182,26.48
"2019-05-05",9542,12655,16161,26.48
"2019-05-06",9547,12640,16140,26.5
"2019-05-07",9552,12627,16120,26.34
"2019-05-08",9558,12617,16101,26.25
"2019-05-09",9564,12610,16086,26.25
"2019-05-10",9574,12608,16073,26.21
"2019-05-11",9585,12610,16061,26.21
"2019-05-12",9594,12615,16049,26.21
"2019-05-13",9602,12624,16037,26.11
"2019-05-14",9612,12637,16027,26.16
"2019-05-15",9624,12655,16020,26.37
"2019-05-16",9638,12676,16015,26.34
"2019-05-17",9655,12701,16014,26.37
"2019-05-18",9674,12727,16014,26.37
"2019-05-19",9695,12755,16017,26.37
"2019-05-20",9718,12782,16019,26.2
"2019-05-21",9744,12809,16023,26.11
"2019-05-22",9772,12834,16026,26.3
"2019-05-23",9799,12859,16029,26.34
"2019-05-24",9825,12882,16031,26.47
"2019-05-25",9848,12903,16027,26.47
"2019-05-26",9870,12922,16022,26.47
"2019-05-27",9891,12939,16016,26.33
"2019-05-28",9912,12953,16009,26.41
"2019-05-29",9931,12965,15999,26.68
"2019-05-30",9947,12975,15988,26.87
"2019-05-31",9961,12983,15975,26.85
"2019-06-01",9973,12989,15960,26.85
"2019-06-02",9983,12993,15943,26.85
"2019-06-03",9991,12995,15926,26.95
"2019-06-04",9996,12997,15906,27.21
"2019-06-05",9999,12999,15886,26.93
"2019-06-06",10000,13000,15865,26.8
"2019-06-07",10000,13000,15841,26.6
"2019-06-08",10000,13000,15817,26.6
"2019-06-09",10000,13000,15796,26.6
"2019-06-10",10000,13000,15776,26.38
"2019-06-11",10000,13000,15758,26.3
"2019-06-12",10000,13000,15742,26.4
"2019-06-13",10000,13000,15730,26.42
"2019-06-14",10000,13000,15722,26.42
"2019-06-15",10000,13000,15717,26.42
"2019-06-16",10000,13000,15717,26.42
"2019-06-17",10000,13000,15719,26.42
"2019-06-18",10000,13000,15725,26.39
"2019-06-19",10000,13000,15737,26.33
"2019-06-20",10000,12999,15753,26.38
"2019-06-21",10000,12998,15774,26.27
"2019-06-22",10000,12997,15801,26.27
"2019-06-23",10000,12995,15836,26.27
"2019-06-24",10000,12994,15878,26.19
"2019-06-25",10000,12992,15922,26.19
"2019-06-26",10000,12991,15970,26.17
"2019-06-27",10000,12989,16019,26.18
"2019-06-28",10000,12988,16066,26.18
"2019-06-29",10000,12986,16112,26.18
"2019-06-30",10000,12986,16155,26.18
"2019-07-01",10000,12986,16196,26.21
"2019-07-02",10001,12988,16237,26.18
"2019-07-03",10002,12993,16271,26.04
"2019-07-04",10003,12999,16302,25.87
"2019-07-05",10004,13010,16327,25.71
"2019-07-06",10005,13023,16346,25.71
"2019-07-07",10006,13041,16359,25.71
"2019-07-08",10007,13063,16361,25.6
"2019-07-09",10009,13089,16352,25.49
"2019-07-10",10012,13119,16340,25.7
"2019-07-11",10016,13154,16324,25.8
"2019-07-12",10020,13193,16306,25.76
"2019-07-13",10025,13236,16293,25.76
"2019-07-14",10033,13283,16284,25.76
"2019-07-15",10044,13334,16280,25.74
"2019-07-16",10055,13387,16280,25.86
"2019-07-17",10068,13441,16285,25.86
"2019-07-18",10083,13494,16296,26.03
"2019-07-19",10098,13548,16309,25.82
"2019-07-20",10115,13601,16328,25.82
"2019-07-21",10134,13654,16354,25.82
"2019-07-22",10155,13703,16386,25.64
"2019-07-23",10178,13747,16427,25.63
"2019-07-24",10199,13790,16480,25.52
"2019-07-25",10219,13828,16540,25.49
"2019-07-26",10241,13861,16607,25.44
"2019-07-27",10264,13891,16680,25.44
"2019-07-28",10284,13916,16753,25.44
"2019-07-29",10303,13939,16825,25.25
"2019-07-30",10319,13958,16895,25.09
"2019-07-31",10333,13974,16961,25.02
"2019-08-01",10346,13988,17022,25.35
"2019-08-02",10357,14000,17079,25.54
"2019-08-03",10370,14011,17133,25.54
"2019-08-04",10382,14022,17184,25.54
"2019-08-05",10393,14033,17231,25.74
"2019-08-06",10403,14045,17273,25.59
"2019-08-07",10413,14060,17310,25.42
"2019-08-08",10422,14075,17337,25.32
"2019-08-09",10432,14091,17353,25.09
"2019-08-10",10442,14108,17358,25.09
"2019-08-11",10450,14125,17352,25.09
"2019-08-12",10457,14142,17337,25.16
"2019-08-13",10465,14157,17314,25.15
"2019-08-14",10472,14169,17288,25.25
"2019-08-15",10479,14183,17261,25.32
"2019-08-16",10487,14198,17235,25.14
"2019-08-17",10494,14212,17208,25.14
"2019-08-18",10499,14223,17181,25.14
"2019-08-19",10502,14230,17155,25.18
"2019-08-20",10503,14233,17128,25.13
"2019-08-21",10501,14235,17104,25.2
"2019-08-22",10499,14235,17082,25.04
"2019-08-23",10497,14236,17066,25.06
"2019-08-24",10494,14239,17058,25.06
"2019-08-25",10490,14244,17057,25.06
"2019-08-26",10490,14253,17064,25.06
"2019-08-27",10489,14266,17076,25.16
"2019-08-28",10490,14283,17097,25.22
"2019-08-29",10494,14305,17124,25.23
"2019-08-30",10499,14330,17156,25.14
"2019-08-31",10507,14358,17192,25.14
"2019-09-01",10517,14389,17233,25.14
"2019-09-02",10530,14426,17277,25.26
"2019-09-03",10542,14470,17327,25.26
"2019-09-04",10559,14519,17379,""
"2019-09-05",10579,14572,17428,""
"2019-09-06",10601,14622,17476,25.31
"2019-09-07",10625,14672,17520,25.31
"2019-09-08",10651,14720,17560,25.31
"2019-09-09",10679,14764,17596,25.09
"2019-09-10",10707,14804,17629,25.03
"2019-09-11",10738,14841,17661,24.88
"2019-09-12",10767,14874,17688,24.97
"2019-09-13",10795,14903,17710,24.83
"2019-09-14",10820,14928,17726,24.83
"2019-09-15",10842,14949,17734,24.83
"2019-09-16",10863,14966,17733,24.71
"2019-09-17",10881,14979,17723,24.77
"2019-09-18",10902,14987,17704,24.76
"2019-09-19",10920,14989,17679,24.67
"2019-09-20",10936,14988,17652,24.62
"2019-09-21",10950,14987,17622,24.62
"2019-09-22",10962,14985,17596,24.62
"2019-09-23",10971,14981,17570,24.43
"2019-09-24",10979,14974,17546,24.33
"2019-09-25",10984,14966,17523,24.21
"2019-09-26",10984,14955,17499,24.12
"2019-09-27",10982,14942,17473,24.19
"2019-09-28",10980,14926,17446,24.19
"2019-09-29",10978,14910,17423,24.19
"2019-09-30",10975,14891,17408,24.08
"2019-10-01",10971,14871,17402,24.2
"2019-10-02",10964,14848,17406,24.56
"2019-10-03",10953,14825,17413,24.86
"2019-10-04",10940,14803,17428,24.88
"2019-10-05",10924,14779,17445,24.88
"2019-10-06","","","",24.88
"2019-10-07",10909,14753,17463,24.61
"2019-10-08",10893,14725,17476,24.87
"2019-10-09",10878,14697,17489,24.71
"2019-10-10",10862,14671,17500,24.7
"2019-10-11",10847,14648,17508,24.53
"2019-10-12",10836,14626,17514,24.53
"2019-10-13",10829,14607,17519,24.53
"2019-10-14",10820,14590,17522,24.53
"2019-10-15",10809,14574,17518,24.54
"2019-10-16",10796,14559,17505,24.79
"2019-10-17",10787,14546,17484,24.84
"2019-10-18",10782,14534,17455,24.73
"2019-10-19",10782,14523,17428,24.73
"2019-10-20",10787,14512,17396,24.73
"2019-10-21",10793,14504,17366,25.04
"2019-10-22",10798,14495,17338,24.98
"2019-10-23",10798,14486,17317,24.84
"2019-10-24",10796,14476,17291,24.89
"2019-10-25",10791,14464,17264,25.11
"2019-10-26",10784,14450,17241,25.11
"2019-10-27",10773,14433,17221,25.11
"2019-10-28",10757,14414,17205,25.17
"2019-10-29",10741,14393,17195,25.07
"2019-10-30",10727,14371,17191,25.11
"2019-10-31",10715,14348,17191,25
"2019-11-01",10699,14324,17195,24.82
"2019-11-02",10681,14301,17207,24.82
"2019-11-03",10660,14276,17220,24.82
"2019-11-04",10636,14249,17235,24.74
"2019-11-05",10613,14219,17251,24.8
"2019-11-06",10592,14192,17267,24.72
"2019-11-07",10577,14167,17283,24.66
"2019-11-08",10565,14144,17307,24.52
"2019-11-09",10557,14123,17336,24.52
"2019-11-10",10550,14104,17371,24.52
"2019-11-11",10545,14088,17409,24.5
"2019-11-12",10544,14073,17448,24.51
"2019-11-13",10547,14061,17487,24.46
"2019-11-14",10552,14051,17529,24.32
"2019-11-15",10560,14040,17574,24.25
"2019-11-16",10572,14030,17624,24.25
"2019-11-17",10584,14019,17670,24.25
"2019-11-18",10597,14008,17714,24.22
"2019-11-19",10610,13997,17755,24.14
"2019-11-20",10625,13987,17795,24.2
"2019-11-21",10642,13974,17832,24.18
"2019-11-22",10658,13958,17866,24.19
"2019-11-23",10674,13941,17896,24.19
"2019-11-24",10686,13922,17921,24.19
"2019-11-25",10696,13902,17940,24.16
"2019-11-26",10704,13879,17955,24.05
"2019-11-27",10710,13853,17964,23.98
"2019-11-28",10710,13824,17970,23.98
"2019-11-29",10705,13790,17971,24.04
"2019-11-30",10692,13756,17969,24.04
"2019-12-01",10673,13718,17960,24.04
"2019-12-02",10649,13679,17949,23.97
"2019-12-03",10620,13640,17936,23.96
"2019-12-04",10587,13600,17921,23.94
"2019-12-05",10548,13561,17903,23.93
"2019-12-06",10503,13522,17885,23.88
"2019-12-07","","","",23.88
"2019-12-08",10452,13485,17865,23.88
"2019-12-09",10399,13450,17846,23.72
"2019-12-10",10349,13417,17826,23.69
"2019-12-11",10301,13383,17806,23.69
"2019-12-12",10256,13350,17786,23.6
"2019-12-13",10212,13318,17771,23.56
"2019-12-14",10174,13289,17756,23.56
"2019-12-15",10141,13264,17739,23.56
"2019-12-16",10115,13239,17720,23.5
"2019-12-17",10094,13218,17706,23.49
"2019-12-18",10081,13200,17697,23.47
"2019-12-19",10074,13184,17692,23.41
"2019-12-20",10073,13171,17691,23.37
"2019-12-21",10080,13158,17695,23.33
"2019-12-22",10092,13149,17699,23.33
"2019-12-23",10108,13136,17703,23.29
"2019-12-24",10126,13122,17705,23.28
"2019-12-25",10144,13106,17708,23.28
"2019-12-26",10162,13092,17714,23.26
"2019-12-27",10180,13080,17716,23.29
"2019-12-28",10199,13069,17710,23.69
"2019-12-29",10212,13057,17704,23.69
"2019-12-30",10222,13044,17702,23.69
"2019-12-31",10229,13031,17699,23.69
"2020-01-01",10232,13017,17690,23.69
"2020-01-02",10231,12999,17677,23.69
"2020-01-03",10225,12980,17659,23.69
"2020-01-04",10215,12959,17636,23.69
"2020-01-05",10200,12935,17607,23.69
"2020-01-06",10182,12910,17576,23.69
"2020-01-07",10164,12884,17544,23.69
"2020-01-08",10146,12858,17512,23.68
"2020-01-09",10128,12833,17477,23.83
"2020-01-10",10110,12805,17440,24.12
"2020-01-11",10092,12774,17406,23.97
"2020-01-12",10073,12744,17377,23.97
"2020-01-13",10057,12715,17349,23.97
"2020-01-14",10043,12685,17317,23.93
"2020-01-15",10031,12658,17284,24.03
"2020-01-16",10020,12632,17256,23.98
"2020-01-17",10012,12610,17228,24.09
"2020-01-18",10005,12589,17200,24.09
"2020-01-19",9998,12570,17172,24.09
"2020-01-20",9992,12553,17148,24.25
"2020-01-21",9986,12539,17127,24.33
"2020-01-22",9978,12527,17108,24.26
"2020-01-23",9967,12517,17091,""
"2020-01-24",9954,12510,17077,""
"2020-01-25",9939,12504,17064,24.52
"2020-01-26",9922,12501,17052,24.52
"2020-01-27",9903,12499,17040,24.33
"2020-01-28",9885,12498,17029,24.6
"2020-01-29",9867,12498,17020,24.72
"2020-01-30",9849,12497,17012,24.85
"2020-01-31",9831,12497,17001,24.92
"2020-02-01",9813,12497,16991,24.92
"2020-02-02",9796,12497,16980,24.92
"2020-02-03",9782,12497,16969,25.03
"2020-02-04",9772,12499,16955,25.08
"2020-02-05",9767,12501,16937,24.85
"2020-02-06",9765,12503,16914,24.8
"2020-02-07",9768,12506,16887,24.58
"2020-02-08",9775,12511,16856,24.58
"2020-02-09",9787,12517,16820,24.58
"2020-02-10",9803,12526,16779,24.54
"2020-02-11",9822,12534,16734,24.52
"2020-02-12",9840,12544,16685,24.42
"2020-02-13",9858,12554,16631,24.5
"2020-02-14",9877,12567,16576,24.48
"2020-02-15",9895,12581,16521,24.48
"2020-02-16",9913,12598,16466,24.48
"2020-02-17",9931,12617,16411,24.45
"2020-02-18",9946,12637,16358,24.45
"2020-02-19",9960,12654,16303,24.44
"2020-02-20",9973,12671,16251,24.52
"2020-02-21",9982,12687,16201,24.48
"2020-02-22",9990,12701,16152,24.48
"2020-02-23",9996,12714,16104,24.48
"2020-02-24",9999,12724,16059,24.45
"2020-02-25",10000,12734,16014,24.5
"2020-02-26",10000,12745,15972,24.53
"2020-02-27",10000,12756,15933,24.65
"2020-02-28",10000,12768,15898,24.56
"2020-02-29",10000,12778,15866,24.56
"2020-03-01",10000,12788,15836,24.56
"2020-03-02",10002,12798,15809,24.59
"2020-03-03",10006,12808,15784,24.82
"2020-03-04",10009,12820,15759,24.94
"2020-03-05",10013,12839,15741,24.89
"2020-03-06",10017,12862,15726,24.74
"2020-03-07",10021,12889,15716,24.74
"2020-03-08",10025,12921,15715,24.74
"2020-03-09",10029,12954,15721,24.74
"2020-03-10",10033,12987,15737,24.92
"2020-03-11",10037,13021,15763,25.31
"2020-03-12",10040,13052,15796,25.62
"2020-03-13",10044,13082,15832,25.86
"2020-03-14","","","",25.86
"2020-03-15",10048,13111,15869,25.86
"2020-03-16",10052,13139,15906,26.09
"2020-03-17",10056,13163,15946,26.52
"2020-03-18",10055,13183,15986,27.06
"2020-03-19",10052,13197,16025,27.27
"2020-03-20",10049,13206,16065,27.8
"2020-03-21",10045,13208,16103,27.8
"2020-03-22",10041,13202,16140,27.8
"2020-03-23",10037,13188,16174,27.74
"2020-03-24",10033,13169,16201,28.11
"2020-03-25",10028,13144,16222,27.77
"2020-03-26",10023,13116,16231,27.96
"2020-03-27",10016,13084,16224,28.14
"2020-03-28",10009,13050,16207,28.14
"2020-03-29",10000,13011,16184,28.14
"2020-03-30",9988,12967,16160,28.18
"2020-03-31",9974,12920,16133,28.06
"2020-04-01",9958,12870,16099,27.63
"2020-04-02","","","",27.75
"2020-04-03",9942,12817,16062,27.6
"2020-04-04",9923,12764,16024,27.6
"2020-04-05",9899,12709,15987,27.6
"2020-04-06",9872,12652,15947,27.37
"2020-04-07",9839,12594,15904,27.24
"2020-04-08",9803,12539,15861,27.1
"2020-04-09",9762,12483,15818,27.2
"2020-04-10",9718,12428,15774,27.26
"2020-04-11",9672,12372,15730,27.26
"2020-04-12",9622,12316,15695,27.26
"2020-04-13",9570,12259,15665,27.2
"2020-04-14",9517,12205,15638,27.04
"2020-04-15",9465,12152,15607,27.09
"2020-04-16",9413,12102,15577,27.22
"2020-04-17",9361,12054,15548,27.2
"2020-04-18",9308,12009,15523,27.2
"2020-04-19",9261,11965,15492,27.2
"2020-04-20","","","",27.2
"2020-04-21",9217,11923,15458,27.08
"2020-04-22",9178,11880,15423,27.08
"2020-04-23",9144,11837,15391,27.05
"2020-04-24",9114,11792,15355,27.01
"2020-04-25",9088,11745,15314,27.01
"2020-04-26",9066,11699,15277,27.01
"2020-04-27",9048,11655,15244,27.14
"2020-04-28",9033,11612,15210,27.1
"2020-04-29",9022,11570,15177,27.05
"2020-04-30",9013,11528,15143,26.97
"2020-05-01",9007,11486,15111,26.97
"2020-05-02",9002,11447,15083,26.97
"2020-05-03",9000,11410,15054,26.97
"2020-05-04",9000,11375,15022,26.96
"2020-05-05",9000,11343,14990,26.97
"2020-05-06",9000,11314,14958,26.98
"2020-05-07",9000,11291,14924,26.93
"2020-05-08",9000,11276,14886,26.82
"2020-05-09",9000,11267,14848,26.82
"2020-05-10",9000,11268,14810,26.82
"2020-05-11",9000,11273,14768,26.82
"2020-05-12",9000,11284,14722,26.82
"2020-05-13",9000,11300,14676,26.79
"2020-05-14",9000,11320,14628,26.79
"2020-05-15",9000,11345,14582,26.79
"2020-05-16",9000,11375,14537,26.79
"2020-05-17",9000,11406,14493,26.68
"2020-05-18",9000,11437,14453,26.79
"2020-05-19",9000,11471,14421,26.57
"2020-05-20",9000,11506,14398,26.79
"2020-05-21",9000,11540,14384,26.59
"2020-05-22",9000,11573,14379,26.79
"2020-05-23",9000,11603,14382,26.77
"2020-05-24",9000,11630,14395,26.79
"2020-05-25",9000,11649,14415,26.76
"2020-05-26",9000,11665,14443,26.79
"2020-05-27",9000,11674,14480,26.79
"2020-05-28",9000,11680,14519,27
"2020-05-29",9000,11685,14563,26.91
"2020-05-30",9000,11687,14608,26.91
"2020-05-31",9000,11689,14653,26.91
"2020-06-01",9000,11690,14698,26.79
"2020-06-02",9000,11692,14742,26.82
"2020-06-03",9000,11691,14786,26.79
"2020-06-04",9001,11689,14831,26.79
"2020-06-05","","","",26.7
"2020-06-06",9002,11686,14875,26.7
"2020-06-07",9004,11685,14919,26.7
"2020-06-08",9009,11686,14964,26.79
"2020-06-09",9014,11691,15008,26.79
"2020-06-10",9020,11700,15055,26.79
"2020-06-11",9027,11713,15103,26.79
"2020-06-12",9033,11731,15152,26.79
"2020-06-13",9040,11751,15204,26.6
"2020-06-14",9047,11773,15259,26.79
"2020-06-15",9055,11794,15315,26.73
"2020-06-16",9062,11814,15376,26.84
"2020-06-17",9070,11836,15441,26.74
"2020-06-18",9077,11856,15510,26.79
"2020-06-19",9085,11876,15575,26.76
"2020-06-20",9090,11897,15633,26.76
"2020-06-21",9096,11917,15682,26.76
"2020-06-22",9098,11934,15725,26.72
"2020-06-23",9099,11950,15760,26.67
"2020-06-24",9099,11963,15786,26.61
"2020-06-25",9101,11974,15804,26.65
"2020-06-26",9104,11983,15813,26.7
"2020-06-27",9109,11990,15814,26.7
"2020-06-28",9116,11994,15806,26.7
"2020-06-29",9124,11997,15790,26.7
"2020-06-30",9134,11999,15765,26.69
"2020-07-01",9146,12000,15731,26.67
"2020-07-02",9160,12000,15688,26.77
"2020-07-03",9177,12000,15636,27.18
"2020-07-04",9196,12000,15582,27.18
"2020-07-05",9217,12000,15529,27.18
"2020-07-06",9241,12000,15481,27.17
"2020-07-07",9269,12000,15435,27.13
"2020-07-08",9297,12000,15393,26.93
"2020-07-09",9324,12000,15360,26.95
"2020-07-10",9349,12000,15331,26.93
"2020-07-11",9371,12000,15311,26.93
"2020-07-12",9391,12000,15296,26.93
"2020-07-13",9407,12000,15288,26.95
"2020-07-14",9421,12000,15289,27.09
"2020-07-15",9433,12000,15297,27.14
"2020-07-16",9441,12000,15309,27.12
"2020-07-17",9446,12000,15326,27.27
"2020-07-18",9449,12000,15347,27.27
"2020-07-19",9450,12000,15368,27.27
"2020-07-20",9448,12000,15389,27.36
"2020-07-21",9444,12000,15414,27.6
"2020-07-22",9439,12000,15439,27.66
"2020-07-23",9433,12000,15463,27.78
"2020-07-24",9428,12000,15479,""
"2020-07-25",9422,12002,15488,""
"2020-07-26",9419,12004,15489,""
"2020-07-27",9417,12007,15485,""
"2020-07-28",9417,12009,15475,27.76
"2020-07-29",9418,12013,15458,27.69
"2020-07-30",9420,12018,15435,27.69
"2020-07-31",9424,12022,15411,""
"2020-08-01",9431,12027,15387,""
"2020-08-02",9437,12033,15364,""
"2020-08-03",9445,12041,15342,""
"2020-08-04",9453,12048,15322,""
"2020-08-05",9463,12057,15293,""
"2020-08-06",9474,12067,15259,""
"2020-08-07",9487,12081,15226,""
"2020-08-08",9502,12096,15197,""
"2020-08-09",9520,12109,15172,""
"2020-08-10",9538,12124,15149,""
"2020-08-11",9558,12142,15127,27.6
"2020-08-12",9580,12161,15108,27.6
"2020-08-13",9603,12179,15093,27.53
"2020-08-14",9627,12199,15081,27.41
"2020-08-15",9653,12221,15069,27.41
"2020-08-16",9680,12245,15057,27.41
"2020-08-17",9710,12267,15046,27.35
"2020-08-18",9738,12290,15036,27.31
"2020-08-19",9769,12317,15025,27.23
"2020-08-20",9799,12344,15021,27.32
"2020-08-21",9827,12370,15023,27.48
"2020-08-22",9854,12395,15030,27.48
"2020-08-23",9878,12420,15041,27.48
"2020-08-24",9900,12448,15057,27.48
"2020-08-25",9920,12475,15079,27.39
"2020-08-26",9937,12503,15107,27.44
"2020-08-27",9952,12530,15139,27.39
"2020-08-28",9965,12560,15176,27.46
"2020-08-29",9976,12590,15217,27.46
"2020-08-30",9985,12619,15262,27.46
"2020-08-31",9992,12649,15312,27.48
"2020-09-01",9998,12681,15364,27.56
"2020-09-02",10006,12712,15421,27.6
"2020-09-03",10014,12741,15484,27.64
"2020-09-04",10022,12770,15549,27.69
"2020-09-05",10029,12800,15614,27.69
"2020-09-06",10037,12828,15674,27.69
"2020-09-07",10044,12854,15730,27.73
"2020-09-08",10052,12878,15782,27.75
"2020-09-09",10059,12900,15829,27.8
"2020-09-10",10067,12919,15871,27.83
"2020-09-11",10075,12936,15909,27.83
"2020-09-12",10084,12951,15942,27.83
"2020-09-13",10094,12963,15970,27.83
"2020-09-14",10104,12974,15995,27.9
"2020-09-15",10114,12982,16018,28
"2020-09-16",10120,12988,16038,28.06
"2020-09-17",10122,12992,16054,28.12
"2020-09-18","","","",28.11
"2020-09-19",10121,12995,16064,28.11
"2020-09-20",10121,12997,16073,28.11
"2020-09-21",10121,12997,16084,28.17
"2020-09-22",10123,12997,16100,28.2
"2020-09-23",10125,12997,16119,28.21
"2020-09-24",10127,12998,16144,28.19
"2020-09-25",10128,12998,16172,28.25
"2020-09-26",10130,12998,16205,28.25
"2020-09-27",10131,12998,16244,28.25
"2020-09-28",10129,12998,16287,28.27
"2020-09-29",10125,12999,16335,28.31
"2020-09-30",10122,13003,16385,28.3
"2020-10-01",10118,13007,16435,28.31
"2020-10-02","","","",28.33
"2020-10-03",10116,13013,16490,28.33
"2020-10-04",10114,13022,16546,28.33
"2020-10-05",10113,13031,16605,28.34
"2020-10-06",10110,13041,16659,28.4
"2020-10-07",10103,13050,16705,28.36
"2020-10-08",10093,13059,16745,28.32
"2020-10-09",10084,13068,16775,28.28
"2020-10-10",10075,13077,16797,28.28
"2020-10-11",10065,13086,16811,28.28
"2020-10-12",10056,13095,16815,28.21
"2020-10-13",10047,13104,16812,28.25
"2020-10-14","","","",28.25
"2020-10-15",10040,13113,16799,28.32
"2020-10-16",10032,13120,16778,28.34
"2020-10-17","","","",28.34
"2020-10-18",10023,13123,16749,28.34
"2020-10-19",10011,13122,16712,28.36
"2020-10-20",10000,13114,16664,28.38
"2020-10-21",9988,13100,16606,28.37
"2020-10-22",9977,13086,16539,28.27
"2020-10-23",9966,13071,16468,28.26
"2020-10-24",9955,13055,16398,28.26
"2020-10-25",9943,13037,16323,28.26
"2020-10-26",9929,13018,16249,28.29
"2020-10-27",9913,12998,16178,28.34
"2020-10-28",9895,12977,16111,28.37
"2020-10-29",9876,12957,16047,28.4
"2020-10-30",9858,12936,15986,28.44
"2020-10-31",9837,12916,15932,28.44
"2020-11-01",9817,12896,15884,28.44
"2020-11-02",9801,12879,15842,28.45
"2020-11-03",9787,12866,15809,28.58
"2020-11-04",9776,12857,15788,28.6
"2020-11-05",9766,12850,15777,28.51
"2020-11-06",9756,12842,15777,28.36
"2020-11-07",9748,12832,15785,28.36
"2020-11-08",9744,12822,15800,28.36
"2020-11-09",9745,12813,15825,28.14
"2020-11-10",9750,12805,15861,28.11
"2020-11-11",9760,12793,15901,28.12
"2020-11-12",9772,12777,15944,28.16
"2020-11-13",9784,12757,15987,28.2
"2020-11-14",9798,12733,16030,28.2
"2020-11-15",9815,12704,16069,28.2
"2020-11-16",9832,12670,16103,28.12
"2020-11-17",9847,12632,16137,28.11
"2020-11-18",9859,12590,16165,28.11
"2020-11-19",9870,12546,16188,28.13
"2020-11-20",9880,12500,16205,28.26
"2020-11-21",9890,12454,16215,28.26
"2020-11-22",9898,12409,16223,28.26
"2020-11-23",9903,12362,16228,28.36
"2020-11-24",9907,12315,16231,28.37
"2020-11-25",9908,12270,16226,28.37
"2020-11-26",9906,12232,16220,28.38
"2020-11-27",9901,12201,16208,28.44
"2020-11-28",9894,12176,16199,28.44
"2020-11-29",9887,12157,16193,28.44
"2020-11-30",9877,12145,16190,28.47
"2020-12-01",9867,12140,16193,28.5
"2020-12-02",9860,12142,16193,28.56
"2020-12-03",9855,12149,16195,28.44
"2020-12-04",9849,12158,16195,28.3
"2020-12-05",9844,12170,16197,28.3
"2020-12-06","","","",28.3
"2020-12-07",9840,12183,16202,28.29
"2020-12-08",9837,12199,16206,28.24
"2020-12-09",9834,12217,16209,28.08
"2020-12-10",9831,12235,16209,28.04
"2020-12-11",9826,12250,16207,28.08
"2020-12-12",9822,12261,16204,28.08
"2020-12-13",9820,12267,16204,28.08
"2020-12-14",9823,12270,16199,27.97
"2020-12-15",9825,12268,16189,27.87
"2020-12-16",9829,12262,16175,27.76
"2020-12-17",9834,12251,16157,27.74
"2020-12-18",9839,12237,16140,27.82
"2020-12-19",9845,12217,16124,27.82
"2020-12-20",9850,12198,16110,27.82
"2020-12-21",9855,12179,16095,27.83
"2020-12-22",9857,12160,16081,28.04
"2020-12-23",9856,12141,16067,28.25
"2020-12-24",9855,12122,16053,28.46
"2020-12-25",9854,12104,16041,28.46
"2020-12-26",9857,12088,16031,28.46
"2020-12-27",9861,12073,16022,28.46
"2020-12-28",9863,12060,16013,28.35
"2020-12-29",9860,12048,16007,28.37
"2020-12-30",9856,12038,16002,28.26
"2020-12-31",9849,12030,16000,28.27
"2021-01-01",9838,12024,16000,28.27
"2021-01-02",9822,12021,16000,28.27
"2021-01-03",9804,12020,16000,28.27
"2021-01-04",9781,12018,16000,28.27
"2021-01-05",9755,12016,16000,28.43
"2021-01-06",9729,12014,16000,28.4
"2021-01-07",9704,12011,16000,28.4
"2021-01-08",9678,12009,16000,28.4
"2021-01-09",9650,12007,16000,28.4
"2021-01-10",9617,12006,15999,28.4
"2021-01-11",9584,12004,15996,28.28
"2021-01-12",9553,12003,15988,28.2
"2021-01-13",9523,12002,15976,28.05
"2021-01-14",9496,12002,15959,27.97
"2021-01-15",9470,12001,15937,28.06
"2021-01-16",9450,12001,15908,28.05
"2021-01-17",9432,12001,15873,28.05
"2021-01-18",9417,12000,15829,28.05
"2021-01-19",9409,11998,15776,28.19
"2021-01-20",9406,11993,15715,28.15
"2021-01-21",9408,11987,15644,28.2
"2021-01-22",9411,11978,15565,28.26
"2021-01-23",9415,11967,15477,28.26
"2021-01-24",9421,11953,15380,28.26
"2021-01-25",9429,11938,15278,28.16
"2021-01-26",9436,11921,15176,28.17
"2021-01-27",9442,11903,15078,28.15
"2021-01-28",9448,11884,14983,28.17
"2021-01-29",9454,11862,14892,28.19
"2021-01-30",9459,11836,14806,28.19
"2021-01-31",9462,11809,14726,28.19
"2021-02-01",9465,11779,14653,28.13
"2021-02-02",9468,11747,14590,28.06
"2021-02-03",9469,11718,14535,28.06
"2021-02-04",9466,11694,14493,28
"2021-02-05",9460,11674,14461,27.89
"2021-02-06",9454,11659,14438,27.89
"2021-02-07",9448,11648,14426,27.89
"2021-02-08",9440,11642,14425,27.77
"2021-02-09",9434,11640,14432,27.67
"2021-02-10",9430,11640,14443,27.64
"2021-02-11",9427,11642,14455,27.77
"2021-02-12",9424,11649,14467,27.84
"2021-02-13",9421,11660,14483,27.84
"2021-02-14",9420,11677,14500,27.84
"2021-02-15",9419,11699,14519,27.84
"2021-02-16",9418,11726,14541,27.97
"2021-02-17",9418,11756,14567,27.83
"2021-02-18",9418,11787,14594,27.9
"2021-02-19",9421,11816,14620,27.85
"2021-02-20",9424,11842,14647,27.85
"2021-02-21",9428,11867,14678,27.85
"2021-02-22",9432,11889,14709,27.85
"2021-02-23",9440,11908,14740,27.93
"2021-02-24",9447,11928,14769,27.9
"2021-02-25",9454,11947,14797,27.95
"2021-02-26",9459,11964,14825,27.93
"2021-02-27",9465,11980,14853,27.93
"2021-02-28",9470,11993,14878,27.93
"2021-03-01",9475,12004,14902,27.95
"2021-03-02",9480,12015,14924,28
"2021-03-03",9485,12026,14944,27.93
"2021-03-04",9489,12037,14962,27.85
"2021-03-05",9494,12050,14982,27.76
"2021-03-06",9499,12066,15004,27.76
"2021-03-07",9504,12085,15028,27.76
"2021-03-08",9508,12108,15052,27.76
"2021-03-09",9512,12134,15079,27.71
"2021-03-10",9516,12164,15107,27.74
"2021-03-11",9520,12194,15140,27.7
"2021-03-12",9523,12228,15178,27.75
"2021-03-13",9527,12267,15220,27.75
"2021-03-14",9530,12310,15266,27.75
"2021-03-15",9534,12358,15317,27.73
"2021-03-16",9535,12408,15373,27.64
"2021-03-17",9536,12458,15433,27.65
"2021-03-18",9538,12508,15497,27.7
"2021-03-19",9539,12558,15561,27.68
"2021-03-20",9538,12608,15622,27.68
"2021-03-21",9532,12654,15677,27.68
"2021-03-22",9523,12700,15729,27.72
"2021-03-23",9513,12741,15779,27.69
"2021-03-24",9500,12782,15825,27.73
"2021-03-25",9482,12819,15866,27.87
"2021-03-26",9462,12854,15903,27.97
"2021-03-27",9440,12884,15936,27.97
"2021-03-28",9416,12908,15965,27.97
"2021-03-29",9389,12926,15991,27.97
"2021-03-30",9361,12937,16012,27.97
"2021-03-31",9334,12943,16029,27.89
"2021-04-01",9305,12945,16044,27.82
"2021-04-02",9274,12943,16054,27.83
"2021-04-03",9241,12936,16063,27.83
"2021-04-04",9208,12924,16073,27.83
"2021-04-05",9178,12911,16084,27.96
"2021-04-06",9151,12893,16094,27.94
"2021-04-07",9126,12872,16099,27.84
"2021-04-08",9103,12847,16104,27.89
"2021-04-09",9083,12820,16109,27.98
"2021-04-10",9069,12791,16115,27.98
"2021-04-11",9060,12760,16125,27.98
"2021-04-12",9058,12729,16136,27.91
"2021-04-13",9063,12700,16145,27.93
"2021-04-14",9075,12673,16153,28.02
"2021-04-15",9090,12649,16160,27.98
"2021-04-16","","","",27.96
"2021-04-17",9113,12630,16165,27.96
"2021-04-18",9142,12615,16169,27.96
"2021-04-19",9177,12602,16172,27.98
"2021-04-20",9218,12592,16170,28.01
"2021-04-21",9261,12586,16168,28.01
"2021-04-22",9309,12583,16166,28.06
"2021-04-23",9361,12584,16164,28.06
"2021-04-24",9416,12589,16162,28.06
"2021-04-25",9475,12597,16160,28.06
"2021-04-26",9533,12611,16154,27.9
"2021-04-27",9586,12631,16140,27.86
"2021-04-28",9634,12654,16124,27.77
"2021-04-29","","","",27.79
"2021-04-30",9677,12679,16107,27.75
"2021-05-01",9715,12707,16091,27.75
"2021-05-02",9746,12733,16075,27.75
"2021-05-03",9771,12756,16061,27.75
"2021-05-04",9789,12777,16047,27.75
"2021-05-05",9801,12801,16033,27.73
"2021-05-06",9806,12824,16020,27.73
"2021-05-07",9805,12847,16007,27.72
"2021-05-08",9794,12871,15989,27.72
"2021-05-09","","","",27.72
"2021-05-10",9776,12890,15973,27.72
"2021-05-11",9752,12908,15955,27.76
"2021-05-12",9720,12920,15932,27.67
"2021-05-13",9684,12929,15907,27.63
"2021-05-14",9644,12928,15880,27.63
"2021-05-15",9601,12923,15851,27.63
"2021-05-16",9554,12914,15820,27.63
"2021-05-17",9506,12900,15787,27.61
"2021-05-18",9458,12886,15751,27.56
"2021-05-19",9409,12869,15714,27.44
"2021-05-20",9361,12850,15677,27.42
"2021-05-21",9312,12826,15639,27.47
"2021-05-22",9266,12799,15603,27.47
"2021-05-23",9224,12769,15569,27.47
"2021-05-24",9186,12736,15544,27.46
"2021-05-25",9152,12704,15520,27.43
"2021-05-26",9121,12674,15502,27.46
"2021-05-27",9094,12645,15490,27.55
"2021-05-28",9070,12618,15486,27.53
"2021-05-29",9051,12592,15488,27.53
"2021-05-30",9035,12567,15499,27.53
"2021-05-31",9023,12543,15514,27.5
"2021-06-01",9014,12519,15533,27.47
"2021-06-02",9007,12496,15555,27.44
"2021-06-03",9002,12476,15580,27.34
"2021-06-04",9001,12458,15605,27.34
"2021-06-05",9005,12442,15631,27.34
"2021-06-06",9011,12431,15659,27.34
"2021-06-07",9019,12424,15685,27.29
"2021-06-08",9029,12422,15707,27.19
"2021-06-09",9041,12422,15730,27.18
"2021-06-10",9056,12424,15755,27.09
"2021-06-11",9073,12429,15781,27.11
"2021-06-12",9092,12438,15810,27.11
"2021-06-13",9113,12454,15841,27.11
"2021-06-14",9137,12477,15871,27.04
"2021-06-15",9164,12506,15901,27
"2021-06-16",9195,12539,15931,26.93
"2021-06-17",9231,12575,15966,27.03
"2021-06-18",9271,12613,16001,27.17
"2021-06-19",9312,12653,16037,27.17
"2021-06-20",9354,12698,16074,27.17
"2021-06-21",9396,12741,16111,27.17
"2021-06-22",9438,12784,16151,27.19
"2021-06-23",9480,12830,16195,27.31
"2021-06-24",9521,12877,16239,27.27
"2021-06-25",9563,12927,16283,27.46
"2021-06-26",9605,12979,16324,27.46
"2021-06-27",9647,13033,16368,27.46
"2021-06-28",9688,13090,16413,27.46
"2021-06-29",9730,13152,16463,27.4
"2021-06-30",9770,13219,16521,27.18
"2021-07-01",9810,13290,16592,27.23
"2021-07-02",9851,13369,16679,27.38
"2021-07-03",9891,13454,16789,27.38
"2021-07-04",9933,13546,16923,27.38
"2021-07-05",9977,13640,17081,27.41
"2021-07-06",10024,13740,17260,27.29
"2021-07-07",10072,13845,17460,27.25
"2021-07-08",10124,13951,17674,27.3
"2021-07-09",10178,14057,17903,27.29
"2021-07-10",10234,14163,18147,27.29
"2021-07-11",10292,14269,18410,27.29
"2021-07-12",10355,14371,18684,27.32
"2021-07-13",10420,14466,18969,27.29
"2021-07-14",10487,14552,19266,27.32
"2021-07-15",10557,14629,19564,27.3
"2021-07-16",10622,14697,19856,27.29
"2021-07-17",10682,14757,20131,27.29
"2021-07-18",10738,14807,20383,27.29
"2021-07-19",10790,14849,20608,27.23
"2021-07-20",10837,14884,20807,27.21
"2021-07-21",10880,14911,20983,27.22
"2021-07-22",10918,14931,21136,27.24
"2021-07-23",10950,14951,21277,27.19
"2021-07-24",10977,14971,21404,27.19
"2021-07-25",11000,14991,21518,27.19
"2021-07-26",11019,15011,21611,27.05
"2021-07-27",11030,15029,21688,26.98
"2021-07-28",11040,15049,21747,26.91
"2021-07-29",11048,15069,21787,26.86
"2021-07-30",11053,15091,21815,26.89
"2021-07-31",11061,15117,21834,26.89
"2021-08-01",11071,15147,21853,26.89
"2021-08-02",11085,15181,21876,26.82
"2021-08-03",11102,15220,21903,26.84
"2021-08-04",11124,15263,21936,26.84
"2021-08-05",11148,15313,21970,26.91
"2021-08-06",11173,15370,22004,26.94
"2021-08-07",11203,15424,22032,26.94
"2021-08-08",11236,15476,22057,26.94
"2021-08-09",11271,15526,22077,26.83
"2021-08-10",11309,15575,22094,26.8
"2021-08-11",11348,15632,22110,26.76
"2021-08-12",11387,15692,22125,26.8
"2021-08-13",11427,15756,22140,26.77
"2021-08-14",11466,15821,22154,26.77
"2021-08-15",11505,15883,22166,26.77
"2021-08-16",11544,15940,22170,26.69
"2021-08-17",11581,15993,22166,26.65
"2021-08-18",11615,16042,22159,26.68
"2021-08-19",11645,16086,22150,26.65
"2021-08-20",11674,16122,22139,26.65
"2021-08-21",11704,16148,22133,26.65
"2021-08-22",11734,16170,22131,26.65
"2021-08-23",11760,16188,22133,26.65
"2021-08-24",11787,16200,22140,26.65
"2021-08-25",11813,16206,22154,26.67
"2021-08-26",11838,16199,22173,26.71
"2021-08-27",11861,16188,22199,26.77
"2021-08-28",11882,16171,22229,26.93
"2021-08-29",11900,16153,22267,26.93
"2021-08-30",11916,16133,22310,26.93
"2021-08-31",11931,16112,22362,26.86
"2021-09-01",11944,16090,22421,26.89
"2021-09-02",11956,16069,22478,27
"2021-09-03",11968,16048,22534,27.02
"2021-09-04",11978,16029,22590,27.02
"2021-09-05",11986,16012,22642,27.02
"2021-09-06",11991,15997,22692,26.93
"2021-09-07",11996,15985,22741,26.81
"2021-09-08",11999,15976,22789,26.73
"2021-09-09",12000,15971,22837,26.75
"2021-09-10",12000,15970,22885,26.73
"2021-09-11",12002,15969,22932,26.73
"2021-09-12",12005,15968,22980,26.73
"2021-09-13",12011,15968,23027,26.68
"2021-09-14",12020,15968,23075,26.69
"2021-09-15",12030,15970,23125,26.64
"2021-09-16",12043,15973,23176,26.65
"2021-09-17",12058,15975,23233,26.67
"2021-09-18",12075,15978,23294,26.67
"2021-09-19",12094,15981,23352,26.67
"2021-09-20",12116,15983,23408,26.7
"2021-09-21",12140,15986,23457,26.71
"2021-09-22",12166,15988,23495,26.71
"2021-09-23",12192,15988,23517,26.67
"2021-09-24",12218,15985,23526,26.53
"2021-09-25",12244,15980,23522,26.53
"2021-09-26",12267,15971,23507,26.53
"2021-09-27",12285,15959,23478,26.64
"2021-09-28",12297,15945,23436,26.66
"2021-09-29",12302,15929,23376,26.57
"2021-09-30",12301,15909,23300,26.58
"2021-10-01",12292,15887,23202,26.62
"2021-10-02",12277,15862,23085,26.62
"2021-10-03",12256,15838,22957,26.62
"2021-10-04",12227,15813,22818,26.61
"2021-10-05",12193,15787,22678,26.57
"2021-10-06",12152,15758,22541,26.42
"2021-10-07",12105,15727,22417,26.35
"2021-10-08",12055,15698,22309,26.33
"2021-10-09",12003,15671,22213,26.33
"2021-10-10",11946,15647,22124,26.33
"2021-10-11",11886,15629,22042,26.35
"2021-10-12",11824,15613,21970,26.36
"2021-10-13",11765,15598,21910,26.35
"2021-10-14",11708,15583,21872,26.35
"2021-10-15",11650,15571,21855,26.35
"2021-10-16",11590,15561,21862,26.35
"2021-10-17",11528,15553,21897,26.35
"2021-10-18",11464,15543,21945,26.34
"2021-10-19",11398,15529,22012,26.34
"2021-10-20",11328,15517,22088,26.27
"2021-10-21",11256,15507,22171,26.21
"2021-10-22",11184,15499,22248,26.2
"2021-10-23",11107,15491,22320,26.29
"2021-10-24",11029,15484,22394,26.29
"2021-10-25",10955,15476,22472,26.29
"2021-10-26",10886,15466,22546,26.35
"2021-10-27",10818,15454,22620,26.42
"2021-10-28",10753,15447,22699,26.37
"2021-10-29",10688,15440,22770,26.33
"2021-10-30",10627,15430,22834,26.33
"2021-10-31",10575,15418,22899,26.33
"2021-11-01",10532,15404,22961,26.28
"2021-11-02",10500,15390,23029,26.29
"2021-11-03",10478,15381,23100,26.29
"2021-11-04",10467,15369,23176,26.24
"2021-11-05",10467,15355,23263,26.19
"2021-11-06",10475,15339,23366,26.19
"2021-11-07",10493,15320,23485,26.19
"2021-11-08",10518,15302,23614,26.1
"2021-11-09",10546,15283,23757,26.08
"2021-11-10",10575,15264,23922,26.09
"2021-11-11",10614,15250,24108,26.06
"2021-11-12",10658,15238,24301,26.1
"2021-11-13",10710,15230,24503,26.1
"2021-11-14",10770,15232,24713,26.1
"2021-11-15",10834,15242,24924,""
"2021-11-16",10903,15262,25131,26.34
"2021-11-17",10971,15290,25339,26.41
"2021-11-18",11042,15326,25542,26.51
"2021-11-19",11113,15371,25738,26.44
"2021-11-20",11185,15426,25922,26.44
"2021-11-21",11258,15489,26094,26.44
"2021-11-22",11331,15562,26255,26.57
"2021-11-23",11405,15640,26404,26.66
"2021-11-24",11480,15722,26540,26.86
"2021-11-25",11555,15810,26655,26.93
"2021-11-26",11623,15896,26744,27.03
"2021-11-27",11687,15982,26819,27.03
"2021-11-28",11743,16064,26883,27.03
"2021-11-29",11793,16137,26934,27.1
"2021-11-30",11839,16202,26966,27.17
"2021-12-01",11880,16258,26982,27.21
"2021-12-02",11918,16305,26978,27.23
"2021-12-03",11954,16342,26957,27.29
"2021-12-04",11987,16367,26921,27.29
"2021-12-05",12020,16384,26872,27.29
"2021-12-06",12052,16392,26810,27.3
"2021-12-07",12080,16393,26731,27.38
"2021-12-08",12106,16388,26638,27.33
"2021-12-09",12128,16378,26531,27.22
"2021-12-10",12148,16363,26412,27.1
"2021-12-11",12169,16344,26292,27.1
"2021-12-12",12189,16320,26161,27.1
"2021-12-13",12209,16294,26020,27.02
"2021-12-14",12229,16270,25865,26.88
"2021-12-15",12245,16248,25713,27
"2021-12-16",12256,16228,25561,27.2
"2021-12-17",12263,16210,25410,27.19
"2021-12-18",12266,16195,25260,27.19
"2021-12-19",12263,16183,25113,27.19
"2021-12-20",12251,16173,24966,27.25
"2021-12-21",12236,16166,24820,27.28
"2021-12-22",12215,16157,24676,27.26
"2021-12-23",12195,16146,24532,27.25
"2021-12-24",12175,16133,24390,27.27
"2021-12-25",12155,16118,24248,27.27
"2021-12-26",12135,16105,24105,27.27
"2021-12-27",12114,16095,23965,27.27
"2021-12-28",12094,16085,23830,27.23
"2021-12-29",12074,16076,23704,27.22
"2021-12-30",12056,16067,23581,27.21
"2021-12-31",12040,16058,23467,27.28
"2022-01-01",12027,16049,23362,27.28
"2022-01-02",12015,16040,23266,27.28
"2022-01-03",12007,16031,23177,27.28
"2022-01-04",12002,16022,23098,27.28
"2022-01-05",12000,16016,23027,27.3
"2022-01-06",12000,16012,22969,27.46
"2022-01-07",12000,16011,22921,27.46
"2022-01-08",12002,16012,22880,27.5
"2022-01-09",12007,16016,22851,27.5
"2022-01-10",12013,16019,22825,27.52
"2022-01-11",12022,16022,22802,27.65
"2022-01-12",12033,16026,22781,27.77
"2022-01-13",12047,16029,22759,27.9
"2022-01-14",12062,16032,22737,28.03
"2022-01-15",12080,16036,22710,28.03
"2022-01-16",12100,16039,22679,28.03
"2022-01-17",12122,16042,22644,28.31
"2022-01-18",12144,16046,22603,28.35
"2022-01-19",12167,16049,22559,28.28
"2022-01-20",12191,16049,22510,28.32
"2022-01-21",12216,16049,22452,28.24
"2022-01-22",12242,16051,22397,28.24
"2022-01-23",12266,16056,22342,28.24
"2022-01-24",12287,16064,22288,28.68
"2022-01-25",12305,16074,22238,28.71
"2022-01-26",12322,16086,22192,28.86
"2022-01-27",12337,16101,22151,28.89
"2022-01-28",12349,16120,22111,28.72
"2022-01-29",12359,16142,22072,28.72
"2022-01-30",12366,16167,22037,28.72
"2022-01-31",12372,16193,22003,28.37
"2022-02-01",12377,16222,21973,28.44
"2022-02-02",12385,16252,21947,28.32
"2022-02-03",12395,16282,21925,28.23
"2022-02-04",12404,16312,21904,28.12
"2022-02-05",12416,16339,21885,28.12
"2022-02-06",12426,16361,21865,28.12
"2022-02-07",12438,16379,21841,27.92
"2022-02-08",12452,16390,21817,27.98
"2022-02-09",12466,16396,21791,27.92
"2022-02-10",12480,16398,21763,27.95
"2022-02-11",12494,16394,21734,28.07
"2022-02-12",12509,16384,21712,28.07
"2022-02-13",12524,16366,21697,28.07
"2022-02-14",12541,16344,21680,28.49
"2022-02-15",12559,16317,21668,28.23
"2022-02-16",12577,16286,21660,28.14
"2022-02-17",12593,16252,21651,28.33
"2022-02-18",12607,16219,21642,28.41
"2022-02-19",12624,16187,21643,28.41
"2022-02-20",12638,16157,21649,28.41
"2022-02-21",12654,16129,21660,28.71
"2022-02-22",12672,16103,21677,29.1
"2022-02-23",12688,16081,21696,29.9
"2022-02-24",12706,16062,21718,29.9
"2022-02-25",12727,16044,21743,30.05
"2022-02-26",12749,16030,21771,30.05
"2022-02-27",12770,16018,21788,30.05
"2022-02-28",12789,16006,21807,30.05
"2022-03-01",12806,15997,21821,30.05
"2022-03-02",12819,15990,21830,30.05
"2022-03-03",12830,15985,21832,30.05
"2022-03-04",12836,15981,21829,30.05
"2022-03-05",12835,15977,21820,30.05
"2022-03-06",12830,15973,21802,30.05
"2022-03-07",12820,15969,21772,30.05
"2022-03-08",12803,15966,21730,30.05
"2022-03-09",12780,15962,21677,30.05
"2022-03-10",12751,15958,21611,29.4
"2022-03-11",12716,15954,21536,29.4
"2022-03-12",12675,15950,21450,29.4
"2022-03-13",12628,15944,21353,29.4
"2022-03-14",12579,15943,21262,29.4
"2022-03-15",12526,15947,21152,29.61
"2022-03-16",12469,15948,21046,29.46
"2022-03-17",12406,15946,20940,29.61
"2022-03-18",12338,15940,20834,29.4
"2022-03-19",12269,15928,20731,29.4
"2022-03-20",12199,15913,20630,29.4
"2022-03-21",12127,15893,20531,29.4
"2022-03-22",12053,15869,20439,29.4
"2022-03-23",11978,15840,20355,29.4
"2022-03-24",11903,15806,20281,29.4
"2022-03-25",11825,15769,20220,29.52
"2022-03-26",11745,15725,20168,29.52
"2022-03-27",11661,15675,20124,29.52
"2022-03-28",11572,15620,20090,29.52
"2022-03-29",11476,15554,20058,29.4
"2022-03-30",11378,15478,20039,29.55
"2022-03-31",11283,15390,20018,29.52
"2022-04-01",11189,15294,19991,29.4
"2022-04-02",11093,15191,19958,29.4
"2022-04-03",10994,15082,19919,29.4
"2022-04-04",10890,14966,19877,29.4
"2022-04-05",10784,14841,19830,29.4
"2022-04-06",10673,14707,19779,29.4
"2022-04-07",10561,14565,19723,29.4
"2022-04-08",10445,14413,19660,29.4
"2022-04-09",10328,14253,19585,29.4
"2022-04-10",10212,14086,19502,29.4
"2022-04-11",10100,13914,19410,29.52
"2022-04-12",9992,13738,19304,29.52
"2022-04-13",9889,13559,19184,29.4
"2022-04-14",9788,13380,19050,29.52
"2022-04-15",9688,13212,18907,29.4
"2022-04-16",9587,13054,18759,29.4
"2022-04-17",9495,12905,18611,29.4
"2022-04-18",9412,12765,18459,29.52
"2022-04-19",9337,12634,18298,29.52
"2022-04-20",9272,12516,18130,30.25
"2022-04-21",9216,12411,17952,29.4
"2022-04-22",9167,12320,17759,30.25
"2022-04-23",9124,12242,17561,30.25
"2022-04-24",9087,12177,17357,30.25
"2022-04-25",9053,12124,17150,30.25
"2022-04-26",9022,12083,16937,30.25
"2022-04-27",8995,12053,16730,30.25
"2022-04-28",8970,12033,16529,30.25
"2022-04-29",8948,12022,16334,30.25
"2022-04-30",8928,12013,16149,30.25
"2022-05-01",8910,12007,15977,30.25
"2022-05-02",8890,12002,15815,29.4
"2022-05-03",8868,12000,15667,29.4
"2022-05-04",8844,12000,15535,29.4
"2022-05-05",8817,12000,15417,30.25
"2022-05-06",8788,12000,15316,30.25
"2022-05-07",8757,12000,15233,30.25
"2022-05-08",8728,12000,15164,30.25
"2022-05-09",8701,11998,15106,30.25
"2022-05-10",8677,11993,15057,30.25
"2022-05-11",8652,11984,15017,30.25
"2022-05-12",8625,11971,14986,29.55
"2022-05-13",8596,11953,14962,29.54
"2022-05-14",8568,11931,14947,29.54
"2022-05-15",8539,11904,14936,29.54
"2022-05-16",8510,11873,14924,29.54
"2022-05-17",8481,11838,14913,29.52
"2022-05-18",8452,11798,14901,29.52
"2022-05-19",8423,11752,14890,29.54
"2022-05-20",8394,11700,14877,29.54
"2022-05-21",8368,11643,14865,29.54
"2022-05-22",8344,11582,14853,29.54
"2022-05-23",8324,11518,14840,29.54
"2022-05-24",8305,11458,14833,29.54
"2022-05-25",8289,11400,14835,29.52
"2022-05-26",8279,11351,14848,29.52
"2022-05-27",8277,11310,14866,29.54
"2022-05-28",8283,11279,14883,29.54
"2022-05-29",8295,11257,14901,29.54
"2022-05-30",8314,11239,14919,29.54
"2022-05-31",8340,11225,14937,29.54
"2022-06-01",8371,11216,14955,29.54
"2022-06-02",8406,11212,14974,29.4
"2022-06-03",8446,11214,14993,29.4
"2022-06-04",8490,11225,15013,29.4
"2022-06-05",8534,11240,15033,29.4
"2022-06-06",8576,11260,15053,29.52
"2022-06-07",8613,11282,15073,29.55
"2022-06-08",8646,11298,15091,29.54
"2022-06-09",8674,11312,15102,29.55
"2022-06-10",8696,11316,15105,29.55
"2022-06-11",8710,11312,15098,29.55
"2022-06-12",8717,11299,15091,29.55
"2022-06-13",8714,11277,15085,29.4
"2022-06-14",8703,11255,15078,29.54
"2022-06-15",8683,11232,15072,29.4
"2022-06-16",8658,11210,15064,29.55
"2022-06-17",8629,11188,15057,29.54
"2022-06-18",8595,11165,15050,29.54
"2022-06-19",8559,11140,15042,29.54
"2022-06-20",8523,11114,15035,29.4
"2022-06-21",8489,11089,15027,29.4
"2022-06-22",8456,11064,15019,29.4
"2022-06-23",8426,11044,15011,29.54
"2022-06-24",8398,11027,15004,29.54
"2022-06-25",8370,11013,15000,29.54
"2022-06-26",8343,11004,15000,29.54
"2022-06-27",8322,11000,15000,29.54
"2022-06-28",8305,11000,14998,29.52
"2022-06-29",8292,11000,14994,29.52
"2022-06-30",8284,11000,14988,29.4
"2022-07-01",8277,11000,14981,29.4
"2022-07-02",8272,11000,14975,29.4
"2022-07-03",8270,11000,14969,29.4
"2022-07-04",8265,11000,14962,29.4
"2022-07-05",8258,11000,14956,29.54
"2022-07-06",8249,11000,14950,29.54
"2022-07-07",8238,10998,14944,29.54
"2022-07-08",8224,10993,14937,29.54
"2022-07-09",8209,10987,14931,29.54
"2022-07-10",8195,10978,14925,29.54
"2022-07-11",8182,10967,14919,29.4
"2022-07-12",8164,10953,14912,29.54
"2022-07-13",8147,10938,14911,29.4
"2022-07-14",8129,10920,14912,29.4
"2022-07-15",8112,10900,14919,29.4
"2022-07-16",8095,10878,14925,29.4
"2022-07-17",8079,10853,14931,29.4
"2022-07-18",8062,10825,14937,29.52
"2022-07-19",8047,10794,14944,29.4
"2022-07-20",8035,10762,14950,29.54
"2022-07-21",8024,10727,14956,36.75
"2022-07-22",8016,10694,14962,36.75
"2022-07-23",8011,10664,14969,36.75
"2022-07-24",8007,10635,14975,36.75
"2022-07-25",8003,10609,14981,36.61
"2022-07-26",8001,10586,14988,36.8
"2022-07-27",8001,10564,14994,36.92
"2022-07-28",8001,10545,14998,36.9
"2022-07-29",8000,10528,15000,36.59
"2022-07-30",8000,10513,15000,36.59
"2022-07-31",8000,10500,15000,36.59
"2022-08-01",8000,10491,15000,36.59
"2022-08-02",8000,10486,15000,36.59
"2022-08-03",8000,10483,15000,36.59
"2022-08-04",8000,10482,15000,36.59
"2022-08-05",8000,10484,15000,36.93
"2022-08-06",8000,10487,15000,36.93
"2022-08-07",8000,10493,15000,36.93
"2022-08-08",8000,10501,15000,36.59
"2022-08-09",8000,10512,15000,36.93
"2022-08-10",8000,10525,15000,36.59
"2022-08-11",8000,10539,15000,36.59
"2022-08-12",8000,10556,15000,36.59
"2022-08-13",8000,10576,15000,36.59
"2022-08-14",8000,10597,15000,36.59
"2022-08-15",8001,10621,15000,36.59
"2022-08-16",8002,10647,15000,36.79
"2022-08-17",8006,10676,15000,36.9
"2022-08-18",8011,10711,15000,36.59
"2022-08-19",8019,10752,15000,36.58
"2022-08-20",8029,10800,15000,36.58
"2022-08-21",8041,10850,15000,36.58
"2022-08-22",8056,10902,15000,36.59
"2022-08-23",8072,10957,15000,36.72
"2022-08-24",8091,11013,15000,36.72
"2022-08-25",8114,11072,15000,36.72
"2022-08-26",8140,11133,15000,36.75
"2022-08-27",8172,11197,15000,36.75
"2022-08-28",8208,11262,15000,36.75
"2022-08-29",8248,11330,15000,36.72
"2022-08-30",8290,11400,15001,36.72
"2022-08-31",8337,11472,15003,36.72
"2022-09-01",8384,11542,15009,36.72
"2022-09-02",8431,11606,15019,36.93
"2022-09-03",8477,11664,15033,36.93
"2022-09-04",8524,11717,15052,36.93
"2022-09-05",8571,11764,15076,36.72
"2022-09-06",8617,11808,15103,36.92
"2022-09-07",8664,11847,15137,36.7
"2022-09-08",8711,11883,15177,36.72
"2022-09-09",8756,11918,15222,36.72
"2022-09-10",8797,11950,15275,36.72
"2022-09-11",8834,11980,15336,36.72
"2022-09-12",8868,12008,15407,36.72
"2022-09-13",8898,12031,15486,36.72
"2022-09-14",8927,12050,15572,36.93
"2022-09-15",8953,12067,15665,36.72
"2022-09-16",8976,12083,15760,36.72
"2022-09-17",8998,12100,15855,36.72
"2022-09-18",9017,12121,15950,36.72
"2022-09-19",9034,12145,16044,36.93
"2022-09-20",9051,12174,16139,36.93
"2022-09-21",9068,12207,16234,36.72
"2022-09-22",9085,12245,16327,36.93
"2022-09-23",9102,12283,16415,36.72
"2022-09-24",9118,12321,16501,36.72
"2022-09-25",9135,12361,16585,36.72
"2022-09-26",9153,12403,16664,36.72
"2022-09-27",9172,12445,16738,36.72
"2022-09-28",9191,12492,16807,36.72
"2022-09-29",9210,12543,16873,36.93
"2022-09-30",9232,12594,16936,36.93
"2022-10-01",9258,12646,16998,36.93
"2022-10-02",9288,12700,17060,36.93
"2022-10-03",9323,12751,17122,36.72
"2022-10-04",9361,12798,17183,36.72
"2022-10-05",9398,12840,17247,36.93
"2022-10-06",9432,12878,17314,36.93
"2022-10-07",9465,12911,17385,36.93
"2022-10-08",9496,12942,17462,36.93
"2022-10-09",9525,12971,17542,36.93
"2022-10-10",9553,12993,17622,36.93
"2022-10-11",9580,13009,17709,36.93
"2022-10-12",9608,13022,17799,36.93
"2022-10-13",9637,13031,17894,36.93
"2022-10-14",9664,13035,17993,36.93
"2022-10-15",9688,13038,18096,36.93
"2022-10-16",9707,13037,18204,36.93
"2022-10-17",9721,13033,18316,36.93
"2022-10-18",9732,13029,18433,36.93
"2022-10-19",9740,13025,18554,36.93
"2022-10-20",9748,13022,18672,36.93
"2022-10-21",9759,13024,18784,36.72
"2022-10-22",9772,13031,18896,36.72
"2022-10-23",9787,13042,19002,36.72
"2022-10-24",9805,13058,19111,36.93
"2022-10-25",9823,13076,19216,36.93
"2022-10-26",9841,13096,19313,36.93
"2022-10-27",9856,13115,19402,36.72
"2022-10-28",9869,13135,19482,36.72
"2022-10-29",9881,13154,19554,36.72
"2022-10-30",9894,13174,19617,36.72
"2022-10-31",9907,13193,19670,36.72
"2022-11-01",9919,13213,19714,36.93
"2022-11-02",9931,13232,19747,36.72
"2022-11-03",9943,13252,19770,36.72
"2022-11-04",9952,13267,19790,36.82
"2022-11-05",9959,13273,19810,36.82
"2022-11-06",9963,13270,19820,36.82
"2022-11-07",9962,13259,19821,36.72
"2022-11-08",9956,13238,19808,36.72
"2022-11-09",9948,13218,19783,36.93
"2022-11-10",9938,13197,19749,36.93
"2022-11-11",9926,13176,19706,36.72
"2022-11-12",9912,13154,19654,36.72
"2022-11-13",9896,13129,19594,36.72
"2022-11-14",9877,13102,19525,36.72
"2022-11-15",9857,13072,19449,36.72
"2022-11-16",9835,13041,19364,36.72
"2022-11-17",9811,13007,19272,36.93
"2022-11-18",9785,12973,19176,36.93
"2022-11-19",9756,12942,19071,36.93
"2022-11-20",9727,12915,18959,36.93
"2022-11-21",9696,12892,18844,36.93
"2022-11-22",9664,12874,18734,36.93
"2022-11-23",9633,12860,18628,36.93
"2022-11-24",9601,12846,18530,36.93
"2022-11-25",9568,12834,18439,36.93
"2022-11-26",9535,12822,18357,36.93
"2022-11-27",9502,12814,18284,36.93
"2022-11-28",9469,12810,18219,36.93
"2022-11-29",9436,12809,18163,36.93
"2022-11-30",9402,12812,18114,36.93
"2022-12-01",9368,12820,18075,36.74
"2022-12-02",9335,12832,18045,36.74
"2022-12-03",9301,12844,18021,36.74
"2022-12-04",9268,12856,18003,36.74
"2022-12-05",9233,12868,17992,36.92
"2022-12-06",9202,12877,17987,36.92
"2022-12-07",9173,12885,17984,36.93
"2022-12-08",9147,12891,17983,36.92
"2022-12-09",9122,12895,17982,36.74
"2022-12-10",9100,12897,17982,36.74
"2022-12-11",9080,12897,17982,36.74
"2022-12-12",9062,12893,17982,36.92
"2022-12-13",9047,12883,17982,36.92
"2022-12-14",9033,12873,17982,36.74
"2022-12-15",9022,12856,17984,36.92
"2022-12-16",9013,12833,17985,36.92
"2022-12-17",9007,12803,17986,36.92
"2022-12-18",9002,12768,17979,36.92
"2022-12-19",8999,12729,17962,36.92
"2022-12-20",8998,12686,17936,36.92
"2022-12-21",8998,12642,17902,36.92
"2022-12-22",8997,12599,17858,36.92
"2022-12-23",8997,12555,17803,36.93
"2022-12-24",8995,12510,17740,36.93
"2022-12-25",8992,12462,17668,36.93
"2022-12-26",8990,12414,17587,36.92
"2022-12-27",8986,12366,17497,36.92
"2022-12-28",8982,12321,17402,36.92
"2022-12-29",8978,12275,17303,36.93
"2022-12-30",8974,12236,17199,36.92
"2022-12-31",8970,12205,17090,36.92
"2023-01-01",8966,12180,16980,36.92
"2023-01-02",8964,12161,16884,36.92
"2023-01-03",8961,12149,16803,36.75
"2023-01-04",8958,12144,16737,36.75
"2023-01-05",8955,12144,16684,36.75
"2023-01-06",8952,12147,16649,36.74
"2023-01-07",8950,12156,16629,36.74
"2023-01-08",8949,12170,16623,36.74
"2023-01-09",8951,12189,16633,36.75
"2023-01-10",8952,12215,16659,36.75
"2023-01-11",8957,12245,16702,36.75
"2023-01-12",8961,12281,16754,36.75
"2023-01-13",8965,12319,16816,36.74
"2023-01-14",8970,12356,16883,36.74
"2023-01-15",8974,12393,16959,36.74
"2023-01-16",8978,12430,17034,36.74
"2023-01-17",8982,12466,17106,36.75
"2023-01-18",8986,12503,17174,36.75
"2023-01-19",8992,12540,17240,36.92
"2023-01-20",9000,12574,17299,36.92
"2023-01-21",9010,12608,17350,36.92
"2023-01-22",9024,12640,17397,36.92
"2023-01-23",9038,12673,17438,36.93
"2023-01-24",9055,12704,17470,36.92
"2023-01-25",9073,12729,17493,36.75
"2023-01-26",9092,12752,17503,36.92
"2023-01-27",9113,12766,17502,36.93
"2023-01-28",9134,12775,17486,36.93
"2023-01-29",9155,12777,17458,36.93
"2023-01-30",9176,12773,17418,36.74
"2023-01-31",9197,12763,17373,36.93
"2023-02-01",9218,12745,17320,36.93
"2023-02-02",9239,12721,17254,36.75
"2023-02-03",9256,12691,17177,36.93
"2023-02-04",9268,12658,17095,36.93
"2023-02-05",9277,12620,17008,36.93
"2023-02-06",9279,12578,16914,36.75
"2023-02-07",9276,12529,16814,36.75
"2023-02-08",9268,12476,16712,36.75
"2023-02-09",9255,12422,16608,36.93
"2023-02-10",9237,12365,16504,36.74
"2023-02-11",9217,12312,16403,36.74
"2023-02-12",9199,12264,16316,36.74
"2023-02-13",9183,12219,16241,36.93
"2023-02-14",9169,12180,16172,36.74
"2023-02-15",9158,12144,16109,36.93
"2023-02-16",9148,12113,16051,36.93
"2023-02-17",9142,12087,16001,36.74
"2023-02-18",9139,12065,15959,36.74
"2023-02-19",9140,12045,15921,36.74
"2023-02-20",9146,12029,15889,36.92
"2023-02-21",9158,12016,15861,36.75
"2023-02-22",9173,12008,15837,36.75
"2023-02-23",9194,12004,15816,36.75
"2023-02-24",9220,12007,15797,36.75
"2023-02-25",9250,12011,15782,36.75
"2023-02-26",9280,12016,15767,36.75
"2023-02-27",9306,12020,15750,36.75
"2023-02-28",9327,12025,15729,36.93
"2023-03-01",9343,12029,15708,36.93
"2023-03-02",9356,12033,15686,36.89
"2023-03-03",9363,12038,15665,36.93
"2023-03-04",9367,12042,15643,36.93
"2023-03-05",9366,12047,15619,36.93
"2023-03-06",9360,12051,15595,36.92
"2023-03-07",9350,12056,15568,36.93
"2023-03-08",9336,12060,15541,36.93
"2023-03-09",9317,12065,15514,36.91
"2023-03-10",9293,12065,15487,36.93
"2023-03-11",9266,12060,15458,36.93
"2023-03-12",9233,12056,15427,36.93
"2023-03-13",9202,12051,15396,36.88
"2023-03-14",9173,12047,15361,36.87
"2023-03-15",9147,12042,15322,36.75
"2023-03-16",9122,12036,15282,36.94
"2023-03-17",9099,12027,15242,36.93
"2023-03-18",9077,12013,15204,36.93
"2023-03-19",9057,11998,15169,36.93
"2023-03-20",9037,11978,15135,36.93
"2023-03-21",9016,11953,15103,36.93
"2023-03-22",8996,11924,15073,36.93
"2023-03-23",8976,11893,15044,36.93
"2023-03-24",8956,11859,15017,36.92
"2023-03-25",8936,11822,14990,36.92
"2023-03-26",8917,11783,14966,36.92
"2023-03-27",8899,11740,14943,36.93
"2023-03-28",8879,11692,14922,36.88
"2023-03-29",8857,11640,14907,36.93
"2023-03-30",8833,11583,14898,36.93
"2023-03-31",8807,11527,14891,36.92
"2023-04-01",8780,11470,14886,36.92
"2023-04-02",8752,11418,14882,36.92
"2023-04-03",8725,11366,14878,36.75
"2023-04-04",8699,11318,14874,36.75
"2023-04-05",8675,11274,14870,36.88
"2023-04-06",8653,11237,14868,36.89
"2023-04-07",8634,11201,14867,36.89
"2023-04-08",8617,11168,14869,36.89
"2023-04-09",8602,11139,14872,36.89
"2023-04-10",8587,11114,14878,36.93
"2023-04-11",8572,11094,14889,36.89
"2023-04-12",8559,11082,14900,36.89
"2023-04-13",8549,11076,14910,36.93
"2023-04-14",8543,11075,14918,36.93
"2023-04-15",8542,11080,14927,36.93
"2023-04-16",8544,11089,14935,36.93
"2023-04-17",8550,11101,14944,36.75
"2023-04-18",8559,11115,14952,36.93
"2023-04-19",8571,11128,14961,36.93
"2023-04-20",8585,11142,14969,36.92
"2023-04-21",8601,11154,14977,36.93
"2023-04-22",8620,11165,14983,36.93
"2023-04-23",8640,11180,14989,36.93
"2023-04-24",8663,11199,14993,36.93
"2023-04-25",8689,11222,14996,36.93
"2023-04-26",8718,11249,14997,36.93
"2023-04-27",8748,11272,14997,36.93
"2023-04-28",8780,11292,14997,36.91
"2023-04-29",8810,11315,14997,36.91
"2023-04-30",8838,11332,14998,36.91
"2023-05-01",8864,11347,14998,36.93
"2023-05-02",8887,11360,14998,36.93
"2023-05-03",8908,11376,14998,36.93
"2023-05-04",8927,11396,14997,36.92
"2023-05-05",8944,11420,14997,36.92
"2023-05-06",8958,11450,14997,36.92
"2023-05-07",8970,11482,14997,36.92
"2023-05-08",8980,11515,14997,36.93
"2023-05-09",8988,11543,14998,36.93
"2023-05-10",8994,11568,14998,36.74
"2023-05-11",8998,11590,14998,36.89
"2023-05-12",9000,11615,14998,36.93
"2023-05-13",9000,11642,14998,36.93
"2023-05-14",9000,11668,14999,36.93
"2023-05-15",9000,11699,14999,36.94
"2023-05-16",9000,11732,14999,36.93
"2023-05-17",9000,11768,14999,36.92
"2023-05-18",9000,11801,14999,36.94
"2023-05-19",9000,11830,15000,36.94
"2023-05-20",9000,11856,15000,36.94
"2023-05-21",8999,11876,15000,36.94
"2023-05-22",8998,11895,15000,36.95
"2023-05-23",8995,11911,15000,36.92
"2023-05-24",8993,11927,15000,36.88
"2023-05-25",8988,11942,15001,36.92
"2023-05-26",8979,11957,15003,36.93
"2023-05-27",8969,11970,15009,36.93
"2023-05-28",8955,11980,15017,36.93
"2023-05-29",8940,11988,15026,36.74
"2023-05-30",8923,11993,15037,36.93
"2023-05-31",8904,11996,15048,36.91
"2023-06-01",8885,11993,15059,36.92
"2023-06-02",8867,11984,15070,36.94
"2023-06-03",8848,11973,15082,36.94
"2023-06-04",8829,11962,15094,36.94
"2023-06-05",8813,11951,15107,36.87
"2023-06-06",8796,11940,15122,36.96
"2023-06-07",8782,11929,15141,36.91
"2023-06-08",8769,11918,15163,36.93
"2023-06-09",8759,11906,15183,36.91
"2023-06-10",8758,11895,15201,36.91
"2023-06-11",8761,11884,15213,36.91
"2023-06-12",8768,11873,15222,36.94
"2023-06-13",8780,11862,15233,36.95
"2023-06-14",8797,11853,15244,36.94
"2023-06-15",8815,11844,15258,36.95
"2023-06-16",8834,11842,15272,36.9
"2023-06-17",8852,11849,15289,36.9
"2023-06-18",8871,11860,15303,36.9
"2023-06-19",8890,11871,15318,36.93
"2023-06-20",8908,11882,15332,36.93
"2023-06-21",8925,11893,15341,36.93
"2023-06-22",8941,11904,15346,36.94
"2023-06-23",8958,11915,15348,36.93
"2023-06-24",8972,11927,15356,36.93
"2023-06-25",8982,11938,15369,36.93
"2023-06-26",8989,11949,15383,36.93
"2023-06-27",8995,11960,15402,36.94
"2023-06-28",8998,11971,15418,36.95
"2023-06-29",8999,11983,15427,36.92
"2023-06-30",8999,11997,15436,36.93
"2023-07-01",8999,12007,15444,36.93
"2023-07-02",8999,12017,15453,36.93
"2023-07-03",8999,12029,15470,36.9
"2023-07-04",8999,12046,15497,36.95
"2023-07-05",8999,12067,15538,36.92
"2023-07-06",8999,12092,15595,36.94
"2023-07-07",8999,12122,15666,36.94
"2023-07-08",8999,12157,15744,36.94
"2023-07-09",8999,12196,15827,36.94
"2023-07-10",8999,12239,15915,36.94
"2023-07-11",8999,12287,16017,37
"2023-07-12",8999,12339,16126,36.94
"2023-07-13",8999,12396,16247,36.92
"2023-07-14",8999,12452,16387,36.72
"2023-07-15",9000,12511,16536,36.72
"2023-07-16",9000,12574,16696,36.72
"2023-07-17",9000,12638,16866,36.74
"2023-07-18",9001,12698,17037,36.95
"2023-07-19",9002,12756,17205,36.76
"2023-07-20",9004,12813,17358,36.94
"2023-07-21",9006,12871,17497,36.76
"2023-07-22",9010,12929,17623,36.76
"2023-07-23",9019,12987,17740,36.76
"2023-07-24",9031,13044,17848,36.91
"2023-07-25",9047,13102,17947,36.94
"2023-07-26",9068,13157,18030,36.95
"2023-07-27",9094,13210,18094,36.94
"2023-07-28",9123,13259,18141,36.88
"2023-07-29",9158,13305,18168,36.88
"2023-07-30",9196,13351,18183,36.88
"2023-07-31",9244,13397,18185,36.95
"2023-08-01",9296,13438,18176,36.95
"2023-08-02",9351,13481,18166,36.99
"2023-08-03",9412,13528,18156,36.92
"2023-08-04",9483,13570,18152,36.94
"2023-08-05",9561,13612,18157,36.94
"2023-08-06",9643,13654,18171,36.94
"2023-08-07",9728,13697,18195,36.91
"2023-08-08",9819,13743,18227,36.74
"2023-08-09",9915,13794,18269,36.93
"2023-08-10",10015,13852,18329,36.75
"2023-08-11",10120,13912,18416,36.93
"2023-08-12",10229,13981,18535,36.93
"2023-08-13",10342,14059,18679,36.93
"2023-08-14",10463,14141,18846,36.95
"2023-08-15",10582,14223,19030,36.93
"2023-08-16",10709,14310,19232,36.94
"2023-08-17",10839,14398,19441,36.93
"2023-08-18",10971,14488,19662,36.93
"2023-08-19",11102,14589,19897,36.93
"2023-08-20",11228,14686,20147,36.93
"2023-08-21",11352,14778,20411,36.91
"2023-08-22",11475,14865,20688,36.94
"2023-08-23",11593,14940,20978,36.93
"2023-08-24",11706,15001,21280,36.93
"2023-08-25",11820,15062,21587,36.92
"2023-08-26",11934,15120,21887,36.92
"2023-08-27",12049,15177,22167,36.92
"2023-08-28",12163,15232,22439,36.94
"2023-08-29",12273,15280,22695,36.93
"2023-08-30",12380,15332,22943,36.96
"2023-08-31",12481,15383,23176,36.94
"2023-09-01",12584,15435,23402,36.93
"2023-09-02",12681,15477,23615,36.93
"2023-09-03",12776,15509,23806,36.93
"2023-09-04",12873,15551,23975,36.96
"2023-09-05",12975,15604,24121,36.99
"2023-09-06",13076,15668,24246,36.92
"2023-09-07",13178,15747,24345,36.92
"2023-09-08",13279,15842,24421,36.92
"2023-09-09",13370,15934,24478,36.92
"2023-09-10",13451,16029,24524,36.92
"2023-09-11",13526,16119,24565,36.87
"2023-09-12",13592,16203,24590,36.76
"2023-09-13",13654,16297,24612,36.94
"2023-09-14",13710,16387,24619,36.93
"2023-09-15",13760,16481,24620,36.93
"2023-09-16",13801,16579,24608,36.93
"2023-09-17",13841,16687,24584,36.93
"2023-09-18",13880,16798,24551,36.93
"2023-09-19",13914,16904,24509,36.94
"2023-09-20",13940,17002,24458,36.95
"2023-09-21",13960,17090,24399,36.95
"2023-09-22",13975,17169,24335,36.93
"2023-09-23",13986,17239,24263,36.93
"2023-09-24",13998,17307,24182,36.93
"2023-09-25",14010,17371,24087,36.92
"2023-09-26",14017,17438,23984,36.93
"2023-09-27",14025,17508,23875,36.96
"2023-09-28",14027,17571,23760,36.94
"2023-09-29",14027,17633,23646,36.97
"2023-09-30",14025,17686,23533,36.97
"2023-10-01",14023,17732,23424,36.97
"2023-10-02",14018,17769,23319,36.75
"2023-10-03",14010,17802,23221,36.66
"2023-10-04",14003,17831,23128,36.61
"2023-10-05",13995,17855,23039,36.63
"2023-10-06",13988,17875,22954,36.66
"2023-10-07",13980,17892,22869,36.66
"2023-10-08",13972,17906,22797,36.66
"2023-10-09",13966,17914,22726,36.53
"2023-10-10",13961,17917,22660,36.5
"2023-10-11",13959,17913,22594,36.49
"2023-10-12",13957,17902,22527,36.45
"2023-10-13",13958,17885,22456,36.37
"2023-10-14",13965,17864,22386,36.37
"2023-10-15",13976,17841,22309,36.37
"2023-10-16",13987,17815,22224,36.38
"2023-10-17",13998,17786,22136,36.47
"2023-10-18",14008,17755,22042,36.62
"2023-10-19",14015,17721,21947,36.59
"2023-10-20",14021,17692,21853,36.52
"2023-10-21",14028,17667,21763,36.52
"2023-10-22",14036,17646,21682,36.52
"2023-10-23",14045,17629,21594,36.55
"2023-10-24",14054,17616,21515,36.57
"2023-10-25",14064,17608,21452,36.53
"2023-10-26",14073,17604,21411,36.49
"2023-10-27",14085,17603,21392,36.44
"2023-10-28",14097,17603,21387,36.44
"2023-10-29",14107,17605,21389,36.33
"2023-10-30",14115,17610,21404,36.37
"2023-10-31",14123,17617,21426,36.24
"2023-11-01",14131,17623,21457,36.32
"2023-11-02",14135,17630,21504,36.19
"2023-11-03",14137,17639,21561,36.14
"2023-11-04",14139,17644,21631,36.14
"2023-11-05",14142,17645,21702,36.14
"2023-11-06",14137,17641,21771,36.05
"2023-11-07",14128,17633,21845,36
"2023-11-08",14111,17621,21913,36.06
"2023-11-09",14085,17602,21969,36.05
"2023-11-10",14050,17579,22002,36.1
"2023-11-11",14006,17554,22014,36.1
"2023-11-12",13952,17526,22008,36.1
"2023-11-13",13893,17490,21998,36.25
"2023-11-14",13828,17448,21978,36.31
"2023-11-15",13760,17400,21960,36.23
"2023-11-16",13687,17350,21939,36.24
"2023-11-17",13616,17295,21904,36.13
"2023-11-18",13550,17231,21859,36.13
"2023-11-19",13479,17158,21802,36.13
"2023-11-20",13403,17076,21743,36.01
"2023-11-21",13330,16988,21682,36.09
"2023-11-22",13262,16893,21621,36.04
"2023-11-23",13200,16791,21564,36.03
"2023-11-24",13146,16688,21508,36.07
"2023-11-25",13098,16581,21464,36.07
"2023-11-26",13060,16474,21434,36.07
"2023-11-27",13032,16368,21414,36.26
"2023-11-28",13011,16267,21393,36.35
"2023-11-29",12995,16168,21379,36.38
"2023-11-30",12984,16071,21361,36.35
"2023-12-01",12976,15974,21343,36.48
"2023-12-02",12970,15881,21326,36.48
"2023-12-03",12964,15798,21307,36.48
"2023-12-04",12962,15726,21282,36.59
"2023-12-05",12965,15670,21251,36.69
"2023-12-06",12970,15625,21218,36.71
"2023-12-07",12975,15591,21181,36.71
"2023-12-08",12979,15570,21140,36.74
"2023-12-09",12984,15562,21108,36.74
"2023-12-10",12989,15560,21071,36.74
"2023-12-11",12993,15565,21029,36.92
"2023-12-12",12994,15575,20998,36.99
"2023-12-13",12994,15594,20977,37.03
"2023-12-14",12998,15625,20971,37
"2023-12-15",13005,15670,20975,37.08
"2023-12-16",13014,15728,20992,37.08
"2023-12-17",13027,15797,21023,37.08
"2023-12-18",13044,15872,21071,37.21
"2023-12-19",13063,15952,21139,37.32
"2023-12-20",13085,16030,21224,37.62
"2023-12-21",13108,16106,21320,37.6
"2023-12-22",13134,16180,21434,37.53
"2023-12-23",13164,16247,21557,37.53
"2023-12-24",13196,16305,21679,37.53
"2023-12-25",13232,16358,21802,37.55
"2023-12-26",13272,16405,21926,37.55
"2023-12-27",13316,16448,22039,37.79
"2023-12-28",13361,16478,22136,38.26
"2023-12-29",13396,16494,22204,38.03
"2023-12-30",13430,16497,22262,38.03
"2023-12-31",13461,16485,22307,38.03
"2024-01-01",13488,16458,22338,38.13
"2024-01-02",13510,16419,22348,38.15
"2024-01-03",13530,16373,22336,38.08
"2024-01-04",13550,16323,22304,38.03
"2024-01-05",13570,16272,22248,38.09
"2024-01-06",13590,16222,22153,38.09
"2024-01-07",13608,16173,22032,38.09
"2024-01-08",13623,16128,21898,38.02
"2024-01-09",13637,16086,21750,""
"2024-01-10",13648,16046,21593,""
"2024-01-11",13652,16007,21431,""
"2024-01-12",13657,15973,21272,""
"2024-01-13",13670,15944,21126,""
"2024-01-14",13685,15916,20972,""
"2024-01-15",13703,15890,20810,""
"2024-01-16",13724,15871,20651,""
"2024-01-17",13746,15854,20501,""
"2024-01-18",13769,15839,20362,""
"2024-01-19",13790,15826,20233,""
"2024-01-20",13810,15812,20128,""
"2024-01-21",13830,15797,20055,""
"2024-01-22",13849,15779,20004,""
"2024-01-23",13867,15759,19966,""
"2024-01-24",13885,15739,19938,""
"2024-01-25",13903,15719,19920,""
"2024-01-26",13925,15703,19908,""
"2024-01-27",13949,15690,19900,""
"2024-01-28",13968,15681,19895,""
"2024-01-29",13987,15681,19899,""
"2024-01-30",14003,15687,19913,""
"2024-01-31",14018,15694,19930,""
"2024-02-01",14032,15707,19948,""
"2024-02-02",14049,15721,19966,""
"2024-02-03",14070,15736,19983,""
"2024-02-04",14093,15750,19991,""
"2024-02-05",14117,15769,19992,""
"2024-02-06",14144,15795,19988,""
"2024-02-07",14174,15825,19984,""
"2024-02-08",14202,15857,19980,""
"2024-02-09",14232,15891,19976,37.65
"2024-02-10",14261,15926,19972,37.65
"2024-02-11",14290,15960,19968,37.65
"2024-02-12",14323,15992,19968,37.96
"2024-02-13",14357,16022,19973,38.14
"2024-02-14",14393,16051,19982,38.17
"2024-02-15",14430,16080,19998,37.89
"2024-02-16",14467,16109,20014,38.08
"2024-02-17",14494,16139,20030,38.08
"2024-02-18",14513,16173,20047,38.08
"2024-02-19",14524,16212,20071,38.29
"2024-02-20",14529,16253,20095,38.48
"2024-02-21",14524,16292,20119,38.63
"2024-02-22",14516,16333,20143,38.48
"2024-02-23",14505,16374,20167,38.28
"2024-02-24",14489,16411,20191,38.28
"2024-02-25",14471,16447,20215,38.28
"2024-02-26",14449,16478,20239,38.4
"2024-02-27",14418,16506,20254,38.27
"2024-02-28",14380,16527,20260,38.08
"2024-02-29",14336,16539,20250,38.04
"2024-03-01",14291,16545,20227,38.15
"2024-03-02",14247,16544,20204,38.15
"2024-03-03",14204,16539,20181,38.15
"2024-03-04",14165,16524,20157,38.31
"2024-03-05",14131,16501,20130,38.41
"2024-03-06",14101,16467,20103,38.23
"2024-03-07",14075,16423,20076,37.92
"2024-03-08",14051,16369,20049,38.23
"2024-03-09",14027,16310,20025,38.23
"2024-03-10",14004,16249,20004,38.23
"2024-03-11",13977,16185,19987,38.4
"2024-03-12",13948,16124,19979,38.49
"2024-03-13",13921,16064,19984,38.76
"2024-03-14",13897,16012,20004,38.7
"2024-03-15",13873,15970,20046,38.8
"2024-03-16",13848,15936,20102,38.8
"2024-03-17",13820,15908,20159,38.8
"2024-03-18",13794,15882,20225,39.1
"2024-03-19",13769,15860,20302,39.16
"2024-03-20",13741,15843,20392,39.15
"2024-03-21",13711,15835,20494,38.89
"2024-03-22",13679,15836,20607,39
"2024-03-23",13646,15845,20729,39
"2024-03-24",13612,15859,20850,39
"2024-03-25",13581,15874,20973,39.28
"2024-03-26",13557,15892,21098,39.23
"2024-03-27",13537,15910,21219,39.28
"2024-03-28",13517,15928,21339,39.23
"2024-03-29",13497,15944,21457,39.22
"2024-03-30",13477,15956,21574,39.22
"2024-03-31",13459,15965,21689,39.22
"2024-04-01",13440,15972,21818,39.21
"2024-04-02",13419,15978,21940,39.33
"2024-04-03",13399,15985,22053,39.13
"2024-04-04",13381,15992,22157,39
"2024-04-05",13363,15997,22247,38.83
"2024-04-06",13346,15999,22333,38.83
"2024-04-07",13329,16000,22418,38.83
"2024-04-08",13311,15995,22511,38.89
"2024-04-09",13291,15988,22615,38.92
"2024-04-10",13267,15980,22717,38.96
"2024-04-11",13242,15971,22815,39.21
"2024-04-12",13220,15960,22904,39.42
"2024-04-13",13200,15948,22984,39.42
"2024-04-14",13184,15937,23055,39.42
"2024-04-15",13171,15926,23121,39.56
"2024-04-16",13162,15915,23179,39.56
"2024-04-17",13158,15904,23238,39.51
"2024-04-18",13153,15893,23299,39.64
"2024-04-19",13149,15882,23359,39.82
"2024-04-20",13149,15870,23424,39.82
"2024-04-21",13153,15859,23491,39.82
"2024-04-22",13161,15849,23552,39.79
"2024-04-23",13175,15848,23607,39.54
"2024-04-24",13195,15850,23645,39.54
"2024-04-25",13220,15854,23685,39.64
"2024-04-26",13248,15862,23735,39.58
"2024-04-27",13277,15874,23792,39.58
"2024-04-28",13309,15886,23856,39.58
"2024-04-29",13338,15899,23927,39.66
"2024-04-30",13367,15913,24002,39.53
"2024-05-01",13392,15926,24077,39.59
"2024-05-02",13414,15939,24154,39.54
"2024-05-03",13437,15953,24234,39.35
"2024-05-04",13458,15966,24316,39.35
"2024-05-05",13472,15979,24399,39.35
"2024-05-06",13481,15993,24473,39.29
"2024-05-07",13488,16005,24548,39.31
"2024-05-08",13490,16014,24618,39.41
"2024-05-09",13485,16024,24692,39.59
"2024-05-10",13478,16038,24759,39.58
"2024-05-11",13468,16051,24826,39.58
"2024-05-12",13457,16063,24892,39.58
"2024-05-13",13443,16073,24957,39.61
"2024-05-14",13429,16080,25016,39.66
"2024-05-15",13415,16091,25074,39.58
"2024-05-16",13403,16107,25134,39.35
"2024-05-17",13392,16124,25186,39.45
"2024-05-18",13380,16145,25228,39.45
"2024-05-19",13373,16166,25271,39.45
"2024-05-20",13374,16186,25308,39.67
"2024-05-21",13381,16207,25346,39.82
"2024-05-22",13387,16228,25389,39.81
"2024-05-23",13395,16248,25442,39.95
"2024-05-24",13405,16264,25500,39.95
"2024-05-25",13417,16276,25568,""
"2024-05-26",13431,16288,25627,""
"2024-05-27",13447,16305,25680,""
"2024-05-28",13465,16331,25724,""
"2024-05-29",13485,16363,25768,""
"2024-05-30",13506,16396,25795,""
"2024-05-31",13529,16430,25803,""
"2024-06-01",13554,16468,25814,""
"2024-06-02",13581,16509,25823,""
"2024-06-03",13608,16559,25820,""
"2024-06-04",13633,16613,25818,""
"2024-06-05",13658,16671,25815,""
"2024-06-06",13684,16734,25793,""
"2024-06-07",13711,16800,25753,""
"2024-06-08",13740,16868,25695,""
"2024-06-09",13768,16932,25620,""
"2024-06-10",13793,16993,25533,""
"2024-06-11",13816,17046,25433,""
"2024-06-12",13838,17087,25338,""
"2024-06-13",13860,17122,25243,""
"2024-06-14",13881,17148,25163,""
"2024-06-15",13900,17163,25099,""
"2024-06-16",13916,17163,25035,""
"2024-06-17",13935,17147,24979,""
"2024-06-18",13952,17116,24935,""
"2024-06-19",13966,17079,24893,""
"2024-06-20",13981,17038,24851,""
"2024-06-21",14000,16992,24826,""
"2024-06-22",14023,16944,24810,""
"2024-06-23",14048,16899,24802,""
"2024-06-24",14072,16856,24803,""
"2024-06-25",14096,16821,24818,""
"2024-06-26",14120,16793,24853,""
"2024-06-27",14144,16777,24896,""
"2024-06-28",14165,16765,24947,""
"2024-06-29",14177,16761,24996,""
"2024-06-30",14189,16774,25049,""
"2024-07-01",14200,16803,25109,""
"2024-07-02",14203,16858,25176,""
"2024-07-03",14205,16935,25246,""
"2024-07-04",14208,17027,25322,""
"2024-07-05",14206,17128,25406,""
"2024-07-06",14194,17239,25495,""
"2024-07-07",14172,17356,25592,""
"2024-07-08",14143,17482,25703,""
"2024-07-09",14114,17619,25828,""
"2024-07-10",14086,17764,25963,""
"2024-07-11",14057,17910,26091,""
"2024-07-12",14028,18059,26219,""
"2024-07-13",14004,18213,26331,""
"2024-07-14",13990,18371,26441,""
"2024-07-15",13979,18527,26534,""
"2024-07-16",13969,18684,26613,""
"2024-07-17",13962,18829,26670,""
"2024-07-18",13957,18963,26707,""
"2024-07-19",13956,19091,26729,41.48
"2024-07-20",13960,19221,26750,41.48
"2024-07-21",13974,19350,26766,41.48
"2024-07-22",13997,19485,26777,41.36
"2024-07-23",14027,19623,26783,41.24
"2024-07-24",14062,19754,26776,41.25
"2024-07-25",14090,19884,26760,41.22
"2024-07-26",14112,20016,26742,41.04
"2024-07-27",14127,20140,26704,41.04
"2024-07-28",14135,20255,26684,41.04
"2024-07-29",14136,20355,26669,41.04
"2024-07-30",14136,20442,26677,41.03
"2024-07-31",14139,20517,26704,41
"2024-08-01",14147,20588,26757,41.13
"2024-08-02",14157,20649,26833,41.24
"2024-08-03",14164,20704,26932,41.24
"2024-08-04",14168,20740,27017,41.24
"2024-08-05",14167,20769,27095,41.16
"2024-08-06",14161,20775,27156,41.02
"2024-08-07",14151,20760,27186,40.97
"2024-08-08",14137,20742,27206,41.06
"2024-08-09",14140,20717,27217,41.15
"2024-08-10",14161,20690,27226,41.15
"2024-08-11",14200,20682,27253,41.15
"2024-08-12",14252,20693,27261,41.31
"2024-08-13",14313,20739,27271,41.34
"2024-08-14",14381,20819,27270,41.25
"2024-08-15",14444,20922,27251,41.12
"2024-08-16",14505,21044,27211,41.23
"2024-08-17",14565,21189,27147,41.23
"2024-08-18",14624,21351,27058,41.23
"2024-08-19",14683,21540,26970,41.38
"2024-08-20",14742,21742,26890,41.27
"2024-08-21",14801,21975,26835,41.38
"2024-08-22",14862,22235,26811,41.35
"2024-08-23",14928,22505,26808,41.28
"2024-08-24",14987,22780,26816,41.28
"2024-08-25",15039,23050,26838,41.28
"2024-08-26",15085,23307,26868,41.33
"2024-08-27",15123,23546,26915,41.35
"2024-08-28",15158,23754,26952,41.22
"2024-08-29",15190,23935,26998,41.33
"2024-08-30",15227,24094,27066,41.06
"2024-08-31",15261,24239,27165,41.06
"2024-09-01",15293,24367,27317,41.06
"2024-09-02",15328,24480,27527,41.17
"2024-09-03",15364,24570,27785,41.34
"2024-09-04",15403,24643,28075,41.24
"2024-09-05",15444,24694,28388,41.02
"2024-09-06",15484,24724,28740,40.99
"2024-09-07",15518,24736,29123,40.9
"2024-09-08",15544,24735,29532,40.9
"2024-09-09",15566,24719,29955,41.14
"2024-09-10",15584,24693,30403,41.2
"2024-09-11",15606,24661,30887,41.27
"2024-09-12",15633,24626,31403,41.33
"2024-09-13",15659,24588,31932,41.37
"2024-09-14",15680,24549,32453,41.33
"2024-09-15",15704,24502,32947,41.33
"2024-09-16",15730,24449,33385,41.51
"2024-09-17",15756,24396,33757,41.48
"2024-09-18",15782,24346,34053,41.47
"2024-09-19",15808,24294,34286,41.5
"2024-09-20",15837,24242,34454,41.35
"2024-09-21",15867,24190,34540,41.35
"2024-09-22",15904,24145,34546,41.35
"2024-09-23",15945,24107,34494,41.38
"2024-09-24",15989,24095,34391,41.33
"2024-09-25",16034,24091,34215,41.24
"2024-09-26",16073,24099,33955,41.17
"2024-09-27",16104,24113,33632,41.16
"2024-09-28",16136,24131,33260,41.16
"2024-09-29",16173,24148,32860,41.16
"2024-09-30",16211,24177,32449,41.21
"2024-10-01",16252,24209,32038,41.28
"2024-10-02",16295,24236,31645,41.25
"2024-10-03",16340,24263,31283,41.2
"2024-10-04",16387,24292,30948,41.16
"2024-10-05",16436,24323,30652,41.16
"2024-10-06",16490,24357,30394,41.16
"2024-10-07","","","",41.18
"2024-10-08",16546,24381,30178,41.19
"2024-10-09",16608,24400,30000,41.19
"2024-10-10",16682,24402,29861,41.24
"2024-10-11",16760,24397,29785,41.2
"2024-10-12",16846,24381,29792,41.2
"2024-10-13",16944,24360,29878,41.2
"2024-10-14",17052,24337,30034,41.21
"2024-10-15",17168,24310,30257,41.21
"2024-10-16",17293,24273,30542,41.23
"2024-10-17",17427,24235,30890,41.22
"2024-10-18",17565,24203,31290,41.24
"2024-10-19",17707,24170,31732,41.21
"2024-10-20",17855,24137,32213,41.21
"2024-10-21",18000,24104,32716,41.31
"2024-10-22",18141,24072,33257,41.33
"2024-10-23",18281,24047,33835,41.24
"2024-10-24",18414,24024,34433,41.26
"2024-10-25",18534,24006,35046,41.44
"2024-10-26",18649,23985,35652,41.1
"2024-10-27",18756,23966,36219,41.1
"2024-10-28",18851,23953,36740,41.36
"2024-10-29",18931,23948,37221,41.37
"2024-10-30",18990,23953,37653,41.3
"2024-10-31",19031,23965,38036,41.19
"2024-11-01",19053,23981,38370,41.34
"2024-11-02",19063,23996,38651,41.32
"2024-11-03",19062,24014,38883,41.32
"2024-11-04",19047,24036,39072,41.47
"2024-11-05",19024,24056,39216,41.48
"2024-11-06",18991,24073,39315,41.46
"2024-11-07",18947,24084,39362,41.33
"2024-11-08",18894,24092,39366,41.3
"2024-11-09",18837,24095,39329,41.17
"2024-11-10",18771,24097,39261,41.17
"2024-11-11",18703,24092,39176,41.34
"2024-11-12",18631,24069,39078,41.44
"2024-11-13",18556,24022,38965,41.34
"2024-11-14",18487,23956,38842,41.22
"2024-11-15",18420,23871,38707,41.33
"2024-11-16",18355,23770,38561,41.3
"2024-11-17",18290,23658,38414,41.3
"2024-11-18",18227,23534,38273,41.23
"2024-11-19",18168,23390,38138,41.29
"2024-11-20",18115,23238,38015,41.24
"2024-11-21",18071,23078,37900,41.28
"2024-11-22",18038,22917,37797,41.4
"2024-11-23",18014,22754,37709,41.2
"2024-11-24",17999,22589,37635,41.2
"2024-11-25",17994,22432,37575,41.51
"2024-11-26",17990,22286,37530,41.43
"2024-11-27",17991,22159,37497,41.66
"2024-11-28",18001,22053,37479,41.58
"2024-11-29",18012,21962,37475,41.62
"2024-11-30",18028,21883,37483,41.56
"2024-12-01",18046,21816,37501,41.56
"2024-12-02",18068,21759,37521,41.69
"2024-12-03",18091,21711,37540,41.78
"2024-12-04",18112,21680,37558,41.67
"2024-12-05",18125,21662,37575,41.61
"2024-12-06",18129,21659,37590,41.42
"2024-12-07",18124,21661,37603,41.4
"2024-12-08",18109,21669,37613,41.4
"2024-12-09",18083,21688,37620,41.59
"2024-12-10",18046,21704,37625,41.71
"2024-12-11",18005,21717,37627,41.71
"2024-12-12",17959,21725,37627,41.68
"2024-12-13",17904,21736,37623,41.65
"2024-12-14",17843,21749,37617,41.58
"2024-12-15",17776,21764,37610,41.58
"2024-12-16",17708,21781,37605,41.75
"2024-12-17",17632,21799,37602,41.87
"2024-12-18",17555,21822,37599,41.97
"2024-12-19",17480,21850,37587,41.99
"2024-12-20",17414,21876,37567,41.93
"2024-12-21",17356,21904,37538,41.91
"2024-12-22",17307,21942,37498,41.91
"2024-12-23",17270,21991,37446,42.08
"2024-12-24",17238,22051,37384,41.9
"2024-12-25",17217,22116,37313,41.86
"2024-12-26",17200,22187,37235,41.86
"2024-12-27",17188,22264,37148,41.97
"2024-12-28",17182,22340,37053,41.93
"2024-12-29",17179,22419,36946,41.93
"2024-12-30",17181,22505,36828,42.06
"2024-12-31",17185,22598,36702,42.02
"2025-01-01",17196,22696,36566,42.06
"2025-01-02",17205,22797,36422,42.12
"2025-01-03",17213,22894,36289,42.15
"2025-01-04",17217,22988,36171,42.15
"2025-01-05",17214,23069,36069,42.15
"2025-01-06",17207,23125,35990,42.29
"2025-01-07",17199,23159,35921,42.31
"2025-01-08",17194,23165,35858,42.34
"2025-01-09",17193,23160,35799,42.39
"2025-01-10",17196,23141,35744,42.29
"2025-01-11",17206,23108,35693,42.23
"2025-01-12",17221,23059,35650,42.23
"2025-01-13",17241,22990,35617,42.4
"2025-01-14",17263,22904,35592,42.32
"2025-01-15",17284,22796,35571,42.27
"2025-01-16",17307,22667,35560,42.19
"2025-01-17",17332,22517,35557,42.12
"2025-01-18",17359,22352,35542,42.09
"2025-01-19",17385,22170,35503,42.09
"2025-01-20",17412,21988,35446,42.23
"2025-01-21",17430,21816,35366,42.14
"2025-01-22",17436,21646,35285,42.01
"2025-01-23",17432,21480,35206,42.02
"2025-01-24",17421,21316,35130,41.93
"2025-01-25",17401,21151,35052,41.85
"2025-01-26",17366,20992,34974,41.85
"2025-01-27",17321,20848,34893,41.99
"2025-01-28",17274,20723,34812,42.09
"2025-01-29",17226,20607,34731,41.94
"2025-01-30",17181,20510,34654,41.76
"2025-01-31",17134,20431,34575,41.69
"2025-02-01",17087,20370,34496,41.64
"2025-02-02",17037,20330,34430,41.64
"2025-02-03",16996,20317,34378,41.8
"2025-02-04",16954,20315,34335,41.73
"2025-02-05",16924,20322,34303,41.64
"2025-02-06",16909,20342,34274,41.47
"2025-02-07",16899,20376,34244,41.47
"2025-02-08",16890,20420,34212,41.5
"2025-02-09",16886,20476,34171,41.5
"2025-02-10",16893,20534,34118,41.65
"2025-02-11",16904,20589,34054,41.7
"2025-02-12",16915,20638,33976,41.84
"2025-02-13",16924,20686,33883,41.79
"2025-02-14",16928,20725,33771,41.5
"2025-02-15",16934,20760,33644,41.59
"2025-02-16",16942,20786,33499,41.59
"2025-02-17",16956,20799,33334,41.52
"2025-02-18",16968,20798,33156,41.63
"2025-02-19",16989,20779,32959,41.7
"2025-02-20",17011,20752,32740,41.63
"2025-02-21",17034,20711,32503,41.64
"2025-02-22",17062,20652,32254,41.6
"2025-02-23",17099,20577,31998,41.6
"2025-02-24",17142,20487,31751,41.75
"2025-02-25",17183,20383,31519,41.66
"2025-02-26",17224,20275,31300,41.64
"2025-02-27",17266,20157,31101,41.49
"2025-02-28",17307,20029,30929,41.43
"2025-03-01",17352,19896,30777,41.4
"2025-03-02",17400,19757,30642,41.4
"2025-03-03",17447,19613,30526,41.52
"2025-03-04",17492,19467,30429,41.46
"2025-03-05",17532,19321,30346,41.3
"2025-03-06",17565,19188,30285,41.24
"2025-03-07",17591,19047,30245,41.24
"2025-03-08",17611,18905,30223,41.1
"2025-03-09",17627,18777,30217,41.1
"2025-03-10",17629,18666,30222,41.34
"2025-03-11",17625,18569,30232,41.45
"2025-03-12",17625,18489,30243,41.58
"2025-03-13",17628,18418,30256,41.52
"2025-03-14",17635,18362,30255,41.45
"2025-03-15",17649,18318,30237,41.37
"2025-03-16",17662,18284,30218,41.38
"2025-03-17",17675,18262,30199,41.47
"2025-03-18",17684,18251,30180,41.59
"2025-03-19",17690,18249,30162,41.55
"2025-03-20",17696,18246,30143,41.5
"2025-03-21",17704,18244,30124,41.53
"2025-03-22",17709,18260,30106,41.54
"2025-03-23",17711,18294,30087,41.43
"2025-03-24",17709,18339,30068,41.7
"2025-03-25",17707,18379,30050,41.67
"2025-03-26",17701,18424,30031,41.58
"2025-03-27",17687,18472,30013,41.46
"2025-03-28",17666,18523,29996,41.48
"2025-03-29",17636,18577,29988,41.44
"2025-03-30",17598,18643,30007,41.44
"2025-03-31",17553,18719,30048,41.38
"2025-04-01",17498,18802,30109,41.41
"2025-04-02",17444,18894,30190,41.34
"2025-04-03",17389,19000,30295,41.28
"2025-04-04",17336,19123,30425,41
"2025-04-05",17282,19260,30579,41.1
"2025-04-06",17232,19406,30742,41.1
"2025-04-07",17186,19547,30906,41.05
"2025-04-08",17144,19677,31095,41.14
"2025-04-09",17102,19813,31312,41.26
"2025-04-10",17060,19946,31553,41.45
"2025-04-11",17019,20073,31815,41.41
"2025-04-12",16977,20197,32100,41.32
"2025-04-13",16935,20313,32407,41.32
"2025-04-14",16890,20417,32702,41.28
"2025-04-15",16845,20509,32978,41.22
"2025-04-16",16805,20592,33238,41.29
"2025-04-17",16765,20664,33480,41.42
"2025-04-18",16724,20723,33695,41.42
"2025-04-19",16683,20767,33884,41.31
"2025-04-20",16640,20794,34049,41.31
"2025-04-21",16593,20809,34213,41.42
"2025-04-22",16539,20820,34398,41.58
"2025-04-23",16478,20837,34547,41.76
"2025-04-24",16417,20850,34660,41.67
"2025-04-25",16357,20860,34724,41.82
"2025-04-26",16293,20868,34744,41.8
"2025-04-27",16229,20874,34729,41.8
"2025-04-28",16165,20881,34687,41.7
"2025-04-29",16109,20888,34613,41.53
"2025-04-30",16052,20897,34539,41.47
"2025-05-01",15994,20909,34470,41.61
"2025-05-02",15930,20926,34402,41.76
"2025-05-03",15864,20950,34344,41.49
"2025-05-04",15791,20982,34296,41.49
"2025-05-05",15710,21024,34254,41.54
"2025-05-06",15633,21066,34202,41.43
"2025-05-07",15564,21106,34125,41.44
"2025-05-08",15508,21141,34063,41.51
"2025-05-09",15460,21172,34006,41.52
"2025-05-10",15421,21202,33987,41.55
"2025-05-11",15392,21236,34005,41.55
"2025-05-12",15371,21275,34040,41.46
"2025-05-13",15360,21322,34076,41.54
"2025-05-14",15350,21377,34150,41.57
"2025-05-15",15346,21433,34210,41.5
"2025-05-16",15349,21483,34241,41.49
"2025-05-17",15362,21529,34249,41.53
"2025-05-18",15383,21564,34219,41.53
"2025-05-19",15414,21596,34150,41.62
"2025-05-20",15452,21625,34046,41.43
"2025-05-21",15490,21663,33932,41.43
"2025-05-22",15521,21710,33816,41.46
"2025-05-23",15544,21766,33681,41.52
"2025-05-24",15557,21838,33549,41.52
"2025-05-25",15564,21923,33412,41.52
"2025-05-26",15557,22023,33272,41.64
"2025-05-27",15538,22142,33127,41.69
"2025-05-28",15504,22270,32987,41.57
"2025-05-29",15464,22408,32832,41.53
"2025-05-30",15421,22566,32690,41.52
"2025-05-31",15376,22746,32569,41.57
"2025-06-01",15326,22943,32474,41.57
"2025-06-02",15276,23157,32419,41.65
"2025-06-03",15228,23382,32402,41.55
"2025-06-04",15182,23611,32424,41.44
"2025-06-05",15141,23842,32459,41.44
"2025-06-06",15109,24080,32499,41.41
"2025-06-07",15088,24320,32566,41.43
"2025-06-08",15078,24549,32638,41.43
"2025-06-09",15087,24769,32697,41.55
"2025-06-10",15127,24966,32738,41.51
"2025-06-11",15200,25132,32778,41.52
"2025-06-12",15305,25271,32814,41.45
"2025-06-13",15435,25383,32846,41.51
"2025-06-14",15587,25464,32878,41.49
"2025-06-15",15755,25514,32909,41.49
"2025-06-16",15944,25546,32933,41.56
"2025-06-17",16147,25564,32952,41.53
"2025-06-18",16363,25564,32969,41.68
"2025-06-20","","","",41.94
"2025-06-21",16598,25554,32982,41.94
"2025-06-22",16850,25535,33008,41.94
"2025-06-23",17111,25490,33046,41.88
"2025-06-24",17376,25435,33074,41.73
"2025-06-25",17649,25373,33091,41.61
"2025-06-26",17912,25307,33106,41.53
"2025-06-27",18154,25246,33130,41.68
"2025-06-28",18369,25191,33163,41.72
"2025-06-29",18561,25144,33213,41.72
"2025-06-30",18734,25101,33284,41.79
"2025-07-01",18881,25067,33364,41.85
"2025-07-02",19012,25041,33453,41.75
"2025-07-03",19119,25017,33549,41.76
"2025-07-04",19209,24993,33650,41.69
"2025-07-05",19278,24975,33752,41.73
"2025-07-06",19327,24957,33858,41.73
"2025-07-07",19354,24938,33953,41.84
"2025-07-08",19370,24928,34036,41.74
"2025-07-09",19377,24915,34116,41.79
"2025-07-10",19374,24902,34210,41.88
"2025-07-11",19364,24888,34314,41.77
"2025-07-12",19359,24873,34422,41.79
"2025-07-13",19359,24856,34519,41.79
"2025-07-14",19361,24839,34599,41.82
"2025-07-15",19369,24826,34653,41.85
"2025-07-16",19380,24811,34691,41.88
"2025-07-17",19386,24792,34713,41.87
"2025-07-18",19401,24770,34720,41.75
"2025-07-19",19423,24747,34710,41.76
"2025-07-20",19449,24725,34684,41.76
"2025-07-21",19476,24701,34642,41.8
"2025-07-22",19506,24680,34587,41.77
"2025-07-23",19539,24667,34522,41.81
"2025-07-24",19575,24659,34448,41.78
"2025-07-25",19602,24664,34355,41.85
"2025-07-26",19629,24671,34247,41.76
"2025-07-27",19656,24680,34125,41.76
"2025-07-28",19687,24696,33988,41.85
"2025-07-29",19720,24718,33840,41.84
"2025-07-30",19747,24743,33698,41.77
"2025-07-31",19784,24781,33558,41.7
"2025-08-01",19838,24827,33423,41.79
"2025-08-02",19887,24870,33294,41.8
"2025-08-03",19931,24909,33161,41.8
"2025-08-04",19973,24946,33028,41.73
"2025-08-05",20016,24983,32891,41.71
"2025-08-06",20056,25011,32759,41.6
"2025-08-07",20089,25028,32638,41.5
"2025-08-08",20118,25052,32526,41.34
"2025-08-09",20151,25064,32424,41.44
"2025-08-10",20184,25086,32335,41.44
"2025-08-11",20209,25115,32260,41.48
"2025-08-12",20222,25149,32218,41.5
"2025-08-13",20223,25180,32192,41.55
"2025-08-14",20218,25212,32172,41.5
"2025-08-15",20201,25235,32163,41.26
"2025-08-16",20171,25263,32165,41.32
"2025-08-17",20137,25312,32177,41.32
"2025-08-18",20093,25384,32225,41.22
"2025-08-19",20046,25474,32292,41.39
"2025-08-20",19989,25574,32395,41.32
"2025-08-21",19923,25686,32516,41.18
"2025-08-22",19860,25808,32648,41.31
"2025-08-23",19797,25921,32789,41.36
"2025-08-24",19733,26034,32945,41.36
"2025-08-25",19670,26138,33120,41.46
"2025-08-26",19611,26233,33309,41.37
"2025-08-27",19557,26319,33500,41.29
"2025-08-28",19511,26413,33705,41.25
"2025-08-29",19472,26508,33922,41.38
"2025-08-30",19427,26606,34141,41.34
"2025-08-31",19379,26696,34356,41.34
"2025-09-01",19340,26770,34562,41.38
"2025-09-02",19317,26817,34755,41.35
"2025-09-03",19298,26848,34946,41.37
"2025-09-04",19295,26870,35124,41.35
"2025-09-05",19311,26886,35298,41.24
"2025-09-06",19328,26901,35461,41.2
"2025-09-07",19349,26917,35616,41.2
"2025-09-08",19366,26932,35751,41.13
"2025-09-09",19378,26950,35856,41.19
"2025-09-10",19383,26967,35934,41.25
"2025-09-11",19380,26984,35986,41.32
"2025-09-12",19371,26989,36017,41.24
"2025-09-13",19358,26979,36014,41.25
"2025-09-14",19353,26957,35975,41.25
"2025-09-15",19349,26923,35903,41.19
"2025-09-16",19329,26880,35810,41.17
"2025-09-17",19296,26835,35675,41.23
"2025-09-18",19258,26779,35495,41.28
"2025-09-19",19207,26712,35274,41.33
"2025-09-20",19131,26632,35011,41.39
"2025-09-21",19044,26531,34725,41.39
"2025-09-22",18940,26413,34417,41.36
"2025-09-23",18836,26284,34090,41.39
"2025-09-24",18731,26130,33757,41.49
"2025-09-25",18631,25956,33418,41.54
"2025-09-26",18542,25760,33072,41.34
"2025-09-27",18461,25554,32709,41.37
"2025-09-28",18386,25346,32377,41.37
"2025-09-29",18308,25136,32086,41.28
"2025-09-30",18231,24931,31823,41.16
"2025-10-01",18164,24726,31583,41.18
"2025-10-02",18102,24518,31375,41.28
"2025-10-03",18038,24317,31201,41.28
"2025-10-04",17981,24119,31053,41.35
"2025-10-05",17937,23924,30935,41.35
"2025-10-06",17905,23735,30840,41.29
"2025-10-07",17883,23553,30767,41.35
"2025-10-08",17861,23366,30712,41.48
"2025-10-09",17833,23193,30664,41.75
"2025-10-10",17805,23031,30616,41.52
"2025-10-11",17771,22880,30568,41.66
"2025-10-12",17727,22733,30533,41.66
"2025-10-13",17680,22584,30460,41.66
"2025-10-14",17634,22436,30352,41.8
"2025-10-15",17591,22280,30238,41.75
"2025-10-16",17550,22120,30121,41.66
"2025-10-17",17506,21960,29997,41.75
"2025-10-18",17471,21796,29866,41.75
"2025-10-19",17430,21627,29738,41.75
"2025-10-20",17382,21456,29604,41.76
"2025-10-21",17328,21290,29462,41.75
"2025-10-22",17273,21130,29311,41.67
"2025-10-23",17221,20981,29162,41.84
"2025-10-24",17184,20839,29011,42.06
"2025-10-25",17150,20709,28869,42.07
"2025-10-26",17116,20591,28740,42.07
"2025-10-27",17084,20488,28620,42.13
"2025-10-28",17053,20402,28527,42.1
"2025-10-29",17023,20331,28453,42.05
"2025-10-30",16992,20276,28382,41.99
"2025-10-31",16960,20235,28304,41.95
"2025-11-01",16937,20204,28220,41.97
"2025-11-02",16916,20184,28128,41.97
"2025-11-03",16908,20177,28029,42.05
"2025-11-04",16914,20181,27923,42.09
"2025-11-05",16934,20194,27800,42.06
"2025-11-06",16965,20215,27660,42.07
"2025-11-07",17002,20246,27510,41.92
"2025-11-08",17039,20283,27362,41.82
"2025-11-09",17076,20321,27216,41.82
"2025-11-10",17117,20354,27065,42.05
"2025-11-11",17160,20384,26902,41.98
"2025-11-12",17207,20409,26730,42.07
"2025-11-13",17253,20430,26555,42.03
"2025-11-14",17296,20446,26375,42
"2025-11-15",17332,20463,26196,42.01
"2025-11-16",17356,20479,26032,42.01
"2025-11-17",17363,20500,25886,42.06
"2025-11-18",17349,20528,25752,42.07
"2025-11-19",17324,20565,25630,42.1
"2025-11-20",17283,20602,25550,42.24
"2025-11-21",17231,20643,25512,42.29
"2025-11-22",17169,20689,25488,42.25
"2025-11-23",17098,20738,25470,42.25
"2025-11-24",17022,20790,25456,42.5
"2025-11-25",16942,20853,25450,42.35
"2025-11-26",16858,20920,25454,42.34
"2025-11-27",16768,20994,25463,42.17
"2025-11-28",16671,21075,25470,42.24
"2025-11-29",16577,21173,25479,42.26
"2025-11-30",16487,21286,25492,42.26
"2025-12-01",16406,21417,25500,42.43
"2025-12-02",16342,21552,25503,42.3
"2025-12-03",16295,21687,25502,42.18
"2025-12-04",16247,21815,25508,42.17
"2025-12-05",16202,21939,25503,41.96
"2025-12-06",16161,22049,25487,42.01
"2025-12-07",16120,22149,25474,42.01
"2025-12-08",16079,22242,25469,42.16
"2025-12-09",16042,22328,25468,42.24
"2025-12-10",16010,22408,25466,42.33
"2025-12-11",15981,22484,25476,42.2
"2025-12-12",15959,22551,25494,42.26
"2025-12-13",15941,22613,25515,42.2
"2025-12-14",15923,22657,25539,42.2
"2025-12-15",15906,22687,25563,42.26
"2025-12-16",15882,22694,25582,42.17
"2025-12-17",15852,22692,25596,42.42
"2025-12-18",15822,22683,25600,42.26
"2025-12-19",15788,22674,25596,42.29
"2025-12-20",15749,22669,25577,42.2
"2025-12-21",15703,22673,25545,42.2
"2025-12-22",15655,22680,25508,42.08
"2025-12-23",15607,22688,25467,42.09
"2025-12-24",15553,22697,25423,42.19
"2025-12-25",15498,22706,25394,42.19
"2025-12-26",15444,22719,25356,42.19
"2025-12-27",15390,22739,25318,42.13
"2025-12-28",15342,22750,25292,42.13
"2025-12-29",15301,22750,25274,42.25
"2025-12-30",15271,22738,25259,42.43
"2025-12-31",15250,22718,25255,42.34
"2026-01-01",15233,22691,25262,42.34
"2026-01-02",15217,22655,25285,42.33
"2026-01-03",15222,22613,25305,42.31
"2026-01-04",15249,22561,25340,42.31
"2026-01-05",15298,22500,25384,42.42
"2026-01-06",15364,22433,25410,42.57
"2026-01-07",15447,22358,25416,42.83
"2026-01-08",15542,22280,25399,43.1
"2026-01-09",15647,22192,25346,43.14
"2026-01-10",15752,22095,25276,43.16
"2026-01-11",15862,21989,25185,43.16
"2026-01-12",15972,21891,25071,43.28
"2026-01-13",16082,21817,24946,43.14
"2026-01-14",16183,21760,24821,43.19
"2026-01-15",16285,21725,24690,43.48
"2026-01-16",16388,21698,24556,43.36
"2026-01-17",16491,21683,24418,43.32
"2026-01-18",16581,21680,24277,43.32
"2026-01-19",16658,21690,24128,43.26
"2026-01-20",16721,21714,23974,43.26
"2026-01-21",16773,21755,23847,43.13
"2026-01-22",16816,21810,23749,43.2
"2026-01-23",16849,21881,23685,43.11
"2026-01-24",16876,21969,23642,43.15
"2026-01-25",16902,22070,23624,43.15
"2026-01-26",16925,22188,23633,43.12
"2026-01-27",16942,22317,23660,42.87
"2026-01-28",16956,22450,23704,42.72
"2026-01-29",16969,22586,23753,42.79
"2026-01-30",16978,22722,23809,43.19
"2026-01-31",16982,22864,23893,42.9
"2026-02-01",16989,23004,24008,42.9
"2026-02-02",17002,23130,24185,43.11
"2026-02-03",17020,23236,24420,43.26
"2026-02-04",17042,23327,24712,43.12
"2026-02-05",17069,23400,25047,43.16
"2026-02-06",17100,23459,25427,42.96
"2026-02-07",17136,23502,25842,42.9
"2026-02-08",17178,23523,26261,42.9
"2026-02-09",17222,23516,26658,43.08
"2026-02-10",17269,23479,27033,43.05
"2026-02-11",17316,23406,27377,43.03
"2026-02-12",17360,23295,27703,43.02
"2026-02-13",17405,23152,28017,43.13
"2026-02-14",17453,22974,28305,43.09
"2026-02-15",17498,22761,28518,43.09
"2026-02-16",17529,22532,28660,43.23
"2026-02-17",17542,22305,28686,43.2
"2026-02-18",17545,22083,28602,43.29
"2026-02-19",17533,21852,28412,43.28
"2026-02-20",17509,21616,28121,43.29
"2026-02-21",17471,21370,27731,43.25
"2026-02-22",17420,21117,27250,43.25
"2026-02-23",17356,20873,26766,43.17
"2026-02-24",17282,20650,26317,43.28
"2026-02-25",17200,20448,25902,43.25
"2026-02-26",17113,20274,25552,43.2
"2026-02-27",17027,20130,"",43.09
"2026-02-28",16936,20018,"",43.15
"2026-03-01",16831,19948,25229,43.15
"2026-03-02",16731,19921,24927,43.32
"2026-03-03",16640,19921,24673,43.59
"2026-03-04",16560,19931,24493,43.8
"2026-03-05",16485,19952,24374,43.81
"2026-03-06",16418,19990,24333,43.7
"2026-03-07",16360,20046,24376,43.69
"2026-03-08",16311,20120,24484,43.69
"2026-03-09",16271,20211,24646,43.95
"2026-03-10",16233,20307,24863,43.91
"2026-03-11",16196,20402,25123,44.07
"2026-03-12",16164,20498,25382,44.44
"2026-03-13",16138,20589,25616,44.12
"2026-03-14",16113,20673,25829,44.08
"2026-03-15",16093,20749,26009,44.1
"2026-03-16",16082,20811,26180,44.08
"2026-03-17",16071,20859,26350,43.81
"2026-03-18",16064,20895,26498,44.04
"2026-03-19",16062,20923,26615,43.99
"2026-03-20",16067,20947,26723,43.8
"2026-03-21",16076,20967,26828,43.65
"2026-03-22",16089,20982,26905,43.73
"2026-03-23",16107,20990,26977,43.84
"2026-03-24",16129,20994,27052,43.93
"2026-03-25",16160,20996,27118,43.93
"2026-03-26",16200,20996,27193,43.85
"2026-03-27",16249,20998,27279,43.84
"2026-03-28",16307,21004,27373,43.75
"2026-03-29",16369,21011,27475,43.75
"2026-03-30",16435,21018,27576,43.9
"2026-03-31",16507,21021,27664,43.91
"2026-04-01","","","",43.75
"2026-04-02","","","",43.8
"2026-04-03","","","",43.7
"2026-04-04","","","",43.56
"2026-04-06","","","",43.7
"2026-04-08","","","",43.31
"2026-04-09","","","",43.38
"2026-04-10","","","",43.38
"2026-04-12","","","",43.42
"2026-04-13","","","",43.4
"2026-04-14","","","",43.5
"2026-04-15","","","",43.55
"2026-04-16","","","",43.67
"2026-04-17","","","",44.02
"2026-04-18","","","",44.06
"2026-04-19","","","",44.06
"2026-04-20","","","",44.16
"2026-04-21","","","",44.11
"2026-04-22","","","",43.9
"2026-04-23","","","",43.93
"2026-04-26","","","",44
"2026-04-27","","","",44.18
"2026-04-29","","","",44.09
"2026-04-30","","","",44.09
"2026-05-04","","","",43.95
"2026-05-05","","","",43.96
"2026-05-06","","","",43.86
"2026-05-07","","","",43.87
"2026-05-08","","","",43.92
"2026-05-09","","","",43.9
"2026-05-10","","","",43.9
"2026-05-11","","","",43.95
"2026-05-12","","","",43.95
"2026-05-13","","","",43.97
"2026-05-14","","","",43.97
"2026-05-15","","","",44.17
"2026-05-16","","","",44.1
"2026-05-17","","","",44.1
"2026-05-18","","","",44.16
"2026-05-19","","","",44.18
"2026-05-20","","","",44.29
"2026-05-21","","","",44.21
"2026-05-22","","","",44.27
"2026-05-23","","","",44.13
"2026-05-24","","","",44.13
"2026-05-25","","","",44.28
"2026-05-26",16586,21020,27736,44.28
"2026-05-27",16662,21025,27807,44.3
"2026-05-28",16734,21037,27899,44.26
"2026-05-29",16854,21104,27917,44.29
"2026-05-30",16896,21112,27947,44.28
"2026-05-31",16940,21121,27984,44.28
"2026-06-01",16985,21134,28021,44.32
"2026-06-02",17032,21150,28051,44.34
"2026-06-03",17082,21169,28087,44.34
"2026-06-04",17135,21192,28115,44.35
"2026-06-05",18000,22000,27500,44.37
