"Показник","Територіальний розріз","Періодичність","Період","Значення cпостереження"
"Кількість живонароджених","Вінницька","Місячна","2005-M01","1132"
"Кількість живонароджених","Вінницька","Місячна","2005-M02","2399"
"Кількість живонароджених","Вінницька","Місячна","2005-M03","3677"
"Кількість живонароджених","Вінницька","Місячна","2005-M04","4939"
"Кількість живонароджених","Вінницька","Місячна","2005-M05","6221"
"Кількість живонароджених","Вінницька","Місячна","2005-M06","7441"
"Кількість живонароджених","Вінницька","Місячна","2005-M07","8812"
"Кількість живонароджених","Вінницька","Місячна","2005-M08","10169"
"Кількість живонароджених","Вінницька","Місячна","2005-M09","11462"
"Кількість живонароджених","Вінницька","Місячна","2005-M10","12684"
"Кількість живонароджених","Вінницька","Місячна","2005-M11","13894"
"Кількість живонароджених","Вінницька","Місячна","2005-M12","15174"
"Кількість живонароджених","Вінницька","Місячна","2006-M01","1197"
"Кількість живонароджених","Вінницька","Місячна","2006-M02","2484"
"Кількість живонароджених","Вінницька","Місячна","2006-M03","3765"
"Кількість живонароджених","Вінницька","Місячна","2006-M04","5011"
"Кількість живонароджених","Вінницька","Місячна","2006-M05","6471"
"Кількість живонароджених","Вінницька","Місячна","2006-M06","7743"
"Кількість живонароджених","Вінницька","Місячна","2006-M07","9217"
"Кількість живонароджених","Вінницька","Місячна","2006-M08","10623"
"Кількість живонароджених","Вінницька","Місячна","2006-M09","12054"
"Кількість живонароджених","Вінницька","Місячна","2006-M10","13602"
"Кількість живонароджених","Вінницька","Місячна","2006-M11","15009"
"Кількість живонароджених","Вінницька","Місячна","2006-M12","16287"
"Кількість живонароджених","Вінницька","Місячна","2007-M01","1302"
"Кількість живонароджених","Вінницька","Місячна","2007-M02","2620"
"Кількість живонароджених","Вінницька","Місячна","2007-M03","4044"
"Кількість живонароджених","Вінницька","Місячна","2007-M04","5371"
"Кількість живонароджених","Вінницька","Місячна","2007-M05","6851"
"Кількість живонароджених","Вінницька","Місячна","2007-M06","8161"
"Кількість живонароджених","Вінницька","Місячна","2007-M07","9799"
"Кількість живонароджених","Вінницька","Місячна","2007-M08","11269"
"Кількість живонароджених","Вінницька","Місячна","2007-M09","12609"
"Кількість живонароджених","Вінницька","Місячна","2007-M10","14098"
"Кількість живонароджених","Вінницька","Місячна","2007-M11","15448"
"Кількість живонароджених","Вінницька","Місячна","2007-M12","16711"
"Кількість живонароджених","Вінницька","Місячна","2008-M01","1434"
"Кількість живонароджених","Вінницька","Місячна","2008-M02","2756"
"Кількість живонароджених","Вінницька","Місячна","2008-M03","4043"
"Кількість живонароджених","Вінницька","Місячна","2008-M04","5211"
"Кількість живонароджених","Вінницька","Місячна","2008-M05","6817"
"Кількість живонароджених","Вінницька","Місячна","2008-M06","8159"
"Кількість живонароджених","Вінницька","Місячна","2008-M07","9955"
"Кількість живонароджених","Вінницька","Місячна","2008-M08","11576"
"Кількість живонароджених","Вінницька","Місячна","2008-M09","13224"
"Кількість живонароджених","Вінницька","Місячна","2008-M10","14953"
"Кількість живонароджених","Вінницька","Місячна","2008-M11","16422"
"Кількість живонароджених","Вінницька","Місячна","2008-M12","17915"
"Кількість живонароджених","Вінницька","Місячна","2009-M01","1444"
"Кількість живонароджених","Вінницька","Місячна","2009-M02","2841"
"Кількість живонароджених","Вінницька","Місячна","2009-M03","4334"
"Кількість живонароджених","Вінницька","Місячна","2009-M04","5813"
"Кількість живонароджених","Вінницька","Місячна","2009-M05","7247"
"Кількість живонароджених","Вінницька","Місячна","2009-M06","8719"
"Кількість живонароджених","Вінницька","Місячна","2009-M07","10436"
"Кількість живонароджених","Вінницька","Місячна","2009-M08","12011"
"Кількість живонароджених","Вінницька","Місячна","2009-M09","13558"
"Кількість живонароджених","Вінницька","Місячна","2009-M10","15216"
"Кількість живонароджених","Вінницька","Місячна","2009-M11","16626"
"Кількість живонароджених","Вінницька","Місячна","2009-M12","18053"
"Кількість живонароджених","Вінницька","Місячна","2010-M01","1362"
"Кількість живонароджених","Вінницька","Місячна","2010-M02","2751"
"Кількість живонароджених","Вінницька","Місячна","2010-M03","4257"
"Кількість живонароджених","Вінницька","Місячна","2010-M04","5717"
"Кількість живонароджених","Вінницька","Місячна","2010-M05","7118"
"Кількість живонароджених","Вінницька","Місячна","2010-M06","8597"
"Кількість живонароджених","Вінницька","Місячна","2010-M07","10194"
"Кількість живонароджених","Вінницька","Місячна","2010-M08","11690"
"Кількість живонароджених","Вінницька","Місячна","2010-M09","13209"
"Кількість живонароджених","Вінницька","Місячна","2010-M10","14710"
"Кількість живонароджених","Вінницька","Місячна","2010-M11","16110"
"Кількість живонароджених","Вінницька","Місячна","2010-M12","17508"
"Кількість живонароджених","Вінницька","Місячна","2011-M01","1504"
"Кількість живонароджених","Вінницька","Місячна","2011-M02","2872"
"Кількість живонароджених","Вінницька","Місячна","2011-M03","4321"
"Кількість живонароджених","Вінницька","Місячна","2011-M04","5565"
"Кількість живонароджених","Вінницька","Місячна","2011-M05","6972"
"Кількість живонароджених","Вінницька","Місячна","2011-M06","8367"
"Кількість живонароджених","Вінницька","Місячна","2011-M07","10012"
"Кількість живонароджених","Вінницька","Місячна","2011-M08","11748"
"Кількість живонароджених","Вінницька","Місячна","2011-M09","13345"
"Кількість живонароджених","Вінницька","Місячна","2011-M10","14843"
"Кількість живонароджених","Вінницька","Місячна","2011-M11","16430"
"Кількість живонароджених","Вінницька","Місячна","2011-M12","17894"
"Кількість живонароджених","Вінницька","Місячна","2012-M01","1475"
"Кількість живонароджених","Вінницька","Місячна","2012-M02","3107"
"Кількість живонароджених","Вінницька","Місячна","2012-M03","4565"
"Кількість живонароджених","Вінницька","Місячна","2012-M04","5999"
"Кількість живонароджених","Вінницька","Місячна","2012-M05","7555"
"Кількість живонароджених","Вінницька","Місячна","2012-M06","8934"
"Кількість живонароджених","Вінницька","Місячна","2012-M07","10675"
"Кількість живонароджених","Вінницька","Місячна","2012-M08","12336"
"Кількість живонароджених","Вінницька","Місячна","2012-M09","13875"
"Кількість живонароджених","Вінницька","Місячна","2012-M10","15518"
"Кількість живонароджених","Вінницька","Місячна","2012-M11","17023"
"Кількість живонароджених","Вінницька","Місячна","2012-M12","18340"
"Кількість живонароджених","Вінницька","Місячна","2013-M01","1500"
"Кількість живонароджених","Вінницька","Місячна","2013-M02","2840"
"Кількість живонароджених","Вінницька","Місячна","2013-M03","4112"
"Кількість живонароджених","Вінницька","Місячна","2013-M04","5442"
"Кількість живонароджених","Вінницька","Місячна","2013-M05","6890"
"Кількість живонароджених","Вінницька","Місячна","2013-M06","8155"
"Кількість живонароджених","Вінницька","Місячна","2013-M07","9912"
"Кількість живонароджених","Вінницька","Місячна","2013-M08","11471"
"Кількість живонароджених","Вінницька","Місячна","2013-M09","12942"
"Кількість живонароджених","Вінницька","Місячна","2013-M10","14614"
"Кількість живонароджених","Вінницька","Місячна","2013-M11","16051"
"Кількість живонароджених","Вінницька","Місячна","2013-M12","17437"
"Кількість живонароджених","Вінницька","Місячна","2014-M01","1509"
"Кількість живонароджених","Вінницька","Місячна","2014-M02","2921"
"Кількість живонароджених","Вінницька","Місячна","2014-M03","4207"
"Кількість живонароджених","Вінницька","Місячна","2014-M04","5604"
"Кількість живонароджених","Вінницька","Місячна","2014-M05","7079"
"Кількість живонароджених","Вінницька","Місячна","2014-M06","8567"
"Кількість живонароджених","Вінницька","Місячна","2014-M07","10354"
"Кількість живонароджених","Вінницька","Місячна","2014-M08","11768"
"Кількість живонароджених","Вінницька","Місячна","2014-M09","13280"
"Кількість живонароджених","Вінницька","Місячна","2014-M10","14879"
"Кількість живонароджених","Вінницька","Місячна","2014-M11","16152"
"Кількість живонароджених","Вінницька","Місячна","2014-M12","17547"
"Кількість живонароджених","Вінницька","Місячна","2015-M01","1364"
"Кількість живонароджених","Вінницька","Місячна","2015-M02","2743"
"Кількість живонароджених","Вінницька","Місячна","2015-M03","4070"
"Кількість живонароджених","Вінницька","Місячна","2015-M04","5433"
"Кількість живонароджених","Вінницька","Місячна","2015-M05","6681"
"Кількість живонароджених","Вінницька","Місячна","2015-M06","8035"
"Кількість живонароджених","Вінницька","Місячна","2015-M07","9654"
"Кількість живонароджених","Вінницька","Місячна","2015-M08","11059"
"Кількість живонароджених","Вінницька","Місячна","2015-M09","12554"
"Кількість живонароджених","Вінницька","Місячна","2015-M10","13962"
"Кількість живонароджених","Вінницька","Місячна","2015-M11","15126"
"Кількість живонароджених","Вінницька","Місячна","2015-M12","16427"
"Кількість живонароджених","Вінницька","Місячна","2016-M01","1307"
"Кількість живонароджених","Вінницька","Місячна","2016-M02","2550"
"Кількість живонароджених","Вінницька","Місячна","2016-M03","3867"
"Кількість живонароджених","Вінницька","Місячна","2016-M04","5020"
"Кількість живонароджених","Вінницька","Місячна","2016-M05","6251"
"Кількість живонароджених","Вінницька","Місячна","2016-M06","7449"
"Кількість живонароджених","Вінницька","Місячна","2016-M07","8861"
"Кількість живонароджених","Вінницька","Місячна","2016-M08","10249"
"Кількість живонароджених","Вінницька","Місячна","2016-M09","11596"
"Кількість живонароджених","Вінницька","Місячна","2016-M10","12854"
"Кількість живонароджених","Вінницька","Місячна","2016-M11","14153"
"Кількість живонароджених","Вінницька","Місячна","2016-M12","15316"
"Кількість живонароджених","Вінницька","Місячна","2017-M01","1214"
"Кількість живонароджених","Вінницька","Місячна","2017-M02","2348"
"Кількість живонароджених","Вінницька","Місячна","2017-M03","3630"
"Кількість живонароджених","Вінницька","Місячна","2017-M04","4604"
"Кількість живонароджених","Вінницька","Місячна","2017-M05","5797"
"Кількість живонароджених","Вінницька","Місячна","2017-M06","7003"
"Кількість живонароджених","Вінницька","Місячна","2017-M07","8248"
"Кількість живонароджених","Вінницька","Місячна","2017-M08","9607"
"Кількість живонароджених","Вінницька","Місячна","2017-M09","10734"
"Кількість живонароджених","Вінницька","Місячна","2017-M10","11911"
"Кількість живонароджених","Вінницька","Місячна","2017-M11","13105"
"Кількість живонароджених","Вінницька","Місячна","2017-M12","14142"
"Кількість живонароджених","Вінницька","Місячна","2018-M01","1153"
"Кількість живонароджених","Вінницька","Місячна","2018-M02","2125"
"Кількість живонароджених","Вінницька","Місячна","2018-M03","3169"
"Кількість живонароджених","Вінницька","Місячна","2018-M04","4156"
"Кількість живонароджених","Вінницька","Місячна","2018-M05","5288"
"Кількість живонароджених","Вінницька","Місячна","2018-M06","6192"
"Кількість живонароджених","Вінницька","Місячна","2018-M07","7488"
"Кількість живонароджених","Вінницька","Місячна","2018-M08","8638"
"Кількість живонароджених","Вінницька","Місячна","2018-M09","9701"
"Кількість живонароджених","Вінницька","Місячна","2018-M10","10867"
"Кількість живонароджених","Вінницька","Місячна","2018-M11","11881"
"Кількість живонароджених","Вінницька","Місячна","2018-M12","12769"
"Кількість живонароджених","Вінницька","Місячна","2019-M01","1094"
"Кількість живонароджених","Вінницька","Місячна","2019-M02","2033"
"Кількість живонароджених","Вінницька","Місячна","2019-M03","2924"
"Кількість живонароджених","Вінницька","Місячна","2019-M04","3865"
"Кількість живонароджених","Вінницька","Місячна","2019-M05","4940"
"Кількість живонароджених","Вінницька","Місячна","2019-M06","5793"
"Кількість живонароджених","Вінницька","Місячна","2019-M07","7034"
"Кількість живонароджених","Вінницька","Місячна","2019-M08","8086"
"Кількість живонароджених","Вінницька","Місячна","2019-M09","9036"
"Кількість живонароджених","Вінницька","Місячна","2019-M10","10129"
"Кількість живонароджених","Вінницька","Місячна","2019-M11","11061"
"Кількість живонароджених","Вінницька","Місячна","2019-M12","11878"
"Кількість живонароджених","Вінницька","Місячна","2020-M01","1045"
"Кількість живонароджених","Вінницька","Місячна","2020-M02","1922"
"Кількість живонароджених","Вінницька","Місячна","2020-M03","2694"
"Кількість живонароджених","Вінницька","Місячна","2020-M04","3552"
"Кількість живонароджених","Вінницька","Місячна","2020-M05","4498"
"Кількість живонароджених","Вінницька","Місячна","2020-M06","5405"
"Кількість живонароджених","Вінницька","Місячна","2020-M07","6571"
"Кількість живонароджених","Вінницька","Місячна","2020-M08","7560"
"Кількість живонароджених","Вінницька","Місячна","2020-M09","8579"
"Кількість живонароджених","Вінницька","Місячна","2020-M10","9614"
"Кількість живонароджених","Вінницька","Місячна","2020-M11","10468"
"Кількість живонароджених","Вінницька","Місячна","2020-M12","11486"
"Кількість живонароджених","Вінницька","Місячна","2021-M01","840"
"Кількість живонароджених","Вінницька","Місячна","2021-M02","1727"
"Кількість живонароджених","Вінницька","Місячна","2021-M03","2659"
"Кількість живонароджених","Вінницька","Місячна","2021-M04","3484"
"Кількість живонароджених","Вінницька","Місячна","2021-M05","4192"
"Кількість живонароджених","Вінницька","Місячна","2021-M06","5187"
"Кількість живонароджених","Вінницька","Місячна","2021-M07","6187"
"Кількість живонароджених","Вінницька","Місячна","2021-M08","7021"
"Кількість живонароджених","Вінницька","Місячна","2021-M09","7966"
"Кількість живонароджених","Вінницька","Місячна","2021-M10","8891"
"Кількість живонароджених","Вінницька","Місячна","2021-M11","9691"
"Кількість живонароджених","Вінницька","Місячна","2021-M12","10529"
"Кількість живонароджених","Вінницька","Місячна","2022-M01","736"
"Кількість живонароджених","Вінницька","Місячна","2022-M02",""
"Кількість живонароджених","Вінницька","Місячна","2022-M03",""
"Кількість живонароджених","Вінницька","Місячна","2022-M04",""
"Кількість живонароджених","Вінницька","Місячна","2022-M05",""
"Кількість живонароджених","Вінницька","Місячна","2022-M06",""
"Кількість живонароджених","Вінницька","Місячна","2022-M07",""
"Кількість живонароджених","Вінницька","Місячна","2022-M08",""
"Кількість живонароджених","Вінницька","Місячна","2022-M09",""
"Кількість живонароджених","Вінницька","Місячна","2022-M10",""
"Кількість живонароджених","Вінницька","Місячна","2022-M11",""
"Кількість живонароджених","Вінницька","Місячна","2022-M12",""
"Кількість живонароджених","Автономна Республіка Крим","Місячна","2005-M01","1380"
"Кількість живонароджених","Автономна Республіка Крим","Місячна","2005-M02","2671"
"Кількість живонароджених","Автономна Республіка Крим","Місячна","2005-M03","4102"
"Кількість живонароджених","Автономна Республіка Крим","Місячна","2005-M04","5673"
"Кількість живонароджених","Автономна Республіка Крим","Місячна","2005-M05","7083"
"Кількість живонароджених","Автономна Республіка Крим","Місячна","2005-M06","8521"
"Кількість живонароджених","Автономна Республіка Крим","Місячна","2005-M07","10117"
"Кількість живонароджених","Автономна Республіка Крим","Місячна","2005-M08","11717"
"Кількість живонароджених","Автономна Республіка Крим","Місячна","2005-M09","13383"
"Кількість живонароджених","Автономна Республіка Крим","Місячна","2005-M10","14870"
"Кількість живонароджених","Автономна Республіка Крим","Місячна","2005-M11","16440"
"Кількість живонароджених","Автономна Республіка Крим","Місячна","2005-M12","17983"
"Кількість живонароджених","Автономна Республіка Крим","Місячна","2006-M01","1280"
"Кількість живонароджених","Автономна Республіка Крим","Місячна","2006-M02","2825"
"Кількість живонароджених","Автономна Республіка Крим","Місячна","2006-M03","4505"
"Кількість живонароджених","Автономна Республіка Крим","Місячна","2006-M04","6048"
"Кількість живонароджених","Автономна Республіка Крим","Місячна","2006-M05","7782"
"Кількість живонароджених","Автономна Республіка Крим","Місячна","2006-M06","9376"
"Кількість живонароджених","Автономна Республіка Крим","Місячна","2006-M07","11165"
"Кількість живонароджених","Автономна Республіка Крим","Місячна","2006-M08","13026"
"Кількість живонароджених","Автономна Республіка Крим","Місячна","2006-M09","14917"
"Кількість живонароджених","Автономна Республіка Крим","Місячна","2006-M10","16769"
"Кількість живонароджених","Автономна Республіка Крим","Місячна","2006-M11","18391"
"Кількість живонароджених","Автономна Республіка Крим","Місячна","2006-M12","20041"
"Кількість живонароджених","Автономна Республіка Крим","Місячна","2007-M01","1550"
"Кількість живонароджених","Автономна Республіка Крим","Місячна","2007-M02","3240"
"Кількість живонароджених","Автономна Республіка Крим","Місячна","2007-M03","4984"
"Кількість живонароджених","Автономна Республіка Крим","Місячна","2007-M04","6617"
"Кількість живонароджених","Автономна Республіка Крим","Місячна","2007-M05","8397"
"Кількість живонароджених","Автономна Республіка Крим","Місячна","2007-M06","10133"
"Кількість живонароджених","Автономна Республіка Крим","Місячна","2007-M07","12154"
"Кількість живонароджених","Автономна Республіка Крим","Місячна","2007-M08","14240"
"Кількість живонароджених","Автономна Республіка Крим","Місячна","2007-M09","16114"
"Кількість живонароджених","Автономна Республіка Крим","Місячна","2007-M10","18134"
"Кількість живонароджених","Автономна Республіка Крим","Місячна","2007-M11","20008"
"Кількість живонароджених","Автономна Республіка Крим","Місячна","2007-M12","21667"
"Кількість живонароджених","Автономна Республіка Крим","Місячна","2008-M01","1777"
"Кількість живонароджених","Автономна Республіка Крим","Місячна","2008-M02","3527"
"Кількість живонароджених","Автономна Республіка Крим","Місячна","2008-M03","5220"
"Кількість живонароджених","Автономна Республіка Крим","Місячна","2008-M04","6859"
"Кількість живонароджених","Автономна Республіка Крим","Місячна","2008-M05","8637"
"Кількість живонароджених","Автономна Республіка Крим","Місячна","2008-M06","10402"
"Кількість живонароджених","Автономна Республіка Крим","Місячна","2008-M07","12617"
"Кількість живонароджених","Автономна Республіка Крим","Місячна","2008-M08","14807"
"Кількість живонароджених","Автономна Республіка Крим","Місячна","2008-M09","17023"
"Кількість живонароджених","Автономна Республіка Крим","Місячна","2008-M10","19364"
"Кількість живонароджених","Автономна Республіка Крим","Місячна","2008-M11","21303"
"Кількість живонароджених","Автономна Республіка Крим","Місячна","2008-M12","23353"
"Кількість живонароджених","Автономна Республіка Крим","Місячна","2009-M01","1977"
"Кількість живонароджених","Автономна Республіка Крим","Місячна","2009-M02","3792"
"Кількість живонароджених","Автономна Республіка Крим","Місячна","2009-M03","5656"
"Кількість живонароджених","Автономна Республіка Крим","Місячна","2009-M04","7564"
"Кількість живонароджених","Автономна Республіка Крим","Місячна","2009-M05","9378"
"Кількість живонароджених","Автономна Республіка Крим","Місячна","2009-M06","11157"
"Кількість живонароджених","Автономна Республіка Крим","Місячна","2009-M07","13404"
"Кількість живонароджених","Автономна Республіка Крим","Місячна","2009-M08","15526"
"Кількість живонароджених","Автономна Республіка Крим","Місячна","2009-M09","17756"
"Кількість живонароджених","Автономна Республіка Крим","Місячна","2009-M10","19782"
"Кількість живонароджених","Автономна Республіка Крим","Місячна","2009-M11","21608"
"Кількість живонароджених","Автономна Республіка Крим","Місячна","2009-M12","23524"
"Кількість живонароджених","Автономна Республіка Крим","Місячна","2010-M01","1766"
"Кількість живонароджених","Автономна Республіка Крим","Місячна","2010-M02","3527"
"Кількість живонароджених","Автономна Республіка Крим","Місячна","2010-M03","5416"
"Кількість живонароджених","Автономна Республіка Крим","Місячна","2010-M04","7259"
"Кількість живонароджених","Автономна Республіка Крим","Місячна","2010-M05","8803"
"Кількість живонароджених","Автономна Республіка Крим","Місячна","2010-M06","10834"
"Кількість живонароджених","Автономна Республіка Крим","Місячна","2010-M07","13124"
"Кількість живонароджених","Автономна Республіка Крим","Місячна","2010-M08","15231"
"Кількість живонароджених","Автономна Республіка Крим","Місячна","2010-M09","17294"
"Кількість живонароджених","Автономна Республіка Крим","Місячна","2010-M10","19280"
"Кількість живонароджених","Автономна Республіка Крим","Місячна","2010-M11","21254"
"Кількість живонароджених","Автономна Республіка Крим","Місячна","2010-M12","23238"
"Кількість живонароджених","Автономна Республіка Крим","Місячна","2011-M01","1857"
"Кількість живонароджених","Автономна Республіка Крим","Місячна","2011-M02","3715"
"Кількість живонароджених","Автономна Республіка Крим","Місячна","2011-M03","5622"
"Кількість живонароджених","Автономна Республіка Крим","Місячна","2011-M04","7327"
"Кількість живонароджених","Автономна Республіка Крим","Місячна","2011-M05","8930"
"Кількість живонароджених","Автономна Республіка Крим","Місячна","2011-M06","10567"
"Кількість живонароджених","Автономна Республіка Крим","Місячна","2011-M07","12780"
"Кількість живонароджених","Автономна Республіка Крим","Місячна","2011-M08","15093"
"Кількість живонароджених","Автономна Республіка Крим","Місячна","2011-M09","17332"
"Кількість живонароджених","Автономна Республіка Крим","Місячна","2011-M10","19365"
"Кількість живонароджених","Автономна Республіка Крим","Місячна","2011-M11","21434"
"Кількість живонароджених","Автономна Республіка Крим","Місячна","2011-M12","23394"
"Кількість живонароджених","Автономна Республіка Крим","Місячна","2012-M01","1905"
"Кількість живонароджених","Автономна Республіка Крим","Місячна","2012-M02","3976"
"Кількість живонароджених","Автономна Республіка Крим","Місячна","2012-M03","5892"
"Кількість живонароджених","Автономна Республіка Крим","Місячна","2012-M04","7721"
"Кількість живонароджених","Автономна Республіка Крим","Місячна","2012-M05","9734"
"Кількість живонароджених","Автономна Республіка Крим","Місячна","2012-M06","11620"
"Кількість живонароджених","Автономна Республіка Крим","Місячна","2012-M07","13900"
"Кількість живонароджених","Автономна Республіка Крим","Місячна","2012-M08","16211"
"Кількість живонароджених","Автономна Республіка Крим","Місячна","2012-M09","18426"
"Кількість живонароджених","Автономна Республіка Крим","Місячна","2012-M10","20781"
"Кількість живонароджених","Автономна Республіка Крим","Місячна","2012-M11","22815"
"Кількість живонароджених","Автономна Республіка Крим","Місячна","2012-M12","24702"
"Кількість живонароджених","Автономна Республіка Крим","Місячна","2013-M01","2038"
"Кількість живонароджених","Автономна Республіка Крим","Місячна","2013-M02","3851"
"Кількість живонароджених","Автономна Республіка Крим","Місячна","2013-M03","5603"
"Кількість живонароджених","Автономна Республіка Крим","Місячна","2013-M04","7542"
"Кількість живонароджених","Автономна Республіка Крим","Місячна","2013-M05","9370"
"Кількість живонароджених","Автономна Республіка Крим","Місячна","2013-M06","10991"
"Кількість живонароджених","Автономна Республіка Крим","Місячна","2013-M07","13424"
"Кількість живонароджених","Автономна Республіка Крим","Місячна","2013-M08","15654"
"Кількість живонароджених","Автономна Республіка Крим","Місячна","2013-M09","17848"
"Кількість живонароджених","Автономна Республіка Крим","Місячна","2013-M10","20150"
"Кількість живонароджених","Автономна Республіка Крим","Місячна","2013-M11","22142"
"Кількість живонароджених","Автономна Республіка Крим","Місячна","2013-M12","24054"
"Кількість живонароджених","Автономна Республіка Крим","Місячна","2014-M01",""
"Кількість живонароджених","Автономна Республіка Крим","Місячна","2014-M02",""
"Кількість живонароджених","Автономна Республіка Крим","Місячна","2014-M03",""
"Кількість живонароджених","Автономна Республіка Крим","Місячна","2014-M04",""
"Кількість живонароджених","Автономна Республіка Крим","Місячна","2014-M05",""
"Кількість живонароджених","Автономна Республіка Крим","Місячна","2014-M06",""
"Кількість живонароджених","Автономна Республіка Крим","Місячна","2014-M07",""
"Кількість живонароджених","Автономна Республіка Крим","Місячна","2014-M08",""
"Кількість живонароджених","Автономна Республіка Крим","Місячна","2014-M09",""
"Кількість живонароджених","Автономна Республіка Крим","Місячна","2014-M10",""
"Кількість живонароджених","Автономна Республіка Крим","Місячна","2014-M11",""
"Кількість живонароджених","Автономна Республіка Крим","Місячна","2014-M12",""
"Кількість живонароджених","Автономна Республіка Крим","Місячна","2015-M01",""
"Кількість живонароджених","Автономна Республіка Крим","Місячна","2015-M02",""
"Кількість живонароджених","Автономна Республіка Крим","Місячна","2015-M03",""
"Кількість живонароджених","Автономна Республіка Крим","Місячна","2015-M04",""
"Кількість живонароджених","Автономна Республіка Крим","Місячна","2015-M05",""
"Кількість живонароджених","Автономна Республіка Крим","Місячна","2015-M06",""
"Кількість живонароджених","Автономна Республіка Крим","Місячна","2015-M07",""
"Кількість живонароджених","Автономна Республіка Крим","Місячна","2015-M08",""
"Кількість живонароджених","Автономна Республіка Крим","Місячна","2015-M09",""
"Кількість живонароджених","Автономна Республіка Крим","Місячна","2015-M10",""
"Кількість живонароджених","Автономна Республіка Крим","Місячна","2015-M11",""
"Кількість живонароджених","Автономна Республіка Крим","Місячна","2015-M12",""
"Кількість живонароджених","Автономна Республіка Крим","Місячна","2016-M01",""
"Кількість живонароджених","Автономна Республіка Крим","Місячна","2016-M02",""
"Кількість живонароджених","Автономна Республіка Крим","Місячна","2016-M03",""
"Кількість живонароджених","Автономна Республіка Крим","Місячна","2016-M04",""
"Кількість живонароджених","Автономна Республіка Крим","Місячна","2016-M05",""
"Кількість живонароджених","Автономна Республіка Крим","Місячна","2016-M06",""
"Кількість живонароджених","Автономна Республіка Крим","Місячна","2016-M07",""
"Кількість живонароджених","Автономна Республіка Крим","Місячна","2016-M08",""
"Кількість живонароджених","Автономна Республіка Крим","Місячна","2016-M09",""
"Кількість живонароджених","Автономна Республіка Крим","Місячна","2016-M10",""
"Кількість живонароджених","Автономна Республіка Крим","Місячна","2016-M11",""
"Кількість живонароджених","Автономна Республіка Крим","Місячна","2016-M12",""
"Кількість живонароджених","Автономна Республіка Крим","Місячна","2017-M01",""
"Кількість живонароджених","Автономна Республіка Крим","Місячна","2017-M02",""
"Кількість живонароджених","Автономна Республіка Крим","Місячна","2017-M03",""
"Кількість живонароджених","Автономна Республіка Крим","Місячна","2017-M04",""
"Кількість живонароджених","Автономна Республіка Крим","Місячна","2017-M05",""
"Кількість живонароджених","Автономна Республіка Крим","Місячна","2017-M06",""
"Кількість живонароджених","Автономна Республіка Крим","Місячна","2017-M07",""
"Кількість живонароджених","Автономна Республіка Крим","Місячна","2017-M08",""
"Кількість живонароджених","Автономна Республіка Крим","Місячна","2017-M09",""
"Кількість живонароджених","Автономна Республіка Крим","Місячна","2017-M10",""
"Кількість живонароджених","Автономна Республіка Крим","Місячна","2017-M11",""
"Кількість живонароджених","Автономна Республіка Крим","Місячна","2017-M12",""
"Кількість живонароджених","Автономна Республіка Крим","Місячна","2018-M01",""
"Кількість живонароджених","Автономна Республіка Крим","Місячна","2018-M02",""
"Кількість живонароджених","Автономна Республіка Крим","Місячна","2018-M03",""
"Кількість живонароджених","Автономна Республіка Крим","Місячна","2018-M04",""
"Кількість живонароджених","Автономна Республіка Крим","Місячна","2018-M05",""
"Кількість живонароджених","Автономна Республіка Крим","Місячна","2018-M06",""
"Кількість живонароджених","Автономна Республіка Крим","Місячна","2018-M07",""
"Кількість живонароджених","Автономна Республіка Крим","Місячна","2018-M08",""
"Кількість живонароджених","Автономна Республіка Крим","Місячна","2018-M09",""
"Кількість живонароджених","Автономна Республіка Крим","Місячна","2018-M10",""
"Кількість живонароджених","Автономна Республіка Крим","Місячна","2018-M11",""
"Кількість живонароджених","Автономна Республіка Крим","Місячна","2018-M12",""
"Кількість живонароджених","Автономна Республіка Крим","Місячна","2019-M01",""
"Кількість живонароджених","Автономна Республіка Крим","Місячна","2019-M02",""
"Кількість живонароджених","Автономна Республіка Крим","Місячна","2019-M03",""
"Кількість живонароджених","Автономна Республіка Крим","Місячна","2019-M04",""
"Кількість живонароджених","Автономна Республіка Крим","Місячна","2019-M05",""
"Кількість живонароджених","Автономна Республіка Крим","Місячна","2019-M06",""
"Кількість живонароджених","Автономна Республіка Крим","Місячна","2019-M07",""
"Кількість живонароджених","Автономна Республіка Крим","Місячна","2019-M08",""
"Кількість живонароджених","Автономна Республіка Крим","Місячна","2019-M09",""
"Кількість живонароджених","Автономна Республіка Крим","Місячна","2019-M10",""
"Кількість живонароджених","Автономна Республіка Крим","Місячна","2019-M11",""
"Кількість живонароджених","Автономна Республіка Крим","Місячна","2019-M12",""
"Кількість живонароджених","Автономна Республіка Крим","Місячна","2020-M01",""
"Кількість живонароджених","Автономна Республіка Крим","Місячна","2020-M02",""
"Кількість живонароджених","Автономна Республіка Крим","Місячна","2020-M03",""
"Кількість живонароджених","Автономна Республіка Крим","Місячна","2020-M04",""
"Кількість живонароджених","Автономна Республіка Крим","Місячна","2020-M05",""
"Кількість живонароджених","Автономна Республіка Крим","Місячна","2020-M06",""
"Кількість живонароджених","Автономна Республіка Крим","Місячна","2020-M07",""
"Кількість живонароджених","Автономна Республіка Крим","Місячна","2020-M08",""
"Кількість живонароджених","Автономна Республіка Крим","Місячна","2020-M09",""
"Кількість живонароджених","Автономна Республіка Крим","Місячна","2020-M10",""
"Кількість живонароджених","Автономна Республіка Крим","Місячна","2020-M11",""
"Кількість живонароджених","Автономна Республіка Крим","Місячна","2020-M12",""
"Кількість живонароджених","Автономна Республіка Крим","Місячна","2021-M01",""
"Кількість живонароджених","Автономна Республіка Крим","Місячна","2021-M02",""
"Кількість живонароджених","Автономна Республіка Крим","Місячна","2021-M03",""
"Кількість живонароджених","Автономна Республіка Крим","Місячна","2021-M04",""
"Кількість живонароджених","Автономна Республіка Крим","Місячна","2021-M05",""
"Кількість живонароджених","Автономна Республіка Крим","Місячна","2021-M06",""
"Кількість живонароджених","Автономна Республіка Крим","Місячна","2021-M07",""
"Кількість живонароджених","Автономна Республіка Крим","Місячна","2021-M08",""
"Кількість живонароджених","Автономна Республіка Крим","Місячна","2021-M09",""
"Кількість живонароджених","Автономна Республіка Крим","Місячна","2021-M10",""
"Кількість живонароджених","Автономна Республіка Крим","Місячна","2021-M11",""
"Кількість живонароджених","Автономна Республіка Крим","Місячна","2021-M12",""
"Кількість живонароджених","Автономна Республіка Крим","Місячна","2022-M01",""
"Кількість живонароджених","Автономна Республіка Крим","Місячна","2022-M02",""
"Кількість живонароджених","Автономна Республіка Крим","Місячна","2022-M03",""
"Кількість живонароджених","Автономна Республіка Крим","Місячна","2022-M04",""
"Кількість живонароджених","Автономна Республіка Крим","Місячна","2022-M05",""
"Кількість живонароджених","Автономна Республіка Крим","Місячна","2022-M06",""
"Кількість живонароджених","Автономна Республіка Крим","Місячна","2022-M07",""
"Кількість живонароджених","Автономна Республіка Крим","Місячна","2022-M08",""
"Кількість живонароджених","Автономна Республіка Крим","Місячна","2022-M09",""
"Кількість живонароджених","Автономна Республіка Крим","Місячна","2022-M10",""
"Кількість живонароджених","Автономна Республіка Крим","Місячна","2022-M11",""
"Кількість живонароджених","Автономна Республіка Крим","Місячна","2022-M12",""
"Кількість живонароджених","Україна","Місячна","2005-M01","31984"
"Кількість живонароджених","Україна","Місячна","2005-M02","65271"
"Кількість живонароджених","Україна","Місячна","2005-M03","100660"
"Кількість живонароджених","Україна","Місячна","2005-M04","136619"
"Кількість живонароджених","Україна","Місячна","2005-M05","170928"
"Кількість живонароджених","Україна","Місячна","2005-M06","204081"
"Кількість живонароджених","Україна","Місячна","2005-M07","242515"
"Кількість живонароджених","Україна","Місячна","2005-M08","280929"
"Кількість живонароджених","Україна","Місячна","2005-M09","318108"
"Кількість живонароджених","Україна","Місячна","2005-M10","353813"
"Кількість живонароджених","Україна","Місячна","2005-M11","389831"
"Кількість живонароджених","Україна","Місячна","2005-M12","426086"
"Кількість живонароджених","Україна","Місячна","2006-M01","32979"
"Кількість живонароджених","Україна","Місячна","2006-M02","69270"
"Кількість живонароджених","Україна","Місячна","2006-M03","106631"
"Кількість живонароджених","Україна","Місячна","2006-M04","141341"
"Кількість живонароджених","Україна","Місячна","2006-M05","180745"
"Кількість живонароджених","Україна","Місячна","2006-M06","217699"
"Кількість живонароджених","Україна","Місячна","2006-M07","258549"
"Кількість живонароджених","Україна","Місячна","2006-M08","301208"
"Кількість живонароджених","Україна","Місячна","2006-M09","341941"
"Кількість живонароджених","Україна","Місячна","2006-M10","383384"
"Кількість живонароджених","Україна","Місячна","2006-M11","422589"
"Кількість живонароджених","Україна","Місячна","2006-M12","460368"
"Кількість живонароджених","Україна","Місячна","2007-M01","37113"
"Кількість живонароджених","Україна","Місячна","2007-M02","74343"
"Кількість живонароджених","Україна","Місячна","2007-M03","112375"
"Кількість живонароджених","Україна","Місячна","2007-M04","147705"
"Кількість живонароджених","Україна","Місячна","2007-M05","187213"
"Кількість живонароджених","Україна","Місячна","2007-M06","224310"
"Кількість живонароджених","Україна","Місячна","2007-M07","269440"
"Кількість живонароджених","Україна","Місячна","2007-M08","313115"
"Кількість живонароджених","Україна","Місячна","2007-M09","353278"
"Кількість живонароджених","Україна","Місячна","2007-M10","397806"
"Кількість живонароджених","Україна","Місячна","2007-M11","436732"
"Кількість живонароджених","Україна","Місячна","2007-M12","472657"
"Кількість живонароджених","Україна","Місячна","2008-M01","41855"
"Кількість живонароджених","Україна","Місячна","2008-M02","81603"
"Кількість живонароджених","Україна","Місячна","2008-M03","117260"
"Кількість живонароджених","Україна","Місячна","2008-M04","154007"
"Кількість живонароджених","Україна","Місячна","2008-M05","196324"
"Кількість живонароджених","Україна","Місячна","2008-M06","233649"
"Кількість живонароджених","Україна","Місячна","2008-M07","283367"
"Кількість живонароджених","Україна","Місячна","2008-M08","328782"
"Кількість живонароджених","Україна","Місячна","2008-M09","375682"
"Кількість живонароджених","Україна","Місячна","2008-M10","425321"
"Кількість живонароджених","Україна","Місячна","2008-M11","466952"
"Кількість живонароджених","Україна","Місячна","2008-M12","510589"
"Кількість живонароджених","Україна","Місячна","2009-M01","42015"
"Кількість живонароджених","Україна","Місячна","2009-M02","83503"
"Кількість живонароджених","Україна","Місячна","2009-M03","125834"
"Кількість живонароджених","Україна","Місячна","2009-M04","167550"
"Кількість живонароджених","Україна","Місячна","2009-M05","208238"
"Кількість живонароджених","Україна","Місячна","2009-M06","247803"
"Кількість живонароджених","Україна","Місячна","2009-M07","297327"
"Кількість живонароджених","Україна","Місячна","2009-M08","340806"
"Кількість живонароджених","Україна","Місячна","2009-M09","386963"
"Кількість живонароджених","Україна","Місячна","2009-M10","432361"
"Кількість живонароджених","Україна","Місячна","2009-M11","471386"
"Кількість живонароджених","Україна","Місячна","2009-M12","512525"
"Кількість живонароджених","Україна","Місячна","2010-M01","39253"
"Кількість живонароджених","Україна","Місячна","2010-M02","78991"
"Кількість живонароджених","Україна","Місячна","2010-M03","120884"
"Кількість живонароджених","Україна","Місячна","2010-M04","160101"
"Кількість живонароджених","Україна","Місячна","2010-M05","197512"
"Кількість живонароджених","Україна","Місячна","2010-M06","240354"
"Кількість живонароджених","Україна","Місячна","2010-M07","287182"
"Кількість живонароджених","Україна","Місячна","2010-M08","330018"
"Кількість живонароджених","Україна","Місячна","2010-M09","373599"
"Кількість живонароджених","Україна","Місячна","2010-M10","415903"
"Кількість живонароджених","Україна","Місячна","2010-M11","456884"
"Кількість живонароджених","Україна","Місячна","2010-M12","497689"
"Кількість живонароджених","Україна","Місячна","2011-M01","41078"
"Кількість живонароджених","Україна","Місячна","2011-M02","79982"
"Кількість живонароджених","Україна","Місячна","2011-M03","121320"
"Кількість живонароджених","Україна","Місячна","2011-M04","157200"
"Кількість живонароджених","Україна","Місячна","2011-M05","194359"
"Кількість живонароджених","Україна","Місячна","2011-M06","232194"
"Кількість живонароджених","Україна","Місячна","2011-M07","279259"
"Кількість живонароджених","Україна","Місячна","2011-M08","327395"
"Кількість живонароджених","Україна","Місячна","2011-M09","372820"
"Кількість живонароджених","Україна","Місячна","2011-M10","416165"
"Кількість живонароджених","Україна","Місячна","2011-M11","460512"
"Кількість живонароджених","Україна","Місячна","2011-M12","502595"
"Кількість живонароджених","Україна","Місячна","2012-M01","41317"
"Кількість живонароджених","Україна","Місячна","2012-M02","84247"
"Кількість живонароджених","Україна","Місячна","2012-M03","125862"
"Кількість живонароджених","Україна","Місячна","2012-M04","164263"
"Кількість живонароджених","Україна","Місячна","2012-M05","208280"
"Кількість живонароджених","Україна","Місячна","2012-M06","248520"
"Кількість живонароджених","Україна","Місячна","2012-M07","298330"
"Кількість живонароджених","Україна","Місячна","2012-M08","346926"
"Кількість живонароджених","Україна","Місячна","2012-M09","390396"
"Кількість живонароджених","Україна","Місячна","2012-M10","438627"
"Кількість живонароджених","Україна","Місячна","2012-M11","481637"
"Кількість живонароджених","Україна","Місячна","2012-M12","520705"
"Кількість живонароджених","Україна","Місячна","2013-M01","43290"
"Кількість живонароджених","Україна","Місячна","2013-M02","80709"
"Кількість живонароджених","Україна","Місячна","2013-M03","118712"
"Кількість живонароджених","Україна","Місячна","2013-M04","157798"
"Кількість живонароджених","Україна","Місячна","2013-M05","197424"
"Кількість живонароджених","Україна","Місячна","2013-M06","234155"
"Кількість живонароджених","Україна","Місячна","2013-M07","283822"
"Кількість живонароджених","Україна","Місячна","2013-M08","329864"
"Кількість живонароджених","Україна","Місячна","2013-M09","372787"
"Кількість живонароджених","Україна","Місячна","2013-M10","422306"
"Кількість живонароджених","Україна","Місячна","2013-M11","463590"
"Кількість живонароджених","Україна","Місячна","2013-M12","503657"
"Кількість живонароджених","Україна","Місячна","2014-M01","39149"
"Кількість живонароджених","Україна","Місячна","2014-M02","77380"
"Кількість живонароджених","Україна","Місячна","2014-M03","114066"
"Кількість живонароджених","Україна","Місячна","2014-M04","152780"
"Кількість живонароджених","Україна","Місячна","2014-M05","192411"
"Кількість живонароджених","Україна","Місячна","2014-M06","229425"
"Кількість живонароджених","Україна","Місячна","2014-M07","273139"
"Кількість живонароджених","Україна","Місячна","2014-M08","312264"
"Кількість живонароджених","Україна","Місячна","2014-M09","353208"
"Кількість живонароджених","Україна","Місячна","2014-M10","396013"
"Кількість живонароджених","Україна","Місячна","2014-M11","429913"
"Кількість живонароджених","Україна","Місячна","2014-M12","465882"
"Кількість живонароджених","Україна","Місячна","2015-M01","34981"
"Кількість живонароджених","Україна","Місячна","2015-M02","67473"
"Кількість живонароджених","Україна","Місячна","2015-M03","100734"
"Кількість живонароджених","Україна","Місячна","2015-M04","134563"
"Кількість живонароджених","Україна","Місячна","2015-M05","166102"
"Кількість живонароджених","Україна","Місячна","2015-M06","198287"
"Кількість живонароджених","Україна","Місячна","2015-M07","239103"
"Кількість живонароджених","Україна","Місячна","2015-M08","273884"
"Кількість живонароджених","Україна","Місячна","2015-M09","311775"
"Кількість живонароджених","Україна","Місячна","2015-M10","348085"
"Кількість живонароджених","Україна","Місячна","2015-M11","378226"
"Кількість живонароджених","Україна","Місячна","2015-M12","411781"
"Кількість живонароджених","Україна","Місячна","2016-M01","31568"
"Кількість живонароджених","Україна","Місячна","2016-M02","62353"
"Кількість живонароджених","Україна","Місячна","2016-M03","97678"
"Кількість живонароджених","Україна","Місячна","2016-M04","128530"
"Кількість живонароджених","Україна","Місячна","2016-M05","159548"
"Кількість живонароджених","Україна","Місячна","2016-M06","190754"
"Кількість живонароджених","Україна","Місячна","2016-M07","227191"
"Кількість живонароджених","Україна","Місячна","2016-M08","264136"
"Кількість живонароджених","Україна","Місячна","2016-M09","299497"
"Кількість живонароджених","Україна","Місячна","2016-M10","332194"
"Кількість живонароджених","Україна","Місячна","2016-M11","365486"
"Кількість живонароджених","Україна","Місячна","2016-M12","397037"
"Кількість живонароджених","Україна","Місячна","2017-M01","30514"
"Кількість живонароджених","Україна","Місячна","2017-M02","59619"
"Кількість живонароджених","Україна","Місячна","2017-M03","91097"
"Кількість живонароджених","Україна","Місячна","2017-M04","116907"
"Кількість живонароджених","Україна","Місячна","2017-M05","147138"
"Кількість живонароджених","Україна","Місячна","2017-M06","176821"
"Кількість живонароджених","Україна","Місячна","2017-M07","209433"
"Кількість живонароджених","Україна","Місячна","2017-M08","243862"
"Кількість живонароджених","Україна","Місячна","2017-M09","274909"
"Кількість живонароджених","Україна","Місячна","2017-M10","306372"
"Кількість живонароджених","Україна","Місячна","2017-M11","336453"
"Кількість живонароджених","Україна","Місячна","2017-M12","363987"
"Кількість живонароджених","Україна","Місячна","2018-M01","30206"
"Кількість живонароджених","Україна","Місячна","2018-M02","56443"
"Кількість живонароджених","Україна","Місячна","2018-M03","84607"
"Кількість живонароджених","Україна","Місячна","2018-M04","110002"
"Кількість живонароджених","Україна","Місячна","2018-M05","137813"
"Кількість живонароджених","Україна","Місячна","2018-M06","164287"
"Кількість живонароджених","Україна","Місячна","2018-M07","195748"
"Кількість живонароджених","Україна","Місячна","2018-M08","226545"
"Кількість живонароджених","Україна","Місячна","2018-M09","255094"
"Кількість живонароджених","Україна","Місячна","2018-M10","286064"
"Кількість живонароджених","Україна","Місячна","2018-M11","312603"
"Кількість живонароджених","Україна","Місячна","2018-M12","335874"
"Кількість живонароджених","Україна","Місячна","2019-M01","27801"
"Кількість живонароджених","Україна","Місячна","2019-M02","51496"
"Кількість живонароджених","Україна","Місячна","2019-M03","76125"
"Кількість живонароджених","Україна","Місячна","2019-M04","99105"
"Кількість живонароджених","Україна","Місячна","2019-M05","126723"
"Кількість живонароджених","Україна","Місячна","2019-M06","149549"
"Кількість живонароджених","Україна","Місячна","2019-M07","179314"
"Кількість живонароджених","Україна","Місячна","2019-M08","207573"
"Кількість живонароджених","Україна","Місячна","2019-M09","233222"
"Кількість живонароджених","Україна","Місячна","2019-M10","262303"
"Кількість живонароджених","Україна","Місячна","2019-M11","286777"
"Кількість живонароджених","Україна","Місячна","2019-M12","308817"
"Кількість живонароджених","Україна","Місячна","2020-M01","27928"
"Кількість живонароджених","Україна","Місячна","2020-M02","51085"
"Кількість живонароджених","Україна","Місячна","2020-M03","70494"
"Кількість живонароджених","Україна","Місячна","2020-M04","92339"
"Кількість живонароджених","Україна","Місячна","2020-M05","115968"
"Кількість живонароджених","Україна","Місячна","2020-M06","139134"
"Кількість живонароджених","Україна","Місячна","2020-M07","168751"
"Кількість живонароджених","Україна","Місячна","2020-M08","193138"
"Кількість живонароджених","Україна","Місячна","2020-M09","220657"
"Кількість живонароджених","Україна","Місячна","2020-M10","247278"
"Кількість живонароджених","Україна","Місячна","2020-M11","268899"
"Кількість живонароджених","Україна","Місячна","2020-M12","293457"
"Кількість живонароджених","Україна","Місячна","2021-M01","21931"
"Кількість живонароджених","Україна","Місячна","2021-M02","43694"
"Кількість живонароджених","Україна","Місячна","2021-M03","67514"
"Кількість живонароджених","Україна","Місячна","2021-M04","89025"
"Кількість живонароджених","Україна","Місячна","2021-M05","109626"
"Кількість живонароджених","Україна","Місячна","2021-M06","132595"
"Кількість живонароджених","Україна","Місячна","2021-M07","158276"
"Кількість живонароджених","Україна","Місячна","2021-M08","180828"
"Кількість живонароджених","Україна","Місячна","2021-M09","205385"
"Кількість живонароджених","Україна","Місячна","2021-M10","229209"
"Кількість живонароджених","Україна","Місячна","2021-M11","250876"
"Кількість живонароджених","Україна","Місячна","2021-M12","271983"
"Кількість живонароджених","Україна","Місячна","2022-M01","18062"
"Кількість живонароджених","Україна","Місячна","2022-M02",""
"Кількість живонароджених","Україна","Місячна","2022-M03",""
"Кількість живонароджених","Україна","Місячна","2022-M04",""
"Кількість живонароджених","Україна","Місячна","2022-M05",""
"Кількість живонароджених","Україна","Місячна","2022-M06",""
"Кількість живонароджених","Україна","Місячна","2022-M07",""
"Кількість живонароджених","Україна","Місячна","2022-M08",""
"Кількість живонароджених","Україна","Місячна","2022-M09",""
"Кількість живонароджених","Україна","Місячна","2022-M10",""
"Кількість живонароджених","Україна","Місячна","2022-M11",""
"Кількість живонароджених","Україна","Місячна","2022-M12",""
"Кількість живонароджених","Волинська","Місячна","2005-M01","1041"
"Кількість живонароджених","Волинська","Місячна","2005-M02","2038"
"Кількість живонароджених","Волинська","Місячна","2005-M03","3046"
"Кількість живонароджених","Волинська","Місячна","2005-M04","4151"
"Кількість живонароджених","Волинська","Місячна","2005-M05","5230"
"Кількість живонароджених","Волинська","Місячна","2005-M06","6225"
"Кількість живонароджених","Волинська","Місячна","2005-M07","7382"
"Кількість живонароджених","Волинська","Місячна","2005-M08","8510"
"Кількість живонароджених","Волинська","Місячна","2005-M09","9567"
"Кількість живонароджених","Волинська","Місячна","2005-M10","10603"
"Кількість живонароджених","Волинська","Місячна","2005-M11","11676"
"Кількість живонароджених","Волинська","Місячна","2005-M12","12756"
"Кількість живонароджених","Волинська","Місячна","2006-M01","938"
"Кількість живонароджених","Волинська","Місячна","2006-M02","2007"
"Кількість живонароджених","Волинська","Місячна","2006-M03","3121"
"Кількість живонароджених","Волинська","Місячна","2006-M04","4197"
"Кількість живонароджених","Волинська","Місячна","2006-M05","5446"
"Кількість живонароджених","Волинська","Місячна","2006-M06","6552"
"Кількість живонароджених","Волинська","Місячна","2006-M07","7771"
"Кількість живонароджених","Волинська","Місячна","2006-M08","9089"
"Кількість живонароджених","Волинська","Місячна","2006-M09","10234"
"Кількість живонароджених","Волинська","Місячна","2006-M10","11501"
"Кількість живонароджених","Волинська","Місячна","2006-M11","12630"
"Кількість живонароджених","Волинська","Місячна","2006-M12","13728"
"Кількість живонароджених","Волинська","Місячна","2007-M01","1059"
"Кількість живонароджених","Волинська","Місячна","2007-M02","2182"
"Кількість живонароджених","Волинська","Місячна","2007-M03","3350"
"Кількість живонароджених","Волинська","Місячна","2007-M04","4431"
"Кількість живонароджених","Волинська","Місячна","2007-M05","5648"
"Кількість живонароджених","Волинська","Місячна","2007-M06","6752"
"Кількість живонароджених","Волинська","Місячна","2007-M07","8066"
"Кількість живонароджених","Волинська","Місячна","2007-M08","9342"
"Кількість живонароджених","Волинська","Місячна","2007-M09","10510"
"Кількість живонароджених","Волинська","Місячна","2007-M10","11767"
"Кількість живонароджених","Волинська","Місячна","2007-M11","12943"
"Кількість живонароджених","Волинська","Місячна","2007-M12","13990"
"Кількість живонароджених","Волинська","Місячна","2008-M01","1253"
"Кількість живонароджених","Волинська","Місячна","2008-M02","2436"
"Кількість живонароджених","Волинська","Місячна","2008-M03","3476"
"Кількість живонароджених","Волинська","Місячна","2008-M04","4536"
"Кількість живонароджених","Волинська","Місячна","2008-M05","5840"
"Кількість живонароджених","Волинська","Місячна","2008-M06","7012"
"Кількість живонароджених","Волинська","Місячна","2008-M07","8571"
"Кількість живонароджених","Волинська","Місячна","2008-M08","9952"
"Кількість живонароджених","Волинська","Місячна","2008-M09","11298"
"Кількість живонароджених","Волинська","Місячна","2008-M10","12791"
"Кількість живонароджених","Волинська","Місячна","2008-M11","13985"
"Кількість живонароджених","Волинська","Місячна","2008-M12","15301"
"Кількість живонароджених","Волинська","Місячна","2009-M01","1234"
"Кількість живонароджених","Волинська","Місячна","2009-M02","2512"
"Кількість живонароджених","Волинська","Місячна","2009-M03","3764"
"Кількість живонароджених","Волинська","Місячна","2009-M04","5040"
"Кількість живонароджених","Волинська","Місячна","2009-M05","6288"
"Кількість живонароджених","Волинська","Місячна","2009-M06","7499"
"Кількість живонароджених","Волинська","Місячна","2009-M07","8898"
"Кількість живонароджених","Волинська","Місячна","2009-M08","10239"
"Кількість живонароджених","Волинська","Місячна","2009-M09","11524"
"Кількість живонароджених","Волинська","Місячна","2009-M10","12850"
"Кількість живонароджених","Волинська","Місячна","2009-M11","14095"
"Кількість живонароджених","Волинська","Місячна","2009-M12","15290"
"Кількість живонароджених","Волинська","Місячна","2010-M01","1211"
"Кількість живонароджених","Волинська","Місячна","2010-M02","2406"
"Кількість живонароджених","Волинська","Місячна","2010-M03","3641"
"Кількість живонароджених","Волинська","Місячна","2010-M04","4832"
"Кількість живонароджених","Волинська","Місячна","2010-M05","6071"
"Кількість живонароджених","Волинська","Місячна","2010-M06","7321"
"Кількість живонароджених","Волинська","Місячна","2010-M07","8749"
"Кількість живонароджених","Волинська","Місячна","2010-M08","9978"
"Кількість живонароджених","Волинська","Місячна","2010-M09","11205"
"Кількість живонароджених","Волинська","Місячна","2010-M10","12543"
"Кількість живонароджених","Волинська","Місячна","2010-M11","13736"
"Кількість живонароджених","Волинська","Місячна","2010-M12","14848"
"Кількість живонароджених","Волинська","Місячна","2011-M01","1250"
"Кількість живонароджених","Волинська","Місячна","2011-M02","2347"
"Кількість живонароджених","Волинська","Місячна","2011-M03","3543"
"Кількість живонароджених","Волинська","Місячна","2011-M04","4639"
"Кількість живонароджених","Волинська","Місячна","2011-M05","5816"
"Кількість живонароджених","Волинська","Місячна","2011-M06","6986"
"Кількість живонароджених","Волинська","Місячна","2011-M07","8383"
"Кількість живонароджених","Волинська","Місячна","2011-M08","9717"
"Кількість живонароджених","Волинська","Місячна","2011-M09","10914"
"Кількість живонароджених","Волинська","Місячна","2011-M10","12181"
"Кількість живонароджених","Волинська","Місячна","2011-M11","13489"
"Кількість живонароджених","Волинська","Місячна","2011-M12","14620"
"Кількість живонароджених","Волинська","Місячна","2012-M01","1233"
"Кількість живонароджених","Волинська","Місячна","2012-M02","2568"
"Кількість живонароджених","Волинська","Місячна","2012-M03","3820"
"Кількість живонароджених","Волинська","Місячна","2012-M04","4953"
"Кількість живонароджених","Волинська","Місячна","2012-M05","6260"
"Кількість живонароджених","Волинська","Місячна","2012-M06","7442"
"Кількість живонароджених","Волинська","Місячна","2012-M07","8952"
"Кількість живонароджених","Волинська","Місячна","2012-M08","10425"
"Кількість живонароджених","Волинська","Місячна","2012-M09","11602"
"Кількість живонароджених","Волинська","Місячна","2012-M10","13029"
"Кількість живонароджених","Волинська","Місячна","2012-M11","14272"
"Кількість живонароджених","Волинська","Місячна","2012-M12","15346"
"Кількість живонароджених","Волинська","Місячна","2013-M01","1253"
"Кількість живонароджених","Волинська","Місячна","2013-M02","2334"
"Кількість живонароджених","Волинська","Місячна","2013-M03","3479"
"Кількість живонароджених","Волинська","Місячна","2013-M04","4621"
"Кількість живонароджених","Волинська","Місячна","2013-M05","5862"
"Кількість живонароджених","Волинська","Місячна","2013-M06","6963"
"Кількість живонароджених","Волинська","Місячна","2013-M07","8356"
"Кількість живонароджених","Волинська","Місячна","2013-M08","9768"
"Кількість живонароджених","Волинська","Місячна","2013-M09","10954"
"Кількість живонароджених","Волинська","Місячна","2013-M10","12386"
"Кількість живонароджених","Волинська","Місячна","2013-M11","13547"
"Кількість живонароджених","Волинська","Місячна","2013-M12","14700"
"Кількість живонароджених","Волинська","Місячна","2014-M01","1212"
"Кількість живонароджених","Волинська","Місячна","2014-M02","2427"
"Кількість живонароджених","Волинська","Місячна","2014-M03","3572"
"Кількість живонароджених","Волинська","Місячна","2014-M04","4749"
"Кількість живонароджених","Волинська","Місячна","2014-M05","6005"
"Кількість живонароджених","Волинська","Місячна","2014-M06","7204"
"Кількість живонароджених","Волинська","Місячна","2014-M07","8657"
"Кількість живонароджених","Волинська","Місячна","2014-M08","9852"
"Кількість живонароджених","Волинська","Місячна","2014-M09","11115"
"Кількість живонароджених","Волинська","Місячна","2014-M10","12474"
"Кількість живонароджених","Волинська","Місячна","2014-M11","13569"
"Кількість живонароджених","Волинська","Місячна","2014-M12","14668"
"Кількість живонароджених","Волинська","Місячна","2015-M01","1131"
"Кількість живонароджених","Волинська","Місячна","2015-M02","2157"
"Кількість живонароджених","Волинська","Місячна","2015-M03","3217"
"Кількість живонароджених","Волинська","Місячна","2015-M04","4298"
"Кількість живонароджених","Волинська","Місячна","2015-M05","5346"
"Кількість живонароджених","Волинська","Місячна","2015-M06","6370"
"Кількість живонароджених","Волинська","Місячна","2015-M07","7724"
"Кількість живонароджених","Волинська","Місячна","2015-M08","8908"
"Кількість живонароджених","Волинська","Місячна","2015-M09","10047"
"Кількість живонароджених","Волинська","Місячна","2015-M10","11306"
"Кількість живонароджених","Волинська","Місячна","2015-M11","12307"
"Кількість живонароджених","Волинська","Місячна","2015-M12","13378"
"Кількість живонароджених","Волинська","Місячна","2016-M01","1030"
"Кількість живонароджених","Волинська","Місячна","2016-M02","2049"
"Кількість живонароджених","Волинська","Місячна","2016-M03","3223"
"Кількість живонароджених","Волинська","Місячна","2016-M04","4311"
"Кількість живонароджених","Волинська","Місячна","2016-M05","5307"
"Кількість живонароджених","Волинська","Місячна","2016-M06","6318"
"Кількість живонароджених","Волинська","Місячна","2016-M07","7524"
"Кількість живонароджених","Волинська","Місячна","2016-M08","8721"
"Кількість живонароджених","Волинська","Місячна","2016-M09","9845"
"Кількість живонароджених","Волинська","Місячна","2016-M10","10930"
"Кількість живонароджених","Волинська","Місячна","2016-M11","12047"
"Кількість живонароджених","Волинська","Місячна","2016-M12","13033"
"Кількість живонароджених","Волинська","Місячна","2017-M01","976"
"Кількість живонароджених","Волинська","Місячна","2017-M02","1975"
"Кількість живонароджених","Волинська","Місячна","2017-M03","2999"
"Кількість живонароджених","Волинська","Місячна","2017-M04","3910"
"Кількість живонароджених","Волинська","Місячна","2017-M05","4950"
"Кількість живонароджених","Волинська","Місячна","2017-M06","5922"
"Кількість живонароджених","Волинська","Місячна","2017-M07","6971"
"Кількість живонароджених","Волинська","Місячна","2017-M08","8098"
"Кількість живонароджених","Волинська","Місячна","2017-M09","9078"
"Кількість живонароджених","Волинська","Місячна","2017-M10","10102"
"Кількість живонароджених","Волинська","Місячна","2017-M11","11020"
"Кількість живонароджених","Волинська","Місячна","2017-M12","11914"
"Кількість живонароджених","Волинська","Місячна","2018-M01","1029"
"Кількість живонароджених","Волинська","Місячна","2018-M02","1884"
"Кількість живонароджених","Волинська","Місячна","2018-M03","2808"
"Кількість живонароджених","Волинська","Місячна","2018-M04","3704"
"Кількість живонароджених","Волинська","Місячна","2018-M05","4666"
"Кількість живонароджених","Волинська","Місячна","2018-M06","5536"
"Кількість живонароджених","Волинська","Місячна","2018-M07","6608"
"Кількість живонароджених","Волинська","Місячна","2018-M08","7701"
"Кількість живонароджених","Волинська","Місячна","2018-M09","8625"
"Кількість живонароджених","Волинська","Місячна","2018-M10","9670"
"Кількість живонароджених","Волинська","Місячна","2018-M11","10520"
"Кількість живонароджених","Волинська","Місячна","2018-M12","11270"
"Кількість живонароджених","Волинська","Місячна","2019-M01","932"
"Кількість живонароджених","Волинська","Місячна","2019-M02","1739"
"Кількість живонароджених","Волинська","Місячна","2019-M03","2551"
"Кількість живонароджених","Волинська","Місячна","2019-M04","3304"
"Кількість живонароджених","Волинська","Місячна","2019-M05","4270"
"Кількість живонароджених","Волинська","Місячна","2019-M06","5061"
"Кількість живонароджених","Волинська","Місячна","2019-M07","6073"
"Кількість живонароджених","Волинська","Місячна","2019-M08","6994"
"Кількість живонароджених","Волинська","Місячна","2019-M09","7871"
"Кількість живонароджених","Волинська","Місячна","2019-M10","8883"
"Кількість живонароджених","Волинська","Місячна","2019-M11","9686"
"Кількість живонароджених","Волинська","Місячна","2019-M12","10420"
"Кількість живонароджених","Волинська","Місячна","2020-M01","991"
"Кількість живонароджених","Волинська","Місячна","2020-M02","1815"
"Кількість живонароджених","Волинська","Місячна","2020-M03","2485"
"Кількість живонароджених","Волинська","Місячна","2020-M04","3257"
"Кількість живонароджених","Волинська","Місячна","2020-M05","4111"
"Кількість живонароджених","Волинська","Місячна","2020-M06","4933"
"Кількість живонароджених","Волинська","Місячна","2020-M07","5995"
"Кількість живонароджених","Волинська","Місячна","2020-M08","6843"
"Кількість живонароджених","Волинська","Місячна","2020-M09","7864"
"Кількість живонароджених","Волинська","Місячна","2020-M10","8848"
"Кількість живонароджених","Волинська","Місячна","2020-M11","9603"
"Кількість живонароджених","Волинська","Місячна","2020-M12","10448"
"Кількість живонароджених","Волинська","Місячна","2021-M01","875"
"Кількість живонароджених","Волинська","Місячна","2021-M02","1701"
"Кількість живонароджених","Волинська","Місячна","2021-M03","2588"
"Кількість живонароджених","Волинська","Місячна","2021-M04","3339"
"Кількість живонароджених","Волинська","Місячна","2021-M05","4056"
"Кількість живонароджених","Волинська","Місячна","2021-M06","4779"
"Кількість живонароджених","Волинська","Місячна","2021-M07","5627"
"Кількість живонароджених","Волинська","Місячна","2021-M08","6457"
"Кількість живонароджених","Волинська","Місячна","2021-M09","7354"
"Кількість живонароджених","Волинська","Місячна","2021-M10","8275"
"Кількість живонароджених","Волинська","Місячна","2021-M11","9086"
"Кількість живонароджених","Волинська","Місячна","2021-M12","9852"
"Кількість живонароджених","Волинська","Місячна","2022-M01","664"
"Кількість живонароджених","Волинська","Місячна","2022-M02",""
"Кількість живонароджених","Волинська","Місячна","2022-M03",""
"Кількість живонароджених","Волинська","Місячна","2022-M04",""
"Кількість живонароджених","Волинська","Місячна","2022-M05",""
"Кількість живонароджених","Волинська","Місячна","2022-M06",""
"Кількість живонароджених","Волинська","Місячна","2022-M07",""
"Кількість живонароджених","Волинська","Місячна","2022-M08",""
"Кількість живонароджених","Волинська","Місячна","2022-M09",""
"Кількість живонароджених","Волинська","Місячна","2022-M10",""
"Кількість живонароджених","Волинська","Місячна","2022-M11",""
"Кількість живонароджених","Волинська","Місячна","2022-M12",""
"Кількість живонароджених","Дніпропетровська","Місячна","2005-M01","2339"
"Кількість живонароджених","Дніпропетровська","Місячна","2005-M02","4705"
"Кількість живонароджених","Дніпропетровська","Місячна","2005-M03","7291"
"Кількість живонароджених","Дніпропетровська","Місячна","2005-M04","9808"
"Кількість живонароджених","Дніпропетровська","Місячна","2005-M05","12180"
"Кількість живонароджених","Дніпропетровська","Місячна","2005-M06","14412"
"Кількість живонароджених","Дніпропетровська","Місячна","2005-M07","17142"
"Кількість живонароджених","Дніпропетровська","Місячна","2005-M08","19880"
"Кількість живонароджених","Дніпропетровська","Місячна","2005-M09","22517"
"Кількість живонароджених","Дніпропетровська","Місячна","2005-M10","25079"
"Кількість живонароджених","Дніпропетровська","Місячна","2005-M11","27707"
"Кількість живонароджених","Дніпропетровська","Місячна","2005-M12","30123"
"Кількість живонароджених","Дніпропетровська","Місячна","2006-M01","2537"
"Кількість живонароджених","Дніпропетровська","Місячна","2006-M02","5225"
"Кількість живонароджених","Дніпропетровська","Місячна","2006-M03","7847"
"Кількість живонароджених","Дніпропетровська","Місячна","2006-M04","10340"
"Кількість живонароджених","Дніпропетровська","Місячна","2006-M05","13156"
"Кількість живонароджених","Дніпропетровська","Місячна","2006-M06","15627"
"Кількість живонароджених","Дніпропетровська","Місячна","2006-M07","18664"
"Кількість живонароджених","Дніпропетровська","Місячна","2006-M08","21838"
"Кількість живонароджених","Дніпропетровська","Місячна","2006-M09","24805"
"Кількість живонароджених","Дніпропетровська","Місячна","2006-M10","27899"
"Кількість живонароджених","Дніпропетровська","Місячна","2006-M11","30750"
"Кількість живонароджених","Дніпропетровська","Місячна","2006-M12","33531"
"Кількість живонароджених","Дніпропетровська","Місячна","2007-M01","2927"
"Кількість живонароджених","Дніпропетровська","Місячна","2007-M02","5615"
"Кількість живонароджених","Дніпропетровська","Місячна","2007-M03","8319"
"Кількість живонароджених","Дніпропетровська","Місячна","2007-M04","10784"
"Кількість живонароджених","Дніпропетровська","Місячна","2007-M05","13658"
"Кількість живонароджених","Дніпропетровська","Місячна","2007-M06","16339"
"Кількість живонароджених","Дніпропетровська","Місячна","2007-M07","19586"
"Кількість живонароджених","Дніпропетровська","Місячна","2007-M08","22865"
"Кількість живонароджених","Дніпропетровська","Місячна","2007-M09","25798"
"Кількість живонароджених","Дніпропетровська","Місячна","2007-M10","29117"
"Кількість живонароджених","Дніпропетровська","Місячна","2007-M11","31895"
"Кількість живонароджених","Дніпропетровська","Місячна","2007-M12","34502"
"Кількість живонароджених","Дніпропетровська","Місячна","2008-M01","3180"
"Кількість живонароджених","Дніпропетровська","Місячна","2008-M02","6110"
"Кількість живонароджених","Дніпропетровська","Місячна","2008-M03","8701"
"Кількість живонароджених","Дніпропетровська","Місячна","2008-M04","11535"
"Кількість живонароджених","Дніпропетровська","Місячна","2008-M05","14457"
"Кількість живонароджених","Дніпропетровська","Місячна","2008-M06","17120"
"Кількість живонароджених","Дніпропетровська","Місячна","2008-M07","20792"
"Кількість живонароджених","Дніпропетровська","Місячна","2008-M08","24123"
"Кількість живонароджених","Дніпропетровська","Місячна","2008-M09","27589"
"Кількість живонароджених","Дніпропетровська","Місячна","2008-M10","31100"
"Кількість живонароджених","Дніпропетровська","Місячна","2008-M11","34259"
"Кількість живонароджених","Дніпропетровська","Місячна","2008-M12","37383"
"Кількість живонароджених","Дніпропетровська","Місячна","2009-M01","3220"
"Кількість живонароджених","Дніпропетровська","Місячна","2009-M02","6261"
"Кількість живонароджених","Дніпропетровська","Місячна","2009-M03","9421"
"Кількість живонароджених","Дніпропетровська","Місячна","2009-M04","12444"
"Кількість живонароджених","Дніпропетровська","Місячна","2009-M05","15258"
"Кількість живонароджених","Дніпропетровська","Місячна","2009-M06","18069"
"Кількість живонароджених","Дніпропетровська","Місячна","2009-M07","21779"
"Кількість живонароджених","Дніпропетровська","Місячна","2009-M08","24855"
"Кількість живонароджених","Дніпропетровська","Місячна","2009-M09","28420"
"Кількість живонароджених","Дніпропетровська","Місячна","2009-M10","31516"
"Кількість живонароджених","Дніпропетровська","Місячна","2009-M11","34253"
"Кількість живонароджених","Дніпропетровська","Місячна","2009-M12","37309"
"Кількість живонароджених","Дніпропетровська","Місячна","2010-M01","2860"
"Кількість живонароджених","Дніпропетровська","Місячна","2010-M02","5819"
"Кількість живонароджених","Дніпропетровська","Місячна","2010-M03","8941"
"Кількість живонароджених","Дніпропетровська","Місячна","2010-M04","11731"
"Кількість живонароджених","Дніпропетровська","Місячна","2010-M05","14233"
"Кількість живонароджених","Дніпропетровська","Місячна","2010-M06","17565"
"Кількість живонароджених","Дніпропетровська","Місячна","2010-M07","20779"
"Кількість живонароджених","Дніпропетровська","Місячна","2010-M08","23923"
"Кількість живонароджених","Дніпропетровська","Місячна","2010-M09","27039"
"Кількість живонароджених","Дніпропетровська","Місячна","2010-M10","29849"
"Кількість живонароджених","Дніпропетровська","Місячна","2010-M11","32810"
"Кількість живонароджених","Дніпропетровська","Місячна","2010-M12","35593"
"Кількість живонароджених","Дніпропетровська","Місячна","2011-M01","3023"
"Кількість живонароджених","Дніпропетровська","Місячна","2011-M02","5837"
"Кількість живонароджених","Дніпропетровська","Місячна","2011-M03","8847"
"Кількість живонароджених","Дніпропетровська","Місячна","2011-M04","11338"
"Кількість живонароджених","Дніпропетровська","Місячна","2011-M05","14040"
"Кількість живонароджених","Дніпропетровська","Місячна","2011-M06","16686"
"Кількість живонароджених","Дніпропетровська","Місячна","2011-M07","20083"
"Кількість живонароджених","Дніпропетровська","Місячна","2011-M08","23584"
"Кількість живонароджених","Дніпропетровська","Місячна","2011-M09","26857"
"Кількість живонароджених","Дніпропетровська","Місячна","2011-M10","29897"
"Кількість живонароджених","Дніпропетровська","Місячна","2011-M11","33156"
"Кількість живонароджених","Дніпропетровська","Місячна","2011-M12","36116"
"Кількість живонароджених","Дніпропетровська","Місячна","2012-M01","3064"
"Кількість живонароджених","Дніпропетровська","Місячна","2012-M02","6067"
"Кількість живонароджених","Дніпропетровська","Місячна","2012-M03","8922"
"Кількість живонароджених","Дніпропетровська","Місячна","2012-M04","11643"
"Кількість живонароджених","Дніпропетровська","Місячна","2012-M05","14769"
"Кількість живонароджених","Дніпропетровська","Місячна","2012-M06","17735"
"Кількість живонароджених","Дніпропетровська","Місячна","2012-M07","21343"
"Кількість живонароджених","Дніпропетровська","Місячна","2012-M08","24727"
"Кількість живонароджених","Дніпропетровська","Місячна","2012-M09","27745"
"Кількість живонароджених","Дніпропетровська","Місячна","2012-M10","31295"
"Кількість живонароджених","Дніпропетровська","Місячна","2012-M11","34327"
"Кількість живонароджених","Дніпропетровська","Місячна","2012-M12","37087"
"Кількість живонароджених","Дніпропетровська","Місячна","2013-M01","3192"
"Кількість живонароджених","Дніпропетровська","Місячна","2013-M02","5890"
"Кількість живонароджених","Дніпропетровська","Місячна","2013-M03","8557"
"Кількість живонароджених","Дніпропетровська","Місячна","2013-M04","11417"
"Кількість живонароджених","Дніпропетровська","Місячна","2013-M05","14171"
"Кількість живонароджених","Дніпропетровська","Місячна","2013-M06","16691"
"Кількість живонароджених","Дніпропетровська","Місячна","2013-M07","20364"
"Кількість живонароджених","Дніпропетровська","Місячна","2013-M08","23521"
"Кількість живонароджених","Дніпропетровська","Місячна","2013-M09","26478"
"Кількість живонароджених","Дніпропетровська","Місячна","2013-M10","30030"
"Кількість живонароджених","Дніпропетровська","Місячна","2013-M11","33189"
"Кількість живонароджених","Дніпропетровська","Місячна","2013-M12","36134"
"Кількість живонароджених","Дніпропетровська","Місячна","2014-M01","2935"
"Кількість живонароджених","Дніпропетровська","Місячна","2014-M02","5831"
"Кількість живонароджених","Дніпропетровська","Місячна","2014-M03","8585"
"Кількість живонароджених","Дніпропетровська","Місячна","2014-M04","11627"
"Кількість живонароджених","Дніпропетровська","Місячна","2014-M05","14696"
"Кількість живонароджених","Дніпропетровська","Місячна","2014-M06","17477"
"Кількість живонароджених","Дніпропетровська","Місячна","2014-M07","21057"
"Кількість живонароджених","Дніпропетровська","Місячна","2014-M08","24231"
"Кількість живонароджених","Дніпропетровська","Місячна","2014-M09","27452"
"Кількість живонароджених","Дніпропетровська","Місячна","2014-M10","30929"
"Кількість живонароджених","Дніпропетровська","Місячна","2014-M11","33639"
"Кількість живонароджених","Дніпропетровська","Місячна","2014-M12","36497"
"Кількість живонароджених","Дніпропетровська","Місячна","2015-M01","2840"
"Кількість живонароджених","Дніпропетровська","Місячна","2015-M02","5516"
"Кількість живонароджених","Дніпропетровська","Місячна","2015-M03","8400"
"Кількість живонароджених","Дніпропетровська","Місячна","2015-M04","11169"
"Кількість живонароджених","Дніпропетровська","Місячна","2015-M05","13717"
"Кількість живонароджених","Дніпропетровська","Місячна","2015-M06","16340"
"Кількість живонароджених","Дніпропетровська","Місячна","2015-M07","19637"
"Кількість живонароджених","Дніпропетровська","Місячна","2015-M08","22429"
"Кількість живонароджених","Дніпропетровська","Місячна","2015-M09","25556"
"Кількість живонароджених","Дніпропетровська","Місячна","2015-M10","28298"
"Кількість живонароджених","Дніпропетровська","Місячна","2015-M11","30620"
"Кількість живонароджених","Дніпропетровська","Місячна","2015-M12","33425"
"Кількість живонароджених","Дніпропетровська","Місячна","2016-M01","2338"
"Кількість живонароджених","Дніпропетровська","Місячна","2016-M02","4839"
"Кількість живонароджених","Дніпропетровська","Місячна","2016-M03","7572"
"Кількість живонароджених","Дніпропетровська","Місячна","2016-M04","9973"
"Кількість живонароджених","Дніпропетровська","Місячна","2016-M05","12372"
"Кількість живонароджених","Дніпропетровська","Місячна","2016-M06","14738"
"Кількість живонароджених","Дніпропетровська","Місячна","2016-M07","17623"
"Кількість живонароджених","Дніпропетровська","Місячна","2016-M08","20520"
"Кількість живонароджених","Дніпропетровська","Місячна","2016-M09","23296"
"Кількість живонароджених","Дніпропетровська","Місячна","2016-M10","25788"
"Кількість живонароджених","Дніпропетровська","Місячна","2016-M11","28473"
"Кількість живонароджених","Дніпропетровська","Місячна","2016-M12","31000"
"Кількість живонароджених","Дніпропетровська","Місячна","2017-M01","2340"
"Кількість живонароджених","Дніпропетровська","Місячна","2017-M02","4549"
"Кількість живонароджених","Дніпропетровська","Місячна","2017-M03","6953"
"Кількість живонароджених","Дніпропетровська","Місячна","2017-M04","8956"
"Кількість живонароджених","Дніпропетровська","Місячна","2017-M05","11158"
"Кількість живонароджених","Дніпропетровська","Місячна","2017-M06","13339"
"Кількість живонароджених","Дніпропетровська","Місячна","2017-M07","15917"
"Кількість живонароджених","Дніпропетровська","Місячна","2017-M08","18551"
"Кількість живонароджених","Дніпропетровська","Місячна","2017-M09","20803"
"Кількість живонароджених","Дніпропетровська","Місячна","2017-M10","23112"
"Кількість живонароджених","Дніпропетровська","Місячна","2017-M11","25327"
"Кількість живонароджених","Дніпропетровська","Місячна","2017-M12","27504"
"Кількість живонароджених","Дніпропетровська","Місячна","2018-M01","2296"
"Кількість живонароджених","Дніпропетровська","Місячна","2018-M02","4376"
"Кількість живонароджених","Дніпропетровська","Місячна","2018-M03","6458"
"Кількість живонароджених","Дніпропетровська","Місячна","2018-M04","8363"
"Кількість живонароджених","Дніпропетровська","Місячна","2018-M05","10411"
"Кількість живонароджених","Дніпропетровська","Місячна","2018-M06","12389"
"Кількість живонароджених","Дніпропетровська","Місячна","2018-M07","14741"
"Кількість живонароджених","Дніпропетровська","Місячна","2018-M08","17003"
"Кількість живонароджених","Дніпропетровська","Місячна","2018-M09","19060"
"Кількість живонароджених","Дніпропетровська","Місячна","2018-M10","21334"
"Кількість живонароджених","Дніпропетровська","Місячна","2018-M11","23316"
"Кількість живонароджених","Дніпропетровська","Місячна","2018-M12","25121"
"Кількість живонароджених","Дніпропетровська","Місячна","2019-M01","2104"
"Кількість живонароджених","Дніпропетровська","Місячна","2019-M02","3915"
"Кількість живонароджених","Дніпропетровська","Місячна","2019-M03","5715"
"Кількість живонароджених","Дніпропетровська","Місячна","2019-M04","7420"
"Кількість живонароджених","Дніпропетровська","Місячна","2019-M05","9329"
"Кількість живонароджених","Дніпропетровська","Місячна","2019-M06","10927"
"Кількість живонароджених","Дніпропетровська","Місячна","2019-M07","13133"
"Кількість живонароджених","Дніпропетровська","Місячна","2019-M08","15193"
"Кількість живонароджених","Дніпропетровська","Місячна","2019-M09","17086"
"Кількість живонароджених","Дніпропетровська","Місячна","2019-M10","19106"
"Кількість живонароджених","Дніпропетровська","Місячна","2019-M11","20852"
"Кількість живонароджених","Дніпропетровська","Місячна","2019-M12","22526"
"Кількість живонароджених","Дніпропетровська","Місячна","2020-M01","2038"
"Кількість живонароджених","Дніпропетровська","Місячна","2020-M02","3667"
"Кількість живонароджених","Дніпропетровська","Місячна","2020-M03","5122"
"Кількість живонароджених","Дніпропетровська","Місячна","2020-M04","6912"
"Кількість живонароджених","Дніпропетровська","Місячна","2020-M05","8556"
"Кількість живонароджених","Дніпропетровська","Місячна","2020-M06","10290"
"Кількість живонароджених","Дніпропетровська","Місячна","2020-M07","12402"
"Кількість живонароджених","Дніпропетровська","Місячна","2020-M08","14150"
"Кількість живонароджених","Дніпропетровська","Місячна","2020-M09","16140"
"Кількість живонароджених","Дніпропетровська","Місячна","2020-M10","17898"
"Кількість живонароджених","Дніпропетровська","Місячна","2020-M11","19525"
"Кількість живонароджених","Дніпропетровська","Місячна","2020-M12","21309"
"Кількість живонароджених","Дніпропетровська","Місячна","2021-M01","1582"
"Кількість живонароджених","Дніпропетровська","Місячна","2021-M02","3163"
"Кількість живонароджених","Дніпропетровська","Місячна","2021-M03","4895"
"Кількість живонароджених","Дніпропетровська","Місячна","2021-M04","6401"
"Кількість живонароджених","Дніпропетровська","Місячна","2021-M05","7888"
"Кількість живонароджених","Дніпропетровська","Місячна","2021-M06","9617"
"Кількість живонароджених","Дніпропетровська","Місячна","2021-M07","11261"
"Кількість живонароджених","Дніпропетровська","Місячна","2021-M08","13120"
"Кількість живонароджених","Дніпропетровська","Місячна","2021-M09","14854"
"Кількість живонароджених","Дніпропетровська","Місячна","2021-M10","16514"
"Кількість живонароджених","Дніпропетровська","Місячна","2021-M11","18057"
"Кількість живонароджених","Дніпропетровська","Місячна","2021-M12","19508"
"Кількість живонароджених","Дніпропетровська","Місячна","2022-M01","1351"
"Кількість живонароджених","Дніпропетровська","Місячна","2022-M02",""
"Кількість живонароджених","Дніпропетровська","Місячна","2022-M03",""
"Кількість живонароджених","Дніпропетровська","Місячна","2022-M04",""
"Кількість живонароджених","Дніпропетровська","Місячна","2022-M05",""
"Кількість живонароджених","Дніпропетровська","Місячна","2022-M06",""
"Кількість живонароджених","Дніпропетровська","Місячна","2022-M07",""
"Кількість живонароджених","Дніпропетровська","Місячна","2022-M08",""
"Кількість живонароджених","Дніпропетровська","Місячна","2022-M09",""
"Кількість живонароджених","Дніпропетровська","Місячна","2022-M10",""
"Кількість живонароджених","Дніпропетровська","Місячна","2022-M11",""
"Кількість живонароджених","Дніпропетровська","Місячна","2022-M12",""
"Кількість живонароджених","Донецька","Місячна","2005-M01","2715"
"Кількість живонароджених","Донецька","Місячна","2005-M02","5439"
"Кількість живонароджених","Донецька","Місячна","2005-M03","8387"
"Кількість живонароджених","Донецька","Місячна","2005-M04","11348"
"Кількість живонароджених","Донецька","Місячна","2005-M05","14279"
"Кількість живонароджених","Донецька","Місячна","2005-M06","16966"
"Кількість живонароджених","Донецька","Місячна","2005-M07","20204"
"Кількість живонароджених","Донецька","Місячна","2005-M08","23584"
"Кількість живонароджених","Донецька","Місячна","2005-M09","26714"
"Кількість живонароджених","Донецька","Місячна","2005-M10","29842"
"Кількість живонароджених","Донецька","Місячна","2005-M11","32742"
"Кількість живонароджених","Донецька","Місячна","2005-M12","35883"
"Кількість живонароджених","Донецька","Місячна","2006-M01","2888"
"Кількість живонароджених","Донецька","Місячна","2006-M02","5902"
"Кількість живонароджених","Донецька","Місячна","2006-M03","9004"
"Кількість живонароджених","Донецька","Місячна","2006-M04","12050"
"Кількість живонароджених","Донецька","Місячна","2006-M05","15322"
"Кількість живонароджених","Донецька","Місячна","2006-M06","18437"
"Кількість живонароджених","Донецька","Місячна","2006-M07","22001"
"Кількість живонароджених","Донецька","Місячна","2006-M08","25676"
"Кількість живонароджених","Донецька","Місячна","2006-M09","29075"
"Кількість живонароджених","Донецька","Місячна","2006-M10","32680"
"Кількість живонароджених","Донецька","Місячна","2006-M11","36102"
"Кількість живонароджених","Донецька","Місячна","2006-M12","39327"
"Кількість живонароджених","Донецька","Місячна","2007-M01","3272"
"Кількість живонароджених","Донецька","Місячна","2007-M02","6437"
"Кількість живонароджених","Донецька","Місячна","2007-M03","9550"
"Кількість живонароджених","Донецька","Місячна","2007-M04","12564"
"Кількість живонароджених","Донецька","Місячна","2007-M05","15934"
"Кількість живонароджених","Донецька","Місячна","2007-M06","18898"
"Кількість живонароджених","Донецька","Місячна","2007-M07","22857"
"Кількість живонароджених","Донецька","Місячна","2007-M08","26696"
"Кількість живонароджених","Донецька","Місячна","2007-M09","30155"
"Кількість живонароджених","Донецька","Місячна","2007-M10","34143"
"Кількість живонароджених","Донецька","Місячна","2007-M11","37452"
"Кількість живонароджених","Донецька","Місячна","2007-M12","40560"
"Кількість живонароджених","Донецька","Місячна","2008-M01","3724"
"Кількість живонароджених","Донецька","Місячна","2008-M02","7177"
"Кількість живонароджених","Донецька","Місячна","2008-M03","10272"
"Кількість живонароджених","Донецька","Місячна","2008-M04","13469"
"Кількість живонароджених","Донецька","Місячна","2008-M05","16856"
"Кількість живонароджених","Донецька","Місячна","2008-M06","20040"
"Кількість живонароджених","Донецька","Місячна","2008-M07","24540"
"Кількість живонароджених","Донецька","Місячна","2008-M08","28505"
"Кількість живонароджених","Донецька","Місячна","2008-M09","32598"
"Кількість живонароджених","Донецька","Місячна","2008-M10","36866"
"Кількість живонароджених","Донецька","Місячна","2008-M11","40456"
"Кількість живонароджених","Донецька","Місячна","2008-M12","44394"
"Кількість живонароджених","Донецька","Місячна","2009-M01","3549"
"Кількість живонароджених","Донецька","Місячна","2009-M02","7076"
"Кількість живонароджених","Донецька","Місячна","2009-M03","10826"
"Кількість живонароджених","Донецька","Місячна","2009-M04","14326"
"Кількість живонароджених","Донецька","Місячна","2009-M05","17669"
"Кількість живонароджених","Донецька","Місячна","2009-M06","21190"
"Кількість живонароджених","Донецька","Місячна","2009-M07","25366"
"Кількість живонароджених","Донецька","Місячна","2009-M08","29200"
"Кількість живонароджених","Донецька","Місячна","2009-M09","32953"
"Кількість живонароджених","Донецька","Місячна","2009-M10","36724"
"Кількість живонароджених","Донецька","Місячна","2009-M11","40051"
"Кількість живонароджених","Донецька","Місячна","2009-M12","43373"
"Кількість живонароджених","Донецька","Місячна","2010-M01","3186"
"Кількість живонароджених","Донецька","Місячна","2010-M02","6505"
"Кількість живонароджених","Донецька","Місячна","2010-M03","9965"
"Кількість живонароджених","Донецька","Місячна","2010-M04","13162"
"Кількість живонароджених","Донецька","Місячна","2010-M05","16209"
"Кількість живонароджених","Донецька","Місячна","2010-M06","19683"
"Кількість живонароджених","Донецька","Місячна","2010-M07","23611"
"Кількість живонароджених","Донецька","Місячна","2010-M08","27321"
"Кількість живонароджених","Донецька","Місячна","2010-M09","30820"
"Кількість живонароджених","Донецька","Місячна","2010-M10","34285"
"Кількість живонароджених","Донецька","Місячна","2010-M11","37778"
"Кількість живонароджених","Донецька","Місячна","2010-M12","41258"
"Кількість живонароджених","Донецька","Місячна","2011-M01","3451"
"Кількість живонароджених","Донецька","Місячна","2011-M02","6657"
"Кількість живонароджених","Донецька","Місячна","2011-M03","10104"
"Кількість живонароджених","Донецька","Місячна","2011-M04","13119"
"Кількість живонароджених","Донецька","Місячна","2011-M05","16156"
"Кількість живонароджених","Донецька","Місячна","2011-M06","19240"
"Кількість живонароджених","Донецька","Місячна","2011-M07","23290"
"Кількість живонароджених","Донецька","Місячна","2011-M08","27326"
"Кількість живонароджених","Донецька","Місячна","2011-M09","31061"
"Кількість живонароджених","Донецька","Місячна","2011-M10","34544"
"Кількість живонароджених","Донецька","Місячна","2011-M11","38261"
"Кількість живонароджених","Донецька","Місячна","2011-M12","41720"
"Кількість живонароджених","Донецька","Місячна","2012-M01","3452"
"Кількість живонароджених","Донецька","Місячна","2012-M02","6956"
"Кількість живонароджених","Донецька","Місячна","2012-M03","10394"
"Кількість живонароджених","Донецька","Місячна","2012-M04","13540"
"Кількість живонароджених","Донецька","Місячна","2012-M05","17108"
"Кількість живонароджених","Донецька","Місячна","2012-M06","20470"
"Кількість живонароджених","Донецька","Місячна","2012-M07","24657"
"Кількість живонароджених","Донецька","Місячна","2012-M08","28609"
"Кількість живонароджених","Донецька","Місячна","2012-M09","32146"
"Кількість живонароджених","Донецька","Місячна","2012-M10","36154"
"Кількість живонароджених","Донецька","Місячна","2012-M11","39626"
"Кількість живонароджених","Донецька","Місячна","2012-M12","42839"
"Кількість живонароджених","Донецька","Місячна","2013-M01","3497"
"Кількість живонароджених","Донецька","Місячна","2013-M02","6664"
"Кількість живонароджених","Донецька","Місячна","2013-M03","9789"
"Кількість живонароджених","Донецька","Місячна","2013-M04","12957"
"Кількість живонароджених","Донецька","Місячна","2013-M05","16216"
"Кількість живонароджених","Донецька","Місячна","2013-M06","19241"
"Кількість живонароджених","Донецька","Місячна","2013-M07","23242"
"Кількість живонароджених","Донецька","Місячна","2013-M08","26975"
"Кількість живонароджених","Донецька","Місячна","2013-M09","30375"
"Кількість живонароджених","Донецька","Місячна","2013-M10","34292"
"Кількість живонароджених","Донецька","Місячна","2013-M11","37755"
"Кількість живонароджених","Донецька","Місячна","2013-M12","41034"
"Кількість живонароджених","Донецька","Місячна","2014-M01","3400"
"Кількість живонароджених","Донецька","Місячна","2014-M02","6711"
"Кількість живонароджених","Донецька","Місячна","2014-M03","9939"
"Кількість живонароджених","Донецька","Місячна","2014-M04","13312"
"Кількість живонароджених","Донецька","Місячна","2014-M05","16549"
"Кількість живонароджених","Донецька","Місячна","2014-M06","19663"
"Кількість живонароджених","Донецька","Місячна","2014-M07","22079"
"Кількість живонароджених","Донецька","Місячна","2014-M08","24732"
"Кількість живонароджених","Донецька","Місячна","2014-M09","27805"
"Кількість живонароджених","Донецька","Місячна","2014-M10","30844"
"Кількість живонароджених","Донецька","Місячна","2014-M11","33128"
"Кількість живонароджених","Донецька","Місячна","2014-M12","35468"
"Кількість живонароджених","Донецька","Місячна","2015-M01","1503"
"Кількість живонароджених","Донецька","Місячна","2015-M02","2998"
"Кількість живонароджених","Донецька","Місячна","2015-M03","4345"
"Кількість живонароджених","Донецька","Місячна","2015-M04","5772"
"Кількість живонароджених","Донецька","Місячна","2015-M05","6965"
"Кількість живонароджених","Донецька","Місячна","2015-M06","8242"
"Кількість живонароджених","Донецька","Місячна","2015-M07","9807"
"Кількість живонароджених","Донецька","Місячна","2015-M08","11128"
"Кількість живонароджених","Донецька","Місячна","2015-M09","12657"
"Кількість живонароджених","Донецька","Місячна","2015-M10","14184"
"Кількість живонароджених","Донецька","Місячна","2015-M11","15608"
"Кількість живонароджених","Донецька","Місячна","2015-M12","16897"
"Кількість живонароджених","Донецька","Місячна","2016-M01","1256"
"Кількість живонароджених","Донецька","Місячна","2016-M02","2579"
"Кількість живонароджених","Донецька","Місячна","2016-M03","4374"
"Кількість живонароджених","Донецька","Місячна","2016-M04","6021"
"Кількість живонароджених","Донецька","Місячна","2016-M05","7530"
"Кількість живонароджених","Донецька","Місячна","2016-M06","9137"
"Кількість живонароджених","Донецька","Місячна","2016-M07","11002"
"Кількість живонароджених","Донецька","Місячна","2016-M08","12875"
"Кількість живонароджених","Донецька","Місячна","2016-M09","14554"
"Кількість живонароджених","Донецька","Місячна","2016-M10","16127"
"Кількість живонароджених","Донецька","Місячна","2016-M11","17772"
"Кількість живонароджених","Донецька","Місячна","2016-M12","19321"
"Кількість живонароджених","Донецька","Місячна","2017-M01","1439"
"Кількість живонароджених","Донецька","Місячна","2017-M02","2811"
"Кількість живонароджених","Донецька","Місячна","2017-M03","4312"
"Кількість живонароджених","Донецька","Місячна","2017-M04","5494"
"Кількість живонароджених","Донецька","Місячна","2017-M05","6848"
"Кількість живонароджених","Донецька","Місячна","2017-M06","8201"
"Кількість живонароджених","Донецька","Місячна","2017-M07","9884"
"Кількість живонароджених","Донецька","Місячна","2017-M08","11636"
"Кількість живонароджених","Донецька","Місячна","2017-M09","13179"
"Кількість живонароджених","Донецька","Місячна","2017-M10","14727"
"Кількість живонароджених","Донецька","Місячна","2017-M11","16249"
"Кількість живонароджених","Донецька","Місячна","2017-M12","17691"
"Кількість живонароджених","Донецька","Місячна","2018-M01","1323"
"Кількість живонароджених","Донецька","Місячна","2018-M02","2510"
"Кількість живонароджених","Донецька","Місячна","2018-M03","3798"
"Кількість живонароджених","Донецька","Місячна","2018-M04","4973"
"Кількість живонароджених","Донецька","Місячна","2018-M05","6266"
"Кількість живонароджених","Донецька","Місячна","2018-M06","7490"
"Кількість живонароджених","Донецька","Місячна","2018-M07","9013"
"Кількість живонароджених","Донецька","Місячна","2018-M08","10545"
"Кількість живонароджених","Донецька","Місячна","2018-M09","11926"
"Кількість живонароджених","Донецька","Місячна","2018-M10","13386"
"Кількість живонароджених","Донецька","Місячна","2018-M11","14751"
"Кількість живонароджених","Донецька","Місячна","2018-M12","15894"
"Кількість живонароджених","Донецька","Місячна","2019-M01","1237"
"Кількість живонароджених","Донецька","Місячна","2019-M02","2302"
"Кількість живонароджених","Донецька","Місячна","2019-M03","3519"
"Кількість живонароджених","Донецька","Місячна","2019-M04","4658"
"Кількість живонароджених","Донецька","Місячна","2019-M05","5970"
"Кількість живонароджених","Донецька","Місячна","2019-M06","7070"
"Кількість живонароджених","Донецька","Місячна","2019-M07","8483"
"Кількість живонароджених","Донецька","Місячна","2019-M08","9876"
"Кількість живонароджених","Донецька","Місячна","2019-M09","11067"
"Кількість живонароджених","Донецька","Місячна","2019-M10","12484"
"Кількість живонароджених","Донецька","Місячна","2019-M11","13747"
"Кількість живонароджених","Донецька","Місячна","2019-M12","14674"
"Кількість живонароджених","Донецька","Місячна","2020-M01","1182"
"Кількість живонароджених","Донецька","Місячна","2020-M02","2161"
"Кількість живонароджених","Донецька","Місячна","2020-M03","2983"
"Кількість живонароджених","Донецька","Місячна","2020-M04","3726"
"Кількість живонароджених","Донецька","Місячна","2020-M05","4507"
"Кількість живонароджених","Донецька","Місячна","2020-M06","5309"
"Кількість живонароджених","Донецька","Місячна","2020-M07","6374"
"Кількість живонароджених","Донецька","Місячна","2020-M08","7271"
"Кількість живонароджених","Донецька","Місячна","2020-M09","8288"
"Кількість живонароджених","Донецька","Місячна","2020-M10","9281"
"Кількість живонароджених","Донецька","Місячна","2020-M11","10049"
"Кількість живонароджених","Донецька","Місячна","2020-M12","11036"
"Кількість живонароджених","Донецька","Місячна","2021-M01","828"
"Кількість живонароджених","Донецька","Місячна","2021-M02","1581"
"Кількість живонароджених","Донецька","Місячна","2021-M03","2505"
"Кількість живонароджених","Донецька","Місячна","2021-M04","3355"
"Кількість живонароджених","Донецька","Місячна","2021-M05","4124"
"Кількість живонароджених","Донецька","Місячна","2021-M06","4928"
"Кількість живонароджених","Донецька","Місячна","2021-M07","5856"
"Кількість живонароджених","Донецька","Місячна","2021-M08","6727"
"Кількість живонароджених","Донецька","Місячна","2021-M09","7636"
"Кількість живонароджених","Донецька","Місячна","2021-M10","8493"
"Кількість живонароджених","Донецька","Місячна","2021-M11","9360"
"Кількість живонароджених","Донецька","Місячна","2021-M12","10134"
"Кількість живонароджених","Донецька","Місячна","2022-M01","633"
"Кількість живонароджених","Донецька","Місячна","2022-M02",""
"Кількість живонароджених","Донецька","Місячна","2022-M03",""
"Кількість живонароджених","Донецька","Місячна","2022-M04",""
"Кількість живонароджених","Донецька","Місячна","2022-M05",""
"Кількість живонароджених","Донецька","Місячна","2022-M06",""
"Кількість живонароджених","Донецька","Місячна","2022-M07",""
"Кількість живонароджених","Донецька","Місячна","2022-M08",""
"Кількість живонароджених","Донецька","Місячна","2022-M09",""
"Кількість живонароджених","Донецька","Місячна","2022-M10",""
"Кількість живонароджених","Донецька","Місячна","2022-M11",""
"Кількість живонароджених","Донецька","Місячна","2022-M12",""
"Кількість живонароджених","Закарпатська","Місячна","2005-M01","1312"
"Кількість живонароджених","Закарпатська","Місячна","2005-M02","2468"
"Кількість живонароджених","Закарпатська","Місячна","2005-M03","3687"
"Кількість живонароджених","Закарпатська","Місячна","2005-M04","4892"
"Кількість живонароджених","Закарпатська","Місячна","2005-M05","6125"
"Кількість живонароджених","Закарпатська","Місячна","2005-M06","7299"
"Кількість живонароджених","Закарпатська","Місячна","2005-M07","8722"
"Кількість живонароджених","Закарпатська","Місячна","2005-M08","10109"
"Кількість живонароджених","Закарпатська","Місячна","2005-M09","11546"
"Кількість живонароджених","Закарпатська","Місячна","2005-M10","13038"
"Кількість живонароджених","Закарпатська","Місячна","2005-M11","14445"
"Кількість живонароджених","Закарпатська","Місячна","2005-M12","15750"
"Кількість живонароджених","Закарпатська","Місячна","2006-M01","1172"
"Кількість живонароджених","Закарпатська","Місячна","2006-M02","2484"
"Кількість живонароджених","Закарпатська","Місячна","2006-M03","3775"
"Кількість живонароджених","Закарпатська","Місячна","2006-M04","4934"
"Кількість живонароджених","Закарпатська","Місячна","2006-M05","6330"
"Кількість живонароджених","Закарпатська","Місячна","2006-M06","7621"
"Кількість живонароджених","Закарпатська","Місячна","2006-M07","9019"
"Кількість живонароджених","Закарпатська","Місячна","2006-M08","10508"
"Кількість живонароджених","Закарпатська","Місячна","2006-M09","11986"
"Кількість живонароджених","Закарпатська","Місячна","2006-M10","13644"
"Кількість живонароджених","Закарпатська","Місячна","2006-M11","15165"
"Кількість живонароджених","Закарпатська","Місячна","2006-M12","16530"
"Кількість живонароджених","Закарпатська","Місячна","2007-M01","1445"
"Кількість живонароджених","Закарпатська","Місячна","2007-M02","2724"
"Кількість живонароджених","Закарпатська","Місячна","2007-M03","3974"
"Кількість живонароджених","Закарпатська","Місячна","2007-M04","5165"
"Кількість живонароджених","Закарпатська","Місячна","2007-M05","6567"
"Кількість живонароджених","Закарпатська","Місячна","2007-M06","7928"
"Кількість живонароджених","Закарпатська","Місячна","2007-M07","9381"
"Кількість живонароджених","Закарпатська","Місячна","2007-M08","11015"
"Кількість живонароджених","Закарпатська","Місячна","2007-M09","12490"
"Кількість живонароджених","Закарпатська","Місячна","2007-M10","14248"
"Кількість живонароджених","Закарпатська","Місячна","2007-M11","15624"
"Кількість живонароджених","Закарпатська","Місячна","2007-M12","16833"
"Кількість живонароджених","Закарпатська","Місячна","2008-M01","1621"
"Кількість живонароджених","Закарпатська","Місячна","2008-M02","2960"
"Кількість живонароджених","Закарпатська","Місячна","2008-M03","4190"
"Кількість живонароджених","Закарпатська","Місячна","2008-M04","5429"
"Кількість живонароджених","Закарпатська","Місячна","2008-M05","6948"
"Кількість живонароджених","Закарпатська","Місячна","2008-M06","8170"
"Кількість живонароджених","Закарпатська","Місячна","2008-M07","9844"
"Кількість живонароджених","Закарпатська","Місячна","2008-M08","11566"
"Кількість живонароджених","Закарпатська","Місячна","2008-M09","13367"
"Кількість живонароджених","Закарпатська","Місячна","2008-M10","15266"
"Кількість живонароджених","Закарпатська","Місячна","2008-M11","16758"
"Кількість живонароджених","Закарпатська","Місячна","2008-M12","18292"
"Кількість живонароджених","Закарпатська","Місячна","2009-M01","1525"
"Кількість живонароджених","Закарпатська","Місячна","2009-M02","3016"
"Кількість живонароджених","Закарпатська","Місячна","2009-M03","4462"
"Кількість живонароджених","Закарпатська","Місячна","2009-M04","5876"
"Кількість живонароджених","Закарпатська","Місячна","2009-M05","7326"
"Кількість живонароджених","Закарпатська","Місячна","2009-M06","8649"
"Кількість живонароджених","Закарпатська","Місячна","2009-M07","10262"
"Кількість живонароджених","Закарпатська","Місячна","2009-M08","11822"
"Кількість живонароджених","Закарпатська","Місячна","2009-M09","13531"
"Кількість живонароджених","Закарпатська","Місячна","2009-M10","15357"
"Кількість живонароджених","Закарпатська","Місячна","2009-M11","16806"
"Кількість живонароджених","Закарпатська","Місячна","2009-M12","18219"
"Кількість живонароджених","Закарпатська","Місячна","2010-M01","1519"
"Кількість живонароджених","Закарпатська","Місячна","2010-M02","2937"
"Кількість живонароджених","Закарпатська","Місячна","2010-M03","4424"
"Кількість живонароджених","Закарпатська","Місячна","2010-M04","5836"
"Кількість живонароджених","Закарпатська","Місячна","2010-M05","7194"
"Кількість живонароджених","Закарпатська","Місячна","2010-M06","8666"
"Кількість живонароджених","Закарпатська","Місячна","2010-M07","10286"
"Кількість живонароджених","Закарпатська","Місячна","2010-M08","11769"
"Кількість живонароджених","Закарпатська","Місячна","2010-M09","13430"
"Кількість живонароджених","Закарпатська","Місячна","2010-M10","15208"
"Кількість живонароджених","Закарпатська","Місячна","2010-M11","16792"
"Кількість живонароджених","Закарпатська","Місячна","2010-M12","18301"
"Кількість живонароджених","Закарпатська","Місячна","2011-M01","1620"
"Кількість живонароджених","Закарпатська","Місячна","2011-M02","2943"
"Кількість живонароджених","Закарпатська","Місячна","2011-M03","4364"
"Кількість живонароджених","Закарпатська","Місячна","2011-M04","5614"
"Кількість живонароджених","Закарпатська","Місячна","2011-M05","6958"
"Кількість живонароджених","Закарпатська","Місячна","2011-M06","8291"
"Кількість живонароджених","Закарпатська","Місячна","2011-M07","9973"
"Кількість живонароджених","Закарпатська","Місячна","2011-M08","11731"
"Кількість живонароджених","Закарпатська","Місячна","2011-M09","13491"
"Кількість живонароджених","Закарпатська","Місячна","2011-M10","15304"
"Кількість живонароджених","Закарпатська","Місячна","2011-M11","16986"
"Кількість живонароджених","Закарпатська","Місячна","2011-M12","18460"
"Кількість живонароджених","Закарпатська","Місячна","2012-M01","1634"
"Кількість живонароджених","Закарпатська","Місячна","2012-M02","3116"
"Кількість живонароджених","Закарпатська","Місячна","2012-M03","4557"
"Кількість живонароджених","Закарпатська","Місячна","2012-M04","5876"
"Кількість живонароджених","Закарпатська","Місячна","2012-M05","7465"
"Кількість живонароджених","Закарпатська","Місячна","2012-M06","8869"
"Кількість живонароджених","Закарпатська","Місячна","2012-M07","10428"
"Кількість живонароджених","Закарпатська","Місячна","2012-M08","12249"
"Кількість живонароджених","Закарпатська","Місячна","2012-M09","14030"
"Кількість живонароджених","Закарпатська","Місячна","2012-M10","15943"
"Кількість живонароджених","Закарпатська","Місячна","2012-M11","17646"
"Кількість живонароджених","Закарпатська","Місячна","2012-M12","18968"
"Кількість живонароджених","Закарпатська","Місячна","2013-M01","1718"
"Кількість живонароджених","Закарпатська","Місячна","2013-M02","2957"
"Кількість живонароджених","Закарпатська","Місячна","2013-M03","4317"
"Кількість живонароджених","Закарпатська","Місячна","2013-M04","5646"
"Кількість живонароджених","Закарпатська","Місячна","2013-M05","7099"
"Кількість живонароджених","Закарпатська","Місячна","2013-M06","8373"
"Кількість живонароджених","Закарпатська","Місячна","2013-M07","10030"
"Кількість живонароджених","Закарпатська","Місячна","2013-M08","11758"
"Кількість живонароджених","Закарпатська","Місячна","2013-M09","13485"
"Кількість живонароджених","Закарпатська","Місячна","2013-M10","15567"
"Кількість живонароджених","Закарпатська","Місячна","2013-M11","17149"
"Кількість живонароджених","Закарпатська","Місячна","2013-M12","18491"
"Кількість живонароджених","Закарпатська","Місячна","2014-M01","1540"
"Кількість живонароджених","Закарпатська","Місячна","2014-M02","3013"
"Кількість живонароджених","Закарпатська","Місячна","2014-M03","4308"
"Кількість живонароджених","Закарпатська","Місячна","2014-M04","5702"
"Кількість живонароджених","Закарпатська","Місячна","2014-M05","7112"
"Кількість живонароджених","Закарпатська","Місячна","2014-M06","8564"
"Кількість живонароджених","Закарпатська","Місячна","2014-M07","10309"
"Кількість живонароджених","Закарпатська","Місячна","2014-M08","11900"
"Кількість живонароджених","Закарпатська","Місячна","2014-M09","13706"
"Кількість живонароджених","Закарпатська","Місячна","2014-M10","15610"
"Кількість живонароджених","Закарпатська","Місячна","2014-M11","17031"
"Кількість живонароджених","Закарпатська","Місячна","2014-M12","18377"
"Кількість живонароджених","Закарпатська","Місячна","2015-M01","1574"
"Кількість живонароджених","Закарпатська","Місячна","2015-M02","2853"
"Кількість живонароджених","Закарпатська","Місячна","2015-M03","4201"
"Кількість живонароджених","Закарпатська","Місячна","2015-M04","5520"
"Кількість живонароджених","Закарпатська","Місячна","2015-M05","6767"
"Кількість живонароджених","Закарпатська","Місячна","2015-M06","8057"
"Кількість живонароджених","Закарпатська","Місячна","2015-M07","9604"
"Кількість живонароджених","Закарпатська","Місячна","2015-M08","11029"
"Кількість живонароджених","Закарпатська","Місячна","2015-M09","12629"
"Кількість живонароджених","Закарпатська","Місячна","2015-M10","14322"
"Кількість живонароджених","Закарпатська","Місячна","2015-M11","15525"
"Кількість живонароджених","Закарпатська","Місячна","2015-M12","16788"
"Кількість живонароджених","Закарпатська","Місячна","2016-M01","1429"
"Кількість живонароджених","Закарпатська","Місячна","2016-M02","2657"
"Кількість живонароджених","Закарпатська","Місячна","2016-M03","3967"
"Кількість живонароджених","Закарпатська","Місячна","2016-M04","5104"
"Кількість живонароджених","Закарпатська","Місячна","2016-M05","6259"
"Кількість живонароджених","Закарпатська","Місячна","2016-M06","7451"
"Кількість живонароджених","Закарпатська","Місячна","2016-M07","8887"
"Кількість живонароджених","Закарпатська","Місячна","2016-M08","10423"
"Кількість живонароджених","Закарпатська","Місячна","2016-M09","11996"
"Кількість живонароджених","Закарпатська","Місячна","2016-M10","13487"
"Кількість живонароджених","Закарпатська","Місячна","2016-M11","14862"
"Кількість живонароджених","Закарпатська","Місячна","2016-M12","16000"
"Кількість живонароджених","Закарпатська","Місячна","2017-M01","1197"
"Кількість живонароджених","Закарпатська","Місячна","2017-M02","2412"
"Кількість живонароджених","Закарпатська","Місячна","2017-M03","3620"
"Кількість живонароджених","Закарпатська","Місячна","2017-M04","4663"
"Кількість живонароджених","Закарпатська","Місячна","2017-M05","5896"
"Кількість живонароджених","Закарпатська","Місячна","2017-M06","7030"
"Кількість живонароджених","Закарпатська","Місячна","2017-M07","8284"
"Кількість живонароджених","Закарпатська","Місячна","2017-M08","9574"
"Кількість живонароджених","Закарпатська","Місячна","2017-M09","10872"
"Кількість живонароджених","Закарпатська","Місячна","2017-M10","12292"
"Кількість живонароджених","Закарпатська","Місячна","2017-M11","13528"
"Кількість живонароджених","Закарпатська","Місячна","2017-M12","14552"
"Кількість живонароджених","Закарпатська","Місячна","2018-M01","1319"
"Кількість живонароджених","Закарпатська","Місячна","2018-M02","2330"
"Кількість живонароджених","Закарпатська","Місячна","2018-M03","3459"
"Кількість живонароджених","Закарпатська","Місячна","2018-M04","4492"
"Кількість живонароджених","Закарпатська","Місячна","2018-M05","5566"
"Кількість живонароджених","Закарпатська","Місячна","2018-M06","6610"
"Кількість живонароджених","Закарпатська","Місячна","2018-M07","7848"
"Кількість живонароджених","Закарпатська","Місячна","2018-M08","9180"
"Кількість живонароджених","Закарпатська","Місячна","2018-M09","10459"
"Кількість живонароджених","Закарпатська","Місячна","2018-M10","11945"
"Кількість живонароджених","Закарпатська","Місячна","2018-M11","13012"
"Кількість живонароджених","Закарпатська","Місячна","2018-M12","13883"
"Кількість живонароджених","Закарпатська","Місячна","2019-M01","1250"
"Кількість живонароджених","Закарпатська","Місячна","2019-M02","2191"
"Кількість живонароджених","Закарпатська","Місячна","2019-M03","3142"
"Кількість живонароджених","Закарпатська","Місячна","2019-M04","4074"
"Кількість живонароджених","Закарпатська","Місячна","2019-M05","5221"
"Кількість живонароджених","Закарпатська","Місячна","2019-M06","6171"
"Кількість живонароджених","Закарпатська","Місячна","2019-M07","7367"
"Кількість живонароджених","Закарпатська","Місячна","2019-M08","8507"
"Кількість живонароджених","Закарпатська","Місячна","2019-M09","9738"
"Кількість живонароджених","Закарпатська","Місячна","2019-M10","11171"
"Кількість живонароджених","Закарпатська","Місячна","2019-M11","12196"
"Кількість живонароджених","Закарпатська","Місячна","2019-M12","13016"
"Кількість живонароджених","Закарпатська","Місячна","2020-M01","1278"
"Кількість живонароджених","Закарпатська","Місячна","2020-M02","2365"
"Кількість живонароджених","Закарпатська","Місячна","2020-M03","3289"
"Кількість живонароджених","Закарпатська","Місячна","2020-M04","4260"
"Кількість живонароджених","Закарпатська","Місячна","2020-M05","5400"
"Кількість живонароджених","Закарпатська","Місячна","2020-M06","6398"
"Кількість живонароджених","Закарпатська","Місячна","2020-M07","7671"
"Кількість живонароджених","Закарпатська","Місячна","2020-M08","8777"
"Кількість живонароджених","Закарпатська","Місячна","2020-M09","10106"
"Кількість живонароджених","Закарпатська","Місячна","2020-M10","11478"
"Кількість живонароджених","Закарпатська","Місячна","2020-M11","12469"
"Кількість живонароджених","Закарпатська","Місячна","2020-M12","13503"
"Кількість живонароджених","Закарпатська","Місячна","2021-M01","995"
"Кількість живонароджених","Закарпатська","Місячна","2021-M02","2061"
"Кількість живонароджених","Закарпатська","Місячна","2021-M03","3217"
"Кількість живонароджених","Закарпатська","Місячна","2021-M04","4207"
"Кількість живонароджених","Закарпатська","Місячна","2021-M05","5140"
"Кількість живонароджених","Закарпатська","Місячна","2021-M06","6148"
"Кількість живонароджених","Закарпатська","Місячна","2021-M07","7283"
"Кількість живонароджених","Закарпатська","Місячна","2021-M08","8284"
"Кількість живонароджених","Закарпатська","Місячна","2021-M09","9567"
"Кількість живонароджених","Закарпатська","Місячна","2021-M10","10780"
"Кількість живонароджених","Закарпатська","Місячна","2021-M11","11753"
"Кількість живонароджених","Закарпатська","Місячна","2021-M12","12631"
"Кількість живонароджених","Закарпатська","Місячна","2022-M01","826"
"Кількість живонароджених","Закарпатська","Місячна","2022-M02",""
"Кількість живонароджених","Закарпатська","Місячна","2022-M03",""
"Кількість живонароджених","Закарпатська","Місячна","2022-M04",""
"Кількість живонароджених","Закарпатська","Місячна","2022-M05",""
"Кількість живонароджених","Закарпатська","Місячна","2022-M06",""
"Кількість живонароджених","Закарпатська","Місячна","2022-M07",""
"Кількість живонароджених","Закарпатська","Місячна","2022-M08",""
"Кількість живонароджених","Закарпатська","Місячна","2022-M09",""
"Кількість живонароджених","Закарпатська","Місячна","2022-M10",""
"Кількість живонароджених","Закарпатська","Місячна","2022-M11",""
"Кількість живонароджених","Закарпатська","Місячна","2022-M12",""
"Кількість живонароджених","Житомирська","Місячна","2005-M01","1002"
"Кількість живонароджених","Житомирська","Місячна","2005-M02","1976"
"Кількість живонароджених","Житомирська","Місячна","2005-M03","3078"
"Кількість живонароджених","Житомирська","Місячна","2005-M04","4170"
"Кількість живонароджених","Житомирська","Місячна","2005-M05","5235"
"Кількість живонароджених","Житомирська","Місячна","2005-M06","6253"
"Кількість живонароджених","Житомирська","Місячна","2005-M07","7411"
"Кількість живонароджених","Житомирська","Місячна","2005-M08","8596"
"Кількість живонароджених","Житомирська","Місячна","2005-M09","9699"
"Кількість живонароджених","Житомирська","Місячна","2005-M10","10763"
"Кількість живонароджених","Житомирська","Місячна","2005-M11","11811"
"Кількість живонароджених","Житомирська","Місячна","2005-M12","12904"
"Кількість живонароджених","Житомирська","Місячна","2006-M01","993"
"Кількість живонароджених","Житомирська","Місячна","2006-M02","2109"
"Кількість живонароджених","Житомирська","Місячна","2006-M03","3199"
"Кількість живонароджених","Житомирська","Місячна","2006-M04","4240"
"Кількість живонароджених","Житомирська","Місячна","2006-M05","5489"
"Кількість живонароджених","Житомирська","Місячна","2006-M06","6599"
"Кількість живонароджених","Житомирська","Місячна","2006-M07","7814"
"Кількість живонароджених","Житомирська","Місячна","2006-M08","9083"
"Кількість живонароджених","Житомирська","Місячна","2006-M09","10244"
"Кількість живонароджених","Житомирська","Місячна","2006-M10","11363"
"Кількість живонароджених","Житомирська","Місячна","2006-M11","12547"
"Кількість живонароджених","Житомирська","Місячна","2006-M12","13654"
"Кількість живонароджених","Житомирська","Місячна","2007-M01","1103"
"Кількість живонароджених","Житомирська","Місячна","2007-M02","2226"
"Кількість живонароджених","Житомирська","Місячна","2007-M03","3399"
"Кількість живонароджених","Житомирська","Місячна","2007-M04","4480"
"Кількість живонароджених","Житомирська","Місячна","2007-M05","5738"
"Кількість живонароджених","Житомирська","Місячна","2007-M06","6880"
"Кількість живонароджених","Житомирська","Місячна","2007-M07","8186"
"Кількість живонароджених","Житомирська","Місячна","2007-M08","9484"
"Кількість живонароджених","Житомирська","Місячна","2007-M09","10698"
"Кількість живонароджених","Житомирська","Місячна","2007-M10","11988"
"Кількість живонароджених","Житомирська","Місячна","2007-M11","13130"
"Кількість живонароджених","Житомирська","Місячна","2007-M12","14252"
"Кількість живонароджених","Житомирська","Місячна","2008-M01","1241"
"Кількість живонароджених","Житомирська","Місячна","2008-M02","2389"
"Кількість живонароджених","Житомирська","Місячна","2008-M03","3392"
"Кількість живонароджених","Житомирська","Місячна","2008-M04","4397"
"Кількість живонароджених","Житомирська","Місячна","2008-M05","5652"
"Кількість живонароджених","Житомирська","Місячна","2008-M06","6721"
"Кількість живонароджених","Житомирська","Місячна","2008-M07","8174"
"Кількість живонароджених","Житомирська","Місячна","2008-M08","9536"
"Кількість живонароджених","Житомирська","Місячна","2008-M09","10853"
"Кількість живонароджених","Житомирська","Місячна","2008-M10","12268"
"Кількість живонароджених","Житомирська","Місячна","2008-M11","13436"
"Кількість живонароджених","Житомирська","Місячна","2008-M12","14641"
"Кількість живонароджених","Житомирська","Місячна","2009-M01","1283"
"Кількість живонароджених","Житомирська","Місячна","2009-M02","2515"
"Кількість живонароджених","Житомирська","Місячна","2009-M03","3772"
"Кількість живонароджених","Житомирська","Місячна","2009-M04","4991"
"Кількість живонароджених","Житомирська","Місячна","2009-M05","6270"
"Кількість живонароджених","Житомирська","Місячна","2009-M06","7460"
"Кількість живонароджених","Житомирська","Місячна","2009-M07","8812"
"Кількість живонароджених","Житомирська","Місячна","2009-M08","10153"
"Кількість живонароджених","Житомирська","Місячна","2009-M09","11512"
"Кількість живонароджених","Житомирська","Місячна","2009-M10","12819"
"Кількість живонароджених","Житомирська","Місячна","2009-M11","13941"
"Кількість живонароджених","Житомирська","Місячна","2009-M12","15108"
"Кількість живонароджених","Житомирська","Місячна","2010-M01","1182"
"Кількість живонароджених","Житомирська","Місячна","2010-M02","2351"
"Кількість живонароджених","Житомирська","Місячна","2010-M03","3621"
"Кількість живонароджених","Житомирська","Місячна","2010-M04","4814"
"Кількість живонароджених","Житомирська","Місячна","2010-M05","5972"
"Кількість живонароджених","Житомирська","Місячна","2010-M06","7259"
"Кількість живонароджених","Житомирська","Місячна","2010-M07","8602"
"Кількість живонароджених","Житомирська","Місячна","2010-M08","9829"
"Кількість живонароджених","Житомирська","Місячна","2010-M09","11056"
"Кількість живонароджених","Житомирська","Місячна","2010-M10","12254"
"Кількість живонароджених","Житомирська","Місячна","2010-M11","13494"
"Кількість живонароджених","Житомирська","Місячна","2010-M12","14678"
"Кількість живонароджених","Житомирська","Місячна","2011-M01","1215"
"Кількість живонароджених","Житомирська","Місячна","2011-M02","2343"
"Кількість живонароджених","Житомирська","Місячна","2011-M03","3599"
"Кількість живонароджених","Житомирська","Місячна","2011-M04","4697"
"Кількість живонароджених","Житомирська","Місячна","2011-M05","5836"
"Кількість живонароджених","Житомирська","Місячна","2011-M06","6982"
"Кількість живонароджених","Житомирська","Місячна","2011-M07","8390"
"Кількість живонароджених","Житомирська","Місячна","2011-M08","9927"
"Кількість живонароджених","Житомирська","Місячна","2011-M09","11223"
"Кількість живонароджених","Житомирська","Місячна","2011-M10","12532"
"Кількість живонароджених","Житомирська","Місячна","2011-M11","13839"
"Кількість живонароджених","Житомирська","Місячна","2011-M12","15154"
"Кількість живонароджених","Житомирська","Місячна","2012-M01","1192"
"Кількість живонароджених","Житомирська","Місячна","2012-M02","2457"
"Кількість живонароджених","Житомирська","Місячна","2012-M03","3677"
"Кількість живонароджених","Житомирська","Місячна","2012-M04","4916"
"Кількість живонароджених","Житомирська","Місячна","2012-M05","6326"
"Кількість живонароджених","Житомирська","Місячна","2012-M06","7471"
"Кількість живонароджених","Житомирська","Місячна","2012-M07","8994"
"Кількість живонароджених","Житомирська","Місячна","2012-M08","10390"
"Кількість живонароджених","Житомирська","Місячна","2012-M09","11694"
"Кількість живонароджених","Житомирська","Місячна","2012-M10","13042"
"Кількість живонароджених","Житомирська","Місячна","2012-M11","14318"
"Кількість живонароджених","Житомирська","Місячна","2012-M12","15486"
"Кількість живонароджених","Житомирська","Місячна","2013-M01","1341"
"Кількість живонароджених","Житомирська","Місячна","2013-M02","2493"
"Кількість живонароджених","Житомирська","Місячна","2013-M03","3610"
"Кількість живонароджених","Житомирська","Місячна","2013-M04","4857"
"Кількість живонароджених","Житомирська","Місячна","2013-M05","6044"
"Кількість живонароджених","Житомирська","Місячна","2013-M06","7159"
"Кількість живонароджених","Житомирська","Місячна","2013-M07","8662"
"Кількість живонароджених","Житомирська","Місячна","2013-M08","10000"
"Кількість живонароджених","Житомирська","Місячна","2013-M09","11246"
"Кількість живонароджених","Житомирська","Місячна","2013-M10","12701"
"Кількість живонароджених","Житомирська","Місячна","2013-M11","13844"
"Кількість живонароджених","Житомирська","Місячна","2013-M12","15001"
"Кількість живонароджених","Житомирська","Місячна","2014-M01","1280"
"Кількість живонароджених","Житомирська","Місячна","2014-M02","2512"
"Кількість живонароджених","Житомирська","Місячна","2014-M03","3709"
"Кількість живонароджених","Житомирська","Місячна","2014-M04","4897"
"Кількість живонароджених","Житомирська","Місячна","2014-M05","6144"
"Кількість живонароджених","Житомирська","Місячна","2014-M06","7386"
"Кількість живонароджених","Житомирська","Місячна","2014-M07","8834"
"Кількість живонароджених","Житомирська","Місячна","2014-M08","10082"
"Кількість живонароджених","Житомирська","Місячна","2014-M09","11358"
"Кількість живонароджених","Житомирська","Місячна","2014-M10","12683"
"Кількість живонароджених","Житомирська","Місячна","2014-M11","13851"
"Кількість живонароджених","Житомирська","Місячна","2014-M12","15115"
"Кількість живонароджених","Житомирська","Місячна","2015-M01","1175"
"Кількість живонароджених","Житомирська","Місячна","2015-M02","2250"
"Кількість живонароджених","Житомирська","Місячна","2015-M03","3377"
"Кількість живонароджених","Житомирська","Місячна","2015-M04","4475"
"Кількість живонароджених","Житомирська","Місячна","2015-M05","5511"
"Кількість живонароджених","Житомирська","Місячна","2015-M06","6598"
"Кількість живонароджених","Житомирська","Місячна","2015-M07","7954"
"Кількість живонароджених","Житомирська","Місячна","2015-M08","9092"
"Кількість живонароджених","Житомирська","Місячна","2015-M09","10303"
"Кількість живонароджених","Житомирська","Місячна","2015-M10","11493"
"Кількість живонароджених","Житомирська","Місячна","2015-M11","12526"
"Кількість живонароджених","Житомирська","Місячна","2015-M12","13725"
"Кількість живонароджених","Житомирська","Місячна","2016-M01","1015"
"Кількість живонароджених","Житомирська","Місячна","2016-M02","2033"
"Кількість живонароджених","Житомирська","Місячна","2016-M03","3225"
"Кількість живонароджених","Житомирська","Місячна","2016-M04","4266"
"Кількість живонароджених","Житомирська","Місячна","2016-M05","5308"
"Кількість живонароджених","Житомирська","Місячна","2016-M06","6349"
"Кількість живонароджених","Житомирська","Місячна","2016-M07","7551"
"Кількість живонароджених","Житомирська","Місячна","2016-M08","8742"
"Кількість живонароджених","Житомирська","Місячна","2016-M09","9857"
"Кількість живонароджених","Житомирська","Місячна","2016-M10","10890"
"Кількість живонароджених","Житомирська","Місячна","2016-M11","11958"
"Кількість живонароджених","Житомирська","Місячна","2016-M12","12982"
"Кількість живонароджених","Житомирська","Місячна","2017-M01","1052"
"Кількість живонароджених","Житомирська","Місячна","2017-M02","1996"
"Кількість живонароджених","Житомирська","Місячна","2017-M03","3005"
"Кількість живонароджених","Житомирська","Місячна","2017-M04","3809"
"Кількість живонароджених","Житомирська","Місячна","2017-M05","4842"
"Кількість живонароджених","Житомирська","Місячна","2017-M06","5799"
"Кількість живонароджених","Житомирська","Місячна","2017-M07","6827"
"Кількість живонароджених","Житомирська","Місячна","2017-M08","7900"
"Кількість живонароджених","Житомирська","Місячна","2017-M09","8847"
"Кількість живонароджених","Житомирська","Місячна","2017-M10","9898"
"Кількість живонароджених","Житомирська","Місячна","2017-M11","10818"
"Кількість живонароджених","Житомирська","Місячна","2017-M12","11645"
"Кількість живонароджених","Житомирська","Місячна","2018-M01","951"
"Кількість живонароджених","Житомирська","Місячна","2018-M02","1832"
"Кількість живонароджених","Житомирська","Місячна","2018-M03","2711"
"Кількість живонароджених","Житомирська","Місячна","2018-M04","3543"
"Кількість живонароджених","Житомирська","Місячна","2018-M05","4490"
"Кількість живонароджених","Житомирська","Місячна","2018-M06","5300"
"Кількість живонароджених","Житомирська","Місячна","2018-M07","6329"
"Кількість живонароджених","Житомирська","Місячна","2018-M08","7310"
"Кількість живонароджених","Житомирська","Місячна","2018-M09","8170"
"Кількість живонароджених","Житомирська","Місячна","2018-M10","9145"
"Кількість живонароджених","Житомирська","Місячна","2018-M11","9944"
"Кількість живонароджених","Житомирська","Місячна","2018-M12","10612"
"Кількість живонароджених","Житомирська","Місячна","2019-M01","922"
"Кількість живонароджених","Житомирська","Місячна","2019-M02","1630"
"Кількість живонароджених","Житомирська","Місячна","2019-M03","2413"
"Кількість живонароджених","Житомирська","Місячна","2019-M04","3131"
"Кількість живонароджених","Житомирська","Місячна","2019-M05","4062"
"Кількість живонароджених","Житомирська","Місячна","2019-M06","4766"
"Кількість живонароджених","Житомирська","Місячна","2019-M07","5695"
"Кількість живонароджених","Житомирська","Місячна","2019-M08","6529"
"Кількість живонароджених","Житомирська","Місячна","2019-M09","7349"
"Кількість живонароджених","Житомирська","Місячна","2019-M10","8229"
"Кількість живонароджених","Житомирська","Місячна","2019-M11","8966"
"Кількість живонароджених","Житомирська","Місячна","2019-M12","9619"
"Кількість живонароджених","Житомирська","Місячна","2020-M01","899"
"Кількість живонароджених","Житомирська","Місячна","2020-M02","1602"
"Кількість живонароджених","Житомирська","Місячна","2020-M03","2192"
"Кількість живонароджених","Житомирська","Місячна","2020-M04","2902"
"Кількість живонароджених","Житомирська","Місячна","2020-M05","3643"
"Кількість живонароджених","Житомирська","Місячна","2020-M06","4352"
"Кількість живонароджених","Житомирська","Місячна","2020-M07","5304"
"Кількість живонароджених","Житомирська","Місячна","2020-M08","6032"
"Кількість живонароджених","Житомирська","Місячна","2020-M09","6908"
"Кількість живонароджених","Житомирська","Місячна","2020-M10","7723"
"Кількість живонароджених","Житомирська","Місячна","2020-M11","8340"
"Кількість живонароджених","Житомирська","Місячна","2020-M12","9151"
"Кількість живонароджених","Житомирська","Місячна","2021-M01","749"
"Кількість живонароджених","Житомирська","Місячна","2021-M02","1448"
"Кількість живонароджених","Житомирська","Місячна","2021-M03","2189"
"Кількість живонароджених","Житомирська","Місячна","2021-M04","2894"
"Кількість живонароджених","Житомирська","Місячна","2021-M05","3560"
"Кількість живонароджених","Житомирська","Місячна","2021-M06","4280"
"Кількість живонароджених","Житомирська","Місячна","2021-M07","5097"
"Кількість живонароджених","Житомирська","Місячна","2021-M08","5790"
"Кількість живонароджених","Житомирська","Місячна","2021-M09","6487"
"Кількість живонароджених","Житомирська","Місячна","2021-M10","7183"
"Кількість живонароджених","Житомирська","Місячна","2021-M11","7884"
"Кількість живонароджених","Житомирська","Місячна","2021-M12","8544"
"Кількість живонароджених","Житомирська","Місячна","2022-M01","515"
"Кількість живонароджених","Житомирська","Місячна","2022-M02",""
"Кількість живонароджених","Житомирська","Місячна","2022-M03",""
"Кількість живонароджених","Житомирська","Місячна","2022-M04",""
"Кількість живонароджених","Житомирська","Місячна","2022-M05",""
"Кількість живонароджених","Житомирська","Місячна","2022-M06",""
"Кількість живонароджених","Житомирська","Місячна","2022-M07",""
"Кількість живонароджених","Житомирська","Місячна","2022-M08",""
"Кількість живонароджених","Житомирська","Місячна","2022-M09",""
"Кількість живонароджених","Житомирська","Місячна","2022-M10",""
"Кількість живонароджених","Житомирська","Місячна","2022-M11",""
"Кількість живонароджених","Житомирська","Місячна","2022-M12",""
"Кількість живонароджених","Івано-Франківська","Місячна","2005-M01","1164"
"Кількість живонароджених","Івано-Франківська","Місячна","2005-M02","2370"
"Кількість живонароджених","Івано-Франківська","Місячна","2005-M03","3526"
"Кількість живонароджених","Івано-Франківська","Місячна","2005-M04","4812"
"Кількість живонароджених","Івано-Франківська","Місячна","2005-M05","6007"
"Кількість живонароджених","Івано-Франківська","Місячна","2005-M06","7226"
"Кількість живонароджених","Івано-Франківська","Місячна","2005-M07","8626"
"Кількість живонароджених","Івано-Франківська","Місячна","2005-M08","9962"
"Кількість живонароджених","Івано-Франківська","Місячна","2005-M09","11267"
"Кількість живонароджених","Івано-Франківська","Місячна","2005-M10","12598"
"Кількість живонароджених","Івано-Франківська","Місячна","2005-M11","13798"
"Кількість живонароджених","Івано-Франківська","Місячна","2005-M12","14994"
"Кількість живонароджених","Івано-Франківська","Місячна","2006-M01","1128"
"Кількість живонароджених","Івано-Франківська","Місячна","2006-M02","2396"
"Кількість живонароджених","Івано-Франківська","Місячна","2006-M03","3693"
"Кількість живонароджених","Івано-Франківська","Місячна","2006-M04","4820"
"Кількість живонароджених","Івано-Франківська","Місячна","2006-M05","6280"
"Кількість живонароджених","Івано-Франківська","Місячна","2006-M06","7666"
"Кількість живонароджених","Івано-Франківська","Місячна","2006-M07","8992"
"Кількість живонароджених","Івано-Франківська","Місячна","2006-M08","10423"
"Кількість живонароджених","Івано-Франківська","Місячна","2006-M09","11773"
"Кількість живонароджених","Івано-Франківська","Місячна","2006-M10","13219"
"Кількість живонароджених","Івано-Франківська","Місячна","2006-M11","14576"
"Кількість живонароджених","Івано-Франківська","Місячна","2006-M12","15813"
"Кількість живонароджених","Івано-Франківська","Місячна","2007-M01","1304"
"Кількість живонароджених","Івано-Франківська","Місячна","2007-M02","2585"
"Кількість живонароджених","Івано-Франківська","Місячна","2007-M03","3854"
"Кількість живонароджених","Івано-Франківська","Місячна","2007-M04","5096"
"Кількість живонароджених","Івано-Франківська","Місячна","2007-M05","6384"
"Кількість живонароджених","Івано-Франківська","Місячна","2007-M06","7797"
"Кількість живонароджених","Івано-Франківська","Місячна","2007-M07","9378"
"Кількість живонароджених","Івано-Франківська","Місячна","2007-M08","10795"
"Кількість живонароджених","Івано-Франківська","Місячна","2007-M09","12197"
"Кількість живонароджених","Івано-Франківська","Місячна","2007-M10","13767"
"Кількість живонароджених","Івано-Франківська","Місячна","2007-M11","15089"
"Кількість живонароджених","Івано-Франківська","Місячна","2007-M12","16243"
"Кількість живонароджених","Івано-Франківська","Місячна","2008-M01","1423"
"Кількість живонароджених","Івано-Франківська","Місячна","2008-M02","2723"
"Кількість живонароджених","Івано-Франківська","Місячна","2008-M03","3924"
"Кількість живонароджених","Івано-Франківська","Місячна","2008-M04","5220"
"Кількість живонароджених","Івано-Франківська","Місячна","2008-M05","6651"
"Кількість живонароджених","Івано-Франківська","Місячна","2008-M06","7939"
"Кількість живонароджених","Івано-Франківська","Місячна","2008-M07","9533"
"Кількість живонароджених","Івано-Франківська","Місячна","2008-M08","11054"
"Кількість живонароджених","Івано-Франківська","Місячна","2008-M09","12668"
"Кількість живонароджених","Івано-Франківська","Місячна","2008-M10","14338"
"Кількість живонароджених","Івано-Франківська","Місячна","2008-M11","15631"
"Кількість живонароджених","Івано-Франківська","Місячна","2008-M12","16983"
"Кількість живонароджених","Івано-Франківська","Місячна","2009-M01","1347"
"Кількість живонароджених","Івано-Франківська","Місячна","2009-M02","2764"
"Кількість живонароджених","Івано-Франківська","Місячна","2009-M03","4126"
"Кількість живонароджених","Івано-Франківська","Місячна","2009-M04","5548"
"Кількість живонароджених","Івано-Франківська","Місячна","2009-M05","6945"
"Кількість живонароджених","Івано-Франківська","Місячна","2009-M06","8351"
"Кількість живонароджених","Івано-Франківська","Місячна","2009-M07","10032"
"Кількість живонароджених","Івано-Франківська","Місячна","2009-M08","11559"
"Кількість живонароджених","Івано-Франківська","Місячна","2009-M09","13161"
"Кількість живонароджених","Івано-Франківська","Місячна","2009-M10","14699"
"Кількість живонароджених","Івано-Франківська","Місячна","2009-M11","15986"
"Кількість живонароджених","Івано-Франківська","Місячна","2009-M12","17333"
"Кількість живонароджених","Івано-Франківська","Місячна","2010-M01","1351"
"Кількість живонароджених","Івано-Франківська","Місячна","2010-M02","2671"
"Кількість живонароджених","Івано-Франківська","Місячна","2010-M03","4001"
"Кількість живонароджених","Івано-Франківська","Місячна","2010-M04","5340"
"Кількість живонароджених","Івано-Франківська","Місячна","2010-M05","6634"
"Кількість живонароджених","Івано-Франківська","Місячна","2010-M06","8088"
"Кількість живонароджених","Івано-Франківська","Місячна","2010-M07","9521"
"Кількість живонароджених","Івано-Франківська","Місячна","2010-M08","10813"
"Кількість живонароджених","Івано-Франківська","Місячна","2010-M09","12260"
"Кількість живонароджених","Івано-Франківська","Місячна","2010-M10","13764"
"Кількість живонароджених","Івано-Франківська","Місячна","2010-M11","15075"
"Кількість живонароджених","Івано-Франківська","Місячна","2010-M12","16343"
"Кількість живонароджених","Івано-Франківська","Місячна","2011-M01","1346"
"Кількість живонароджених","Івано-Франківська","Місячна","2011-M02","2633"
"Кількість живонароджених","Івано-Франківська","Місячна","2011-M03","3980"
"Кількість живонароджених","Івано-Франківська","Місячна","2011-M04","5165"
"Кількість живонароджених","Івано-Франківська","Місячна","2011-M05","6473"
"Кількість живонароджених","Івано-Франківська","Місячна","2011-M06","7762"
"Кількість живонароджених","Івано-Франківська","Місячна","2011-M07","9289"
"Кількість живонароджених","Івано-Франківська","Місячна","2011-M08","10798"
"Кількість живонароджених","Івано-Франківська","Місячна","2011-M09","12257"
"Кількість живонароджених","Івано-Франківська","Місячна","2011-M10","13740"
"Кількість живонароджених","Івано-Франківська","Місячна","2011-M11","15141"
"Кількість живонароджених","Івано-Франківська","Місячна","2011-M12","16497"
"Кількість живонароджених","Івано-Франківська","Місячна","2012-M01","1334"
"Кількість живонароджених","Івано-Франківська","Місячна","2012-M02","2739"
"Кількість живонароджених","Івано-Франківська","Місячна","2012-M03","4094"
"Кількість живонароджених","Івано-Франківська","Місячна","2012-M04","5390"
"Кількість живонароджених","Івано-Франківська","Місячна","2012-M05","6865"
"Кількість живонароджених","Івано-Франківська","Місячна","2012-M06","8245"
"Кількість живонароджених","Івано-Франківська","Місячна","2012-M07","9857"
"Кількість живонароджених","Івано-Франківська","Місячна","2012-M08","11400"
"Кількість живонароджених","Івано-Франківська","Місячна","2012-M09","12895"
"Кількість живонароджених","Івано-Франківська","Місячна","2012-M10","14539"
"Кількість живонароджених","Івано-Франківська","Місячна","2012-M11","15837"
"Кількість живонароджених","Івано-Франківська","Місячна","2012-M12","17101"
"Кількість живонароджених","Івано-Франківська","Місячна","2013-M01","1504"
"Кількість живонароджених","Івано-Франківська","Місячна","2013-M02","2733"
"Кількість живонароджених","Івано-Франківська","Місячна","2013-M03","3957"
"Кількість живонароджених","Івано-Франківська","Місячна","2013-M04","5253"
"Кількість живонароджених","Івано-Франківська","Місячна","2013-M05","6566"
"Кількість живонароджених","Івано-Франківська","Місячна","2013-M06","7849"
"Кількість живонароджених","Івано-Франківська","Місячна","2013-M07","9503"
"Кількість живонароджених","Івано-Франківська","Місячна","2013-M08","11002"
"Кількість живонароджених","Івано-Франківська","Місячна","2013-M09","12455"
"Кількість живонароджених","Івано-Франківська","Місячна","2013-M10","14177"
"Кількість живонароджених","Івано-Франківська","Місячна","2013-M11","15448"
"Кількість живонароджених","Івано-Франківська","Місячна","2013-M12","16716"
"Кількість живонароджених","Івано-Франківська","Місячна","2014-M01","1333"
"Кількість живонароджених","Івано-Франківська","Місячна","2014-M02","2746"
"Кількість живонароджених","Івано-Франківська","Місячна","2014-M03","4000"
"Кількість живонароджених","Івано-Франківська","Місячна","2014-M04","5290"
"Кількість живонароджених","Івано-Франківська","Місячна","2014-M05","6719"
"Кількість живонароджених","Івано-Франківська","Місячна","2014-M06","8140"
"Кількість живонароджених","Івано-Франківська","Місячна","2014-M07","9786"
"Кількість живонароджених","Івано-Франківська","Місячна","2014-M08","11213"
"Кількість живонароджених","Івано-Франківська","Місячна","2014-M09","12826"
"Кількість живонароджених","Івано-Франківська","Місячна","2014-M10","14387"
"Кількість живонароджених","Івано-Франківська","Місячна","2014-M11","15591"
"Кількість живонароджених","Івано-Франківська","Місячна","2014-M12","16886"
"Кількість живонароджених","Івано-Франківська","Місячна","2015-M01","1337"
"Кількість живонароджених","Івано-Франківська","Місячна","2015-M02","2570"
"Кількість живонароджених","Івано-Франківська","Місячна","2015-M03","3902"
"Кількість живонароджених","Івано-Франківська","Місячна","2015-M04","5228"
"Кількість живонароджених","Івано-Франківська","Місячна","2015-M05","6428"
"Кількість живонароджених","Івано-Франківська","Місячна","2015-M06","7717"
"Кількість живонароджених","Івано-Франківська","Місячна","2015-M07","9181"
"Кількість живонароджених","Івано-Франківська","Місячна","2015-M08","10437"
"Кількість живонароджених","Івано-Франківська","Місячна","2015-M09","11869"
"Кількість живонароджених","Івано-Франківська","Місячна","2015-M10","13306"
"Кількість живонароджених","Івано-Франківська","Місячна","2015-M11","14412"
"Кількість живонароджених","Івано-Франківська","Місячна","2015-M12","15583"
"Кількість живонароджених","Івано-Франківська","Місячна","2016-M01","1190"
"Кількість живонароджених","Івано-Франківська","Місячна","2016-M02","2261"
"Кількість живонароджених","Івано-Франківська","Місячна","2016-M03","3503"
"Кількість живонароджених","Івано-Франківська","Місячна","2016-M04","4673"
"Кількість живонароджених","Івано-Франківська","Місячна","2016-M05","5846"
"Кількість живонароджених","Івано-Франківська","Місячна","2016-M06","6991"
"Кількість живонароджених","Івано-Франківська","Місячна","2016-M07","8305"
"Кількість живонароджених","Івано-Франківська","Місячна","2016-M08","9731"
"Кількість живонароджених","Івано-Франківська","Місячна","2016-M09","11103"
"Кількість живонароджених","Івано-Франківська","Місячна","2016-M10","12354"
"Кількість живонароджених","Івано-Франківська","Місячна","2016-M11","13547"
"Кількість живонароджених","Івано-Франківська","Місячна","2016-M12","14660"
"Кількість живонароджених","Івано-Франківська","Місячна","2017-M01","1130"
"Кількість живонароджених","Івано-Франківська","Місячна","2017-M02","2259"
"Кількість живонароджених","Івано-Франківська","Місячна","2017-M03","3423"
"Кількість живонароджених","Івано-Франківська","Місячна","2017-M04","4401"
"Кількість живонароджених","Івано-Франківська","Місячна","2017-M05","5575"
"Кількість живонароджених","Івано-Франківська","Місячна","2017-M06","6704"
"Кількість живонароджених","Івано-Франківська","Місячна","2017-M07","7810"
"Кількість живонароджених","Івано-Франківська","Місячна","2017-M08","9069"
"Кількість живонароджених","Івано-Франківська","Місячна","2017-M09","10248"
"Кількість живонароджених","Івано-Франківська","Місячна","2017-M10","11407"
"Кількість живонароджених","Івано-Франківська","Місячна","2017-M11","12447"
"Кількість живонароджених","Івано-Франківська","Місячна","2017-M12","13426"
"Кількість живонароджених","Івано-Франківська","Місячна","2018-M01","1227"
"Кількість живонароджених","Івано-Франківська","Місячна","2018-M02","2155"
"Кількість живонароджених","Івано-Франківська","Місячна","2018-M03","3145"
"Кількість живонароджених","Івано-Франківська","Місячна","2018-M04","4114"
"Кількість живонароджених","Івано-Франківська","Місячна","2018-M05","5190"
"Кількість живонароджених","Івано-Франківська","Місячна","2018-M06","6156"
"Кількість живонароджених","Івано-Франківська","Місячна","2018-M07","7357"
"Кількість живонароджених","Івано-Франківська","Місячна","2018-M08","8547"
"Кількість живонароджених","Івано-Франківська","Місячна","2018-M09","9617"
"Кількість живонароджених","Івано-Франківська","Місячна","2018-M10","10838"
"Кількість живонароджених","Івано-Франківська","Місячна","2018-M11","11780"
"Кількість живонароджених","Івано-Франківська","Місячна","2018-M12","12645"
"Кількість живонароджених","Івано-Франківська","Місячна","2019-M01","1075"
"Кількість живонароджених","Івано-Франківська","Місячна","2019-M02","1965"
"Кількість живонароджених","Івано-Франківська","Місячна","2019-M03","2906"
"Кількість живонароджених","Івано-Франківська","Місячна","2019-M04","3839"
"Кількість живонароджених","Івано-Франківська","Місячна","2019-M05","4998"
"Кількість живонароджених","Івано-Франківська","Місячна","2019-M06","5895"
"Кількість живонароджених","Івано-Франківська","Місячна","2019-M07","7076"
"Кількість живонароджених","Івано-Франківська","Місячна","2019-M08","8139"
"Кількість живонароджених","Івано-Франківська","Місячна","2019-M09","9180"
"Кількість живонароджених","Івано-Франківська","Місячна","2019-M10","10429"
"Кількість живонароджених","Івано-Франківська","Місячна","2019-M11","11292"
"Кількість живонароджених","Івано-Франківська","Місячна","2019-M12","12128"
"Кількість живонароджених","Івано-Франківська","Місячна","2020-M01","1009"
"Кількість живонароджених","Івано-Франківська","Місячна","2020-M02","1926"
"Кількість живонароджених","Івано-Франківська","Місячна","2020-M03","2697"
"Кількість живонароджених","Івано-Франківська","Місячна","2020-M04","3587"
"Кількість живонароджених","Івано-Франківська","Місячна","2020-M05","4623"
"Кількість живонароджених","Івано-Франківська","Місячна","2020-M06","5551"
"Кількість живонароджених","Івано-Франківська","Місячна","2020-M07","6753"
"Кількість живонароджених","Івано-Франківська","Місячна","2020-M08","7693"
"Кількість живонароджених","Івано-Франківська","Місячна","2020-M09","8889"
"Кількість живонароджених","Івано-Франківська","Місячна","2020-M10","10063"
"Кількість живонароджених","Івано-Франківська","Місячна","2020-M11","10893"
"Кількість живонароджених","Івано-Франківська","Місячна","2020-M12","11793"
"Кількість живонароджених","Івано-Франківська","Місячна","2021-M01","813"
"Кількість живонароджених","Івано-Франківська","Місячна","2021-M02","1649"
"Кількість живонароджених","Івано-Франківська","Місячна","2021-M03","2536"
"Кількість живонароджених","Івано-Франківська","Місячна","2021-M04","3408"
"Кількість живонароджених","Івано-Франківська","Місячна","2021-M05","4174"
"Кількість живонароджених","Івано-Франківська","Місячна","2021-M06","5133"
"Кількість живонароджених","Івано-Франківська","Місячна","2021-M07","6078"
"Кількість живонароджених","Івано-Франківська","Місячна","2021-M08","6952"
"Кількість живонароджених","Івано-Франківська","Місячна","2021-M09","8013"
"Кількість живонароджених","Івано-Франківська","Місячна","2021-M10","9015"
"Кількість живонароджених","Івано-Франківська","Місячна","2021-M11","9788"
"Кількість живонароджених","Івано-Франківська","Місячна","2021-M12","10545"
"Кількість живонароджених","Івано-Франківська","Місячна","2022-M01","681"
"Кількість живонароджених","Івано-Франківська","Місячна","2022-M02",""
"Кількість живонароджених","Івано-Франківська","Місячна","2022-M03",""
"Кількість живонароджених","Івано-Франківська","Місячна","2022-M04",""
"Кількість живонароджених","Івано-Франківська","Місячна","2022-M05",""
"Кількість живонароджених","Івано-Франківська","Місячна","2022-M06",""
"Кількість живонароджених","Івано-Франківська","Місячна","2022-M07",""
"Кількість живонароджених","Івано-Франківська","Місячна","2022-M08",""
"Кількість живонароджених","Івано-Франківська","Місячна","2022-M09",""
"Кількість живонароджених","Івано-Франківська","Місячна","2022-M10",""
"Кількість живонароджених","Івано-Франківська","Місячна","2022-M11",""
"Кількість живонароджених","Івано-Франківська","Місячна","2022-M12",""
"Кількість живонароджених","Запорізька","Місячна","2005-M01","1145"
"Кількість живонароджених","Запорізька","Місячна","2005-M02","2349"
"Кількість живонароджених","Запорізька","Місячна","2005-M03","3742"
"Кількість живонароджених","Запорізька","Місячна","2005-M04","5097"
"Кількість живонароджених","Запорізька","Місячна","2005-M05","6348"
"Кількість живонароджених","Запорізька","Місячна","2005-M06","7530"
"Кількість живонароджених","Запорізька","Місячна","2005-M07","8851"
"Кількість живонароджених","Запорізька","Місячна","2005-M08","10262"
"Кількість живонароджених","Запорізька","Місячна","2005-M09","11707"
"Кількість живонароджених","Запорізька","Місячна","2005-M10","12995"
"Кількість живонароджених","Запорізька","Місячна","2005-M11","14399"
"Кількість живонароджених","Запорізька","Місячна","2005-M12","15862"
"Кількість живонароджених","Запорізька","Місячна","2006-M01","1283"
"Кількість живонароджених","Запорізька","Місячна","2006-M02","2611"
"Кількість живонароджених","Запорізька","Місячна","2006-M03","4033"
"Кількість живонароджених","Запорізька","Місячна","2006-M04","5336"
"Кількість живонароджених","Запорізька","Місячна","2006-M05","6811"
"Кількість живонароджених","Запорізька","Місячна","2006-M06","8140"
"Кількість живонароджених","Запорізька","Місячна","2006-M07","9578"
"Кількість живонароджених","Запорізька","Місячна","2006-M08","11240"
"Кількість живонароджених","Запорізька","Місячна","2006-M09","12839"
"Кількість живонароджених","Запорізька","Місячна","2006-M10","14368"
"Кількість живонароджених","Запорізька","Місячна","2006-M11","15840"
"Кількість живонароджених","Запорізька","Місячна","2006-M12","17241"
"Кількість живонароджених","Запорізька","Місячна","2007-M01","1372"
"Кількість живонароджених","Запорізька","Місячна","2007-M02","2792"
"Кількість живонароджених","Запорізька","Місячна","2007-M03","4137"
"Кількість живонароджених","Запорізька","Місячна","2007-M04","5432"
"Кількість живонароджених","Запорізька","Місячна","2007-M05","6857"
"Кількість живонароджених","Запорізька","Місячна","2007-M06","8202"
"Кількість живонароджених","Запорізька","Місячна","2007-M07","9936"
"Кількість живонароджених","Запорізька","Місячна","2007-M08","11590"
"Кількість живонароджених","Запорізька","Місячна","2007-M09","13116"
"Кількість живонароджених","Запорізька","Місячна","2007-M10","14723"
"Кількість живонароджених","Запорізька","Місячна","2007-M11","16254"
"Кількість живонароджених","Запорізька","Місячна","2007-M12","17591"
"Кількість живонароджених","Запорізька","Місячна","2008-M01","1562"
"Кількість живонароджених","Запорізька","Місячна","2008-M02","2995"
"Кількість живонароджених","Запорізька","Місячна","2008-M03","4304"
"Кількість живонароджених","Запорізька","Місячна","2008-M04","5668"
"Кількість живонароджених","Запорізька","Місячна","2008-M05","7236"
"Кількість живонароджених","Запорізька","Місячна","2008-M06","8576"
"Кількість живонароджених","Запорізька","Місячна","2008-M07","10420"
"Кількість живонароджених","Запорізька","Місячна","2008-M08","12074"
"Кількість живонароджених","Запорізька","Місячна","2008-M09","13846"
"Кількість живонароджених","Запорізька","Місячна","2008-M10","15640"
"Кількість живонароджених","Запорізька","Місячна","2008-M11","17207"
"Кількість живонароджених","Запорізька","Місячна","2008-M12","18901"
"Кількість живонароджених","Запорізька","Місячна","2009-M01","1580"
"Кількість живонароджених","Запорізька","Місячна","2009-M02","3107"
"Кількість живонароджених","Запорізька","Місячна","2009-M03","4670"
"Кількість живонароджених","Запорізька","Місячна","2009-M04","6157"
"Кількість живонароджених","Запорізька","Місячна","2009-M05","7580"
"Кількість живонароджених","Запорізька","Місячна","2009-M06","8985"
"Кількість живонароджених","Запорізька","Місячна","2009-M07","10743"
"Кількість живонароджених","Запорізька","Місячна","2009-M08","12254"
"Кількість живонароджених","Запорізька","Місячна","2009-M09","13952"
"Кількість живонароджених","Запорізька","Місячна","2009-M10","15604"
"Кількість живонароджених","Запорізька","Місячна","2009-M11","16915"
"Кількість живонароджених","Запорізька","Місячна","2009-M12","18409"
"Кількість живонароджених","Запорізька","Місячна","2010-M01","1456"
"Кількість живонароджених","Запорізька","Місячна","2010-M02","2857"
"Кількість живонароджених","Запорізька","Місячна","2010-M03","4387"
"Кількість живонароджених","Запорізька","Місячна","2010-M04","5805"
"Кількість живонароджених","Запорізька","Місячна","2010-M05","7063"
"Кількість живонароджених","Запорізька","Місячна","2010-M06","8517"
"Кількість живонароджених","Запорізька","Місячна","2010-M07","10194"
"Кількість живонароджених","Запорізька","Місячна","2010-M08","11774"
"Кількість живонароджених","Запорізька","Місячна","2010-M09","13444"
"Кількість живонароджених","Запорізька","Місячна","2010-M10","14957"
"Кількість живонароджених","Запорізька","Місячна","2010-M11","16469"
"Кількість живонароджених","Запорізька","Місячна","2010-M12","18018"
"Кількість живонароджених","Запорізька","Місячна","2011-M01","1463"
"Кількість живонароджених","Запорізька","Місячна","2011-M02","2886"
"Кількість живонароджених","Запорізька","Місячна","2011-M03","4431"
"Кількість живонароджених","Запорізька","Місячна","2011-M04","5727"
"Кількість живонароджених","Запорізька","Місячна","2011-M05","7066"
"Кількість живонароджених","Запорізька","Місячна","2011-M06","8475"
"Кількість живонароджених","Запорізька","Місячна","2011-M07","10083"
"Кількість живонароджених","Запорізька","Місячна","2011-M08","11809"
"Кількість живонароджених","Запорізька","Місячна","2011-M09","13465"
"Кількість живонароджених","Запорізька","Місячна","2011-M10","15024"
"Кількість живонароджених","Запорізька","Місячна","2011-M11","16613"
"Кількість живонароджених","Запорізька","Місячна","2011-M12","18198"
"Кількість живонароджених","Запорізька","Місячна","2012-M01","1460"
"Кількість живонароджених","Запорізька","Місячна","2012-M02","2970"
"Кількість живонароджених","Запорізька","Місячна","2012-M03","4552"
"Кількість живонароджених","Запорізька","Місячна","2012-M04","5896"
"Кількість живонароджених","Запорізька","Місячна","2012-M05","7496"
"Кількість живонароджених","Запорізька","Місячна","2012-M06","8929"
"Кількість живонароджених","Запорізька","Місячна","2012-M07","10776"
"Кількість живонароджених","Запорізька","Місячна","2012-M08","12613"
"Кількість живонароджених","Запорізька","Місячна","2012-M09","14166"
"Кількість живонароджених","Запорізька","Місячна","2012-M10","15801"
"Кількість живонароджених","Запорізька","Місячна","2012-M11","17440"
"Кількість живонароджених","Запорізька","Місячна","2012-M12","18882"
"Кількість живонароджених","Запорізька","Місячна","2013-M01","1647"
"Кількість живонароджених","Запорізька","Місячна","2013-M02","3023"
"Кількість живонароджених","Запорізька","Місячна","2013-M03","4415"
"Кількість живонароджених","Запорізька","Місячна","2013-M04","5817"
"Кількість живонароджених","Запорізька","Місячна","2013-M05","7211"
"Кількість живонароджених","Запорізька","Місячна","2013-M06","8516"
"Кількість живонароджених","Запорізька","Місячна","2013-M07","10248"
"Кількість живонароджених","Запорізька","Місячна","2013-M08","11925"
"Кількість живонароджених","Запорізька","Місячна","2013-M09","13518"
"Кількість живонароджених","Запорізька","Місячна","2013-M10","15282"
"Кількість живонароджених","Запорізька","Місячна","2013-M11","16678"
"Кількість живонароджених","Запорізька","Місячна","2013-M12","18134"
"Кількість живонароджених","Запорізька","Місячна","2014-M01","1511"
"Кількість живонароджених","Запорізька","Місячна","2014-M02","3021"
"Кількість живонароджених","Запорізька","Місячна","2014-M03","4366"
"Кількість живонароджених","Запорізька","Місячна","2014-M04","5879"
"Кількість живонароджених","Запорізька","Місячна","2014-M05","7429"
"Кількість живонароджених","Запорізька","Місячна","2014-M06","8835"
"Кількість живонароджених","Запорізька","Місячна","2014-M07","10767"
"Кількість живонароджених","Запорізька","Місячна","2014-M08","12435"
"Кількість живонароджених","Запорізька","Місячна","2014-M09","14139"
"Кількість живонароджених","Запорізька","Місячна","2014-M10","15871"
"Кількість живонароджених","Запорізька","Місячна","2014-M11","17199"
"Кількість живонароджених","Запорізька","Місячна","2014-M12","18713"
"Кількість живонароджених","Запорізька","Місячна","2015-M01","1435"
"Кількість живонароджених","Запорізька","Місячна","2015-M02","2806"
"Кількість живонароджених","Запорізька","Місячна","2015-M03","4139"
"Кількість живонароджених","Запорізька","Місячна","2015-M04","5431"
"Кількість живонароджених","Запорізька","Місячна","2015-M05","6734"
"Кількість живонароджених","Запорізька","Місячна","2015-M06","7945"
"Кількість живонароджених","Запорізька","Місячна","2015-M07","9651"
"Кількість живонароджених","Запорізька","Місячна","2015-M08","11007"
"Кількість живонароджених","Запорізька","Місячна","2015-M09","12539"
"Кількість живонароджених","Запорізька","Місячна","2015-M10","13930"
"Кількість живонароджених","Запорізька","Місячна","2015-M11","15140"
"Кількість живонароджених","Запорізька","Місячна","2015-M12","16579"
"Кількість живонароджених","Запорізька","Місячна","2016-M01","1276"
"Кількість живонароджених","Запорізька","Місячна","2016-M02","2458"
"Кількість живонароджених","Запорізька","Місячна","2016-M03","3926"
"Кількість живонароджених","Запорізька","Місячна","2016-M04","5117"
"Кількість живонароджених","Запорізька","Місячна","2016-M05","6293"
"Кількість живонароджених","Запорізька","Місячна","2016-M06","7569"
"Кількість живонароджених","Запорізька","Місячна","2016-M07","9016"
"Кількість живонароджених","Запорізька","Місячна","2016-M08","10525"
"Кількість живонароджених","Запорізька","Місячна","2016-M09","11886"
"Кількість живонароджених","Запорізька","Місячна","2016-M10","13156"
"Кількість живонароджених","Запорізька","Місячна","2016-M11","14430"
"Кількість живонароджених","Запорізька","Місячна","2016-M12","15664"
"Кількість живонароджених","Запорізька","Місячна","2017-M01","1237"
"Кількість живонароджених","Запорізька","Місячна","2017-M02","2409"
"Кількість живонароджених","Запорізька","Місячна","2017-M03","3619"
"Кількість живонароджених","Запорізька","Місячна","2017-M04","4565"
"Кількість живонароджених","Запорізька","Місячна","2017-M05","5705"
"Кількість живонароджених","Запорізька","Місячна","2017-M06","6859"
"Кількість живонароджених","Запорізька","Місячна","2017-M07","8065"
"Кількість живонароджених","Запорізька","Місячна","2017-M08","9439"
"Кількість живонароджених","Запорізька","Місячна","2017-M09","10615"
"Кількість живонароджених","Запорізька","Місячна","2017-M10","11871"
"Кількість живонароджених","Запорізька","Місячна","2017-M11","13026"
"Кількість живонароджених","Запорізька","Місячна","2017-M12","14155"
"Кількість живонароджених","Запорізька","Місячна","2018-M01","1144"
"Кількість живонароджених","Запорізька","Місячна","2018-M02","2129"
"Кількість живонароджених","Запорізька","Місячна","2018-M03","3298"
"Кількість живонароджених","Запорізька","Місячна","2018-M04","4216"
"Кількість живонароджених","Запорізька","Місячна","2018-M05","5210"
"Кількість живонароджених","Запорізька","Місячна","2018-M06","6178"
"Кількість живонароджених","Запорізька","Місячна","2018-M07","7389"
"Кількість живонароджених","Запорізька","Місячна","2018-M08","8570"
"Кількість живонароджених","Запорізька","Місячна","2018-M09","9663"
"Кількість живонароджених","Запорізька","Місячна","2018-M10","10791"
"Кількість живонароджених","Запорізька","Місячна","2018-M11","11781"
"Кількість живонароджених","Запорізька","Місячна","2018-M12","12708"
"Кількість живонароджених","Запорізька","Місячна","2019-M01","1110"
"Кількість живонароджених","Запорізька","Місячна","2019-M02","2020"
"Кількість живонароджених","Запорізька","Місячна","2019-M03","2949"
"Кількість живонароджених","Запорізька","Місячна","2019-M04","3778"
"Кількість живонароджених","Запорізька","Місячна","2019-M05","4803"
"Кількість живонароджених","Запорізька","Місячна","2019-M06","5592"
"Кількість живонароджених","Запорізька","Місячна","2019-M07","6759"
"Кількість живонароджених","Запорізька","Місячна","2019-M08","7798"
"Кількість живонароджених","Запорізька","Місячна","2019-M09","8741"
"Кількість живонароджених","Запорізька","Місячна","2019-M10","9784"
"Кількість живонароджених","Запорізька","Місячна","2019-M11","10698"
"Кількість живонароджених","Запорізька","Місячна","2019-M12","11543"
"Кількість живонароджених","Запорізька","Місячна","2020-M01","1079"
"Кількість живонароджених","Запорізька","Місячна","2020-M02","1890"
"Кількість живонароджених","Запорізька","Місячна","2020-M03","2568"
"Кількість живонароджених","Запорізька","Місячна","2020-M04","3392"
"Кількість живонароджених","Запорізька","Місячна","2020-M05","4193"
"Кількість живонароджених","Запорізька","Місячна","2020-M06","5051"
"Кількість живонароджених","Запорізька","Місячна","2020-M07","6165"
"Кількість живонароджених","Запорізька","Місячна","2020-M08","6976"
"Кількість живонароджених","Запорізька","Місячна","2020-M09","7917"
"Кількість живонароджених","Запорізька","Місячна","2020-M10","8860"
"Кількість живонароджених","Запорізька","Місячна","2020-M11","9636"
"Кількість живонароджених","Запорізька","Місячна","2020-M12","10523"
"Кількість живонароджених","Запорізька","Місячна","2021-M01","807"
"Кількість живонароджених","Запорізька","Місячна","2021-M02","1573"
"Кількість живонароджених","Запорізька","Місячна","2021-M03","2430"
"Кількість живонароджених","Запорізька","Місячна","2021-M04","3149"
"Кількість живонароджених","Запорізька","Місячна","2021-M05","3888"
"Кількість живонароджених","Запорізька","Місячна","2021-M06","4705"
"Кількість живонароджених","Запорізька","Місячна","2021-M07","5635"
"Кількість живонароджених","Запорізька","Місячна","2021-M08","6412"
"Кількість живонароджених","Запорізька","Місячна","2021-M09","7260"
"Кількість живонароджених","Запорізька","Місячна","2021-M10","8022"
"Кількість живонароджених","Запорізька","Місячна","2021-M11","8808"
"Кількість живонароджених","Запорізька","Місячна","2021-M12","9571"
"Кількість живонароджених","Запорізька","Місячна","2022-M01","664"
"Кількість живонароджених","Запорізька","Місячна","2022-M02",""
"Кількість живонароджених","Запорізька","Місячна","2022-M03",""
"Кількість живонароджених","Запорізька","Місячна","2022-M04",""
"Кількість живонароджених","Запорізька","Місячна","2022-M05",""
"Кількість живонароджених","Запорізька","Місячна","2022-M06",""
"Кількість живонароджених","Запорізька","Місячна","2022-M07",""
"Кількість живонароджених","Запорізька","Місячна","2022-M08",""
"Кількість живонароджених","Запорізька","Місячна","2022-M09",""
"Кількість живонароджених","Запорізька","Місячна","2022-M10",""
"Кількість живонароджених","Запорізька","Місячна","2022-M11",""
"Кількість живонароджених","Запорізька","Місячна","2022-M12",""
"Кількість живонароджених","Київська","Місячна","2005-M01","1207"
"Кількість живонароджених","Київська","Місячна","2005-M02","2504"
"Кількість живонароджених","Київська","Місячна","2005-M03","3968"
"Кількість живонароджених","Київська","Місячна","2005-M04","5353"
"Кількість живонароджених","Київська","Місячна","2005-M05","6683"
"Кількість живонароджених","Київська","Місячна","2005-M06","7926"
"Кількість живонароджених","Київська","Місячна","2005-M07","9385"
"Кількість живонароджених","Київська","Місячна","2005-M08","10891"
"Кількість живонароджених","Київська","Місячна","2005-M09","12306"
"Кількість живонароджених","Київська","Місячна","2005-M10","13673"
"Кількість живонароджених","Київська","Місячна","2005-M11","15031"
"Кількість живонароджених","Київська","Місячна","2005-M12","16460"
"Кількість живонароджених","Київська","Місячна","2006-M01","1213"
"Кількість живонароджених","Київська","Місячна","2006-M02","2574"
"Кількість живонароджених","Київська","Місячна","2006-M03","4056"
"Кількість живонароджених","Київська","Місячна","2006-M04","5347"
"Кількість живонароджених","Київська","Місячна","2006-M05","6837"
"Кількість живонароджених","Київська","Місячна","2006-M06","8178"
"Кількість живонароджених","Київська","Місячна","2006-M07","9699"
"Кількість живонароджених","Київська","Місячна","2006-M08","11374"
"Кількість живонароджених","Київська","Місячна","2006-M09","12944"
"Кількість живонароджених","Київська","Місячна","2006-M10","14495"
"Кількість живонароджених","Київська","Місячна","2006-M11","15983"
"Кількість живонароджених","Київська","Місячна","2006-M12","17383"
"Кількість живонароджених","Київська","Місячна","2007-M01","1408"
"Кількість живонароджених","Київська","Місячна","2007-M02","2856"
"Кількість живонароджених","Київська","Місячна","2007-M03","4372"
"Кількість живонароджених","Київська","Місячна","2007-M04","5798"
"Кількість живонароджених","Київська","Місячна","2007-M05","7365"
"Кількість живонароджених","Київська","Місячна","2007-M06","8823"
"Кількість живонароджених","Київська","Місячна","2007-M07","10595"
"Кількість живонароджених","Київська","Місячна","2007-M08","12192"
"Кількість живонароджених","Київська","Місячна","2007-M09","13736"
"Кількість живонароджених","Київська","Місячна","2007-M10","15452"
"Кількість живонароджених","Київська","Місячна","2007-M11","16973"
"Кількість живонароджених","Київська","Місячна","2007-M12","18378"
"Кількість живонароджених","Київська","Місячна","2008-M01","1629"
"Кількість живонароджених","Київська","Місячна","2008-M02","3239"
"Кількість живонароджених","Київська","Місячна","2008-M03","4688"
"Кількість живонароджених","Київська","Місячна","2008-M04","6171"
"Кількість живонароджених","Київська","Місячна","2008-M05","7935"
"Кількість живонароджених","Київська","Місячна","2008-M06","9427"
"Кількість живонароджених","Київська","Місячна","2008-M07","11351"
"Кількість живонароджених","Київська","Місячна","2008-M08","13121"
"Кількість живонароджених","Київська","Місячна","2008-M09","14918"
"Кількість живонароджених","Київська","Місячна","2008-M10","16847"
"Кількість живонароджених","Київська","Місячна","2008-M11","18369"
"Кількість живонароджених","Київська","Місячна","2008-M12","20195"
"Кількість живонароджених","Київська","Місячна","2009-M01","1723"
"Кількість живонароджених","Київська","Місячна","2009-M02","3373"
"Кількість живонароджених","Київська","Місячна","2009-M03","5021"
"Кількість живонароджених","Київська","Місячна","2009-M04","6680"
"Кількість живонароджених","Київська","Місячна","2009-M05","8328"
"Кількість живонароджених","Київська","Місячна","2009-M06","9963"
"Кількість живонароджених","Київська","Місячна","2009-M07","11900"
"Кількість живонароджених","Київська","Місячна","2009-M08","13679"
"Кількість живонароджених","Київська","Місячна","2009-M09","15549"
"Кількість живонароджених","Київська","Місячна","2009-M10","17402"
"Кількість живонароджених","Київська","Місячна","2009-M11","18961"
"Кількість живонароджених","Київська","Місячна","2009-M12","20616"
"Кількість живонароджених","Київська","Місячна","2010-M01","1547"
"Кількість живонароджених","Київська","Місячна","2010-M02","3171"
"Кількість живонароджених","Київська","Місячна","2010-M03","4952"
"Кількість живонароджених","Київська","Місячна","2010-M04","6439"
"Кількість живонароджених","Київська","Місячна","2010-M05","7898"
"Кількість живонароджених","Київська","Місячна","2010-M06","9634"
"Кількість живонароджених","Київська","Місячна","2010-M07","11485"
"Кількість живонароджених","Київська","Місячна","2010-M08","13105"
"Кількість живонароджених","Київська","Місячна","2010-M09","14864"
"Кількість живонароджених","Київська","Місячна","2010-M10","16482"
"Кількість живонароджених","Київська","Місячна","2010-M11","18073"
"Кількість живонароджених","Київська","Місячна","2010-M12","19737"
"Кількість живонароджених","Київська","Місячна","2011-M01","1649"
"Кількість живонароджених","Київська","Місячна","2011-M02","3212"
"Кількість живонароджених","Київська","Місячна","2011-M03","4851"
"Кількість живонароджених","Київська","Місячна","2011-M04","6337"
"Кількість живонароджених","Київська","Місячна","2011-M05","7756"
"Кількість живонароджених","Київська","Місячна","2011-M06","9234"
"Кількість живонароджених","Київська","Місячна","2011-M07","11094"
"Кількість живонароджених","Київська","Місячна","2011-M08","12990"
"Кількість живонароджених","Київська","Місячна","2011-M09","14820"
"Кількість живонароджених","Київська","Місячна","2011-M10","16542"
"Кількість живонароджених","Київська","Місячна","2011-M11","18292"
"Кількість живонароджених","Київська","Місячна","2011-M12","20083"
"Кількість живонароджених","Київська","Місячна","2012-M01","1668"
"Кількість живонароджених","Київська","Місячна","2012-M02","3463"
"Кількість живонароджених","Київська","Місячна","2012-M03","5085"
"Кількість живонароджених","Київська","Місячна","2012-M04","6663"
"Кількість живонароджених","Київська","Місячна","2012-M05","8468"
"Кількість живонароджених","Київська","Місячна","2012-M06","10099"
"Кількість живонароджених","Київська","Місячна","2012-M07","12222"
"Кількість живонароджених","Київська","Місячна","2012-M08","14065"
"Кількість живонароджених","Київська","Місячна","2012-M09","15803"
"Кількість живонароджених","Київська","Місячна","2012-M10","17704"
"Кількість живонароджених","Київська","Місячна","2012-M11","19360"
"Кількість живонароджених","Київська","Місячна","2012-M12","20966"
"Кількість живонароджених","Київська","Місячна","2013-M01","1801"
"Кількість живонароджених","Київська","Місячна","2013-M02","3369"
"Кількість живонароджених","Київська","Місячна","2013-M03","4886"
"Кількість живонароджених","Київська","Місячна","2013-M04","6441"
"Кількість живонароджених","Київська","Місячна","2013-M05","8026"
"Кількість живонароджених","Київська","Місячна","2013-M06","9538"
"Кількість живонароджених","Київська","Місячна","2013-M07","11608"
"Кількість живонароджених","Київська","Місячна","2013-M08","13480"
"Кількість живонароджених","Київська","Місячна","2013-M09","15225"
"Кількість живонароджених","Київська","Місячна","2013-M10","17158"
"Кількість живонароджених","Київська","Місячна","2013-M11","18870"
"Кількість живонароджених","Київська","Місячна","2013-M12","20511"
"Кількість живонароджених","Київська","Місячна","2014-M01","1735"
"Кількість живонароджених","Київська","Місячна","2014-M02","3330"
"Кількість живонароджених","Київська","Місячна","2014-M03","4919"
"Кількість живонароджених","Київська","Місячна","2014-M04","6625"
"Кількість живонароджених","Київська","Місячна","2014-M05","8314"
"Кількість живонароджених","Київська","Місячна","2014-M06","9974"
"Кількість живонароджених","Київська","Місячна","2014-M07","11962"
"Кількість живонароджених","Київська","Місячна","2014-M08","13796"
"Кількість живонароджених","Київська","Місячна","2014-M09","15671"
"Кількість живонароджених","Київська","Місячна","2014-M10","17558"
"Кількість живонароджених","Київська","Місячна","2014-M11","19150"
"Кількість живонароджених","Київська","Місячна","2014-M12","20900"
"Кількість живонароджених","Київська","Місячна","2015-M01","1637"
"Кількість живонароджених","Київська","Місячна","2015-M02","3219"
"Кількість живонароджених","Київська","Місячна","2015-M03","4803"
"Кількість живонароджених","Київська","Місячна","2015-M04","6451"
"Кількість живонароджених","Київська","Місячна","2015-M05","8000"
"Кількість живонароджених","Київська","Місячна","2015-M06","9578"
"Кількість живонароджених","Київська","Місячна","2015-M07","11625"
"Кількість живонароджених","Київська","Місячна","2015-M08","13339"
"Кількість живонароджених","Київська","Місячна","2015-M09","15217"
"Кількість живонароджених","Київська","Місячна","2015-M10","16985"
"Кількість живонароджених","Київська","Місячна","2015-M11","18485"
"Кількість живонароджених","Київська","Місячна","2015-M12","20205"
"Кількість живонароджених","Київська","Місячна","2016-M01","1570"
"Кількість живонароджених","Київська","Місячна","2016-M02","3114"
"Кількість живонароджених","Київська","Місячна","2016-M03","4863"
"Кількість живонароджених","Київська","Місячна","2016-M04","6339"
"Кількість живонароджених","Київська","Місячна","2016-M05","7863"
"Кількість живонароджених","Київська","Місячна","2016-M06","9444"
"Кількість живонароджених","Київська","Місячна","2016-M07","11143"
"Кількість живонароджених","Київська","Місячна","2016-M08","12902"
"Кількість живонароджених","Київська","Місячна","2016-M09","14570"
"Кількість живонароджених","Київська","Місячна","2016-M10","16099"
"Кількість живонароджених","Київська","Місячна","2016-M11","17559"
"Кількість живонароджених","Київська","Місячна","2016-M12","19027"
"Кількість живонароджених","Київська","Місячна","2017-M01","1456"
"Кількість живонароджених","Київська","Місячна","2017-M02","2756"
"Кількість живонароджених","Київська","Місячна","2017-M03","4232"
"Кількість живонароджених","Київська","Місячна","2017-M04","5393"
"Кількість живонароджених","Київська","Місячна","2017-M05","6794"
"Кількість живонароджених","Київська","Місячна","2017-M06","8165"
"Кількість живонароджених","Київська","Місячна","2017-M07","9678"
"Кількість живонароджених","Київська","Місячна","2017-M08","11353"
"Кількість живонароджених","Київська","Місячна","2017-M09","12846"
"Кількість живонароджених","Київська","Місячна","2017-M10","14272"
"Кількість живонароджених","Київська","Місячна","2017-M11","15687"
"Кількість живонароджених","Київська","Місячна","2017-M12","16998"
"Кількість живонароджених","Київська","Місячна","2018-M01","1419"
"Кількість живонароджених","Київська","Місячна","2018-M02","2634"
"Кількість живонароджених","Київська","Місячна","2018-M03","3878"
"Кількість живонароджених","Київська","Місячна","2018-M04","5042"
"Кількість живонароджених","Київська","Місячна","2018-M05","6299"
"Кількість живонароджених","Київська","Місячна","2018-M06","7522"
"Кількість живонароджених","Київська","Місячна","2018-M07","8937"
"Кількість живонароджених","Київська","Місячна","2018-M08","10336"
"Кількість живонароджених","Київська","Місячна","2018-M09","11648"
"Кількість живонароджених","Київська","Місячна","2018-M10","13058"
"Кількість живонароджених","Київська","Місячна","2018-M11","14184"
"Кількість живонароджених","Київська","Місячна","2018-M12","15236"
"Кількість живонароджених","Київська","Місячна","2019-M01","1299"
"Кількість живонароджених","Київська","Місячна","2019-M02","2391"
"Кількість живонароджених","Київська","Місячна","2019-M03","3489"
"Кількість живонароджених","Київська","Місячна","2019-M04","4511"
"Кількість живонароджених","Київська","Місячна","2019-M05","5731"
"Кількість живонароджених","Київська","Місячна","2019-M06","6809"
"Кількість живонароджених","Київська","Місячна","2019-M07","8216"
"Кількість живонароджених","Київська","Місячна","2019-M08","9510"
"Кількість живонароджених","Київська","Місячна","2019-M09","10646"
"Кількість живонароджених","Київська","Місячна","2019-M10","12076"
"Кількість живонароджених","Київська","Місячна","2019-M11","13211"
"Кількість живонароджених","Київська","Місячна","2019-M12","14283"
"Кількість живонароджених","Київська","Місячна","2020-M01","1258"
"Кількість живонароджених","Київська","Місячна","2020-M02","2351"
"Кількість живонароджених","Київська","Місячна","2020-M03","3241"
"Кількість живонароджених","Київська","Місячна","2020-M04","4440"
"Кількість живонароджених","Київська","Місячна","2020-M05","5672"
"Кількість живонароджених","Київська","Місячна","2020-M06","6819"
"Кількість живонароджених","Київська","Місячна","2020-M07","8304"
"Кількість живонароджених","Київська","Місячна","2020-M08","9453"
"Кількість живонароджених","Київська","Місячна","2020-M09","10758"
"Кількість живонароджених","Київська","Місячна","2020-M10","12026"
"Кількість живонароджених","Київська","Місячна","2020-M11","13028"
"Кількість живонароджених","Київська","Місячна","2020-M12","14205"
"Кількість живонароджених","Київська","Місячна","2021-M01","1049"
"Кількість живонароджених","Київська","Місячна","2021-M02","1987"
"Кількість живонароджених","Київська","Місячна","2021-M03","3076"
"Кількість живонароджених","Київська","Місячна","2021-M04","4031"
"Кількість живонароджених","Київська","Місячна","2021-M05","5096"
"Кількість живонароджених","Київська","Місячна","2021-M06","6133"
"Кількість живонароджених","Київська","Місячна","2021-M07","7345"
"Кількість живонароджених","Київська","Місячна","2021-M08","8411"
"Кількість живонароджених","Київська","Місячна","2021-M09","9598"
"Кількість живонароджених","Київська","Місячна","2021-M10","10640"
"Кількість живонароджених","Київська","Місячна","2021-M11","11659"
"Кількість живонароджених","Київська","Місячна","2021-M12","12632"
"Кількість живонароджених","Київська","Місячна","2022-M01","930"
"Кількість живонароджених","Київська","Місячна","2022-M02",""
"Кількість живонароджених","Київська","Місячна","2022-M03",""
"Кількість живонароджених","Київська","Місячна","2022-M04",""
"Кількість живонароджених","Київська","Місячна","2022-M05",""
"Кількість живонароджених","Київська","Місячна","2022-M06",""
"Кількість живонароджених","Київська","Місячна","2022-M07",""
"Кількість живонароджених","Київська","Місячна","2022-M08",""
"Кількість живонароджених","Київська","Місячна","2022-M09",""
"Кількість живонароджених","Київська","Місячна","2022-M10",""
"Кількість живонароджених","Київська","Місячна","2022-M11",""
"Кількість живонароджених","Київська","Місячна","2022-M12",""
"Кількість живонароджених","Луганська","Місячна","2005-M01","1339"
"Кількість живонароджених","Луганська","Місячна","2005-M02","2638"
"Кількість живонароджених","Луганська","Місячна","2005-M03","4108"
"Кількість живонароджених","Луганська","Місячна","2005-M04","5526"
"Кількість живонароджених","Луганська","Місячна","2005-M05","6901"
"Кількість живонароджених","Луганська","Місячна","2005-M06","8362"
"Кількість живонароджених","Луганська","Місячна","2005-M07","9933"
"Кількість живонароджених","Луганська","Місячна","2005-M08","11666"
"Кількість живонароджених","Луганська","Місячна","2005-M09","13244"
"Кількість живонароджених","Луганська","Місячна","2005-M10","14754"
"Кількість живонароджених","Луганська","Місячна","2005-M11","16281"
"Кількість живонароджених","Луганська","Місячна","2005-M12","17877"
"Кількість живонароджених","Луганська","Місячна","2006-M01","1473"
"Кількість живонароджених","Луганська","Місячна","2006-M02","3066"
"Кількість живонароджених","Луганська","Місячна","2006-M03","4646"
"Кількість живонароджених","Луганська","Місячна","2006-M04","6157"
"Кількість живонароджених","Луганська","Місячна","2006-M05","7888"
"Кількість живонароджених","Луганська","Місячна","2006-M06","9486"
"Кількість живонароджених","Луганська","Місячна","2006-M07","11198"
"Кількість живонароджених","Луганська","Місячна","2006-M08","13016"
"Кількість живонароджених","Луганська","Місячна","2006-M09","14764"
"Кількість живонароджених","Луганська","Місячна","2006-M10","16491"
"Кількість живонароджених","Луганська","Місячна","2006-M11","18151"
"Кількість живонароджених","Луганська","Місячна","2006-M12","19833"
"Кількість живонароджених","Луганська","Місячна","2007-M01","1598"
"Кількість живонароджених","Луганська","Місячна","2007-M02","3210"
"Кількість живонароджених","Луганська","Місячна","2007-M03","4808"
"Кількість живонароджених","Луганська","Місячна","2007-M04","6277"
"Кількість живонароджених","Луганська","Місячна","2007-M05","8018"
"Кількість живонароджених","Луганська","Місячна","2007-M06","9559"
"Кількість живонароджених","Луганська","Місячна","2007-M07","11464"
"Кількість живонароджених","Луганська","Місячна","2007-M08","13329"
"Кількість живонароджених","Луганська","Місячна","2007-M09","15059"
"Кількість живонароджених","Луганська","Місячна","2007-M10","16979"
"Кількість живонароджених","Луганська","Місячна","2007-M11","18703"
"Кількість живонароджених","Луганська","Місячна","2007-M12","20326"
"Кількість живонароджених","Луганська","Місячна","2008-M01","1835"
"Кількість живонароджених","Луганська","Місячна","2008-M02","3589"
"Кількість живонароджених","Луганська","Місячна","2008-M03","5087"
"Кількість живонароджених","Луганська","Місячна","2008-M04","6765"
"Кількість живонароджених","Луганська","Місячна","2008-M05","8574"
"Кількість живонароджених","Луганська","Місячна","2008-M06","10191"
"Кількість живонароджених","Луганська","Місячна","2008-M07","12352"
"Кількість живонароджених","Луганська","Місячна","2008-M08","14298"
"Кількість живонароджених","Луганська","Місячна","2008-M09","16369"
"Кількість живонароджених","Луганська","Місячна","2008-M10","18490"
"Кількість живонароджених","Луганська","Місячна","2008-M11","20285"
"Кількість живонароджених","Луганська","Місячна","2008-M12","22259"
"Кількість живонароджених","Луганська","Місячна","2009-M01","1801"
"Кількість живонароджених","Луганська","Місячна","2009-M02","3578"
"Кількість живонароджених","Луганська","Місячна","2009-M03","5407"
"Кількість живонароджених","Луганська","Місячна","2009-M04","7172"
"Кількість живонароджених","Луганська","Місячна","2009-M05","8901"
"Кількість живонароджених","Луганська","Місячна","2009-M06","10514"
"Кількість живонароджених","Луганська","Місячна","2009-M07","12721"
"Кількість живонароджених","Луганська","Місячна","2009-M08","14563"
"Кількість живонароджених","Луганська","Місячна","2009-M09","16465"
"Кількість живонароджених","Луганська","Місячна","2009-M10","18374"
"Кількість живонароджених","Луганська","Місячна","2009-M11","19981"
"Кількість живонароджених","Луганська","Місячна","2009-M12","21671"
"Кількість живонароджених","Луганська","Місячна","2010-M01","1610"
"Кількість живонароджених","Луганська","Місячна","2010-M02","3257"
"Кількість живонароджених","Луганська","Місячна","2010-M03","4903"
"Кількість живонароджених","Луганська","Місячна","2010-M04","6554"
"Кількість живонароджених","Луганська","Місячна","2010-M05","8089"
"Кількість живонароджених","Луганська","Місячна","2010-M06","9883"
"Кількість живонароджених","Луганська","Місячна","2010-M07","11925"
"Кількість живонароджених","Луганська","Місячна","2010-M08","13793"
"Кількість живонароджених","Луганська","Місячна","2010-M09","15668"
"Кількість живонароджених","Луганська","Місячна","2010-M10","17484"
"Кількість живонароджених","Луганська","Місячна","2010-M11","19205"
"Кількість живонароджених","Луганська","Місячна","2010-M12","20969"
"Кількість живонароджених","Луганська","Місячна","2011-M01","1703"
"Кількість живонароджених","Луганська","Місячна","2011-M02","3287"
"Кількість живонароджених","Луганська","Місячна","2011-M03","5040"
"Кількість живонароджених","Луганська","Місячна","2011-M04","6566"
"Кількість живонароджених","Луганська","Місячна","2011-M05","8091"
"Кількість живонароджених","Луганська","Місячна","2011-M06","9701"
"Кількість живонароджених","Луганська","Місячна","2011-M07","11707"
"Кількість живонароджених","Луганська","Місячна","2011-M08","13805"
"Кількість живонароджених","Луганська","Місячна","2011-M09","15818"
"Кількість живонароджених","Луганська","Місячна","2011-M10","17623"
"Кількість живонароджених","Луганська","Місячна","2011-M11","19471"
"Кількість живонароджених","Луганська","Місячна","2011-M12","21320"
"Кількість живонароджених","Луганська","Місячна","2012-M01","1752"
"Кількість живонароджених","Луганська","Місячна","2012-M02","3494"
"Кількість живонароджених","Луганська","Місячна","2012-M03","5368"
"Кількість живонароджених","Луганська","Місячна","2012-M04","6962"
"Кількість живонароджених","Луганська","Місячна","2012-M05","8798"
"Кількість живонароджених","Луганська","Місячна","2012-M06","10434"
"Кількість живонароджених","Луганська","Місячна","2012-M07","12465"
"Кількість живонароджених","Луганська","Місячна","2012-M08","14533"
"Кількість живонароджених","Луганська","Місячна","2012-M09","16333"
"Кількість живонароджених","Луганська","Місячна","2012-M10","18219"
"Кількість живонароджених","Луганська","Місячна","2012-M11","20075"
"Кількість живонароджених","Луганська","Місячна","2012-M12","21743"
"Кількість живонароджених","Луганська","Місячна","2013-M01","1719"
"Кількість живонароджених","Луганська","Місячна","2013-M02","3223"
"Кількість живонароджених","Луганська","Місячна","2013-M03","4754"
"Кількість живонароджених","Луганська","Місячна","2013-M04","6384"
"Кількість живонароджених","Луганська","Місячна","2013-M05","8053"
"Кількість живонароджених","Луганська","Місячна","2013-M06","9525"
"Кількість живонароджених","Луганська","Місячна","2013-M07","11587"
"Кількість живонароджених","Луганська","Місячна","2013-M08","13467"
"Кількість живонароджених","Луганська","Місячна","2013-M09","15224"
"Кількість живонароджених","Луганська","Місячна","2013-M10","17206"
"Кількість живонароджених","Луганська","Місячна","2013-M11","18867"
"Кількість живонароджених","Луганська","Місячна","2013-M12","20531"
"Кількість живонароджених","Луганська","Місячна","2014-M01","1755"
"Кількість живонароджених","Луганська","Місячна","2014-M02","3420"
"Кількість живонароджених","Луганська","Місячна","2014-M03","5026"
"Кількість живонароджених","Луганська","Місячна","2014-M04","6717"
"Кількість живонароджених","Луганська","Місячна","2014-M05","8227"
"Кількість живонароджених","Луганська","Місячна","2014-M06","8652"
"Кількість живонароджених","Луганська","Місячна","2014-M07","9122"
"Кількість живонароджених","Луганська","Місячна","2014-M08","9535"
"Кількість живонароджених","Луганська","Місячна","2014-M09","10038"
"Кількість живонароджених","Луганська","Місячна","2014-M10","10547"
"Кількість живонароджених","Луганська","Місячна","2014-M11","10993"
"Кількість живонароджених","Луганська","Місячна","2014-M12","11558"
"Кількість живонароджених","Луганська","Місячна","2015-M01","480"
"Кількість живонароджених","Луганська","Місячна","2015-M02","930"
"Кількість живонароджених","Луганська","Місячна","2015-M03","1352"
"Кількість живонароджених","Луганська","Місячна","2015-M04","1788"
"Кількість живонароджених","Луганська","Місячна","2015-M05","2198"
"Кількість живонароджених","Луганська","Місячна","2015-M06","2613"
"Кількість живонароджених","Луганська","Місячна","2015-M07","3163"
"Кількість живонароджених","Луганська","Місячна","2015-M08","3638"
"Кількість живонароджених","Луганська","Місячна","2015-M09","4113"
"Кількість живонароджених","Луганська","Місячна","2015-M10","4593"
"Кількість живонароджених","Луганська","Місячна","2015-M11","4978"
"Кількість живонароджених","Луганська","Місячна","2015-M12","5340"
"Кількість живонароджених","Луганська","Місячна","2016-M01","367"
"Кількість живонароджених","Луганська","Місячна","2016-M02","753"
"Кількість живонароджених","Луганська","Місячна","2016-M03","1368"
"Кількість живонароджених","Луганська","Місячна","2016-M04","1867"
"Кількість живонароджених","Луганська","Місячна","2016-M05","2372"
"Кількість живонароджених","Луганська","Місячна","2016-M06","2922"
"Кількість живонароджених","Луганська","Місячна","2016-M07","3574"
"Кількість живонароджених","Луганська","Місячна","2016-M08","4208"
"Кількість живонароджених","Луганська","Місячна","2016-M09","4807"
"Кількість живонароджених","Луганська","Місячна","2016-M10","5354"
"Кількість живонароджених","Луганська","Місячна","2016-M11","5960"
"Кількість живонароджених","Луганська","Місячна","2016-M12","6485"
"Кількість живонароджених","Луганська","Місячна","2017-M01","455"
"Кількість живонароджених","Луганська","Місячна","2017-M02","972"
"Кількість живонароджених","Луганська","Місячна","2017-M03","1499"
"Кількість живонароджених","Луганська","Місячна","2017-M04","1935"
"Кількість живонароджених","Луганська","Місячна","2017-M05","2373"
"Кількість живонароджених","Луганська","Місячна","2017-M06","2824"
"Кількість живонароджених","Луганська","Місячна","2017-M07","3387"
"Кількість живонароджених","Луганська","Місячна","2017-M08","3937"
"Кількість живонароджених","Луганська","Місячна","2017-M09","4479"
"Кількість живонароджених","Луганська","Місячна","2017-M10","5026"
"Кількість живонароджених","Луганська","Місячна","2017-M11","5555"
"Кількість живонароджених","Луганська","Місячна","2017-M12","5973"
"Кількість живонароджених","Луганська","Місячна","2018-M01","493"
"Кількість живонароджених","Луганська","Місячна","2018-M02","935"
"Кількість живонароджених","Луганська","Місячна","2018-M03","1446"
"Кількість живонароджених","Луганська","Місячна","2018-M04","1862"
"Кількість живонароджених","Луганська","Місячна","2018-M05","2327"
"Кількість живонароджених","Луганська","Місячна","2018-M06","2821"
"Кількість живонароджених","Луганська","Місячна","2018-M07","3331"
"Кількість живонароджених","Луганська","Місячна","2018-M08","3821"
"Кількість живонароджених","Луганська","Місячна","2018-M09","4292"
"Кількість живонароджених","Луганська","Місячна","2018-M10","4782"
"Кількість живонароджених","Луганська","Місячна","2018-M11","5257"
"Кількість живонароджених","Луганська","Місячна","2018-M12","5652"
"Кількість живонароджених","Луганська","Місячна","2019-M01","447"
"Кількість живонароджених","Луганська","Місячна","2019-M02","905"
"Кількість живонароджених","Луганська","Місячна","2019-M03","1298"
"Кількість живонароджених","Луганська","Місячна","2019-M04","1607"
"Кількість живонароджених","Луганська","Місячна","2019-M05","2057"
"Кількість живонароджених","Луганська","Місячна","2019-M06","2415"
"Кількість живонароджених","Луганська","Місячна","2019-M07","2925"
"Кількість живонароджених","Луганська","Місячна","2019-M08","3389"
"Кількість живонароджених","Луганська","Місячна","2019-M09","3809"
"Кількість живонароджених","Луганська","Місячна","2019-M10","4269"
"Кількість живонароджених","Луганська","Місячна","2019-M11","4683"
"Кількість живонароджених","Луганська","Місячна","2019-M12","5031"
"Кількість живонароджених","Луганська","Місячна","2020-M01","422"
"Кількість живонароджених","Луганська","Місячна","2020-M02","810"
"Кількість живонароджених","Луганська","Місячна","2020-M03","1089"
"Кількість живонароджених","Луганська","Місячна","2020-M04","1342"
"Кількість живонароджених","Луганська","Місячна","2020-M05","1615"
"Кількість живонароджених","Луганська","Місячна","2020-M06","1882"
"Кількість живонароджених","Луганська","Місячна","2020-M07","2260"
"Кількість живонароджених","Луганська","Місячна","2020-M08","2620"
"Кількість живонароджених","Луганська","Місячна","2020-M09","3022"
"Кількість живонароджених","Луганська","Місячна","2020-M10","3383"
"Кількість живонароджених","Луганська","Місячна","2020-M11","3683"
"Кількість живонароджених","Луганська","Місячна","2020-M12","4013"
"Кількість живонароджених","Луганська","Місячна","2021-M01","259"
"Кількість живонароджених","Луганська","Місячна","2021-M02","537"
"Кількість живонароджених","Луганська","Місячна","2021-M03","824"
"Кількість живонароджених","Луганська","Місячна","2021-M04","1127"
"Кількість живонароджених","Луганська","Місячна","2021-M05","1395"
"Кількість живонароджених","Луганська","Місячна","2021-M06","1676"
"Кількість живонароджених","Луганська","Місячна","2021-M07","2001"
"Кількість живонароджених","Луганська","Місячна","2021-M08","2279"
"Кількість живонароджених","Луганська","Місячна","2021-M09","2596"
"Кількість живонароджених","Луганська","Місячна","2021-M10","2862"
"Кількість живонароджених","Луганська","Місячна","2021-M11","3085"
"Кількість живонароджених","Луганська","Місячна","2021-M12","3356"
"Кількість живонароджених","Луганська","Місячна","2022-M01","253"
"Кількість живонароджених","Луганська","Місячна","2022-M02",""
"Кількість живонароджених","Луганська","Місячна","2022-M03",""
"Кількість живонароджених","Луганська","Місячна","2022-M04",""
"Кількість живонароджених","Луганська","Місячна","2022-M05",""
"Кількість живонароджених","Луганська","Місячна","2022-M06",""
"Кількість живонароджених","Луганська","Місячна","2022-M07",""
"Кількість живонароджених","Луганська","Місячна","2022-M08",""
"Кількість живонароджених","Луганська","Місячна","2022-M09",""
"Кількість живонароджених","Луганська","Місячна","2022-M10",""
"Кількість живонароджених","Луганська","Місячна","2022-M11",""
"Кількість живонароджених","Луганська","Місячна","2022-M12",""
"Кількість живонароджених","Кіровоградська","Місячна","2005-M01","665"
"Кількість живонароджених","Кіровоградська","Місячна","2005-M02","1348"
"Кількість живонароджених","Кіровоградська","Місячна","2005-M03","2115"
"Кількість живонароджених","Кіровоградська","Місячна","2005-M04","2907"
"Кількість живонароджених","Кіровоградська","Місячна","2005-M05","3662"
"Кількість живонароджених","Кіровоградська","Місячна","2005-M06","4360"
"Кількість живонароджених","Кіровоградська","Місячна","2005-M07","5088"
"Кількість живонароджених","Кіровоградська","Місячна","2005-M08","5918"
"Кількість живонароджених","Кіровоградська","Місячна","2005-M09","6716"
"Кількість живонароджених","Кіровоградська","Місячна","2005-M10","7511"
"Кількість живонароджених","Кіровоградська","Місячна","2005-M11","8252"
"Кількість живонароджених","Кіровоградська","Місячна","2005-M12","8967"
"Кількість живонароджених","Кіровоградська","Місячна","2006-M01","705"
"Кількість живонароджених","Кіровоградська","Місячна","2006-M02","1467"
"Кількість живонароджених","Кіровоградська","Місячна","2006-M03","2309"
"Кількість живонароджених","Кіровоградська","Місячна","2006-M04","3045"
"Кількість живонароджених","Кіровоградська","Місячна","2006-M05","3944"
"Кількість живонароджених","Кіровоградська","Місячна","2006-M06","4734"
"Кількість живонароджених","Кіровоградська","Місячна","2006-M07","5609"
"Кількість живонароджених","Кіровоградська","Місячна","2006-M08","6461"
"Кількість живонароджених","Кіровоградська","Місячна","2006-M09","7366"
"Кількість живонароджених","Кіровоградська","Місячна","2006-M10","8185"
"Кількість живонароджених","Кіровоградська","Місячна","2006-M11","8989"
"Кількість живонароджених","Кіровоградська","Місячна","2006-M12","9755"
"Кількість живонароджених","Кіровоградська","Місячна","2007-M01","859"
"Кількість живонароджених","Кіровоградська","Місячна","2007-M02","1693"
"Кількість живонароджених","Кіровоградська","Місячна","2007-M03","2487"
"Кількість живонароджених","Кіровоградська","Місячна","2007-M04","3251"
"Кількість живонароджених","Кіровоградська","Місячна","2007-M05","4123"
"Кількість живонароджених","Кіровоградська","Місячна","2007-M06","4923"
"Кількість живонароджених","Кіровоградська","Місячна","2007-M07","5870"
"Кількість живонароджених","Кіровоградська","Місячна","2007-M08","6783"
"Кількість живонароджених","Кіровоградська","Місячна","2007-M09","7658"
"Кількість живонароджених","Кіровоградська","Місячна","2007-M10","8615"
"Кількість живонароджених","Кіровоградська","Місячна","2007-M11","9380"
"Кількість живонароджених","Кіровоградська","Місячна","2007-M12","10076"
"Кількість живонароджених","Кіровоградська","Місячна","2008-M01","806"
"Кількість живонароджених","Кіровоградська","Місячна","2008-M02","1671"
"Кількість живонароджених","Кіровоградська","Місячна","2008-M03","2437"
"Кількість живонароджених","Кіровоградська","Місячна","2008-M04","3215"
"Кількість живонароджених","Кіровоградська","Місячна","2008-M05","4051"
"Кількість живонароджених","Кіровоградська","Місячна","2008-M06","4840"
"Кількість живонароджених","Кіровоградська","Місячна","2008-M07","5850"
"Кількість живонароджених","Кіровоградська","Місячна","2008-M08","6732"
"Кількість живонароджених","Кіровоградська","Місячна","2008-M09","7761"
"Кількість живонароджених","Кіровоградська","Місячна","2008-M10","8792"
"Кількість живонароджених","Кіровоградська","Місячна","2008-M11","9613"
"Кількість живонароджених","Кіровоградська","Місячна","2008-M12","10538"
"Кількість живонароджених","Кіровоградська","Місячна","2009-M01","966"
"Кількість живонароджених","Кіровоградська","Місячна","2009-M02","1840"
"Кількість живонароджених","Кіровоградська","Місячна","2009-M03","2768"
"Кількість живонароджених","Кіровоградська","Місячна","2009-M04","3623"
"Кількість живонароджених","Кіровоградська","Місячна","2009-M05","4459"
"Кількість живонароджених","Кіровоградська","Місячна","2009-M06","5358"
"Кількість живонароджених","Кіровоградська","Місячна","2009-M07","6365"
"Кількість живонароджених","Кіровоградська","Місячна","2009-M08","7266"
"Кількість живонароджених","Кіровоградська","Місячна","2009-M09","8261"
"Кількість живонароджених","Кіровоградська","Місячна","2009-M10","9198"
"Кількість живонароджених","Кіровоградська","Місячна","2009-M11","10107"
"Кількість живонароджених","Кіровоградська","Місячна","2009-M12","10916"
"Кількість живонароджених","Кіровоградська","Місячна","2010-M01","847"
"Кількість живонароджених","Кіровоградська","Місячна","2010-M02","1700"
"Кількість живонароджених","Кіровоградська","Місячна","2010-M03","2616"
"Кількість живонароджених","Кіровоградська","Місячна","2010-M04","3422"
"Кількість живонароджених","Кіровоградська","Місячна","2010-M05","4237"
"Кількість живонароджених","Кіровоградська","Місячна","2010-M06","5134"
"Кількість живонароджених","Кіровоградська","Місячна","2010-M07","6116"
"Кількість живонароджених","Кіровоградська","Місячна","2010-M08","7020"
"Кількість живонароджених","Кіровоградська","Місячна","2010-M09","7926"
"Кількість живонароджених","Кіровоградська","Місячна","2010-M10","8791"
"Кількість живонароджених","Кіровоградська","Місячна","2010-M11","9680"
"Кількість живонароджених","Кіровоградська","Місячна","2010-M12","10531"
"Кількість живонароджених","Кіровоградська","Місячна","2011-M01","956"
"Кількість живонароджених","Кіровоградська","Місячна","2011-M02","1761"
"Кількість живонароджених","Кіровоградська","Місячна","2011-M03","2670"
"Кількість живонароджених","Кіровоградська","Місячна","2011-M04","3398"
"Кількість живонароджених","Кіровоградська","Місячна","2011-M05","4198"
"Кількість живонароджених","Кіровоградська","Місячна","2011-M06","4984"
"Кількість живонароджених","Кіровоградська","Місячна","2011-M07","5982"
"Кількість живонароджених","Кіровоградська","Місячна","2011-M08","6978"
"Кількість живонароджених","Кіровоградська","Місячна","2011-M09","7893"
"Кількість живонароджених","Кіровоградська","Місячна","2011-M10","8796"
"Кількість живонароджених","Кіровоградська","Місячна","2011-M11","9725"
"Кількість живонароджених","Кіровоградська","Місячна","2011-M12","10578"
"Кількість живонароджених","Кіровоградська","Місячна","2012-M01","928"
"Кількість живонароджених","Кіровоградська","Місячна","2012-M02","1839"
"Кількість живонароджених","Кіровоградська","Місячна","2012-M03","2800"
"Кількість живонароджених","Кіровоградська","Місячна","2012-M04","3631"
"Кількість живонароджених","Кіровоградська","Місячна","2012-M05","4518"
"Кількість живонароджених","Кіровоградська","Місячна","2012-M06","5358"
"Кількість живонароджених","Кіровоградська","Місячна","2012-M07","6337"
"Кількість живонароджених","Кіровоградська","Місячна","2012-M08","7342"
"Кількість живонароджених","Кіровоградська","Місячна","2012-M09","8272"
"Кількість живонароджених","Кіровоградська","Місячна","2012-M10","9323"
"Кількість живонароджених","Кіровоградська","Місячна","2012-M11","10189"
"Кількість живонароджених","Кіровоградська","Місячна","2012-M12","11029"
"Кількість живонароджених","Кіровоградська","Місячна","2013-M01","927"
"Кількість живонароджених","Кіровоградська","Місячна","2013-M02","1755"
"Кількість живонароджених","Кіровоградська","Місячна","2013-M03","2534"
"Кількість живонароджених","Кіровоградська","Місячна","2013-M04","3329"
"Кількість живонароджених","Кіровоградська","Місячна","2013-M05","4177"
"Кількість живонароджених","Кіровоградська","Місячна","2013-M06","4934"
"Кількість живонароджених","Кіровоградська","Місячна","2013-M07","5933"
"Кількість живонароджених","Кіровоградська","Місячна","2013-M08","6914"
"Кількість живонароджених","Кіровоградська","Місячна","2013-M09","7831"
"Кількість живонароджених","Кіровоградська","Місячна","2013-M10","8819"
"Кількість живонароджених","Кіровоградська","Місячна","2013-M11","9688"
"Кількість живонароджених","Кіровоградська","Місячна","2013-M12","10562"
"Кількість живонароджених","Кіровоградська","Місячна","2014-M01","947"
"Кількість живонароджених","Кіровоградська","Місячна","2014-M02","1815"
"Кількість живонароджених","Кіровоградська","Місячна","2014-M03","2637"
"Кількість живонароджених","Кіровоградська","Місячна","2014-M04","3499"
"Кількість живонароджених","Кіровоградська","Місячна","2014-M05","4379"
"Кількість живонароджених","Кіровоградська","Місячна","2014-M06","5210"
"Кількість живонароджених","Кіровоградська","Місячна","2014-M07","6191"
"Кількість живонароджених","Кіровоградська","Місячна","2014-M08","7121"
"Кількість живонароджених","Кіровоградська","Місячна","2014-M09","8043"
"Кількість живонароджених","Кіровоградська","Місячна","2014-M10","8958"
"Кількість живонароджених","Кіровоградська","Місячна","2014-M11","9720"
"Кількість живонароджених","Кіровоградська","Місячна","2014-M12","10576"
"Кількість живонароджених","Кіровоградська","Місячна","2015-M01","871"
"Кількість живонароджених","Кіровоградська","Місячна","2015-M02","1650"
"Кількість живонароджених","Кіровоградська","Місячна","2015-M03","2464"
"Кількість живонароджених","Кіровоградська","Місячна","2015-M04","3241"
"Кількість живонароджених","Кіровоградська","Місячна","2015-M05","3972"
"Кількість живонароджених","Кіровоградська","Місячна","2015-M06","4727"
"Кількість живонароджених","Кіровоградська","Місячна","2015-M07","5647"
"Кількість живонароджених","Кіровоградська","Місячна","2015-M08","6428"
"Кількість живонароджених","Кіровоградська","Місячна","2015-M09","7250"
"Кількість живонароджених","Кіровоградська","Місячна","2015-M10","7968"
"Кількість живонароджених","Кіровоградська","Місячна","2015-M11","8662"
"Кількість живонароджених","Кіровоградська","Місячна","2015-M12","9456"
"Кількість живонароджених","Кіровоградська","Місячна","2016-M01","718"
"Кількість живонароджених","Кіровоградська","Місячна","2016-M02","1402"
"Кількість живонароджених","Кіровоградська","Місячна","2016-M03","2230"
"Кількість живонароджених","Кіровоградська","Місячна","2016-M04","2895"
"Кількість живонароджених","Кіровоградська","Місячна","2016-M05","3589"
"Кількість живонароджених","Кіровоградська","Місячна","2016-M06","4200"
"Кількість живонароджених","Кіровоградська","Місячна","2016-M07","5018"
"Кількість живонароджених","Кіровоградська","Місячна","2016-M08","5917"
"Кількість живонароджених","Кіровоградська","Місячна","2016-M09","6757"
"Кількість живонароджених","Кіровоградська","Місячна","2016-M10","7447"
"Кількість живонароджених","Кіровоградська","Місячна","2016-M11","8189"
"Кількість живонароджених","Кіровоградська","Місячна","2016-M12","8859"
"Кількість живонароджених","Кіровоградська","Місячна","2017-M01","664"
"Кількість живонароджених","Кіровоградська","Місячна","2017-M02","1314"
"Кількість живонароджених","Кіровоградська","Місячна","2017-M03","1977"
"Кількість живонароджених","Кіровоградська","Місячна","2017-M04","2508"
"Кількість живонароджених","Кіровоградська","Місячна","2017-M05","3132"
"Кількість живонароджених","Кіровоградська","Місячна","2017-M06","3759"
"Кількість живонароджених","Кіровоградська","Місячна","2017-M07","4503"
"Кількість живонароджених","Кіровоградська","Місячна","2017-M08","5249"
"Кількість живонароджених","Кіровоградська","Місячна","2017-M09","5887"
"Кількість живонароджених","Кіровоградська","Місячна","2017-M10","6556"
"Кількість живонароджених","Кіровоградська","Місячна","2017-M11","7219"
"Кількість живонароджених","Кіровоградська","Місячна","2017-M12","7845"
"Кількість живонароджених","Кіровоградська","Місячна","2018-M01","650"
"Кількість живонароджених","Кіровоградська","Місячна","2018-M02","1223"
"Кількість живонароджених","Кіровоградська","Місячна","2018-M03","1828"
"Кількість живонароджених","Кіровоградська","Місячна","2018-M04","2386"
"Кількість живонароджених","Кіровоградська","Місячна","2018-M05","2979"
"Кількість живонароджених","Кіровоградська","Місячна","2018-M06","3552"
"Кількість живонароджених","Кіровоградська","Місячна","2018-M07","4201"
"Кількість живонароджених","Кіровоградська","Місячна","2018-M08","4806"
"Кількість живонароджених","Кіровоградська","Місячна","2018-M09","5408"
"Кількість живонароджених","Кіровоградська","Місячна","2018-M10","6073"
"Кількість живонароджених","Кіровоградська","Місячна","2018-M11","6617"
"Кількість живонароджених","Кіровоградська","Місячна","2018-M12","7077"
"Кількість живонароджених","Кіровоградська","Місячна","2019-M01","605"
"Кількість живонароджених","Кіровоградська","Місячна","2019-M02","1113"
"Кількість живонароджених","Кіровоградська","Місячна","2019-M03","1635"
"Кількість живонароджених","Кіровоградська","Місячна","2019-M04","2086"
"Кількість живонароджених","Кіровоградська","Місячна","2019-M05","2613"
"Кількість живонароджених","Кіровоградська","Місячна","2019-M06","3056"
"Кількість живонароджених","Кіровоградська","Місячна","2019-M07","3662"
"Кількість живонароджених","Кіровоградська","Місячна","2019-M08","4274"
"Кількість живонароджених","Кіровоградська","Місячна","2019-M09","4800"
"Кількість живонароджених","Кіровоградська","Місячна","2019-M10","5360"
"Кількість живонароджених","Кіровоградська","Місячна","2019-M11","5869"
"Кількість живонароджених","Кіровоградська","Місячна","2019-M12","6356"
"Кількість живонароджених","Кіровоградська","Місячна","2020-M01","580"
"Кількість живонароджених","Кіровоградська","Місячна","2020-M02","1048"
"Кількість живонароджених","Кіровоградська","Місячна","2020-M03","1471"
"Кількість живонароджених","Кіровоградська","Місячна","2020-M04","1887"
"Кількість живонароджених","Кіровоградська","Місячна","2020-M05","2352"
"Кількість живонароджених","Кіровоградська","Місячна","2020-M06","2837"
"Кількість живонароджених","Кіровоградська","Місячна","2020-M07","3443"
"Кількість живонароджених","Кіровоградська","Місячна","2020-M08","3937"
"Кількість живонароджених","Кіровоградська","Місячна","2020-M09","4475"
"Кількість живонароджених","Кіровоградська","Місячна","2020-M10","5034"
"Кількість живонароджених","Кіровоградська","Місячна","2020-M11","5520"
"Кількість живонароджених","Кіровоградська","Місячна","2020-M12","6048"
"Кількість живонароджених","Кіровоградська","Місячна","2021-M01","477"
"Кількість живонароджених","Кіровоградська","Місячна","2021-M02","915"
"Кількість живонароджених","Кіровоградська","Місячна","2021-M03","1395"
"Кількість живонароджених","Кіровоградська","Місячна","2021-M04","1824"
"Кількість живонароджених","Кіровоградська","Місячна","2021-M05","2262"
"Кількість живонароджених","Кіровоградська","Місячна","2021-M06","2689"
"Кількість живонароджених","Кіровоградська","Місячна","2021-M07","3194"
"Кількість живонароджених","Кіровоградська","Місячна","2021-M08","3697"
"Кількість живонароджених","Кіровоградська","Місячна","2021-M09","4194"
"Кількість живонароджених","Кіровоградська","Місячна","2021-M10","4650"
"Кількість живонароджених","Кіровоградська","Місячна","2021-M11","5076"
"Кількість живонароджених","Кіровоградська","Місячна","2021-M12","5533"
"Кількість живонароджених","Кіровоградська","Місячна","2022-M01","387"
"Кількість живонароджених","Кіровоградська","Місячна","2022-M02",""
"Кількість живонароджених","Кіровоградська","Місячна","2022-M03",""
"Кількість живонароджених","Кіровоградська","Місячна","2022-M04",""
"Кількість живонароджених","Кіровоградська","Місячна","2022-M05",""
"Кількість живонароджених","Кіровоградська","Місячна","2022-M06",""
"Кількість живонароджених","Кіровоградська","Місячна","2022-M07",""
"Кількість живонароджених","Кіровоградська","Місячна","2022-M08",""
"Кількість живонароджених","Кіровоградська","Місячна","2022-M09",""
"Кількість живонароджених","Кіровоградська","Місячна","2022-M10",""
"Кількість живонароджених","Кіровоградська","Місячна","2022-M11",""
"Кількість живонароджених","Кіровоградська","Місячна","2022-M12",""
"Кількість живонароджених","Миколаївська","Місячна","2005-M01","776"
"Кількість живонароджених","Миколаївська","Місячна","2005-M02","1643"
"Кількість живонароджених","Миколаївська","Місячна","2005-M03","2565"
"Кількість живонароджених","Миколаївська","Місячна","2005-M04","3568"
"Кількість живонароджених","Миколаївська","Місячна","2005-M05","4404"
"Кількість живонароджених","Миколаївська","Місячна","2005-M06","5244"
"Кількість живонароджених","Миколаївська","Місячна","2005-M07","6211"
"Кількість живонароджених","Миколаївська","Місячна","2005-M08","7173"
"Кількість живонароджених","Миколаївська","Місячна","2005-M09","8126"
"Кількість живонароджених","Миколаївська","Місячна","2005-M10","9015"
"Кількість живонароджених","Миколаївська","Місячна","2005-M11","10014"
"Кількість живонароджених","Миколаївська","Місячна","2005-M12","10928"
"Кількість живонароджених","Миколаївська","Місячна","2006-M01","876"
"Кількість живонароджених","Миколаївська","Місячна","2006-M02","1779"
"Кількість живонароджених","Миколаївська","Місячна","2006-M03","2689"
"Кількість живонароджених","Миколаївська","Місячна","2006-M04","3617"
"Кількість живонароджених","Миколаївська","Місячна","2006-M05","4571"
"Кількість живонароджених","Миколаївська","Місячна","2006-M06","5505"
"Кількість живонароджених","Миколаївська","Місячна","2006-M07","6534"
"Кількість живонароджених","Миколаївська","Місячна","2006-M08","7653"
"Кількість живонароджених","Миколаївська","Місячна","2006-M09","8664"
"Кількість живонароджених","Миколаївська","Місячна","2006-M10","9701"
"Кількість живонароджених","Миколаївська","Місячна","2006-M11","10756"
"Кількість живонароджених","Миколаївська","Місячна","2006-M12","11736"
"Кількість живонароджених","Миколаївська","Місячна","2007-M01","990"
"Кількість живонароджених","Миколаївська","Місячна","2007-M02","1936"
"Кількість живонароджених","Миколаївська","Місячна","2007-M03","2959"
"Кількість живонароджених","Миколаївська","Місячна","2007-M04","3870"
"Кількість живонароджених","Миколаївська","Місячна","2007-M05","4853"
"Кількість живонароджених","Миколаївська","Місячна","2007-M06","5828"
"Кількість живонароджених","Миколаївська","Місячна","2007-M07","7044"
"Кількість живонароджених","Миколаївська","Місячна","2007-M08","8171"
"Кількість живонароджених","Миколаївська","Місячна","2007-M09","9210"
"Кількість живонароджених","Миколаївська","Місячна","2007-M10","10324"
"Кількість живонароджених","Миколаївська","Місячна","2007-M11","11375"
"Кількість живонароджених","Миколаївська","Місячна","2007-M12","12363"
"Кількість живонароджених","Миколаївська","Місячна","2008-M01","1103"
"Кількість живонароджених","Миколаївська","Місячна","2008-M02","2211"
"Кількість живонароджених","Миколаївська","Місячна","2008-M03","3157"
"Кількість живонароджених","Миколаївська","Місячна","2008-M04","4119"
"Кількість живонароджених","Миколаївська","Місячна","2008-M05","5126"
"Кількість живонароджених","Миколаївська","Місячна","2008-M06","6094"
"Кількість живонароджених","Миколаївська","Місячна","2008-M07","7402"
"Кількість живонароджених","Миколаївська","Місячна","2008-M08","8724"
"Кількість живонароджених","Миколаївська","Місячна","2008-M09","9843"
"Кількість живонароджених","Миколаївська","Місячна","2008-M10","11144"
"Кількість живонароджених","Миколаївська","Місячна","2008-M11","12249"
"Кількість живонароджених","Миколаївська","Місячна","2008-M12","13378"
"Кількість живонароджених","Миколаївська","Місячна","2009-M01","1111"
"Кількість живонароджених","Миколаївська","Місячна","2009-M02","2150"
"Кількість живонароджених","Миколаївська","Місячна","2009-M03","3230"
"Кількість живонароджених","Миколаївська","Місячна","2009-M04","4251"
"Кількість живонароджених","Миколаївська","Місячна","2009-M05","5279"
"Кількість живонароджених","Миколаївська","Місячна","2009-M06","6312"
"Кількість живонароджених","Миколаївська","Місячна","2009-M07","7513"
"Кількість живонароджених","Миколаївська","Місячна","2009-M08","8664"
"Кількість живонароджених","Миколаївська","Місячна","2009-M09","9840"
"Кількість живонароджених","Миколаївська","Місячна","2009-M10","10999"
"Кількість живонароджених","Миколаївська","Місячна","2009-M11","12054"
"Кількість живонароджених","Миколаївська","Місячна","2009-M12","13093"
"Кількість живонароджених","Миколаївська","Місячна","2010-M01","1023"
"Кількість живонароджених","Миколаївська","Місячна","2010-M02","2092"
"Кількість живонароджених","Миколаївська","Місячна","2010-M03","3124"
"Кількість живонароджених","Миколаївська","Місячна","2010-M04","4128"
"Кількість живонароджених","Миколаївська","Місячна","2010-M05","5075"
"Кількість живонароджених","Миколаївська","Місячна","2010-M06","6160"
"Кількість живонароджених","Миколаївська","Місячна","2010-M07","7337"
"Кількість живонароджених","Миколаївська","Місячна","2010-M08","8442"
"Кількість живонароджених","Миколаївська","Місячна","2010-M09","9630"
"Кількість живонароджених","Миколаївська","Місячна","2010-M10","10750"
"Кількість живонароджених","Миколаївська","Місячна","2010-M11","11752"
"Кількість живонароджених","Миколаївська","Місячна","2010-M12","12831"
"Кількість живонароджених","Миколаївська","Місячна","2011-M01","1005"
"Кількість живонароджених","Миколаївська","Місячна","2011-M02","2047"
"Кількість живонароджених","Миколаївська","Місячна","2011-M03","3127"
"Кількість живонароджених","Миколаївська","Місячна","2011-M04","4089"
"Кількість живонароджених","Миколаївська","Місячна","2011-M05","5030"
"Кількість живонароджених","Миколаївська","Місячна","2011-M06","6013"
"Кількість живонароджених","Миколаївська","Місячна","2011-M07","7167"
"Кількість живонароджених","Миколаївська","Місячна","2011-M08","8376"
"Кількість живонароджених","Миколаївська","Місячна","2011-M09","9606"
"Кількість живонароджених","Миколаївська","Місячна","2011-M10","10737"
"Кількість живонароджених","Миколаївська","Місячна","2011-M11","11859"
"Кількість живонароджених","Миколаївська","Місячна","2011-M12","13029"
"Кількість живонароджених","Миколаївська","Місячна","2012-M01","1066"
"Кількість живонароджених","Миколаївська","Місячна","2012-M02","2236"
"Кількість живонароджених","Миколаївська","Місячна","2012-M03","3299"
"Кількість живонароджених","Миколаївська","Місячна","2012-M04","4277"
"Кількість живонароджених","Миколаївська","Місячна","2012-M05","5414"
"Кількість живонароджених","Миколаївська","Місячна","2012-M06","6446"
"Кількість живонароджених","Миколаївська","Місячна","2012-M07","7737"
"Кількість живонароджених","Миколаївська","Місячна","2012-M08","9047"
"Кількість живонароджених","Миколаївська","Місячна","2012-M09","10198"
"Кількість живонароджених","Миколаївська","Місячна","2012-M10","11356"
"Кількість живонароджених","Миколаївська","Місячна","2012-M11","12494"
"Кількість живонароджених","Миколаївська","Місячна","2012-M12","13515"
"Кількість живонароджених","Миколаївська","Місячна","2013-M01","1089"
"Кількість живонароджених","Миколаївська","Місячна","2013-M02","2103"
"Кількість живонароджених","Миколаївська","Місячна","2013-M03","3118"
"Кількість живонароджених","Миколаївська","Місячна","2013-M04","4077"
"Кількість живонароджених","Миколаївська","Місячна","2013-M05","5082"
"Кількість живонароджених","Миколаївська","Місячна","2013-M06","6032"
"Кількість живонароджених","Миколаївська","Місячна","2013-M07","7258"
"Кількість живонароджених","Миколаївська","Місячна","2013-M08","8494"
"Кількість живонароджених","Миколаївська","Місячна","2013-M09","9647"
"Кількість живонароджених","Миколаївська","Місячна","2013-M10","10864"
"Кількість живонароджених","Миколаївська","Місячна","2013-M11","11961"
"Кількість живонароджених","Миколаївська","Місячна","2013-M12","13043"
"Кількість живонароджених","Миколаївська","Місячна","2014-M01","1095"
"Кількість живонароджених","Миколаївська","Місячна","2014-M02","2190"
"Кількість живонароджених","Миколаївська","Місячна","2014-M03","3167"
"Кількість живонароджених","Миколаївська","Місячна","2014-M04","4184"
"Кількість живонароджених","Миколаївська","Місячна","2014-M05","5244"
"Кількість живонароджених","Миколаївська","Місячна","2014-M06","6249"
"Кількість живонароджених","Миколаївська","Місячна","2014-M07","7493"
"Кількість живонароджених","Миколаївська","Місячна","2014-M08","8702"
"Кількість живонароджених","Миколаївська","Місячна","2014-M09","9842"
"Кількість живонароджених","Миколаївська","Місячна","2014-M10","11120"
"Кількість живонароджених","Миколаївська","Місячна","2014-M11","12064"
"Кількість живонароджених","Миколаївська","Місячна","2014-M12","13076"
"Кількість живонароджених","Миколаївська","Місячна","2015-M01","1004"
"Кількість живонароджених","Миколаївська","Місячна","2015-M02","1883"
"Кількість живонароджених","Миколаївська","Місячна","2015-M03","2798"
"Кількість живонароджених","Миколаївська","Місячна","2015-M04","3817"
"Кількість живонароджених","Миколаївська","Місячна","2015-M05","4673"
"Кількість живонароджених","Миколаївська","Місячна","2015-M06","5586"
"Кількість живонароджених","Миколаївська","Місячна","2015-M07","6694"
"Кількість живонароджених","Миколаївська","Місячна","2015-M08","7694"
"Кількість живонароджених","Миколаївська","Місячна","2015-M09","8793"
"Кількість живонароджених","Миколаївська","Місячна","2015-M10","9803"
"Кількість живонароджених","Миколаївська","Місячна","2015-M11","10626"
"Кількість живонароджених","Миколаївська","Місячна","2015-M12","11533"
"Кількість живонароджених","Миколаївська","Місячна","2016-M01","911"
"Кількість живонароджених","Миколаївська","Місячна","2016-M02","1748"
"Кількість живонароджених","Миколаївська","Місячна","2016-M03","2711"
"Кількість живонароджених","Миколаївська","Місячна","2016-M04","3543"
"Кількість живонароджених","Миколаївська","Місячна","2016-M05","4350"
"Кількість живонароджених","Миколаївська","Місячна","2016-M06","5164"
"Кількість живонароджених","Миколаївська","Місячна","2016-M07","6160"
"Кількість живонароджених","Миколаївська","Місячна","2016-M08","7138"
"Кількість живонароджених","Миколаївська","Місячна","2016-M09","8061"
"Кількість живонароджених","Миколаївська","Місячна","2016-M10","8974"
"Кількість живонароджених","Миколаївська","Місячна","2016-M11","9904"
"Кількість живонароджених","Миколаївська","Місячна","2016-M12","10781"
"Кількість живонароджених","Миколаївська","Місячна","2017-M01","885"
"Кількість живонароджених","Миколаївська","Місячна","2017-M02","1681"
"Кількість живонароджених","Миколаївська","Місячна","2017-M03","2497"
"Кількість живонароджених","Миколаївська","Місячна","2017-M04","3205"
"Кількість живонароджених","Миколаївська","Місячна","2017-M05","4028"
"Кількість живонароджених","Миколаївська","Місячна","2017-M06","4909"
"Кількість живонароджених","Миколаївська","Місячна","2017-M07","5836"
"Кількість живонароджених","Миколаївська","Місячна","2017-M08","6739"
"Кількість живонароджених","Миколаївська","Місячна","2017-M09","7586"
"Кількість живонароджених","Миколаївська","Місячна","2017-M10","8448"
"Кількість живонароджених","Миколаївська","Місячна","2017-M11","9282"
"Кількість живонароджених","Миколаївська","Місячна","2017-M12","10073"
"Кількість живонароджених","Миколаївська","Місячна","2018-M01","834"
"Кількість живонароджених","Миколаївська","Місячна","2018-M02","1590"
"Кількість живонароджених","Миколаївська","Місячна","2018-M03","2358"
"Кількість живонароджених","Миколаївська","Місячна","2018-M04","3025"
"Кількість живонароджених","Миколаївська","Місячна","2018-M05","3752"
"Кількість живонароджених","Миколаївська","Місячна","2018-M06","4464"
"Кількість живонароджених","Миколаївська","Місячна","2018-M07","5317"
"Кількість живонароджених","Миколаївська","Місячна","2018-M08","6165"
"Кількість живонароджених","Миколаївська","Місячна","2018-M09","6925"
"Кількість живонароджених","Миколаївська","Місячна","2018-M10","7745"
"Кількість живонароджених","Миколаївська","Місячна","2018-M11","8473"
"Кількість живонароджених","Миколаївська","Місячна","2018-M12","9141"
"Кількість живонароджених","Миколаївська","Місячна","2019-M01","692"
"Кількість живонароджених","Миколаївська","Місячна","2019-M02","1357"
"Кількість живонароджених","Миколаївська","Місячна","2019-M03","1948"
"Кількість живонароджених","Миколаївська","Місячна","2019-M04","2560"
"Кількість живонароджених","Миколаївська","Місячна","2019-M05","3253"
"Кількість живонароджених","Миколаївська","Місячна","2019-M06","3871"
"Кількість живонароджених","Миколаївська","Місячна","2019-M07","4601"
"Кількість живонароджених","Миколаївська","Місячна","2019-M08","5387"
"Кількість живонароджених","Миколаївська","Місячна","2019-M09","6051"
"Кількість живонароджених","Миколаївська","Місячна","2019-M10","6791"
"Кількість живонароджених","Миколаївська","Місячна","2019-M11","7347"
"Кількість живонароджених","Миколаївська","Місячна","2019-M12","7966"
"Кількість живонароджених","Миколаївська","Місячна","2020-M01","776"
"Кількість живонароджених","Миколаївська","Місячна","2020-M02","1393"
"Кількість живонароджених","Миколаївська","Місячна","2020-M03","1890"
"Кількість живонароджених","Миколаївська","Місячна","2020-M04","2427"
"Кількість живонароджених","Миколаївська","Місячна","2020-M05","3045"
"Кількість живонароджених","Миколаївська","Місячна","2020-M06","3622"
"Кількість живонароджених","Миколаївська","Місячна","2020-M07","4405"
"Кількість живонароджених","Миколаївська","Місячна","2020-M08","5056"
"Кількість живонароджених","Миколаївська","Місячна","2020-M09","5725"
"Кількість живонароджених","Миколаївська","Місячна","2020-M10","6388"
"Кількість живонароджених","Миколаївська","Місячна","2020-M11","6941"
"Кількість живонароджених","Миколаївська","Місячна","2020-M12","7633"
"Кількість живонароджених","Миколаївська","Місячна","2021-M01","624"
"Кількість живонароджених","Миколаївська","Місячна","2021-M02","1186"
"Кількість живонароджених","Миколаївська","Місячна","2021-M03","1811"
"Кількість живонароджених","Миколаївська","Місячна","2021-M04","2344"
"Кількість живонароджених","Миколаївська","Місячна","2021-M05","2856"
"Кількість живонароджених","Миколаївська","Місячна","2021-M06","3425"
"Кількість живонароджених","Миколаївська","Місячна","2021-M07","4100"
"Кількість живонароджених","Миколаївська","Місячна","2021-M08","4692"
"Кількість живонароджених","Миколаївська","Місячна","2021-M09","5310"
"Кількість живонароджених","Миколаївська","Місячна","2021-M10","5912"
"Кількість живонароджених","Миколаївська","Місячна","2021-M11","6469"
"Кількість живонароджених","Миколаївська","Місячна","2021-M12","7029"
"Кількість живонароджених","Миколаївська","Місячна","2022-M01","488"
"Кількість живонароджених","Миколаївська","Місячна","2022-M02",""
"Кількість живонароджених","Миколаївська","Місячна","2022-M03",""
"Кількість живонароджених","Миколаївська","Місячна","2022-M04",""
"Кількість живонароджених","Миколаївська","Місячна","2022-M05",""
"Кількість живонароджених","Миколаївська","Місячна","2022-M06",""
"Кількість живонароджених","Миколаївська","Місячна","2022-M07",""
"Кількість живонароджених","Миколаївська","Місячна","2022-M08",""
"Кількість живонароджених","Миколаївська","Місячна","2022-M09",""
"Кількість живонароджених","Миколаївська","Місячна","2022-M10",""
"Кількість живонароджених","Миколаївська","Місячна","2022-M11",""
"Кількість живонароджених","Миколаївська","Місячна","2022-M12",""
"Кількість живонароджених","Львівська","Місячна","2005-M01","1944"
"Кількість живонароджених","Львівська","Місячна","2005-M02","4019"
"Кількість живонароджених","Львівська","Місячна","2005-M03","6189"
"Кількість живонароджених","Львівська","Місячна","2005-M04","8299"
"Кількість живонароджених","Львівська","Місячна","2005-M05","10456"
"Кількість живонароджених","Львівська","Місячна","2005-M06","12676"
"Кількість живонароджених","Львівська","Місячна","2005-M07","15141"
"Кількість живонароджених","Львівська","Місячна","2005-M08","17366"
"Кількість живонароджених","Львівська","Місячна","2005-M09","19662"
"Кількість живонароджених","Львівська","Місячна","2005-M10","21813"
"Кількість живонароджених","Львівська","Місячна","2005-M11","23837"
"Кількість живонароджених","Львівська","Місячна","2005-M12","26082"
"Кількість живонароджених","Львівська","Місячна","2006-M01","1871"
"Кількість живонароджених","Львівська","Місячна","2006-M02","4023"
"Кількість живонароджених","Львівська","Місячна","2006-M03","6249"
"Кількість живонароджених","Львівська","Місячна","2006-M04","8266"
"Кількість живонароджених","Львівська","Місячна","2006-M05","10612"
"Кількість живонароджених","Львівська","Місячна","2006-M06","12969"
"Кількість живонароджених","Львівська","Місячна","2006-M07","15405"
"Кількість живонароджених","Львівська","Місячна","2006-M08","17921"
"Кількість живонароджених","Львівська","Місячна","2006-M09","20435"
"Кількість живонароджених","Львівська","Місячна","2006-M10","22762"
"Кількість живонароджених","Львівська","Місячна","2006-M11","25107"
"Кількість живонароджених","Львівська","Місячна","2006-M12","27272"
"Кількість живонароджених","Львівська","Місячна","2007-M01","2189"
"Кількість живонароджених","Львівська","Місячна","2007-M02","4311"
"Кількість живонароджених","Львівська","Місячна","2007-M03","6502"
"Кількість живонароджених","Львівська","Місячна","2007-M04","8499"
"Кількість живонароджених","Львівська","Місячна","2007-M05","10821"
"Кількість живонароджених","Львівська","Місячна","2007-M06","12995"
"Кількість живонароджених","Львівська","Місячна","2007-M07","15680"
"Кількість живонароджених","Львівська","Місячна","2007-M08","18286"
"Кількість живонароджених","Львівська","Місячна","2007-M09","20737"
"Кількість живонароджених","Львівська","Місячна","2007-M10","23340"
"Кількість живонароджених","Львівська","Місячна","2007-M11","25495"
"Кількість живонароджених","Львівська","Місячна","2007-M12","27454"
"Кількість живонароджених","Львівська","Місячна","2008-M01","2285"
"Кількість живонароджених","Львівська","Місячна","2008-M02","4547"
"Кількість живонароджених","Львівська","Місячна","2008-M03","6532"
"Кількість живонароджених","Львівська","Місячна","2008-M04","8662"
"Кількість живонароджених","Львівська","Місячна","2008-M05","11223"
"Кількість живонароджених","Львівська","Місячна","2008-M06","13405"
"Кількість живонароджених","Львівська","Місячна","2008-M07","16258"
"Кількість живонароджених","Львівська","Місячна","2008-M08","18799"
"Кількість живонароджених","Львівська","Місячна","2008-M09","21564"
"Кількість живонароджених","Львівська","Місячна","2008-M10","24392"
"Кількість живонароджених","Львівська","Місячна","2008-M11","26718"
"Кількість живонароджених","Львівська","Місячна","2008-M12","29007"
"Кількість живонароджених","Львівська","Місячна","2009-M01","2284"
"Кількість живонароджених","Львівська","Місячна","2009-M02","4716"
"Кількість живонароджених","Львівська","Місячна","2009-M03","7093"
"Кількість живонароджених","Львівська","Місячна","2009-M04","9643"
"Кількість живонароджених","Львівська","Місячна","2009-M05","12108"
"Кількість живонароджених","Львівська","Місячна","2009-M06","14449"
"Кількість живонароджених","Львівська","Місячна","2009-M07","17537"
"Кількість живонароджених","Львівська","Місячна","2009-M08","20073"
"Кількість живонароджених","Львівська","Місячна","2009-M09","22754"
"Кількість живонароджених","Львівська","Місячна","2009-M10","25430"
"Кількість живонароджених","Львівська","Місячна","2009-M11","27639"
"Кількість живонароджених","Львівська","Місячна","2009-M12","30079"
"Кількість живонароджених","Львівська","Місячна","2010-M01","2357"
"Кількість живонароджених","Львівська","Місячна","2010-M02","4635"
"Кількість живонароджених","Львівська","Місячна","2010-M03","7001"
"Кількість живонароджених","Львівська","Місячна","2010-M04","9197"
"Кількість живонароджених","Львівська","Місячна","2010-M05","11390"
"Кількість живонароджених","Львівська","Місячна","2010-M06","13883"
"Кількість живонароджених","Львівська","Місячна","2010-M07","16651"
"Кількість живонароджених","Львівська","Місячна","2010-M08","18951"
"Кількість живонароджених","Львівська","Місячна","2010-M09","21486"
"Кількість живонароджених","Львівська","Місячна","2010-M10","24083"
"Кількість живонароджених","Львівська","Місячна","2010-M11","26398"
"Кількість живонароджених","Львівська","Місячна","2010-M12","28651"
"Кількість живонароджених","Львівська","Місячна","2011-M01","2299"
"Кількість живонароджених","Львівська","Місячна","2011-M02","4564"
"Кількість живонароджених","Львівська","Місячна","2011-M03","6837"
"Кількість живонароджених","Львівська","Місячна","2011-M04","8996"
"Кількість живонароджених","Львівська","Місячна","2011-M05","11212"
"Кількість живонароджених","Львівська","Місячна","2011-M06","13594"
"Кількість живонароджених","Львівська","Місячна","2011-M07","16355"
"Кількість живонароджених","Львівська","Місячна","2011-M08","19151"
"Кількість живонароджених","Львівська","Місячна","2011-M09","21682"
"Кількість живонароджених","Львівська","Місячна","2011-M10","24183"
"Кількість живонароджених","Львівська","Місячна","2011-M11","26581"
"Кількість живонароджених","Львівська","Місячна","2011-M12","28904"
"Кількість живонароджених","Львівська","Місячна","2012-M01","2360"
"Кількість живонароджених","Львівська","Місячна","2012-M02","4767"
"Кількість живонароджених","Львівська","Місячна","2012-M03","7154"
"Кількість живонароджених","Львівська","Місячна","2012-M04","9313"
"Кількість живонароджених","Львівська","Місячна","2012-M05","12086"
"Кількість живонароджених","Львівська","Місячна","2012-M06","14505"
"Кількість живонароджених","Львівська","Місячна","2012-M07","17364"
"Кількість живонароджених","Львівська","Місячна","2012-M08","20255"
"Кількість живонароджених","Львівська","Місячна","2012-M09","22751"
"Кількість живонароджених","Львівська","Місячна","2012-M10","25550"
"Кількість живонароджених","Львівська","Місячна","2012-M11","28012"
"Кількість живонароджених","Львівська","Місячна","2012-M12","30220"
"Кількість живонароджених","Львівська","Місячна","2013-M01","2464"
"Кількість живонароджених","Львівська","Місячна","2013-M02","4593"
"Кількість живонароджених","Львівська","Місячна","2013-M03","6903"
"Кількість живонароджених","Львівська","Місячна","2013-M04","9061"
"Кількість живонароджених","Львівська","Місячна","2013-M05","11617"
"Кількість живонароджених","Львівська","Місячна","2013-M06","13830"
"Кількість живонароджених","Львівська","Місячна","2013-M07","16716"
"Кількість живонароджених","Львівська","Місячна","2013-M08","19506"
"Кількість живонароджених","Львівська","Місячна","2013-M09","21969"
"Кількість живонароджених","Львівська","Місячна","2013-M10","24911"
"Кількість живонароджених","Львівська","Місячна","2013-M11","27325"
"Кількість живонароджених","Львівська","Місячна","2013-M12","29542"
"Кількість живонароджених","Львівська","Місячна","2014-M01","2415"
"Кількість живонароджених","Львівська","Місячна","2014-M02","4854"
"Кількість живонароджених","Львівська","Місячна","2014-M03","7081"
"Кількість живонароджених","Львівська","Місячна","2014-M04","9561"
"Кількість живонароджених","Львівська","Місячна","2014-M05","12097"
"Кількість живонароджених","Львівська","Місячна","2014-M06","14569"
"Кількість живонароджених","Львівська","Місячна","2014-M07","17638"
"Кількість живонароджених","Львівська","Місячна","2014-M08","20268"
"Кількість живонароджених","Львівська","Місячна","2014-M09","22932"
"Кількість живонароджених","Львівська","Місячна","2014-M10","25730"
"Кількість живонароджених","Львівська","Місячна","2014-M11","27915"
"Кількість живонароджених","Львівська","Місячна","2014-M12","30270"
"Кількість живонароджених","Львівська","Місячна","2015-M01","2305"
"Кількість живонароджених","Львівська","Місячна","2015-M02","4389"
"Кількість живонароджених","Львівська","Місячна","2015-M03","6607"
"Кількість живонароджених","Львівська","Місячна","2015-M04","8874"
"Кількість живонароджених","Львівська","Місячна","2015-M05","11101"
"Кількість живонароджених","Львівська","Місячна","2015-M06","13316"
"Кількість живонароджених","Львівська","Місячна","2015-M07","16160"
"Кількість живонароджених","Львівська","Місячна","2015-M08","18539"
"Кількість живонароджених","Львівська","Місячна","2015-M09","21187"
"Кількість живонароджених","Львівська","Місячна","2015-M10","23696"
"Кількість живонароджених","Львівська","Місячна","2015-M11","25708"
"Кількість живонароджених","Львівська","Місячна","2015-M12","27909"
"Кількість живонароджених","Львівська","Місячна","2016-M01","2205"
"Кількість живонароджених","Львівська","Місячна","2016-M02","4361"
"Кількість живонароджених","Львівська","Місячна","2016-M03","6652"
"Кількість живонароджених","Львівська","Місячна","2016-M04","8718"
"Кількість живонароджених","Львівська","Місячна","2016-M05","10936"
"Кількість живонароджених","Львівська","Місячна","2016-M06","13159"
"Кількість живонароджених","Львівська","Місячна","2016-M07","15628"
"Кількість живонароджених","Львівська","Місячна","2016-M08","18155"
"Кількість живонароджених","Львівська","Місячна","2016-M09","20562"
"Кількість живонароджених","Львівська","Місячна","2016-M10","22787"
"Кількість живонароджених","Львівська","Місячна","2016-M11","25007"
"Кількість живонароджених","Львівська","Місячна","2016-M12","27134"
"Кількість живонароджених","Львівська","Місячна","2017-M01","2067"
"Кількість живонароджених","Львівська","Місячна","2017-M02","4022"
"Кількість живонароджених","Львівська","Місячна","2017-M03","6173"
"Кількість живонароджених","Львівська","Місячна","2017-M04","7977"
"Кількість живонароджених","Львівська","Місячна","2017-M05","10158"
"Кількість живонароджених","Львівська","Місячна","2017-M06","12214"
"Кількість живонароджених","Львівська","Місячна","2017-M07","14483"
"Кількість живонароджених","Львівська","Місячна","2017-M08","16871"
"Кількість живонароджених","Львівська","Місячна","2017-M09","19039"
"Кількість живонароджених","Львівська","Місячна","2017-M10","21201"
"Кількість живонароджених","Львівська","Місячна","2017-M11","23221"
"Кількість живонароджених","Львівська","Місячна","2017-M12","25002"
"Кількість живонароджених","Львівська","Місячна","2018-M01","2041"
"Кількість живонароджених","Львівська","Місячна","2018-M02","3807"
"Кількість живонароджених","Львівська","Місячна","2018-M03","5732"
"Кількість живонароджених","Львівська","Місячна","2018-M04","7463"
"Кількість живонароджених","Львівська","Місячна","2018-M05","9376"
"Кількість живонароджених","Львівська","Місячна","2018-M06","11300"
"Кількість живонароджених","Львівська","Місячна","2018-M07","13585"
"Кількість живонароджених","Львівська","Місячна","2018-M08","15719"
"Кількість живонароджених","Львівська","Місячна","2018-M09","17699"
"Кількість живонароджених","Львівська","Місячна","2018-M10","19801"
"Кількість живонароджених","Львівська","Місячна","2018-M11","21634"
"Кількість живонароджених","Львівська","Місячна","2018-M12","23253"
"Кількість живонароджених","Львівська","Місячна","2019-M01","1937"
"Кількість живонароджених","Львівська","Місячна","2019-M02","3577"
"Кількість живонароджених","Львівська","Місячна","2019-M03","5234"
"Кількість живонароджених","Львівська","Місячна","2019-M04","6911"
"Кількість живонароджених","Львівська","Місячна","2019-M05","8910"
"Кількість живонароджених","Львівська","Місячна","2019-M06","10601"
"Кількість живонароджених","Львівська","Місячна","2019-M07","12724"
"Кількість живонароджених","Львівська","Місячна","2019-M08","14730"
"Кількість живонароджених","Львівська","Місячна","2019-M09","16616"
"Кількість живонароджених","Львівська","Місячна","2019-M10","18668"
"Кількість живонароджених","Львівська","Місячна","2019-M11","20310"
"Кількість живонароджених","Львівська","Місячна","2019-M12","21803"
"Кількість живонароджених","Львівська","Місячна","2020-M01","2023"
"Кількість живонароджених","Львівська","Місячна","2020-M02","3668"
"Кількість живонароджених","Львівська","Місячна","2020-M03","4998"
"Кількість живонароджених","Львівська","Місячна","2020-M04","6598"
"Кількість живонароджених","Львівська","Місячна","2020-M05","8368"
"Кількість живонароджених","Львівська","Місячна","2020-M06","9983"
"Кількість живонароджених","Львівська","Місячна","2020-M07","12097"
"Кількість живонароджених","Львівська","Місячна","2020-M08","13895"
"Кількість живонароджених","Львівська","Місячна","2020-M09","15878"
"Кількість живонароджених","Львівська","Місячна","2020-M10","17903"
"Кількість живонароджених","Львівська","Місячна","2020-M11","19484"
"Кількість живонароджених","Львівська","Місячна","2020-M12","21129"
"Кількість живонароджених","Львівська","Місячна","2021-M01","1451"
"Кількість живонароджених","Львівська","Місячна","2021-M02","2951"
"Кількість живонароджених","Львівська","Місячна","2021-M03","4612"
"Кількість живонароджених","Львівська","Місячна","2021-M04","6158"
"Кількість живонароджених","Львівська","Місячна","2021-M05","7676"
"Кількість живонароджених","Львівська","Місячна","2021-M06","9331"
"Кількість живонароджених","Львівська","Місячна","2021-M07","11225"
"Кількість живонароджених","Львівська","Місячна","2021-M08","12845"
"Кількість живонароджених","Львівська","Місячна","2021-M09","14683"
"Кількість живонароджених","Львівська","Місячна","2021-M10","16419"
"Кількість живонароджених","Львівська","Місячна","2021-M11","17969"
"Кількість живонароджених","Львівська","Місячна","2021-M12","19440"
"Кількість живонароджених","Львівська","Місячна","2022-M01","1258"
"Кількість живонароджених","Львівська","Місячна","2022-M02",""
"Кількість живонароджених","Львівська","Місячна","2022-M03",""
"Кількість живонароджених","Львівська","Місячна","2022-M04",""
"Кількість живонароджених","Львівська","Місячна","2022-M05",""
"Кількість живонароджених","Львівська","Місячна","2022-M06",""
"Кількість живонароджених","Львівська","Місячна","2022-M07",""
"Кількість живонароджених","Львівська","Місячна","2022-M08",""
"Кількість живонароджених","Львівська","Місячна","2022-M09",""
"Кількість живонароджених","Львівська","Місячна","2022-M10",""
"Кількість живонароджених","Львівська","Місячна","2022-M11",""
"Кількість живонароджених","Львівська","Місячна","2022-M12",""
"Кількість живонароджених","Одеська","Місячна","2005-M01","1678"
"Кількість живонароджених","Одеська","Місячна","2005-M02","3614"
"Кількість живонароджених","Одеська","Місячна","2005-M03","5619"
"Кількість живонароджених","Одеська","Місячна","2005-M04","7567"
"Кількість живонароджених","Одеська","Місячна","2005-M05","9566"
"Кількість живонароджених","Одеська","Місячна","2005-M06","11412"
"Кількість живонароджених","Одеська","Місячна","2005-M07","13623"
"Кількість живонароджених","Одеська","Місячна","2005-M08","15760"
"Кількість живонароджених","Одеська","Місячна","2005-M09","17780"
"Кількість живонароджених","Одеська","Місячна","2005-M10","19762"
"Кількість живонароджених","Одеська","Місячна","2005-M11","21878"
"Кількість живонароджених","Одеська","Місячна","2005-M12","23915"
"Кількість живонароджених","Одеська","Місячна","2006-M01","1734"
"Кількість живонароджених","Одеська","Місячна","2006-M02","3737"
"Кількість живонароджених","Одеська","Місячна","2006-M03","5786"
"Кількість живонароджених","Одеська","Місячна","2006-M04","7658"
"Кількість живонароджених","Одеська","Місячна","2006-M05","9790"
"Кількість живонароджених","Одеська","Місячна","2006-M06","11779"
"Кількість живонароджених","Одеська","Місячна","2006-M07","13958"
"Кількість живонароджених","Одеська","Місячна","2006-M08","16299"
"Кількість живонароджених","Одеська","Місячна","2006-M09","18584"
"Кількість живонароджених","Одеська","Місячна","2006-M10","20927"
"Кількість живонароджених","Одеська","Місячна","2006-M11","23110"
"Кількість живонароджених","Одеська","Місячна","2006-M12","25113"
"Кількість живонароджених","Одеська","Місячна","2007-M01","2012"
"Кількість живонароджених","Одеська","Місячна","2007-M02","4033"
"Кількість живонароджених","Одеська","Місячна","2007-M03","6212"
"Кількість живонароджених","Одеська","Місячна","2007-M04","8257"
"Кількість живонароджених","Одеська","Місячна","2007-M05","10387"
"Кількість живонароджених","Одеська","Місячна","2007-M06","12421"
"Кількість живонароджених","Одеська","Місячна","2007-M07","14967"
"Кількість живонароджених","Одеська","Місячна","2007-M08","17575"
"Кількість живонароджених","Одеська","Місячна","2007-M09","19871"
"Кількість живонароджених","Одеська","Місячна","2007-M10","22368"
"Кількість живонароджених","Одеська","Місячна","2007-M11","24644"
"Кількість живонароджених","Одеська","Місячна","2007-M12","26759"
"Кількість живонароджених","Одеська","Місячна","2008-M01","2403"
"Кількість живонароджених","Одеська","Місячна","2008-M02","4715"
"Кількість живонароджених","Одеська","Місячна","2008-M03","6729"
"Кількість живонароджених","Одеська","Місячна","2008-M04","8819"
"Кількість живонароджених","Одеська","Місячна","2008-M05","11219"
"Кількість живонароджених","Одеська","Місячна","2008-M06","13253"
"Кількість живонароджених","Одеська","Місячна","2008-M07","16090"
"Кількість живонароджених","Одеська","Місячна","2008-M08","18503"
"Кількість живонароджених","Одеська","Місячна","2008-M09","21180"
"Кількість живонароджених","Одеська","Місячна","2008-M10","23966"
"Кількість живонароджених","Одеська","Місячна","2008-M11","26353"
"Кількість живонароджених","Одеська","Місячна","2008-M12","28780"
"Кількість живонароджених","Одеська","Місячна","2009-M01","2344"
"Кількість живонароджених","Одеська","Місячна","2009-M02","4828"
"Кількість живонароджених","Одеська","Місячна","2009-M03","7207"
"Кількість живонароджених","Одеська","Місячна","2009-M04","9605"
"Кількість живонароджених","Одеська","Місячна","2009-M05","11833"
"Кількість живонароджених","Одеська","Місячна","2009-M06","13970"
"Кількість живонароджених","Одеська","Місячна","2009-M07","16845"
"Кількість живонароджених","Одеська","Місячна","2009-M08","19200"
"Кількість живонароджених","Одеська","Місячна","2009-M09","21941"
"Кількість живонароджених","Одеська","Місячна","2009-M10","24549"
"Кількість живонароджених","Одеська","Місячна","2009-M11","26734"
"Кількість живонароджених","Одеська","Місячна","2009-M12","28986"
"Кількість живонароджених","Одеська","Місячна","2010-M01","2236"
"Кількість живонароджених","Одеська","Місячна","2010-M02","4603"
"Кількість живонароджених","Одеська","Місячна","2010-M03","6962"
"Кількість живонароджених","Одеська","Місячна","2010-M04","9210"
"Кількість живонароджених","Одеська","Місячна","2010-M05","11323"
"Кількість живонароджених","Одеська","Місячна","2010-M06","13717"
"Кількість живонароджених","Одеська","Місячна","2010-M07","16470"
"Кількість живонароджених","Одеська","Місячна","2010-M08","19021"
"Кількість живонароджених","Одеська","Місячна","2010-M09","21589"
"Кількість живонароджених","Одеська","Місячна","2010-M10","23938"
"Кількість живонароджених","Одеська","Місячна","2010-M11","26322"
"Кількість живонароджених","Одеська","Місячна","2010-M12","28690"
"Кількість живонароджених","Одеська","Місячна","2011-M01","2344"
"Кількість живонароджених","Одеська","Місячна","2011-M02","4700"
"Кількість живонароджених","Одеська","Місячна","2011-M03","7130"
"Кількість живонароджених","Одеська","Місячна","2011-M04","9187"
"Кількість живонароджених","Одеська","Місячна","2011-M05","11276"
"Кількість живонароджених","Одеська","Місячна","2011-M06","13362"
"Кількість живонароджених","Одеська","Місячна","2011-M07","15990"
"Кількість живонароджених","Одеська","Місячна","2011-M08","18865"
"Кількість живонароджених","Одеська","Місячна","2011-M09","21597"
"Кількість живонароджених","Одеська","Місячна","2011-M10","24191"
"Кількість живонароджених","Одеська","Місячна","2011-M11","26772"
"Кількість живонароджених","Одеська","Місячна","2011-M12","29225"
"Кількість живонароджених","Одеська","Місячна","2012-M01","2447"
"Кількість живонароджених","Одеська","Місячна","2012-M02","4928"
"Кількість живонароджених","Одеська","Місячна","2012-M03","7391"
"Кількість живонароджених","Одеська","Місячна","2012-M04","9593"
"Кількість живонароджених","Одеська","Місячна","2012-M05","12096"
"Кількість живонароджених","Одеська","Місячна","2012-M06","14454"
"Кількість живонароджених","Одеська","Місячна","2012-M07","17269"
"Кількість живонароджених","Одеська","Місячна","2012-M08","20165"
"Кількість живонароджених","Одеська","Місячна","2012-M09","22649"
"Кількість живонароджених","Одеська","Місячна","2012-M10","25464"
"Кількість живонароджених","Одеська","Місячна","2012-M11","28064"
"Кількість живонароджених","Одеська","Місячна","2012-M12","30384"
"Кількість живонароджених","Одеська","Місячна","2013-M01","2465"
"Кількість живонароджених","Одеська","Місячна","2013-M02","4664"
"Кількість живонароджених","Одеська","Місячна","2013-M03","6911"
"Кількість живонароджених","Одеська","Місячна","2013-M04","9076"
"Кількість живонароджених","Одеська","Місячна","2013-M05","11232"
"Кількість живонароджених","Одеська","Місячна","2013-M06","13313"
"Кількість живонароджених","Одеська","Місячна","2013-M07","16084"
"Кількість живонароджених","Одеська","Місячна","2013-M08","18807"
"Кількість живонароджених","Одеська","Місячна","2013-M09","21397"
"Кількість живонароджених","Одеська","Місячна","2013-M10","24282"
"Кількість живонароджених","Одеська","Місячна","2013-M11","26724"
"Кількість живонароджених","Одеська","Місячна","2013-M12","29075"
"Кількість живонароджених","Одеська","Місячна","2014-M01","2228"
"Кількість живонароджених","Одеська","Місячна","2014-M02","4683"
"Кількість живонароджених","Одеська","Місячна","2014-M03","7119"
"Кількість живонароджених","Одеська","Місячна","2014-M04","9471"
"Кількість живонароджених","Одеська","Місячна","2014-M05","12024"
"Кількість живонароджених","Одеська","Місячна","2014-M06","14367"
"Кількість живонароджених","Одеська","Місячна","2014-M07","17158"
"Кількість живонароджених","Одеська","Місячна","2014-M08","19744"
"Кількість живонароджених","Одеська","Місячна","2014-M09","22357"
"Кількість живонароджених","Одеська","Місячна","2014-M10","25006"
"Кількість живонароджених","Одеська","Місячна","2014-M11","27240"
"Кількість живонароджених","Одеська","Місячна","2014-M12","29465"
"Кількість живонароджених","Одеська","Місячна","2015-M01","2337"
"Кількість живонароджених","Одеська","Місячна","2015-M02","4554"
"Кількість живонароджених","Одеська","Місячна","2015-M03","6745"
"Кількість живонароджених","Одеська","Місячна","2015-M04","8919"
"Кількість живонароджених","Одеська","Місячна","2015-M05","10900"
"Кількість живонароджених","Одеська","Місячна","2015-M06","13061"
"Кількість живонароджених","Одеська","Місячна","2015-M07","15791"
"Кількість живонароджених","Одеська","Місячна","2015-M08","18182"
"Кількість живонароджених","Одеська","Місячна","2015-M09","20693"
"Кількість живонароджених","Одеська","Місячна","2015-M10","23193"
"Кількість живонароджених","Одеська","Місячна","2015-M11","25182"
"Кількість живонароджених","Одеська","Місячна","2015-M12","27416"
"Кількість живонароджених","Одеська","Місячна","2016-M01","1982"
"Кількість живонароджених","Одеська","Місячна","2016-M02","4147"
"Кількість живонароджених","Одеська","Місячна","2016-M03","6591"
"Кількість живонароджених","Одеська","Місячна","2016-M04","8611"
"Кількість живонароджених","Одеська","Місячна","2016-M05","10565"
"Кількість живонароджених","Одеська","Місячна","2016-M06","12643"
"Кількість живонароджених","Одеська","Місячна","2016-M07","14933"
"Кількість живонароджених","Одеська","Місячна","2016-M08","17379"
"Кількість живонароджених","Одеська","Місячна","2016-M09","19827"
"Кількість живонароджених","Одеська","Місячна","2016-M10","21971"
"Кількість живонароджених","Одеська","Місячна","2016-M11","24246"
"Кількість живонароджених","Одеська","Місячна","2016-M12","26417"
"Кількість живонароджених","Одеська","Місячна","2017-M01","2212"
"Кількість живонароджених","Одеська","Місячна","2017-M02","4221"
"Кількість живонароджених","Одеська","Місячна","2017-M03","6467"
"Кількість живонароджених","Одеська","Місячна","2017-M04","8121"
"Кількість живонароджених","Одеська","Місячна","2017-M05","10143"
"Кількість живонароджених","Одеська","Місячна","2017-M06","12174"
"Кількість живонароджених","Одеська","Місячна","2017-M07","14437"
"Кількість живонароджених","Одеська","Місячна","2017-M08","16844"
"Кількість живонароджених","Одеська","Місячна","2017-M09","18960"
"Кількість живонароджених","Одеська","Місячна","2017-M10","21212"
"Кількість живонароджених","Одеська","Місячна","2017-M11","23294"
"Кількість живонароджених","Одеська","Місячна","2017-M12","25195"
"Кількість живонароджених","Одеська","Місячна","2018-M01","2089"
"Кількість живонароджених","Одеська","Місячна","2018-M02","3809"
"Кількість живонароджених","Одеська","Місячна","2018-M03","5811"
"Кількість живонароджених","Одеська","Місячна","2018-M04","7607"
"Кількість живонароджених","Одеська","Місячна","2018-M05","9494"
"Кількість живонароджених","Одеська","Місячна","2018-M06","11252"
"Кількість живонароджених","Одеська","Місячна","2018-M07","13394"
"Кількість живонароджених","Одеська","Місячна","2018-M08","15552"
"Кількість живонароджених","Одеська","Місячна","2018-M09","17446"
"Кількість живонароджених","Одеська","Місячна","2018-M10","19658"
"Кількість живонароджених","Одеська","Місячна","2018-M11","21603"
"Кількість живонароджених","Одеська","Місячна","2018-M12","23144"
"Кількість живонароджених","Одеська","Місячна","2019-M01","1910"
"Кількість живонароджених","Одеська","Місячна","2019-M02","3502"
"Кількість живонароджених","Одеська","Місячна","2019-M03","5168"
"Кількість живонароджених","Одеська","Місячна","2019-M04","6697"
"Кількість живонароджених","Одеська","Місячна","2019-M05","8555"
"Кількість живонароджених","Одеська","Місячна","2019-M06","9966"
"Кількість живонароджених","Одеська","Місячна","2019-M07","11986"
"Кількість живонароджених","Одеська","Місячна","2019-M08","13984"
"Кількість живонароджених","Одеська","Місячна","2019-M09","15763"
"Кількість живонароджених","Одеська","Місячна","2019-M10","17698"
"Кількість живонароджених","Одеська","Місячна","2019-M11","19505"
"Кількість живонароджених","Одеська","Місячна","2019-M12","20938"
"Кількість живонароджених","Одеська","Місячна","2020-M01","2106"
"Кількість живонароджених","Одеська","Місячна","2020-M02","3754"
"Кількість живонароджених","Одеська","Місячна","2020-M03","5003"
"Кількість живонароджених","Одеська","Місячна","2020-M04","6351"
"Кількість живонароджених","Одеська","Місячна","2020-M05","8025"
"Кількість живонароджених","Одеська","Місячна","2020-M06","9673"
"Кількість живонароджених","Одеська","Місячна","2020-M07","11783"
"Кількість живонароджених","Одеська","Місячна","2020-M08","13508"
"Кількість живонароджених","Одеська","Місячна","2020-M09","15413"
"Кількість живонароджених","Одеська","Місячна","2020-M10","17289"
"Кількість живонароджених","Одеська","Місячна","2020-M11","18859"
"Кількість живонароджених","Одеська","Місячна","2020-M12","20555"
"Кількість живонароджених","Одеська","Місячна","2021-M01","1467"
"Кількість живонароджених","Одеська","Місячна","2021-M02","3057"
"Кількість живонароджених","Одеська","Місячна","2021-M03","4633"
"Кількість живонароджених","Одеська","Місячна","2021-M04","6118"
"Кількість живонароджених","Одеська","Місячна","2021-M05","7580"
"Кількість живонароджених","Одеська","Місячна","2021-M06","9195"
"Кількість живонароджених","Одеська","Місячна","2021-M07","11191"
"Кількість живонароджених","Одеська","Місячна","2021-M08","12659"
"Кількість живонароджених","Одеська","Місячна","2021-M09","14445"
"Кількість живонароджених","Одеська","Місячна","2021-M10","16132"
"Кількість живонароджених","Одеська","Місячна","2021-M11","17716"
"Кількість живонароджених","Одеська","Місячна","2021-M12","19280"
"Кількість живонароджених","Одеська","Місячна","2022-M01","1158"
"Кількість живонароджених","Одеська","Місячна","2022-M02",""
"Кількість живонароджених","Одеська","Місячна","2022-M03",""
"Кількість живонароджених","Одеська","Місячна","2022-M04",""
"Кількість живонароджених","Одеська","Місячна","2022-M05",""
"Кількість живонароджених","Одеська","Місячна","2022-M06",""
"Кількість живонароджених","Одеська","Місячна","2022-M07",""
"Кількість живонароджених","Одеська","Місячна","2022-M08",""
"Кількість живонароджених","Одеська","Місячна","2022-M09",""
"Кількість живонароджених","Одеська","Місячна","2022-M10",""
"Кількість живонароджених","Одеська","Місячна","2022-M11",""
"Кількість живонароджених","Одеська","Місячна","2022-M12",""
"Кількість живонароджених","Полтавська","Місячна","2005-M01","916"
"Кількість живонароджених","Полтавська","Місячна","2005-M02","1868"
"Кількість живонароджених","Полтавська","Місячна","2005-M03","2861"
"Кількість живонароджених","Полтавська","Місячна","2005-M04","3876"
"Кількість живонароджених","Полтавська","Місячна","2005-M05","4828"
"Кількість живонароджених","Полтавська","Місячна","2005-M06","5724"
"Кількість живонароджених","Полтавська","Місячна","2005-M07","6779"
"Кількість живонароджених","Полтавська","Місячна","2005-M08","7878"
"Кількість живонароджених","Полтавська","Місячна","2005-M09","8908"
"Кількість живонароджених","Полтавська","Місячна","2005-M10","9934"
"Кількість живонароджених","Полтавська","Місячна","2005-M11","10916"
"Кількість живонароджених","Полтавська","Місячна","2005-M12","11994"
"Кількість живонароджених","Полтавська","Місячна","2006-M01","965"
"Кількість живонароджених","Полтавська","Місячна","2006-M02","2011"
"Кількість живонароджених","Полтавська","Місячна","2006-M03","3139"
"Кількість живонароджених","Полтавська","Місячна","2006-M04","4182"
"Кількість живонароджених","Полтавська","Місячна","2006-M05","5352"
"Кількість живонароджених","Полтавська","Місячна","2006-M06","6446"
"Кількість живонароджених","Полтавська","Місячна","2006-M07","7655"
"Кількість живонароджених","Полтавська","Місячна","2006-M08","8870"
"Кількість живонароджених","Полтавська","Місячна","2006-M09","10044"
"Кількість живонароджених","Полтавська","Місячна","2006-M10","11286"
"Кількість живонароджених","Полтавська","Місячна","2006-M11","12378"
"Кількість живонароджених","Полтавська","Місячна","2006-M12","13564"
"Кількість живонароджених","Полтавська","Місячна","2007-M01","1014"
"Кількість живонароджених","Полтавська","Місячна","2007-M02","2055"
"Кількість живонароджених","Полтавська","Місячна","2007-M03","3179"
"Кількість живонароджених","Полтавська","Місячна","2007-M04","4203"
"Кількість живонароджених","Полтавська","Місячна","2007-M05","5384"
"Кількість живонароджених","Полтавська","Місячна","2007-M06","6455"
"Кількість живонароджених","Полтавська","Місячна","2007-M07","7636"
"Кількість живонароджених","Полтавська","Місячна","2007-M08","8887"
"Кількість живонароджених","Полтавська","Місячна","2007-M09","10003"
"Кількість живонароджених","Полтавська","Місячна","2007-M10","11261"
"Кількість живонароджених","Полтавська","Місячна","2007-M11","12310"
"Кількість живонароджених","Полтавська","Місячна","2007-M12","13334"
"Кількість живонароджених","Полтавська","Місячна","2008-M01","1157"
"Кількість живонароджених","Полтавська","Місячна","2008-M02","2307"
"Кількість живонароджених","Полтавська","Місячна","2008-M03","3370"
"Кількість живонароджених","Полтавська","Місячна","2008-M04","4436"
"Кількість живонароджених","Полтавська","Місячна","2008-M05","5668"
"Кількість живонароджених","Полтавська","Місячна","2008-M06","6737"
"Кількість живонароджених","Полтавська","Місячна","2008-M07","8164"
"Кількість живонароджених","Полтавська","Місячна","2008-M08","9510"
"Кількість живонароджених","Полтавська","Місячна","2008-M09","10821"
"Кількість живонароджених","Полтавська","Місячна","2008-M10","12224"
"Кількість живонароджених","Полтавська","Місячна","2008-M11","13423"
"Кількість живонароджених","Полтавська","Місячна","2008-M12","14748"
"Кількість живонароджених","Полтавська","Місячна","2009-M01","1203"
"Кількість живонароджених","Полтавська","Місячна","2009-M02","2425"
"Кількість живонароджених","Полтавська","Місячна","2009-M03","3658"
"Кількість живонароджених","Полтавська","Місячна","2009-M04","4842"
"Кількість живонароджених","Полтавська","Місячна","2009-M05","6025"
"Кількість живонароджених","Полтавська","Місячна","2009-M06","7131"
"Кількість живонароджених","Полтавська","Місячна","2009-M07","8536"
"Кількість живонароджених","Полтавська","Місячна","2009-M08","9792"
"Кількість живонароджених","Полтавська","Місячна","2009-M09","11068"
"Кількість живонароджених","Полтавська","Місячна","2009-M10","12325"
"Кількість живонароджених","Полтавська","Місячна","2009-M11","13518"
"Кількість живонароджених","Полтавська","Місячна","2009-M12","14755"
"Кількість живонароджених","Полтавська","Місячна","2010-M01","1141"
"Кількість живонароджених","Полтавська","Місячна","2010-M02","2282"
"Кількість живонароджених","Полтавська","Місячна","2010-M03","3473"
"Кількість живонароджених","Полтавська","Місячна","2010-M04","4575"
"Кількість живонароджених","Полтавська","Місячна","2010-M05","5705"
"Кількість живонароджених","Полтавська","Місячна","2010-M06","6906"
"Кількість живонароджених","Полтавська","Місячна","2010-M07","8196"
"Кількість живонароджених","Полтавська","Місячна","2010-M08","9480"
"Кількість живонароджених","Полтавська","Місячна","2010-M09","10662"
"Кількість живонароджених","Полтавська","Місячна","2010-M10","11849"
"Кількість живонароджених","Полтавська","Місячна","2010-M11","13024"
"Кількість живонароджених","Полтавська","Місячна","2010-M12","14250"
"Кількість живонароджених","Полтавська","Місячна","2011-M01","1163"
"Кількість живонароджених","Полтавська","Місячна","2011-M02","2269"
"Кількість живонароджених","Полтавська","Місячна","2011-M03","3423"
"Кількість живонароджених","Полтавська","Місячна","2011-M04","4510"
"Кількість живонароджених","Полтавська","Місячна","2011-M05","5568"
"Кількість живонароджених","Полтавська","Місячна","2011-M06","6678"
"Кількість живонароджених","Полтавська","Місячна","2011-M07","8047"
"Кількість живонароджених","Полтавська","Місячна","2011-M08","9376"
"Кількість живонароджених","Полтавська","Місячна","2011-M09","10612"
"Кількість живонароджених","Полтавська","Місячна","2011-M10","11759"
"Кількість живонароджених","Полтавська","Місячна","2011-M11","12967"
"Кількість живонароджених","Полтавська","Місячна","2011-M12","14167"
"Кількість живонароджених","Полтавська","Місячна","2012-M01","1193"
"Кількість живонароджених","Полтавська","Місячна","2012-M02","2372"
"Кількість живонароджених","Полтавська","Місячна","2012-M03","3539"
"Кількість живонароджених","Полтавська","Місячна","2012-M04","4607"
"Кількість живонароджених","Полтавська","Місячна","2012-M05","5852"
"Кількість живонароджених","Полтавська","Місячна","2012-M06","6966"
"Кількість живонароджених","Полтавська","Місячна","2012-M07","8355"
"Кількість живонароджених","Полтавська","Місячна","2012-M08","9723"
"Кількість живонароджених","Полтавська","Місячна","2012-M09","10920"
"Кількість живонароджених","Полтавська","Місячна","2012-M10","12293"
"Кількість живонароджених","Полтавська","Місячна","2012-M11","13546"
"Кількість живонароджених","Полтавська","Місячна","2012-M12","14635"
"Кількість живонароджених","Полтавська","Місячна","2013-M01","1200"
"Кількість живонароджених","Полтавська","Місячна","2013-M02","2256"
"Кількість живонароджених","Полтавська","Місячна","2013-M03","3321"
"Кількість живонароджених","Полтавська","Місячна","2013-M04","4458"
"Кількість живонароджених","Полтавська","Місячна","2013-M05","5547"
"Кількість живонароджених","Полтавська","Місячна","2013-M06","6592"
"Кількість живонароджених","Полтавська","Місячна","2013-M07","7995"
"Кількість живонароджених","Полтавська","Місячна","2013-M08","9339"
"Кількість живонароджених","Полтавська","Місячна","2013-M09","10521"
"Кількість живонароджених","Полтавська","Місячна","2013-M10","11948"
"Кількість живонароджених","Полтавська","Місячна","2013-M11","13126"
"Кількість живонароджених","Полтавська","Місячна","2013-M12","14296"
"Кількість живонароджених","Полтавська","Місячна","2014-M01","1125"
"Кількість живонароджених","Полтавська","Місячна","2014-M02","2274"
"Кількість живонароджених","Полтавська","Місячна","2014-M03","3385"
"Кількість живонароджених","Полтавська","Місячна","2014-M04","4505"
"Кількість живонароджених","Полтавська","Місячна","2014-M05","5744"
"Кількість живонароджених","Полтавська","Місячна","2014-M06","6852"
"Кількість живонароджених","Полтавська","Місячна","2014-M07","8215"
"Кількість живонароджених","Полтавська","Місячна","2014-M08","9465"
"Кількість живонароджених","Полтавська","Місячна","2014-M09","10791"
"Кількість живонароджених","Полтавська","Місячна","2014-M10","12184"
"Кількість живонароджених","Полтавська","Місячна","2014-M11","13281"
"Кількість живонароджених","Полтавська","Місячна","2014-M12","14504"
"Кількість живонароджених","Полтавська","Місячна","2015-M01","1074"
"Кількість живонароджених","Полтавська","Місячна","2015-M02","2125"
"Кількість живонароджених","Полтавська","Місячна","2015-M03","3235"
"Кількість живонароджених","Полтавська","Місячна","2015-M04","4428"
"Кількість живонароджених","Полтавська","Місячна","2015-M05","5487"
"Кількість живонароджених","Полтавська","Місячна","2015-M06","6507"
"Кількість живонароджених","Полтавська","Місячна","2015-M07","7793"
"Кількість живонароджених","Полтавська","Місячна","2015-M08","8970"
"Кількість живонароджених","Полтавська","Місячна","2015-M09","10249"
"Кількість живонароджених","Полтавська","Місячна","2015-M10","11388"
"Кількість живонароджених","Полтавська","Місячна","2015-M11","12381"
"Кількість живонароджених","Полтавська","Місячна","2015-M12","13481"
"Кількість живонароджених","Полтавська","Місячна","2016-M01","1000"
"Кількість живонароджених","Полтавська","Місячна","2016-M02","2011"
"Кількість живонароджених","Полтавська","Місячна","2016-M03","3161"
"Кількість живонароджених","Полтавська","Місячна","2016-M04","4085"
"Кількість живонароджених","Полтавська","Місячна","2016-M05","5127"
"Кількість живонароджених","Полтавська","Місячна","2016-M06","6072"
"Кількість живонароджених","Полтавська","Місячна","2016-M07","7240"
"Кількість живонароджених","Полтавська","Місячна","2016-M08","8401"
"Кількість живонароджених","Полтавська","Місячна","2016-M09","9512"
"Кількість живонароджених","Полтавська","Місячна","2016-M10","10551"
"Кількість живонароджених","Полтавська","Місячна","2016-M11","11503"
"Кількість живонароджених","Полтавська","Місячна","2016-M12","12476"
"Кількість живонароджених","Полтавська","Місячна","2017-M01","892"
"Кількість живонароджених","Полтавська","Місячна","2017-M02","1813"
"Кількість живонароджених","Полтавська","Місячна","2017-M03","2737"
"Кількість живонароджених","Полтавська","Місячна","2017-M04","3576"
"Кількість живонароджених","Полтавська","Місячна","2017-M05","4506"
"Кількість живонароджених","Полтавська","Місячна","2017-M06","5416"
"Кількість живонароджених","Полтавська","Місячна","2017-M07","6465"
"Кількість живонароджених","Полтавська","Місячна","2017-M08","7492"
"Кількість живонароджених","Полтавська","Місячна","2017-M09","8468"
"Кількість живонароджених","Полтавська","Місячна","2017-M10","9403"
"Кількість живонароджених","Полтавська","Місячна","2017-M11","10290"
"Кількість живонароджених","Полтавська","Місячна","2017-M12","11070"
"Кількість живонароджених","Полтавська","Місячна","2018-M01","997"
"Кількість живонароджених","Полтавська","Місячна","2018-M02","1818"
"Кількість живонароджених","Полтавська","Місячна","2018-M03","2681"
"Кількість живонароджених","Полтавська","Місячна","2018-M04","3465"
"Кількість живонароджених","Полтавська","Місячна","2018-M05","4305"
"Кількість живонароджених","Полтавська","Місячна","2018-M06","5146"
"Кількість живонароджених","Полтавська","Місячна","2018-M07","6161"
"Кількість живонароджених","Полтавська","Місячна","2018-M08","7005"
"Кількість живонароджених","Полтавська","Місячна","2018-M09","7852"
"Кількість живонароджених","Полтавська","Місячна","2018-M10","8766"
"Кількість живонароджених","Полтавська","Місячна","2018-M11","9497"
"Кількість живонароджених","Полтавська","Місячна","2018-M12","10193"
"Кількість живонароджених","Полтавська","Місячна","2019-M01","768"
"Кількість живонароджених","Полтавська","Місячна","2019-M02","1486"
"Кількість живонароджених","Полтавська","Місячна","2019-M03","2235"
"Кількість живонароджених","Полтавська","Місячна","2019-M04","2958"
"Кількість живонароджених","Полтавська","Місячна","2019-M05","3746"
"Кількість живонароджених","Полтавська","Місячна","2019-M06","4442"
"Кількість живонароджених","Полтавська","Місячна","2019-M07","5341"
"Кількість живонароджених","Полтавська","Місячна","2019-M08","6109"
"Кількість живонароджених","Полтавська","Місячна","2019-M09","6842"
"Кількість живонароджених","Полтавська","Місячна","2019-M10","7675"
"Кількість живонароджених","Полтавська","Місячна","2019-M11","8428"
"Кількість живонароджених","Полтавська","Місячна","2019-M12","9043"
"Кількість живонароджених","Полтавська","Місячна","2020-M01","816"
"Кількість живонароджених","Полтавська","Місячна","2020-M02","1437"
"Кількість живонароджених","Полтавська","Місячна","2020-M03","2030"
"Кількість живонароджених","Полтавська","Місячна","2020-M04","2722"
"Кількість живонароджених","Полтавська","Місячна","2020-M05","3407"
"Кількість живонароджених","Полтавська","Місячна","2020-M06","4053"
"Кількість живонароджених","Полтавська","Місячна","2020-M07","4910"
"Кількість живонароджених","Полтавська","Місячна","2020-M08","5663"
"Кількість живонароджених","Полтавська","Місячна","2020-M09","6420"
"Кількість живонароджених","Полтавська","Місячна","2020-M10","7186"
"Кількість живонароджених","Полтавська","Місячна","2020-M11","7876"
"Кількість живонароджених","Полтавська","Місячна","2020-M12","8629"
"Кількість живонароджених","Полтавська","Місячна","2021-M01","643"
"Кількість живонароджених","Полтавська","Місячна","2021-M02","1269"
"Кількість живонароджених","Полтавська","Місячна","2021-M03","1967"
"Кількість живонароджених","Полтавська","Місячна","2021-M04","2602"
"Кількість живонароджених","Полтавська","Місячна","2021-M05","3198"
"Кількість живонароджених","Полтавська","Місячна","2021-M06","3930"
"Кількість живонароджених","Полтавська","Місячна","2021-M07","4749"
"Кількість живонароджених","Полтавська","Місячна","2021-M08","5396"
"Кількість живонароджених","Полтавська","Місячна","2021-M09","6087"
"Кількість живонароджених","Полтавська","Місячна","2021-M10","6759"
"Кількість живонароджених","Полтавська","Місячна","2021-M11","7429"
"Кількість живонароджених","Полтавська","Місячна","2021-M12","8063"
"Кількість живонароджених","Полтавська","Місячна","2022-M01","573"
"Кількість живонароджених","Полтавська","Місячна","2022-M02",""
"Кількість живонароджених","Полтавська","Місячна","2022-M03",""
"Кількість живонароджених","Полтавська","Місячна","2022-M04",""
"Кількість живонароджених","Полтавська","Місячна","2022-M05",""
"Кількість живонароджених","Полтавська","Місячна","2022-M06",""
"Кількість живонароджених","Полтавська","Місячна","2022-M07",""
"Кількість живонароджених","Полтавська","Місячна","2022-M08",""
"Кількість живонароджених","Полтавська","Місячна","2022-M09",""
"Кількість живонароджених","Полтавська","Місячна","2022-M10",""
"Кількість живонароджених","Полтавська","Місячна","2022-M11",""
"Кількість живонароджених","Полтавська","Місячна","2022-M12",""
"Кількість живонароджених","Сумська","Місячна","2005-M01","653"
"Кількість живонароджених","Сумська","Місячна","2005-M02","1384"
"Кількість живонароджених","Сумська","Місячна","2005-M03","2121"
"Кількість живонароджених","Сумська","Місячна","2005-M04","2894"
"Кількість живонароджених","Сумська","Місячна","2005-M05","3592"
"Кількість живонароджених","Сумська","Місячна","2005-M06","4272"
"Кількість живонароджених","Сумська","Місячна","2005-M07","5073"
"Кількість живонароджених","Сумська","Місячна","2005-M08","5900"
"Кількість живонароджених","Сумська","Місячна","2005-M09","6695"
"Кількість живонароджених","Сумська","Місячна","2005-M10","7408"
"Кількість живонароджених","Сумська","Місячна","2005-M11","8156"
"Кількість живонароджених","Сумська","Місячна","2005-M12","8913"
"Кількість живонароджених","Сумська","Місячна","2006-M01","702"
"Кількість живонароджених","Сумська","Місячна","2006-M02","1533"
"Кількість живонароджених","Сумська","Місячна","2006-M03","2385"
"Кількість живонароджених","Сумська","Місячна","2006-M04","3128"
"Кількість живонароджених","Сумська","Місячна","2006-M05","3971"
"Кількість живонароджених","Сумська","Місячна","2006-M06","4762"
"Кількість живонароджених","Сумська","Місячна","2006-M07","5677"
"Кількість живонароджених","Сумська","Місячна","2006-M08","6612"
"Кількість живонароджених","Сумська","Місячна","2006-M09","7496"
"Кількість живонароджених","Сумська","Місячна","2006-M10","8368"
"Кількість живонароджених","Сумська","Місячна","2006-M11","9231"
"Кількість живонароджених","Сумська","Місячна","2006-M12","10129"
"Кількість живонароджених","Сумська","Місячна","2007-M01","778"
"Кількість живонароджених","Сумська","Місячна","2007-M02","1585"
"Кількість живонароджених","Сумська","Місячна","2007-M03","2443"
"Кількість живонароджених","Сумська","Місячна","2007-M04","3226"
"Кількість живонароджених","Сумська","Місячна","2007-M05","4068"
"Кількість живонароджених","Сумська","Місячна","2007-M06","4847"
"Кількість живонароджених","Сумська","Місячна","2007-M07","5819"
"Кількість живонароджених","Сумська","Місячна","2007-M08","6755"
"Кількість живонароджених","Сумська","Місячна","2007-M09","7569"
"Кількість живонароджених","Сумська","Місячна","2007-M10","8464"
"Кількість живонароджених","Сумська","Місячна","2007-M11","9313"
"Кількість живонароджених","Сумська","Місячна","2007-M12","10108"
"Кількість живонароджених","Сумська","Місячна","2008-M01","846"
"Кількість живонароджених","Сумська","Місячна","2008-M02","1682"
"Кількість живонароджених","Сумська","Місячна","2008-M03","2447"
"Кількість живонароджених","Сумська","Місячна","2008-M04","3303"
"Кількість живонароджених","Сумська","Місячна","2008-M05","4214"
"Кількість живонароджених","Сумська","Місячна","2008-M06","4997"
"Кількість живонароджених","Сумська","Місячна","2008-M07","6013"
"Кількість живонароджених","Сумська","Місячна","2008-M08","7004"
"Кількість живонароджених","Сумська","Місячна","2008-M09","7947"
"Кількість живонароджених","Сумська","Місячна","2008-M10","9027"
"Кількість живонароджених","Сумська","Місячна","2008-M11","9922"
"Кількість живонароджених","Сумська","Місячна","2008-M12","10835"
"Кількість живонароджених","Сумська","Місячна","2009-M01","917"
"Кількість живонароджених","Сумська","Місячна","2009-M02","1732"
"Кількість живонароджених","Сумська","Місячна","2009-M03","2579"
"Кількість живонароджених","Сумська","Місячна","2009-M04","3495"
"Кількість живонароджених","Сумська","Місячна","2009-M05","4358"
"Кількість живонароджених","Сумська","Місячна","2009-M06","5207"
"Кількість живонароджених","Сумська","Місячна","2009-M07","6260"
"Кількість живонароджених","Сумська","Місячна","2009-M08","7094"
"Кількість живонароджених","Сумська","Місячна","2009-M09","8076"
"Кількість живонароджених","Сумська","Місячна","2009-M10","8969"
"Кількість живонароджених","Сумська","Місячна","2009-M11","9771"
"Кількість живонароджених","Сумська","Місячна","2009-M12","10681"
"Кількість живонароджених","Сумська","Місячна","2010-M01","779"
"Кількість живонароджених","Сумська","Місячна","2010-M02","1608"
"Кількість живонароджених","Сумська","Місячна","2010-M03","2488"
"Кількість живонароджених","Сумська","Місячна","2010-M04","3252"
"Кількість живонароджених","Сумська","Місячна","2010-M05","4023"
"Кількість живонароджених","Сумська","Місячна","2010-M06","4939"
"Кількість живонароджених","Сумська","Місячна","2010-M07","5936"
"Кількість живонароджених","Сумська","Місячна","2010-M08","6838"
"Кількість живонароджених","Сумська","Місячна","2010-M09","7724"
"Кількість живонароджених","Сумська","Місячна","2010-M10","8589"
"Кількість живонароджених","Сумська","Місячна","2010-M11","9472"
"Кількість живонароджених","Сумська","Місячна","2010-M12","10360"
"Кількість живонароджених","Сумська","Місячна","2011-M01","876"
"Кількість живонароджених","Сумська","Місячна","2011-M02","1699"
"Кількість живонароджених","Сумська","Місячна","2011-M03","2594"
"Кількість живонароджених","Сумська","Місячна","2011-M04","3334"
"Кількість живонароджених","Сумська","Місячна","2011-M05","4120"
"Кількість живонароджених","Сумська","Місячна","2011-M06","4867"
"Кількість живонароджених","Сумська","Місячна","2011-M07","5857"
"Кількість живонароджених","Сумська","Місячна","2011-M08","6885"
"Кількість живонароджених","Сумська","Місячна","2011-M09","7816"
"Кількість живонароджених","Сумська","Місячна","2011-M10","8655"
"Кількість живонароджених","Сумська","Місячна","2011-M11","9592"
"Кількість живонароджених","Сумська","Місячна","2011-M12","10473"
"Кількість живонароджених","Сумська","Місячна","2012-M01","906"
"Кількість живонароджених","Сумська","Місячна","2012-M02","1852"
"Кількість живонароджених","Сумська","Місячна","2012-M03","2751"
"Кількість живонароджених","Сумська","Місячна","2012-M04","3584"
"Кількість живонароджених","Сумська","Місячна","2012-M05","4544"
"Кількість живонароджених","Сумська","Місячна","2012-M06","5398"
"Кількість живонароджених","Сумська","Місячна","2012-M07","6412"
"Кількість живонароджених","Сумська","Місячна","2012-M08","7420"
"Кількість живонароджених","Сумська","Місячна","2012-M09","8301"
"Кількість живонароджених","Сумська","Місячна","2012-M10","9325"
"Кількість живонароджених","Сумська","Місячна","2012-M11","10203"
"Кількість живонароджених","Сумська","Місячна","2012-M12","11093"
"Кількість живонароджених","Сумська","Місячна","2013-M01","962"
"Кількість живонароджених","Сумська","Місячна","2013-M02","1720"
"Кількість живонароджених","Сумська","Місячна","2013-M03","2513"
"Кількість живонароджених","Сумська","Місячна","2013-M04","3355"
"Кількість живонароджених","Сумська","Місячна","2013-M05","4145"
"Кількість живонароджених","Сумська","Місячна","2013-M06","4912"
"Кількість живонароджених","Сумська","Місячна","2013-M07","5940"
"Кількість живонароджених","Сумська","Місячна","2013-M08","6849"
"Кількість живонароджених","Сумська","Місячна","2013-M09","7712"
"Кількість живонароджених","Сумська","Місячна","2013-M10","8691"
"Кількість живонароджених","Сумська","Місячна","2013-M11","9560"
"Кількість живонароджених","Сумська","Місячна","2013-M12","10411"
"Кількість живонароджених","Сумська","Місячна","2014-M01","798"
"Кількість живонароджених","Сумська","Місячна","2014-M02","1608"
"Кількість живонароджених","Сумська","Місячна","2014-M03","2410"
"Кількість живонароджених","Сумська","Місячна","2014-M04","3304"
"Кількість живонароджених","Сумська","Місячна","2014-M05","4095"
"Кількість живонароджених","Сумська","Місячна","2014-M06","4912"
"Кількість живонароджених","Сумська","Місячна","2014-M07","5915"
"Кількість живонароджених","Сумська","Місячна","2014-M08","6829"
"Кількість живонароджених","Сумська","Місячна","2014-M09","7759"
"Кількість живонароджених","Сумська","Місячна","2014-M10","8786"
"Кількість живонароджених","Сумська","Місячна","2014-M11","9517"
"Кількість живонароджених","Сумська","Місячна","2014-M12","10344"
"Кількість живонароджених","Сумська","Місячна","2015-M01","802"
"Кількість живонароджених","Сумська","Місячна","2015-M02","1581"
"Кількість живонароджених","Сумська","Місячна","2015-M03","2345"
"Кількість живонароджених","Сумська","Місячна","2015-M04","3161"
"Кількість живонароджених","Сумська","Місячна","2015-M05","3877"
"Кількість живонароджених","Сумська","Місячна","2015-M06","4617"
"Кількість живонароджених","Сумська","Місячна","2015-M07","5613"
"Кількість живонароджених","Сумська","Місячна","2015-M08","6472"
"Кількість живонароджених","Сумська","Місячна","2015-M09","7421"
"Кількість живонароджених","Сумська","Місячна","2015-M10","8265"
"Кількість живонароджених","Сумська","Місячна","2015-M11","8959"
"Кількість живонароджених","Сумська","Місячна","2015-M12","9795"
"Кількість живонароджених","Сумська","Місячна","2016-M01","746"
"Кількість живонароджених","Сумська","Місячна","2016-M02","1460"
"Кількість живонароджених","Сумська","Місячна","2016-M03","2268"
"Кількість живонароджених","Сумська","Місячна","2016-M04","2956"
"Кількість живонароджених","Сумська","Місячна","2016-M05","3666"
"Кількість живонароджених","Сумська","Місячна","2016-M06","4356"
"Кількість живонароджених","Сумська","Місячна","2016-M07","5180"
"Кількість живонароджених","Сумська","Місячна","2016-M08","5974"
"Кількість живонароджених","Сумська","Місячна","2016-M09","6772"
"Кількість живонароджених","Сумська","Місячна","2016-M10","7458"
"Кількість живонароджених","Сумська","Місячна","2016-M11","8169"
"Кількість живонароджених","Сумська","Місячна","2016-M12","8822"
"Кількість живонароджених","Сумська","Місячна","2017-M01","710"
"Кількість живонароджених","Сумська","Місячна","2017-M02","1343"
"Кількість живонароджених","Сумська","Місячна","2017-M03","2067"
"Кількість живонароджених","Сумська","Місячна","2017-M04","2641"
"Кількість живонароджених","Сумська","Місячна","2017-M05","3304"
"Кількість живонароджених","Сумська","Місячна","2017-M06","3957"
"Кількість живонароджених","Сумська","Місячна","2017-M07","4675"
"Кількість живонароджених","Сумська","Місячна","2017-M08","5446"
"Кількість живонароджених","Сумська","Місячна","2017-M09","6090"
"Кількість живонароджених","Сумська","Місячна","2017-M10","6798"
"Кількість живонароджених","Сумська","Місячна","2017-M11","7429"
"Кількість живонароджених","Сумська","Місячна","2017-M12","8059"
"Кількість живонароджених","Сумська","Місячна","2018-M01","683"
"Кількість живонароджених","Сумська","Місячна","2018-M02","1244"
"Кількість живонароджених","Сумська","Місячна","2018-M03","1839"
"Кількість живонароджених","Сумська","Місячна","2018-M04","2382"
"Кількість живонароджених","Сумська","Місячна","2018-M05","2954"
"Кількість живонароджених","Сумська","Місячна","2018-M06","3537"
"Кількість живонароджених","Сумська","Місячна","2018-M07","4156"
"Кількість живонароджених","Сумська","Місячна","2018-M08","4850"
"Кількість живонароджених","Сумська","Місячна","2018-M09","5430"
"Кількість живонароджених","Сумська","Місячна","2018-M10","6038"
"Кількість живонароджених","Сумська","Місячна","2018-M11","6604"
"Кількість живонароджених","Сумська","Місячна","2018-M12","7114"
"Кількість живонароджених","Сумська","Місячна","2019-M01","574"
"Кількість живонароджених","Сумська","Місячна","2019-M02","1086"
"Кількість живонароджених","Сумська","Місячна","2019-M03","1566"
"Кількість живонароджених","Сумська","Місячна","2019-M04","2008"
"Кількість живонароджених","Сумська","Місячна","2019-M05","2598"
"Кількість живонароджених","Сумська","Місячна","2019-M06","3105"
"Кількість живонароджених","Сумська","Місячна","2019-M07","3728"
"Кількість живонароджених","Сумська","Місячна","2019-M08","4320"
"Кількість живонароджених","Сумська","Місячна","2019-M09","4823"
"Кількість живонароджених","Сумська","Місячна","2019-M10","5429"
"Кількість живонароджених","Сумська","Місячна","2019-M11","6003"
"Кількість живонароджених","Сумська","Місячна","2019-M12","6483"
"Кількість живонароджених","Сумська","Місячна","2020-M01","617"
"Кількість живонароджених","Сумська","Місячна","2020-M02","1100"
"Кількість живонароджених","Сумська","Місячна","2020-M03","1493"
"Кількість живонароджених","Сумська","Місячна","2020-M04","1926"
"Кількість живонароджених","Сумська","Місячна","2020-M05","2430"
"Кількість живонароджених","Сумська","Місячна","2020-M06","2913"
"Кількість живонароджених","Сумська","Місячна","2020-M07","3572"
"Кількість живонароджених","Сумська","Місячна","2020-M08","4052"
"Кількість живонароджених","Сумська","Місячна","2020-M09","4623"
"Кількість живонароджених","Сумська","Місячна","2020-M10","5131"
"Кількість живонароджених","Сумська","Місячна","2020-M11","5534"
"Кількість живонароджених","Сумська","Місячна","2020-M12","6002"
"Кількість живонароджених","Сумська","Місячна","2021-M01","435"
"Кількість живонароджених","Сумська","Місячна","2021-M02","867"
"Кількість живонароджених","Сумська","Місячна","2021-M03","1359"
"Кількість живонароджених","Сумська","Місячна","2021-M04","1795"
"Кількість живонароджених","Сумська","Місячна","2021-M05","2215"
"Кількість живонароджених","Сумська","Місячна","2021-M06","2646"
"Кількість живонароджених","Сумська","Місячна","2021-M07","3155"
"Кількість живонароджених","Сумська","Місячна","2021-M08","3587"
"Кількість живонароджених","Сумська","Місячна","2021-M09","4064"
"Кількість живонароджених","Сумська","Місячна","2021-M10","4593"
"Кількість живонароджених","Сумська","Місячна","2021-M11","5009"
"Кількість живонароджених","Сумська","Місячна","2021-M12","5484"
"Кількість живонароджених","Сумська","Місячна","2022-M01","387"
"Кількість живонароджених","Сумська","Місячна","2022-M02",""
"Кількість живонароджених","Сумська","Місячна","2022-M03",""
"Кількість живонароджених","Сумська","Місячна","2022-M04",""
"Кількість живонароджених","Сумська","Місячна","2022-M05",""
"Кількість живонароджених","Сумська","Місячна","2022-M06",""
"Кількість живонароджених","Сумська","Місячна","2022-M07",""
"Кількість живонароджених","Сумська","Місячна","2022-M08",""
"Кількість живонароджених","Сумська","Місячна","2022-M09",""
"Кількість живонароджених","Сумська","Місячна","2022-M10",""
"Кількість живонароджених","Сумська","Місячна","2022-M11",""
"Кількість живонароджених","Сумська","Місячна","2022-M12",""
"Кількість живонароджених","Рівненська","Місячна","2005-M01","1105"
"Кількість живонароджених","Рівненська","Місячна","2005-M02","2254"
"Кількість живонароджених","Рівненська","Місячна","2005-M03","3376"
"Кількість живонароджених","Рівненська","Місячна","2005-M04","4641"
"Кількість живонароджених","Рівненська","Місячна","2005-M05","5820"
"Кількість живонароджених","Рівненська","Місячна","2005-M06","6924"
"Кількість живонароджених","Рівненська","Місячна","2005-M07","8241"
"Кількість живонароджених","Рівненська","Місячна","2005-M08","9552"
"Кількість живонароджених","Рівненська","Місячна","2005-M09","10739"
"Кількість живонароджених","Рівненська","Місячна","2005-M10","12007"
"Кількість живонароджених","Рівненська","Місячна","2005-M11","13234"
"Кількість живонароджених","Рівненська","Місячна","2005-M12","14483"
"Кількість живонароджених","Рівненська","Місячна","2006-M01","1153"
"Кількість живонароджених","Рівненська","Місячна","2006-M02","2413"
"Кількість живонароджених","Рівненська","Місячна","2006-M03","3706"
"Кількість живонароджених","Рівненська","Місячна","2006-M04","4946"
"Кількість живонароджених","Рівненська","Місячна","2006-M05","6291"
"Кількість живонароджених","Рівненська","Місячна","2006-M06","7582"
"Кількість живонароджених","Рівненська","Місячна","2006-M07","9015"
"Кількість живонароджених","Рівненська","Місячна","2006-M08","10501"
"Кількість живонароджених","Рівненська","Місячна","2006-M09","11802"
"Кількість живонароджених","Рівненська","Місячна","2006-M10","13180"
"Кількість живонароджених","Рівненська","Місячна","2006-M11","14504"
"Кількість живонароджених","Рівненська","Місячна","2006-M12","15758"
"Кількість живонароджених","Рівненська","Місячна","2007-M01","1268"
"Кількість живонароджених","Рівненська","Місячна","2007-M02","2489"
"Кількість живонароджених","Рівненська","Місячна","2007-M03","3759"
"Кількість живонароджених","Рівненська","Місячна","2007-M04","4905"
"Кількість живонароджених","Рівненська","Місячна","2007-M05","6315"
"Кількість живонароджених","Рівненська","Місячна","2007-M06","7541"
"Кількість живонароджених","Рівненська","Місячна","2007-M07","9108"
"Кількість живонароджених","Рівненська","Місячна","2007-M08","10556"
"Кількість живонароджених","Рівненська","Місячна","2007-M09","11842"
"Кількість живонароджених","Рівненська","Місячна","2007-M10","13312"
"Кількість живонароджених","Рівненська","Місячна","2007-M11","14626"
"Кількість живонароджених","Рівненська","Місячна","2007-M12","15759"
"Кількість живонароджених","Рівненська","Місячна","2008-M01","1506"
"Кількість живонароджених","Рівненська","Місячна","2008-M02","2730"
"Кількість живонароджених","Рівненська","Місячна","2008-M03","3910"
"Кількість живонароджених","Рівненська","Місячна","2008-M04","4996"
"Кількість живонароджених","Рівненська","Місячна","2008-M05","6386"
"Кількість живонароджених","Рівненська","Місячна","2008-M06","7670"
"Кількість живонароджених","Рівненська","Місячна","2008-M07","9364"
"Кількість живонароджених","Рівненська","Місячна","2008-M08","10919"
"Кількість живонароджених","Рівненська","Місячна","2008-M09","12442"
"Кількість живонароджених","Рівненська","Місячна","2008-M10","14132"
"Кількість живонароджених","Рівненська","Місячна","2008-M11","15611"
"Кількість живонароджених","Рівненська","Місячна","2008-M12","17089"
"Кількість живонароджених","Рівненська","Місячна","2009-M01","1377"
"Кількість живонароджених","Рівненська","Місячна","2009-M02","2769"
"Кількість живонароджених","Рівненська","Місячна","2009-M03","4202"
"Кількість живонароджених","Рівненська","Місячна","2009-M04","5603"
"Кількість живонароджених","Рівненська","Місячна","2009-M05","6964"
"Кількість живонароджених","Рівненська","Місячна","2009-M06","8311"
"Кількість живонароджених","Рівненська","Місячна","2009-M07","9947"
"Кількість живонароджених","Рівненська","Місячна","2009-M08","11465"
"Кількість живонароджених","Рівненська","Місячна","2009-M09","12956"
"Кількість живонароджених","Рівненська","Місячна","2009-M10","14636"
"Кількість живонароджених","Рівненська","Місячна","2009-M11","16103"
"Кількість живонароджених","Рівненська","Місячна","2009-M12","17544"
"Кількість живонароджених","Рівненська","Місячна","2010-M01","1423"
"Кількість живонароджених","Рівненська","Місячна","2010-M02","2706"
"Кількість живонароджених","Рівненська","Місячна","2010-M03","4109"
"Кількість живонароджених","Рівненська","Місячна","2010-M04","5477"
"Кількість живонароджених","Рівненська","Місячна","2010-M05","6846"
"Кількість живонароджених","Рівненська","Місячна","2010-M06","8209"
"Кількість живонароджених","Рівненська","Місячна","2010-M07","9822"
"Кількість живонароджених","Рівненська","Місячна","2010-M08","11337"
"Кількість живонароджених","Рівненська","Місячна","2010-M09","12876"
"Кількість живонароджених","Рівненська","Місячна","2010-M10","14292"
"Кількість живонароджених","Рівненська","Місячна","2010-M11","15724"
"Кількість живонароджених","Рівненська","Місячна","2010-M12","17074"
"Кількість живонароджених","Рівненська","Місячна","2011-M01","1512"
"Кількість живонароджених","Рівненська","Місячна","2011-M02","2864"
"Кількість живонароджених","Рівненська","Місячна","2011-M03","4244"
"Кількість живонароджених","Рівненська","Місячна","2011-M04","5505"
"Кількість живонароджених","Рівненська","Місячна","2011-M05","6810"
"Кількість живонароджених","Рівненська","Місячна","2011-M06","8164"
"Кількість живонароджених","Рівненська","Місячна","2011-M07","9803"
"Кількість живонароджених","Рівненська","Місячна","2011-M08","11454"
"Кількість живонароджених","Рівненська","Місячна","2011-M09","13027"
"Кількість живонароджених","Рівненська","Місячна","2011-M10","14601"
"Кількість живонароджених","Рівненська","Місячна","2011-M11","16229"
"Кількість живонароджених","Рівненська","Місячна","2011-M12","17697"
"Кількість живонароджених","Рівненська","Місячна","2012-M01","1508"
"Кількість живонароджених","Рівненська","Місячна","2012-M02","2992"
"Кількість живонароджених","Рівненська","Місячна","2012-M03","4386"
"Кількість живонароджених","Рівненська","Місячна","2012-M04","5739"
"Кількість живонароджених","Рівненська","Місячна","2012-M05","7333"
"Кількість живонароджених","Рівненська","Місячна","2012-M06","8710"
"Кількість живонароджених","Рівненська","Місячна","2012-M07","10521"
"Кількість живонароджених","Рівненська","Місячна","2012-M08","12300"
"Кількість живонароджених","Рівненська","Місячна","2012-M09","13834"
"Кількість живонароджених","Рівненська","Місячна","2012-M10","15561"
"Кількість живонароджених","Рівненська","Місячна","2012-M11","17056"
"Кількість живонароджених","Рівненська","Місячна","2012-M12","18316"
"Кількість живонароджених","Рівненська","Місячна","2013-M01","1536"
"Кількість живонароджених","Рівненська","Місячна","2013-M02","2724"
"Кількість живонароджених","Рівненська","Місячна","2013-M03","4033"
"Кількість живонароджених","Рівненська","Місячна","2013-M04","5366"
"Кількість живонароджених","Рівненська","Місячна","2013-M05","6715"
"Кількість живонароджених","Рівненська","Місячна","2013-M06","8022"
"Кількість живонароджених","Рівненська","Місячна","2013-M07","9751"
"Кількість живонароджених","Рівненська","Місячна","2013-M08","11379"
"Кількість живонароджених","Рівненська","Місячна","2013-M09","12927"
"Кількість живонароджених","Рівненська","Місячна","2013-M10","14708"
"Кількість живонароджених","Рівненська","Місячна","2013-M11","16073"
"Кількість живонароджених","Рівненська","Місячна","2013-M12","17445"
"Кількість живонароджених","Рівненська","Місячна","2014-M01","1447"
"Кількість живонароджених","Рівненська","Місячна","2014-M02","2785"
"Кількість живонароджених","Рівненська","Місячна","2014-M03","4040"
"Кількість живонароджених","Рівненська","Місячна","2014-M04","5425"
"Кількість живонароджених","Рівненська","Місячна","2014-M05","6830"
"Кількість живонароджених","Рівненська","Місячна","2014-M06","8237"
"Кількість живонароджених","Рівненська","Місячна","2014-M07","9905"
"Кількість живонароджених","Рівненська","Місячна","2014-M08","11406"
"Кількість живонароджених","Рівненська","Місячна","2014-M09","12941"
"Кількість живонароджених","Рівненська","Місячна","2014-M10","14561"
"Кількість живонароджених","Рівненська","Місячна","2014-M11","15825"
"Кількість живонароджених","Рівненська","Місячна","2014-M12","17169"
"Кількість живонароджених","Рівненська","Місячна","2015-M01","1383"
"Кількість живонароджених","Рівненська","Місячна","2015-M02","2541"
"Кількість живонароджених","Рівненська","Місячна","2015-M03","3868"
"Кількість живонароджених","Рівненська","Місячна","2015-M04","5184"
"Кількість живонароджених","Рівненська","Місячна","2015-M05","6409"
"Кількість живонароджених","Рівненська","Місячна","2015-M06","7641"
"Кількість живонароджених","Рівненська","Місячна","2015-M07","9292"
"Кількість живонароджених","Рівненська","Місячна","2015-M08","10665"
"Кількість живонароджених","Рівненська","Місячна","2015-M09","12161"
"Кількість живонароджених","Рівненська","Місячна","2015-M10","13623"
"Кількість живонароджених","Рівненська","Місячна","2015-M11","14809"
"Кількість живонароджених","Рівненська","Місячна","2015-M12","16137"
"Кількість живонароджених","Рівненська","Місячна","2016-M01","1330"
"Кількість живонароджених","Рівненська","Місячна","2016-M02","2558"
"Кількість живонароджених","Рівненська","Місячна","2016-M03","3934"
"Кількість живонароджених","Рівненська","Місячна","2016-M04","5107"
"Кількість живонароджених","Рівненська","Місячна","2016-M05","6324"
"Кількість живонароджених","Рівненська","Місячна","2016-M06","7540"
"Кількість живонароджених","Рівненська","Місячна","2016-M07","8916"
"Кількість живонароджених","Рівненська","Місячна","2016-M08","10444"
"Кількість живонароджених","Рівненська","Місячна","2016-M09","11797"
"Кількість живонароджених","Рівненська","Місячна","2016-M10","13142"
"Кількість живонароджених","Рівненська","Місячна","2016-M11","14454"
"Кількість живонароджених","Рівненська","Місячна","2016-M12","15688"
"Кількість живонароджених","Рівненська","Місячна","2017-M01","1219"
"Кількість живонароджених","Рівненська","Місячна","2017-M02","2302"
"Кількість живонароджених","Рівненська","Місячна","2017-M03","3524"
"Кількість живонароджених","Рівненська","Місячна","2017-M04","4545"
"Кількість живонароджених","Рівненська","Місячна","2017-M05","5762"
"Кількість живонароджених","Рівненська","Місячна","2017-M06","7018"
"Кількість живонароджених","Рівненська","Місячна","2017-M07","8347"
"Кількість живонароджених","Рівненська","Місячна","2017-M08","9759"
"Кількість живонароджених","Рівненська","Місячна","2017-M09","10909"
"Кількість живонароджених","Рівненська","Місячна","2017-M10","12146"
"Кількість живонароджених","Рівненська","Місячна","2017-M11","13327"
"Кількість живонароджених","Рівненська","Місячна","2017-M12","14371"
"Кількість живонароджених","Рівненська","Місячна","2018-M01","1191"
"Кількість живонароджених","Рівненська","Місячна","2018-M02","2202"
"Кількість живонароджених","Рівненська","Місячна","2018-M03","3246"
"Кількість живонароджених","Рівненська","Місячна","2018-M04","4273"
"Кількість живонароджених","Рівненська","Місячна","2018-M05","5441"
"Кількість живонароджених","Рівненська","Місячна","2018-M06","6477"
"Кількість живонароджених","Рівненська","Місячна","2018-M07","7757"
"Кількість живонароджених","Рівненська","Місячна","2018-M08","8957"
"Кількість живонароджених","Рівненська","Місячна","2018-M09","10091"
"Кількість живонароджених","Рівненська","Місячна","2018-M10","11401"
"Кількість живонароджених","Рівненська","Місячна","2018-M11","12452"
"Кількість живонароджених","Рівненська","Місячна","2018-M12","13380"
"Кількість живонароджених","Рівненська","Місячна","2019-M01","1111"
"Кількість живонароджених","Рівненська","Місячна","2019-M02","2014"
"Кількість живонароджених","Рівненська","Місячна","2019-M03","2985"
"Кількість живонароджених","Рівненська","Місячна","2019-M04","3924"
"Кількість живонароджених","Рівненська","Місячна","2019-M05","5021"
"Кількість живонароджених","Рівненська","Місячна","2019-M06","5959"
"Кількість живонароджених","Рівненська","Місячна","2019-M07","7136"
"Кількість живонароджених","Рівненська","Місячна","2019-M08","8264"
"Кількість живонароджених","Рівненська","Місячна","2019-M09","9263"
"Кількість живонароджених","Рівненська","Місячна","2019-M10","10442"
"Кількість живонароджених","Рівненська","Місячна","2019-M11","11454"
"Кількість живонароджених","Рівненська","Місячна","2019-M12","12316"
"Кількість живонароджених","Рівненська","Місячна","2020-M01","1115"
"Кількість живонароджених","Рівненська","Місячна","2020-M02","2083"
"Кількість живонароджених","Рівненська","Місячна","2020-M03","2940"
"Кількість живонароджених","Рівненська","Місячна","2020-M04","3819"
"Кількість живонароджених","Рівненська","Місячна","2020-M05","4736"
"Кількість живонароджених","Рівненська","Місячна","2020-M06","5767"
"Кількість живонароджених","Рівненська","Місячна","2020-M07","6914"
"Кількість живонароджених","Рівненська","Місячна","2020-M08","7960"
"Кількість живонароджених","Рівненська","Місячна","2020-M09","9102"
"Кількість живонароджених","Рівненська","Місячна","2020-M10","10286"
"Кількість живонароджених","Рівненська","Місячна","2020-M11","11181"
"Кількість живонароджених","Рівненська","Місячна","2020-M12","12164"
"Кількість живонароджених","Рівненська","Місячна","2021-M01","939"
"Кількість живонароджених","Рівненська","Місячна","2021-M02","1898"
"Кількість живонароджених","Рівненська","Місячна","2021-M03","2963"
"Кількість живонароджених","Рівненська","Місячна","2021-M04","3831"
"Кількість живонароджених","Рівненська","Місячна","2021-M05","4717"
"Кількість живонароджених","Рівненська","Місячна","2021-M06","5621"
"Кількість живонароджених","Рівненська","Місячна","2021-M07","6658"
"Кількість живонароджених","Рівненська","Місячна","2021-M08","7611"
"Кількість живонароджених","Рівненська","Місячна","2021-M09","8632"
"Кількість живонароджених","Рівненська","Місячна","2021-M10","9786"
"Кількість живонароджених","Рівненська","Місячна","2021-M11","10757"
"Кількість живонароджених","Рівненська","Місячна","2021-M12","11691"
"Кількість живонароджених","Рівненська","Місячна","2022-M01","739"
"Кількість живонароджених","Рівненська","Місячна","2022-M02",""
"Кількість живонароджених","Рівненська","Місячна","2022-M03",""
"Кількість живонароджених","Рівненська","Місячна","2022-M04",""
"Кількість живонароджених","Рівненська","Місячна","2022-M05",""
"Кількість живонароджених","Рівненська","Місячна","2022-M06",""
"Кількість живонароджених","Рівненська","Місячна","2022-M07",""
"Кількість живонароджених","Рівненська","Місячна","2022-M08",""
"Кількість живонароджених","Рівненська","Місячна","2022-M09",""
"Кількість живонароджених","Рівненська","Місячна","2022-M10",""
"Кількість живонароджених","Рівненська","Місячна","2022-M11",""
"Кількість живонароджених","Рівненська","Місячна","2022-M12",""
"Кількість живонароджених","Харківська","Місячна","2005-M01","1672"
"Кількість живонароджених","Харківська","Місячна","2005-M02","3417"
"Кількість живонароджених","Харківська","Місячна","2005-M03","5271"
"Кількість живонароджених","Харківська","Місячна","2005-M04","7229"
"Кількість живонароджених","Харківська","Місячна","2005-M05","8945"
"Кількість живонароджених","Харківська","Місячна","2005-M06","10656"
"Кількість живонароджених","Харківська","Місячна","2005-M07","12669"
"Кількість живонароджених","Харківська","Місячна","2005-M08","14625"
"Кількість живонароджених","Харківська","Місячна","2005-M09","16702"
"Кількість живонароджених","Харківська","Місячна","2005-M10","18495"
"Кількість живонароджених","Харківська","Місячна","2005-M11","20508"
"Кількість живонароджених","Харківська","Місячна","2005-M12","22451"
"Кількість живонароджених","Харківська","Місячна","2006-M01","1722"
"Кількість живонароджених","Харківська","Місячна","2006-M02","3663"
"Кількість живонароджених","Харківська","Місячна","2006-M03","5688"
"Кількість живонароджених","Харківська","Місячна","2006-M04","7456"
"Кількість живонароджених","Харківська","Місячна","2006-M05","9459"
"Кількість живонароджених","Харківська","Місячна","2006-M06","11357"
"Кількість живонароджених","Харківська","Місячна","2006-M07","13583"
"Кількість живонароджених","Харківська","Місячна","2006-M08","15795"
"Кількість живонароджених","Харківська","Місячна","2006-M09","17916"
"Кількість живонароджених","Харківська","Місячна","2006-M10","20010"
"Кількість живонароджених","Харківська","Місячна","2006-M11","22032"
"Кількість живонароджених","Харківська","Місячна","2006-M12","24025"
"Кількість живонароджених","Харківська","Місячна","2007-M01","2010"
"Кількість живонароджених","Харківська","Місячна","2007-M02","4079"
"Кількість живонароджених","Харківська","Місячна","2007-M03","6124"
"Кількість живонароджених","Харківська","Місячна","2007-M04","7986"
"Кількість живонароджених","Харківська","Місячна","2007-M05","9965"
"Кількість живонароджених","Харківська","Місячна","2007-M06","11919"
"Кількість живонароджених","Харківська","Місячна","2007-M07","14337"
"Кількість живонароджених","Харківська","Місячна","2007-M08","16630"
"Кількість живонароджених","Харківська","Місячна","2007-M09","18805"
"Кількість живонароджених","Харківська","Місячна","2007-M10","21180"
"Кількість живонароджених","Харківська","Місячна","2007-M11","23188"
"Кількість живонароджених","Харківська","Місячна","2007-M12","25269"
"Кількість живонароджених","Харківська","Місячна","2008-M01","2169"
"Кількість живонароджених","Харківська","Місячна","2008-M02","4404"
"Кількість живонароджених","Харківська","Місячна","2008-M03","6310"
"Кількість живонароджених","Харківська","Місячна","2008-M04","8294"
"Кількість живонароджених","Харківська","Місячна","2008-M05","10566"
"Кількість живонароджених","Харківська","Місячна","2008-M06","12500"
"Кількість живонароджених","Харківська","Місячна","2008-M07","15129"
"Кількість живонароджених","Харківська","Місячна","2008-M08","17583"
"Кількість живонароджених","Харківська","Місячна","2008-M09","20023"
"Кількість живонароджених","Харківська","Місячна","2008-M10","22694"
"Кількість живонароджених","Харківська","Місячна","2008-M11","24919"
"Кількість живонароджених","Харківська","Місячна","2008-M12","27207"
"Кількість живонароджених","Харківська","Місячна","2009-M01","2213"
"Кількість живонароджених","Харківська","Місячна","2009-M02","4469"
"Кількість живонароджених","Харківська","Місячна","2009-M03","6687"
"Кількість живонароджених","Харківська","Місячна","2009-M04","8919"
"Кількість живонароджених","Харківська","Місячна","2009-M05","11087"
"Кількість живонароджених","Харківська","Місячна","2009-M06","13193"
"Кількість живонароджених","Харківська","Місячна","2009-M07","15951"
"Кількість живонароджених","Харківська","Місячна","2009-M08","18211"
"Кількість живонароджених","Харківська","Місячна","2009-M09","20698"
"Кількість живонароджених","Харківська","Місячна","2009-M10","23034"
"Кількість живонароджених","Харківська","Місячна","2009-M11","24967"
"Кількість живонароджених","Харківська","Місячна","2009-M12","27226"
"Кількість живонароджених","Харківська","Місячна","2010-M01","2017"
"Кількість живонароджених","Харківська","Місячна","2010-M02","4181"
"Кількість живонароджених","Харківська","Місячна","2010-M03","6481"
"Кількість живонароджених","Харківська","Місячна","2010-M04","8610"
"Кількість живонароджених","Харківська","Місячна","2010-M05","10567"
"Кількість живонароджених","Харківська","Місячна","2010-M06","12841"
"Кількість живонароджених","Харківська","Місячна","2010-M07","15357"
"Кількість живонароджених","Харківська","Місячна","2010-M08","17586"
"Кількість живонароджених","Харківська","Місячна","2010-M09","19827"
"Кількість живонароджених","Харківська","Місячна","2010-M10","22065"
"Кількість живонароджених","Харківська","Місячна","2010-M11","24112"
"Кількість живонароджених","Харківська","Місячна","2010-M12","26286"
"Кількість живонароджених","Харківська","Місячна","2011-M01","2157"
"Кількість живонароджених","Харківська","Місячна","2011-M02","4173"
"Кількість живонароджених","Харківська","Місячна","2011-M03","6339"
"Кількість живонароджених","Харківська","Місячна","2011-M04","8227"
"Кількість живонароджених","Харківська","Місячна","2011-M05","10184"
"Кількість живонароджених","Харківська","Місячна","2011-M06","12065"
"Кількість живонароджених","Харківська","Місячна","2011-M07","14599"
"Кількість живонароджених","Харківська","Місячна","2011-M08","17131"
"Кількість живонароджених","Харківська","Місячна","2011-M09","19472"
"Кількість живонароджених","Харківська","Місячна","2011-M10","21741"
"Кількість живонароджених","Харківська","Місячна","2011-M11","24101"
"Кількість живонароджених","Харківська","Місячна","2011-M12","26317"
"Кількість живонароджених","Харківська","Місячна","2012-M01","2185"
"Кількість живонароджених","Харківська","Місячна","2012-M02","4288"
"Кількість живонароджених","Харківська","Місячна","2012-M03","6376"
"Кількість живонароджених","Харківська","Місячна","2012-M04","8280"
"Кількість живонароджених","Харківська","Місячна","2012-M05","10543"
"Кількість живонароджених","Харківська","Місячна","2012-M06","12668"
"Кількість живонароджених","Харківська","Місячна","2012-M07","15411"
"Кількість живонароджених","Харківська","Місячна","2012-M08","18034"
"Кількість живонароджених","Харківська","Місячна","2012-M09","20339"
"Кількість живонароджених","Харківська","Місячна","2012-M10","22858"
"Кількість живонароджених","Харківська","Місячна","2012-M11","25098"
"Кількість живонароджених","Харківська","Місячна","2012-M12","27244"
"Кількість живонароджених","Харківська","Місячна","2013-M01","2216"
"Кількість живонароджених","Харківська","Місячна","2013-M02","4206"
"Кількість живонароджених","Харківська","Місячна","2013-M03","6262"
"Кількість живонароджених","Харківська","Місячна","2013-M04","8375"
"Кількість живонароджених","Харківська","Місячна","2013-M05","10402"
"Кількість живонароджених","Харківська","Місячна","2013-M06","12331"
"Кількість живонароджених","Харківська","Місячна","2013-M07","15098"
"Кількість живонароджених","Харківська","Місячна","2013-M08","17510"
"Кількість живонароджених","Харківська","Місячна","2013-M09","19790"
"Кількість живонароджених","Харківська","Місячна","2013-M10","22406"
"Кількість живонароджених","Харківська","Місячна","2013-M11","24576"
"Кількість живонароджених","Харківська","Місячна","2013-M12","26700"
"Кількість живонароджених","Харківська","Місячна","2014-M01","2281"
"Кількість живонароджених","Харківська","Місячна","2014-M02","4411"
"Кількість живонароджених","Харківська","Місячна","2014-M03","6626"
"Кількість живонароджених","Харківська","Місячна","2014-M04","8743"
"Кількість живонароджених","Харківська","Місячна","2014-M05","10890"
"Кількість живонароджених","Харківська","Місячна","2014-M06","13097"
"Кількість живонароджених","Харківська","Місячна","2014-M07","15791"
"Кількість живонароджених","Харківська","Місячна","2014-M08","18179"
"Кількість живонароджених","Харківська","Місячна","2014-M09","20666"
"Кількість живонароджених","Харківська","Місячна","2014-M10","23335"
"Кількість живонароджених","Харківська","Місячна","2014-M11","25444"
"Кількість живонароджених","Харківська","Місячна","2014-M12","27690"
"Кількість живонароджених","Харківська","Місячна","2015-M01","2111"
"Кількість живонароджених","Харківська","Місячна","2015-M02","4085"
"Кількість живонароджених","Харківська","Місячна","2015-M03","6088"
"Кількість живонароджених","Харківська","Місячна","2015-M04","8201"
"Кількість живонароджених","Харківська","Місячна","2015-M05","10171"
"Кількість живонароджених","Харківська","Місячна","2015-M06","11986"
"Кількість живонароджених","Харківська","Місячна","2015-M07","14455"
"Кількість живонароджених","Харківська","Місячна","2015-M08","16529"
"Кількість живонароджених","Харківська","Місячна","2015-M09","18726"
"Кількість живонароджених","Харківська","Місячна","2015-M10","20870"
"Кількість живонароджених","Харківська","Місячна","2015-M11","22864"
"Кількість живонароджених","Харківська","Місячна","2015-M12","24939"
"Кількість живонароджених","Харківська","Місячна","2016-M01","1885"
"Кількість живонароджених","Харківська","Місячна","2016-M02","3738"
"Кількість живонароджених","Харківська","Місячна","2016-M03","5761"
"Кількість живонароджених","Харківська","Місячна","2016-M04","7675"
"Кількість живонароджених","Харківська","Місячна","2016-M05","9546"
"Кількість живонароджених","Харківська","Місячна","2016-M06","11291"
"Кількість живонароджених","Харківська","Місячна","2016-M07","13686"
"Кількість живонароджених","Харківська","Місячна","2016-M08","15816"
"Кількість живонароджених","Харківська","Місячна","2016-M09","17918"
"Кількість живонароджених","Харківська","Місячна","2016-M10","19926"
"Кількість живонароджених","Харківська","Місячна","2016-M11","21992"
"Кількість живонароджених","Харківська","Місячна","2016-M12","24004"
"Кількість живонароджених","Харківська","Місячна","2017-M01","1787"
"Кількість живонароджених","Харківська","Місячна","2017-M02","3528"
"Кількість живонароджених","Харківська","Місячна","2017-M03","5360"
"Кількість живонароджених","Харківська","Місячна","2017-M04","6872"
"Кількість живонароджених","Харківська","Місячна","2017-M05","8718"
"Кількість живонароджених","Харківська","Місячна","2017-M06","10361"
"Кількість живонароджених","Харківська","Місячна","2017-M07","12335"
"Кількість живонароджених","Харківська","Місячна","2017-M08","14301"
"Кількість живонароджених","Харківська","Місячна","2017-M09","16276"
"Кількість живонароджених","Харківська","Місячна","2017-M10","18127"
"Кількість живонароджених","Харківська","Місячна","2017-M11","19930"
"Кількість живонароджених","Харківська","Місячна","2017-M12","21631"
"Кількість живонароджених","Харківська","Місячна","2018-M01","1832"
"Кількість живонароджених","Харківська","Місячна","2018-M02","3478"
"Кількість живонароджених","Харківська","Місячна","2018-M03","5113"
"Кількість живонароджених","Харківська","Місячна","2018-M04","6515"
"Кількість живонароджених","Харківська","Місячна","2018-M05","8103"
"Кількість живонароджених","Харківська","Місячна","2018-M06","9632"
"Кількість живонароджених","Харківська","Місячна","2018-M07","11469"
"Кількість живонароджених","Харківська","Місячна","2018-M08","13243"
"Кількість живонароджених","Харківська","Місячна","2018-M09","14997"
"Кількість живонароджених","Харківська","Місячна","2018-M10","16727"
"Кількість живонароджених","Харківська","Місячна","2018-M11","18285"
"Кількість живонароджених","Харківська","Місячна","2018-M12","19657"
"Кількість живонароджених","Харківська","Місячна","2019-M01","1596"
"Кількість живонароджених","Харківська","Місячна","2019-M02","3048"
"Кількість живонароджених","Харківська","Місячна","2019-M03","4585"
"Кількість живонароджених","Харківська","Місячна","2019-M04","5902"
"Кількість живонароджених","Харківська","Місячна","2019-M05","7538"
"Кількість живонароджених","Харківська","Місячна","2019-M06","8884"
"Кількість живонароджених","Харківська","Місячна","2019-M07","10649"
"Кількість живонароджених","Харківська","Місячна","2019-M08","12258"
"Кількість живонароджених","Харківська","Місячна","2019-M09","13664"
"Кількість живонароджених","Харківська","Місячна","2019-M10","15332"
"Кількість живонароджених","Харківська","Місячна","2019-M11","16737"
"Кількість живонароджених","Харківська","Місячна","2019-M12","18038"
"Кількість живонароджених","Харківська","Місячна","2020-M01","1541"
"Кількість живонароджених","Харківська","Місячна","2020-M02","2872"
"Кількість живонароджених","Харківська","Місячна","2020-M03","3971"
"Кількість живонароджених","Харківська","Місячна","2020-M04","5223"
"Кількість живонароджених","Харківська","Місячна","2020-M05","6459"
"Кількість живонароджених","Харківська","Місячна","2020-M06","7835"
"Кількість живонароджених","Харківська","Місячна","2020-M07","9513"
"Кількість живонароджених","Харківська","Місячна","2020-M08","10928"
"Кількість живонароджених","Харківська","Місячна","2020-M09","12449"
"Кількість живонароджених","Харківська","Місячна","2020-M10","13974"
"Кількість живонароджених","Харківська","Місячна","2020-M11","15217"
"Кількість живонароджених","Харківська","Місячна","2020-M12","16729"
"Кількість живонароджених","Харківська","Місячна","2021-M01","1248"
"Кількість живонароджених","Харківська","Місячна","2021-M02","2499"
"Кількість живонароджених","Харківська","Місячна","2021-M03","3814"
"Кількість живонароджених","Харківська","Місячна","2021-M04","4977"
"Кількість живонароджених","Харківська","Місячна","2021-M05","6144"
"Кількість живонароджених","Харківська","Місячна","2021-M06","7462"
"Кількість живонароджених","Харківська","Місячна","2021-M07","8938"
"Кількість живонароджених","Харківська","Місячна","2021-M08","10323"
"Кількість живонароджених","Харківська","Місячна","2021-M09","11666"
"Кількість живонароджених","Харківська","Місячна","2021-M10","12996"
"Кількість живонароджених","Харківська","Місячна","2021-M11","14286"
"Кількість живонароджених","Харківська","Місячна","2021-M12","15482"
"Кількість живонароджених","Харківська","Місячна","2022-M01","1015"
"Кількість живонароджених","Харківська","Місячна","2022-M02",""
"Кількість живонароджених","Харківська","Місячна","2022-M03",""
"Кількість живонароджених","Харківська","Місячна","2022-M04",""
"Кількість живонароджених","Харківська","Місячна","2022-M05",""
"Кількість живонароджених","Харківська","Місячна","2022-M06",""
"Кількість живонароджених","Харківська","Місячна","2022-M07",""
"Кількість живонароджених","Харківська","Місячна","2022-M08",""
"Кількість живонароджених","Харківська","Місячна","2022-M09",""
"Кількість живонароджених","Харківська","Місячна","2022-M10",""
"Кількість живонароджених","Харківська","Місячна","2022-M11",""
"Кількість живонароджених","Харківська","Місячна","2022-M12",""
"Кількість живонароджених","Тернопільська","Місячна","2005-M01","838"
"Кількість живонароджених","Тернопільська","Місячна","2005-M02","1708"
"Кількість живонароджених","Тернопільська","Місячна","2005-M03","2681"
"Кількість живонароджених","Тернопільська","Місячна","2005-M04","3581"
"Кількість живонароджених","Тернопільська","Місячна","2005-M05","4510"
"Кількість живонароджених","Тернопільська","Місячна","2005-M06","5392"
"Кількість живонароджених","Тернопільська","Місячна","2005-M07","6414"
"Кількість живонароджених","Тернопільська","Місячна","2005-M08","7350"
"Кількість живонароджених","Тернопільська","Місячна","2005-M09","8335"
"Кількість живонароджених","Тернопільська","Місячна","2005-M10","9221"
"Кількість живонароджених","Тернопільська","Місячна","2005-M11","10170"
"Кількість живонароджених","Тернопільська","Місячна","2005-M12","11035"
"Кількість живонароджених","Тернопільська","Місячна","2006-M01","837"
"Кількість живонароджених","Тернопільська","Місячна","2006-M02","1773"
"Кількість живонароджених","Тернопільська","Місячна","2006-M03","2671"
"Кількість живонароджених","Тернопільська","Місячна","2006-M04","3555"
"Кількість живонароджених","Тернопільська","Місячна","2006-M05","4579"
"Кількість живонароджених","Тернопільська","Місячна","2006-M06","5597"
"Кількість живонароджених","Тернопільська","Місячна","2006-M07","6684"
"Кількість живонароджених","Тернопільська","Місячна","2006-M08","7700"
"Кількість живонароджених","Тернопільська","Місячна","2006-M09","8733"
"Кількість живонароджених","Тернопільська","Місячна","2006-M10","9818"
"Кількість живонароджених","Тернопільська","Місячна","2006-M11","10711"
"Кількість живонароджених","Тернопільська","Місячна","2006-M12","11623"
"Кількість живонароджених","Тернопільська","Місячна","2007-M01","888"
"Кількість живонароджених","Тернопільська","Місячна","2007-M02","1843"
"Кількість живонароджених","Тернопільська","Місячна","2007-M03","2842"
"Кількість живонароджених","Тернопільська","Місячна","2007-M04","3654"
"Кількість живонароджених","Тернопільська","Місячна","2007-M05","4631"
"Кількість живонароджених","Тернопільська","Місячна","2007-M06","5582"
"Кількість живонароджених","Тернопільська","Місячна","2007-M07","6672"
"Кількість живонароджених","Тернопільська","Місячна","2007-M08","7694"
"Кількість живонароджених","Тернопільська","Місячна","2007-M09","8669"
"Кількість живонароджених","Тернопільська","Місячна","2007-M10","9747"
"Кількість живонароджених","Тернопільська","Місячна","2007-M11","10643"
"Кількість живонароджених","Тернопільська","Місячна","2007-M12","11431"
"Кількість живонароджених","Тернопільська","Місячна","2008-M01","1008"
"Кількість живонароджених","Тернопільська","Місячна","2008-M02","1953"
"Кількість живонароджених","Тернопільська","Місячна","2008-M03","2814"
"Кількість живонароджених","Тернопільська","Місячна","2008-M04","3653"
"Кількість живонароджених","Тернопільська","Місячна","2008-M05","4751"
"Кількість живонароджених","Тернопільська","Місячна","2008-M06","5732"
"Кількість живонароджених","Тернопільська","Місячна","2008-M07","6913"
"Кількість живонароджених","Тернопільська","Місячна","2008-M08","8073"
"Кількість живонароджених","Тернопільська","Місячна","2008-M09","9180"
"Кількість живонароджених","Тернопільська","Місячна","2008-M10","10428"
"Кількість живонароджених","Тернопільська","Місячна","2008-M11","11375"
"Кількість живонароджених","Тернопільська","Місячна","2008-M12","12388"
"Кількість живонароджених","Тернопільська","Місячна","2009-M01","950"
"Кількість живонароджених","Тернопільська","Місячна","2009-M02","1918"
"Кількість живонароджених","Тернопільська","Місячна","2009-M03","2969"
"Кількість живонароджених","Тернопільська","Місячна","2009-M04","3971"
"Кількість живонароджених","Тернопільська","Місячна","2009-M05","4968"
"Кількість живонароджених","Тернопільська","Місячна","2009-M06","5956"
"Кількість живонароджених","Тернопільська","Місячна","2009-M07","7171"
"Кількість живонароджених","Тернопільська","Місячна","2009-M08","8253"
"Кількість живонароджених","Тернопільська","Місячна","2009-M09","9353"
"Кількість живонароджених","Тернопільська","Місячна","2009-M10","10474"
"Кількість живонароджених","Тернопільська","Місячна","2009-M11","11402"
"Кількість живонароджених","Тернопільська","Місячна","2009-M12","12404"
"Кількість живонароджених","Тернопільська","Місячна","2010-M01","920"
"Кількість живонароджених","Тернопільська","Місячна","2010-M02","1834"
"Кількість живонароджених","Тернопільська","Місячна","2010-M03","2878"
"Кількість живонароджених","Тернопільська","Місячна","2010-M04","3840"
"Кількість живонароджених","Тернопільська","Місячна","2010-M05","4808"
"Кількість живонароджених","Тернопільська","Місячна","2010-M06","5842"
"Кількість живонароджених","Тернопільська","Місячна","2010-M07","6890"
"Кількість живонароджених","Тернопільська","Місячна","2010-M08","7889"
"Кількість живонароджених","Тернопільська","Місячна","2010-M09","8970"
"Кількість живонароджених","Тернопільська","Місячна","2010-M10","10035"
"Кількість живонароджених","Тернопільська","Місячна","2010-M11","10984"
"Кількість живонароджених","Тернопільська","Місячна","2010-M12","11872"
"Кількість живонароджених","Тернопільська","Місячна","2011-M01","949"
"Кількість живонароджених","Тернопільська","Місячна","2011-M02","1862"
"Кількість живонароджених","Тернопільська","Місячна","2011-M03","2838"
"Кількість живонароджених","Тернопільська","Місячна","2011-M04","3713"
"Кількість живонароджених","Тернопільська","Місячна","2011-M05","4568"
"Кількість живонароджених","Тернопільська","Місячна","2011-M06","5564"
"Кількість живонароджених","Тернопільська","Місячна","2011-M07","6709"
"Кількість живонароджених","Тернопільська","Місячна","2011-M08","7859"
"Кількість живонароджених","Тернопільська","Місячна","2011-M09","8974"
"Кількість живонароджених","Тернопільська","Місячна","2011-M10","10038"
"Кількість живонароджених","Тернопільська","Місячна","2011-M11","11062"
"Кількість живонароджених","Тернопільська","Місячна","2011-M12","11964"
"Кількість живонароджених","Тернопільська","Місячна","2012-M01","975"
"Кількість живонароджених","Тернопільська","Місячна","2012-M02","1985"
"Кількість живонароджених","Тернопільська","Місячна","2012-M03","2885"
"Кількість живонароджених","Тернопільська","Місячна","2012-M04","3826"
"Кількість живонароджених","Тернопільська","Місячна","2012-M05","4878"
"Кількість живонароджених","Тернопільська","Місячна","2012-M06","5829"
"Кількість живонароджених","Тернопільська","Місячна","2012-M07","7061"
"Кількість живонароджених","Тернопільська","Місячна","2012-M08","8180"
"Кількість живонароджених","Тернопільська","Місячна","2012-M09","9212"
"Кількість живонароджених","Тернопільська","Місячна","2012-M10","10390"
"Кількість живонароджених","Тернопільська","Місячна","2012-M11","11355"
"Кількість живонароджених","Тернопільська","Місячна","2012-M12","12202"
"Кількість живонароджених","Тернопільська","Місячна","2013-M01","1026"
"Кількість живонароджених","Тернопільська","Місячна","2013-M02","1858"
"Кількість живонароджених","Тернопільська","Місячна","2013-M03","2746"
"Кількість живонароджених","Тернопільська","Місячна","2013-M04","3632"
"Кількість живонароджених","Тернопільська","Місячна","2013-M05","4671"
"Кількість живонароджених","Тернопільська","Місячна","2013-M06","5535"
"Кількість живонароджених","Тернопільська","Місячна","2013-M07","6727"
"Кількість живонароджених","Тернопільська","Місячна","2013-M08","7829"
"Кількість живонароджених","Тернопільська","Місячна","2013-M09","8837"
"Кількість живонароджених","Тернопільська","Місячна","2013-M10","10036"
"Кількість живонароджених","Тернопільська","Місячна","2013-M11","10940"
"Кількість живонароджених","Тернопільська","Місячна","2013-M12","11807"
"Кількість живонароджених","Тернопільська","Місячна","2014-M01","907"
"Кількість живонароджених","Тернопільська","Місячна","2014-M02","1834"
"Кількість живонароджених","Тернопільська","Місячна","2014-M03","2674"
"Кількість живонароджених","Тернопільська","Місячна","2014-M04","3594"
"Кількість живонароджених","Тернопільська","Місячна","2014-M05","4658"
"Кількість живонароджених","Тернопільська","Місячна","2014-M06","5669"
"Кількість живонароджених","Тернопільська","Місячна","2014-M07","6811"
"Кількість живонароджених","Тернопільська","Місячна","2014-M08","7762"
"Кількість живонароджених","Тернопільська","Місячна","2014-M09","8874"
"Кількість живонароджених","Тернопільська","Місячна","2014-M10","9988"
"Кількість живонароджених","Тернопільська","Місячна","2014-M11","10836"
"Кількість живонароджених","Тернопільська","Місячна","2014-M12","11717"
"Кількість живонароджених","Тернопільська","Місячна","2015-M01","976"
"Кількість живонароджених","Тернопільська","Місячна","2015-M02","1822"
"Кількість живонароджених","Тернопільська","Місячна","2015-M03","2721"
"Кількість живонароджених","Тернопільська","Місячна","2015-M04","3595"
"Кількість живонароджених","Тернопільська","Місячна","2015-M05","4441"
"Кількість живонароджених","Тернопільська","Місячна","2015-M06","5331"
"Кількість живонароджених","Тернопільська","Місячна","2015-M07","6365"
"Кількість живонароджених","Тернопільська","Місячна","2015-M08","7260"
"Кількість живонароджених","Тернопільська","Місячна","2015-M09","8261"
"Кількість живонароджених","Тернопільська","Місячна","2015-M10","9176"
"Кількість живонароджених","Тернопільська","Місячна","2015-M11","9912"
"Кількість живонароджених","Тернопільська","Місячна","2015-M12","10776"
"Кількість живонароджених","Тернопільська","Місячна","2016-M01","794"
"Кількість живонароджених","Тернопільська","Місячна","2016-M02","1559"
"Кількість живонароджених","Тернопільська","Місячна","2016-M03","2444"
"Кількість живонароджених","Тернопільська","Місячна","2016-M04","3199"
"Кількість живонароджених","Тернопільська","Місячна","2016-M05","4014"
"Кількість живонароджених","Тернопільська","Місячна","2016-M06","4874"
"Кількість живонароджених","Тернопільська","Місячна","2016-M07","5713"
"Кількість живонароджених","Тернопільська","Місячна","2016-M08","6630"
"Кількість живонароджених","Тернопільська","Місячна","2016-M09","7587"
"Кількість живонароджених","Тернопільська","Місячна","2016-M10","8401"
"Кількість живонароджених","Тернопільська","Місячна","2016-M11","9177"
"Кількість живонароджених","Тернопільська","Місячна","2016-M12","9974"
"Кількість живонароджених","Тернопільська","Місячна","2017-M01","770"
"Кількість живонароджених","Тернопільська","Місячна","2017-M02","1521"
"Кількість живонароджених","Тернопільська","Місячна","2017-M03","2387"
"Кількість живонароджених","Тернопільська","Місячна","2017-M04","3051"
"Кількість живонароджених","Тернопільська","Місячна","2017-M05","3882"
"Кількість живонароджених","Тернопільська","Місячна","2017-M06","4642"
"Кількість живонароджених","Тернопільська","Місячна","2017-M07","5499"
"Кількість живонароджених","Тернопільська","Місячна","2017-M08","6318"
"Кількість живонароджених","Тернопільська","Місячна","2017-M09","7070"
"Кількість живонароджених","Тернопільська","Місячна","2017-M10","7917"
"Кількість живонароджених","Тернопільська","Місячна","2017-M11","8655"
"Кількість живонароджених","Тернопільська","Місячна","2017-M12","9289"
"Кількість живонароджених","Тернопільська","Місячна","2018-M01","737"
"Кількість живонароджених","Тернопільська","Місячна","2018-M02","1367"
"Кількість живонароджених","Тернопільська","Місячна","2018-M03","2095"
"Кількість живонароджених","Тернопільська","Місячна","2018-M04","2741"
"Кількість живонароджених","Тернопільська","Місячна","2018-M05","3478"
"Кількість живонароджених","Тернопільська","Місячна","2018-M06","4132"
"Кількість живонароджених","Тернопільська","Місячна","2018-M07","4944"
"Кількість живонароджених","Тернопільська","Місячна","2018-M08","5746"
"Кількість живонароджених","Тернопільська","Місячна","2018-M09","6490"
"Кількість живонароджених","Тернопільська","Місячна","2018-M10","7297"
"Кількість живонароджених","Тернопільська","Місячна","2018-M11","7938"
"Кількість живонароджених","Тернопільська","Місячна","2018-M12","8545"
"Кількість живонароджених","Тернопільська","Місячна","2019-M01","682"
"Кількість живонароджених","Тернопільська","Місячна","2019-M02","1221"
"Кількість живонароджених","Тернопільська","Місячна","2019-M03","1837"
"Кількість живонароджених","Тернопільська","Місячна","2019-M04","2467"
"Кількість живонароджених","Тернопільська","Місячна","2019-M05","3156"
"Кількість живонароджених","Тернопільська","Місячна","2019-M06","3782"
"Кількість живонароджених","Тернопільська","Місячна","2019-M07","4587"
"Кількість живонароджених","Тернопільська","Місячна","2019-M08","5286"
"Кількість живонароджених","Тернопільська","Місячна","2019-M09","6017"
"Кількість живонароджених","Тернопільська","Місячна","2019-M10","6773"
"Кількість живонароджених","Тернопільська","Місячна","2019-M11","7352"
"Кількість живонароджених","Тернопільська","Місячна","2019-M12","7896"
"Кількість живонароджених","Тернопільська","Місячна","2020-M01","734"
"Кількість живонароджених","Тернопільська","Місячна","2020-M02","1325"
"Кількість живонароджених","Тернопільська","Місячна","2020-M03","1802"
"Кількість живонароджених","Тернопільська","Місячна","2020-M04","2410"
"Кількість живонароджених","Тернопільська","Місячна","2020-M05","3086"
"Кількість живонароджених","Тернопільська","Місячна","2020-M06","3740"
"Кількість живонароджених","Тернопільська","Місячна","2020-M07","4502"
"Кількість живонароджених","Тернопільська","Місячна","2020-M08","5144"
"Кількість живонароджених","Тернопільська","Місячна","2020-M09","5879"
"Кількість живонароджених","Тернопільська","Місячна","2020-M10","6661"
"Кількість живонароджених","Тернопільська","Місячна","2020-M11","7206"
"Кількість живонароджених","Тернопільська","Місячна","2020-M12","7846"
"Кількість живонароджених","Тернопільська","Місячна","2021-M01","581"
"Кількість живонароджених","Тернопільська","Місячна","2021-M02","1164"
"Кількість живонароджених","Тернопільська","Місячна","2021-M03","1813"
"Кількість живонароджених","Тернопільська","Місячна","2021-M04","2404"
"Кількість живонароджених","Тернопільська","Місячна","2021-M05","2977"
"Кількість живонароджених","Тернопільська","Місячна","2021-M06","3573"
"Кількість живонароджених","Тернопільська","Місячна","2021-M07","4229"
"Кількість живонароджених","Тернопільська","Місячна","2021-M08","4833"
"Кількість живонароджених","Тернопільська","Місячна","2021-M09","5511"
"Кількість живонароджених","Тернопільська","Місячна","2021-M10","6181"
"Кількість живонароджених","Тернопільська","Місячна","2021-M11","6729"
"Кількість живонароджених","Тернопільська","Місячна","2021-M12","7275"
"Кількість живонароджених","Тернопільська","Місячна","2022-M01","479"
"Кількість живонароджених","Тернопільська","Місячна","2022-M02",""
"Кількість живонароджених","Тернопільська","Місячна","2022-M03",""
"Кількість живонароджених","Тернопільська","Місячна","2022-M04",""
"Кількість живонароджених","Тернопільська","Місячна","2022-M05",""
"Кількість живонароджених","Тернопільська","Місячна","2022-M06",""
"Кількість живонароджених","Тернопільська","Місячна","2022-M07",""
"Кількість живонароджених","Тернопільська","Місячна","2022-M08",""
"Кількість живонароджених","Тернопільська","Місячна","2022-M09",""
"Кількість живонароджених","Тернопільська","Місячна","2022-M10",""
"Кількість живонароджених","Тернопільська","Місячна","2022-M11",""
"Кількість живонароджених","Тернопільська","Місячна","2022-M12",""
"Кількість живонароджених","Черкаська","Місячна","2005-M01","772"
"Кількість живонароджених","Черкаська","Місячна","2005-M02","1598"
"Кількість живонароджених","Черкаська","Місячна","2005-M03","2466"
"Кількість живонароджених","Черкаська","Місячна","2005-M04","3384"
"Кількість живонароджених","Черкаська","Місячна","2005-M05","4216"
"Кількість живонароджених","Черкаська","Місячна","2005-M06","5012"
"Кількість живонароджених","Черкаська","Місячна","2005-M07","5930"
"Кількість живонароджених","Черкаська","Місячна","2005-M08","6867"
"Кількість живонароджених","Черкаська","Місячна","2005-M09","7793"
"Кількість живонароджених","Черкаська","Місячна","2005-M10","8680"
"Кількість живонароджених","Черкаська","Місячна","2005-M11","9567"
"Кількість живонароджених","Черкаська","Місячна","2005-M12","10428"
"Кількість живонароджених","Черкаська","Місячна","2006-M01","844"
"Кількість живонароджених","Черкаська","Місячна","2006-M02","1765"
"Кількість живонароджених","Черкаська","Місячна","2006-M03","2751"
"Кількість живонароджених","Черкаська","Місячна","2006-M04","3645"
"Кількість живонароджених","Черкаська","Місячна","2006-M05","4605"
"Кількість живонароджених","Черкаська","Місячна","2006-M06","5533"
"Кількість живонароджених","Черкаська","Місячна","2006-M07","6555"
"Кількість живонароджених","Черкаська","Місячна","2006-M08","7601"
"Кількість живонароджених","Черкаська","Місячна","2006-M09","8577"
"Кількість живонароджених","Черкаська","Місячна","2006-M10","9609"
"Кількість живонароджених","Черкаська","Місячна","2006-M11","10544"
"Кількість живонароджених","Черкаська","Місячна","2006-M12","11526"
"Кількість живонароджених","Черкаська","Місячна","2007-M01","941"
"Кількість живонароджених","Черкаська","Місячна","2007-M02","1905"
"Кількість живонароджених","Черкаська","Місячна","2007-M03","2884"
"Кількість живонароджених","Черкаська","Місячна","2007-M04","3812"
"Кількість живонароджених","Черкаська","Місячна","2007-M05","4774"
"Кількість живонароджених","Черкаська","Місячна","2007-M06","5685"
"Кількість живонароджених","Черкаська","Місячна","2007-M07","6838"
"Кількість живонароджених","Черкаська","Місячна","2007-M08","7843"
"Кількість живонароджених","Черкаська","Місячна","2007-M09","8823"
"Кількість живонароджених","Черкаська","Місячна","2007-M10","9939"
"Кількість живонароджених","Черкаська","Місячна","2007-M11","10880"
"Кількість живонароджених","Черкаська","Місячна","2007-M12","11801"
"Кількість живонароджених","Черкаська","Місячна","2008-M01","1105"
"Кількість живонароджених","Черкаська","Місячна","2008-M02","2023"
"Кількість живонароджених","Черкаська","Місячна","2008-M03","2860"
"Кількість живонароджених","Черкаська","Місячна","2008-M04","3746"
"Кількість живонароджених","Черкаська","Місячна","2008-M05","4804"
"Кількість живонароджених","Черкаська","Місячна","2008-M06","5730"
"Кількість живонароджених","Черкаська","Місячна","2008-M07","6909"
"Кількість живонароджених","Черкаська","Місячна","2008-M08","7982"
"Кількість живонароджених","Черкаська","Місячна","2008-M09","9157"
"Кількість живонароджених","Черкаська","Місячна","2008-M10","10390"
"Кількість живонароджених","Черкаська","Місячна","2008-M11","11413"
"Кількість живонароджених","Черкаська","Місячна","2008-M12","12466"
"Кількість живонароджених","Черкаська","Місячна","2009-M01","1007"
"Кількість живонароджених","Черкаська","Місячна","2009-M02","2070"
"Кількість живонароджених","Черкаська","Місячна","2009-M03","3179"
"Кількість живонароджених","Черкаська","Місячна","2009-M04","4200"
"Кількість живонароджених","Черкаська","Місячна","2009-M05","5175"
"Кількість живонароджених","Черкаська","Місячна","2009-M06","6133"
"Кількість живонароджених","Черкаська","Місячна","2009-M07","7334"
"Кількість живонароджених","Черкаська","Місячна","2009-M08","8367"
"Кількість живонароджених","Черкаська","Місячна","2009-M09","9487"
"Кількість живонароджених","Черкаська","Місячна","2009-M10","10620"
"Кількість живонароджених","Черкаська","Місячна","2009-M11","11556"
"Кількість живонароджених","Черкаська","Місячна","2009-M12","12594"
"Кількість живонароджених","Черкаська","Місячна","2010-M01","1015"
"Кількість живонароджених","Черкаська","Місячна","2010-M02","1953"
"Кількість живонароджених","Черкаська","Місячна","2010-M03","3011"
"Кількість живонароджених","Черкаська","Місячна","2010-M04","3991"
"Кількість живонароджених","Черкаська","Місячна","2010-M05","4922"
"Кількість живонароджених","Черкаська","Місячна","2010-M06","6001"
"Кількість живонароджених","Черкаська","Місячна","2010-M07","7192"
"Кількість живонароджених","Черкаська","Місячна","2010-M08","8215"
"Кількість живонароджених","Черкаська","Місячна","2010-M09","9359"
"Кількість живонароджених","Черкаська","Місячна","2010-M10","10361"
"Кількість живонароджених","Черкаська","Місячна","2010-M11","11424"
"Кількість живонароджених","Черкаська","Місячна","2010-M12","12462"
"Кількість живонароджених","Черкаська","Місячна","2011-M01","977"
"Кількість живонароджених","Черкаська","Місячна","2011-M02","1966"
"Кількість живонароджених","Черкаська","Місячна","2011-M03","3044"
"Кількість живонароджених","Черкаська","Місячна","2011-M04","3909"
"Кількість живонароджених","Черкаська","Місячна","2011-M05","4808"
"Кількість живонароджених","Черкаська","Місячна","2011-M06","5783"
"Кількість живонароджених","Черкаська","Місячна","2011-M07","6914"
"Кількість живонароджених","Черкаська","Місячна","2011-M08","8081"
"Кількість живонароджених","Черкаська","Місячна","2011-M09","9237"
"Кількість живонароджених","Черкаська","Місячна","2011-M10","10318"
"Кількість живонароджених","Черкаська","Місячна","2011-M11","11419"
"Кількість живонароджених","Черкаська","Місячна","2011-M12","12473"
"Кількість живонароджених","Черкаська","Місячна","2012-M01","1004"
"Кількість живонароджених","Черкаська","Місячна","2012-M02","2071"
"Кількість живонароджених","Черкаська","Місячна","2012-M03","3155"
"Кількість живонароджених","Черкаська","Місячна","2012-M04","4097"
"Кількість живонароджених","Черкаська","Місячна","2012-M05","5159"
"Кількість живонароджених","Черкаська","Місячна","2012-M06","6048"
"Кількість живонароджених","Черкаська","Місячна","2012-M07","7259"
"Кількість живонароджених","Черкаська","Місячна","2012-M08","8531"
"Кількість живонароджених","Черкаська","Місячна","2012-M09","9601"
"Кількість живонароджених","Черкаська","Місячна","2012-M10","10738"
"Кількість живонароджених","Черкаська","Місячна","2012-M11","11840"
"Кількість живонароджених","Черкаська","Місячна","2012-M12","12798"
"Кількість живонароджених","Черкаська","Місячна","2013-M01","1007"
"Кількість живонароджених","Черкаська","Місячна","2013-M02","1919"
"Кількість живонароджених","Черкаська","Місячна","2013-M03","2819"
"Кількість живонароджених","Черкаська","Місячна","2013-M04","3686"
"Кількість живонароджених","Черкаська","Місячна","2013-M05","4673"
"Кількість живонароджених","Черкаська","Місячна","2013-M06","5659"
"Кількість живонароджених","Черкаська","Місячна","2013-M07","6830"
"Кількість живонароджених","Черкаська","Місячна","2013-M08","7921"
"Кількість живонароджених","Черкаська","Місячна","2013-M09","8942"
"Кількість живонароджених","Черкаська","Місячна","2013-M10","10129"
"Кількість живонароджених","Черкаська","Місячна","2013-M11","11079"
"Кількість живонароджених","Черкаська","Місячна","2013-M12","12100"
"Кількість живонароджених","Черкаська","Місячна","2014-M01","1007"
"Кількість живонароджених","Черкаська","Місячна","2014-M02","2000"
"Кількість живонароджених","Черкаська","Місячна","2014-M03","2927"
"Кількість живонароджених","Черкаська","Місячна","2014-M04","3903"
"Кількість живонароджених","Черкаська","Місячна","2014-M05","4953"
"Кількість живонароджених","Черкаська","Місячна","2014-M06","5931"
"Кількість живонароджених","Черкаська","Місячна","2014-M07","7170"
"Кількість живонароджених","Черкаська","Місячна","2014-M08","8234"
"Кількість живонароджених","Черкаська","Місячна","2014-M09","9307"
"Кількість живонароджених","Черкаська","Місячна","2014-M10","10460"
"Кількість живонароджених","Черкаська","Місячна","2014-M11","11410"
"Кількість живонароджених","Черкаська","Місячна","2014-M12","12351"
"Кількість живонароджених","Черкаська","Місячна","2015-M01","1002"
"Кількість живонароджених","Черкаська","Місячна","2015-M02","1942"
"Кількість живонароджених","Черкаська","Місячна","2015-M03","2864"
"Кількість живонароджених","Черкаська","Місячна","2015-M04","3844"
"Кількість живонароджених","Черкаська","Місячна","2015-M05","4752"
"Кількість живонароджених","Черкаська","Місячна","2015-M06","5634"
"Кількість живонароджених","Черкаська","Місячна","2015-M07","6734"
"Кількість живонароджених","Черкаська","Місячна","2015-M08","7668"
"Кількість живонароджених","Черкаська","Місячна","2015-M09","8712"
"Кількість живонароджених","Черкаська","Місячна","2015-M10","9682"
"Кількість живонароджених","Черкаська","Місячна","2015-M11","10560"
"Кількість живонароджених","Черкаська","Місячна","2015-M12","11508"
"Кількість живонароджених","Черкаська","Місячна","2016-M01","891"
"Кількість живонароджених","Черкаська","Місячна","2016-M02","1739"
"Кількість живонароджених","Черкаська","Місячна","2016-M03","2717"
"Кількість живонароджених","Черкаська","Місячна","2016-M04","3553"
"Кількість живонароджених","Черкаська","Місячна","2016-M05","4356"
"Кількість живонароджених","Черкаська","Місячна","2016-M06","5165"
"Кількість живонароджених","Черкаська","Місячна","2016-M07","6148"
"Кількість живонароджених","Черкаська","Місячна","2016-M08","7105"
"Кількість живонароджених","Черкаська","Місячна","2016-M09","8027"
"Кількість живонароджених","Черкаська","Місячна","2016-M10","8897"
"Кількість живонароджених","Черкаська","Місячна","2016-M11","9721"
"Кількість живонароджених","Черкаська","Місячна","2016-M12","10582"
"Кількість живонароджених","Черкаська","Місячна","2017-M01","813"
"Кількість живонароджених","Черкаська","Місячна","2017-M02","1606"
"Кількість живонароджених","Черкаська","Місячна","2017-M03","2432"
"Кількість живонароджених","Черкаська","Місячна","2017-M04","3118"
"Кількість живонароджених","Черкаська","Місячна","2017-M05","3929"
"Кількість живонароджених","Черкаська","Місячна","2017-M06","4728"
"Кількість живонароджених","Черкаська","Місячна","2017-M07","5575"
"Кількість живонароджених","Черкаська","Місячна","2017-M08","6502"
"Кількість живонароджених","Черкаська","Місячна","2017-M09","7304"
"Кількість живонароджених","Черкаська","Місячна","2017-M10","8083"
"Кількість живонароджених","Черкаська","Місячна","2017-M11","8893"
"Кількість живонароджених","Черкаська","Місячна","2017-M12","9640"
"Кількість живонароджених","Черкаська","Місячна","2018-M01","747"
"Кількість живонароджених","Черкаська","Місячна","2018-M02","1455"
"Кількість живонароджених","Черкаська","Місячна","2018-M03","2207"
"Кількість живонароджених","Черкаська","Місячна","2018-M04","2838"
"Кількість живонароджених","Черкаська","Місячна","2018-M05","3562"
"Кількість живонароджених","Черкаська","Місячна","2018-M06","4218"
"Кількість живонароджених","Черкаська","Місячна","2018-M07","5020"
"Кількість живонароджених","Черкаська","Місячна","2018-M08","5827"
"Кількість живонароджених","Черкаська","Місячна","2018-M09","6592"
"Кількість живонароджених","Черкаська","Місячна","2018-M10","7365"
"Кількість живонароджених","Черкаська","Місячна","2018-M11","8041"
"Кількість живонароджених","Черкаська","Місячна","2018-M12","8637"
"Кількість живонароджених","Черкаська","Місячна","2019-M01","697"
"Кількість живонароджених","Черкаська","Місячна","2019-M02","1277"
"Кількість живонароджених","Черкаська","Місячна","2019-M03","1959"
"Кількість живонароджених","Черкаська","Місячна","2019-M04","2489"
"Кількість живонароджених","Черкаська","Місячна","2019-M05","3174"
"Кількість живонароджених","Черкаська","Місячна","2019-M06","3724"
"Кількість живонароджених","Черкаська","Місячна","2019-M07","4467"
"Кількість живонароджених","Черкаська","Місячна","2019-M08","5175"
"Кількість живонароджених","Черкаська","Місячна","2019-M09","5802"
"Кількість живонароджених","Черкаська","Місячна","2019-M10","6527"
"Кількість живонароджених","Черкаська","Місячна","2019-M11","7066"
"Кількість живонароджених","Черкаська","Місячна","2019-M12","7620"
"Кількість живонароджених","Черкаська","Місячна","2020-M01","691"
"Кількість живонароджених","Черкаська","Місячна","2020-M02","1232"
"Кількість живонароджених","Черкаська","Місячна","2020-M03","1689"
"Кількість живонароджених","Черкаська","Місячна","2020-M04","2275"
"Кількість живонароджених","Черкаська","Місячна","2020-M05","2826"
"Кількість живонароджених","Черкаська","Місячна","2020-M06","3366"
"Кількість живонароджених","Черкаська","Місячна","2020-M07","4123"
"Кількість живонароджених","Черкаська","Місячна","2020-M08","4708"
"Кількість живонароджених","Черкаська","Місячна","2020-M09","5405"
"Кількість живонароджених","Черкаська","Місячна","2020-M10","6028"
"Кількість живонароджених","Черкаська","Місячна","2020-M11","6571"
"Кількість живонароджених","Черкаська","Місячна","2020-M12","7223"
"Кількість живонароджених","Черкаська","Місячна","2021-M01","573"
"Кількість живонароджених","Черкаська","Місячна","2021-M02","1126"
"Кількість живонароджених","Черкаська","Місячна","2021-M03","1737"
"Кількість живонароджених","Черкаська","Місячна","2021-M04","2317"
"Кількість живонароджених","Черкаська","Місячна","2021-M05","2867"
"Кількість живонароджених","Черкаська","Місячна","2021-M06","3448"
"Кількість живонароджених","Черкаська","Місячна","2021-M07","4087"
"Кількість живонароджених","Черкаська","Місячна","2021-M08","4625"
"Кількість живонароджених","Черкаська","Місячна","2021-M09","5173"
"Кількість живонароджених","Черкаська","Місячна","2021-M10","5755"
"Кількість живонароджених","Черкаська","Місячна","2021-M11","6260"
"Кількість живонароджених","Черкаська","Місячна","2021-M12","6825"
"Кількість живонароджених","Черкаська","Місячна","2022-M01","483"
"Кількість живонароджених","Черкаська","Місячна","2022-M02",""
"Кількість живонароджених","Черкаська","Місячна","2022-M03",""
"Кількість живонароджених","Черкаська","Місячна","2022-M04",""
"Кількість живонароджених","Черкаська","Місячна","2022-M05",""
"Кількість живонароджених","Черкаська","Місячна","2022-M06",""
"Кількість живонароджених","Черкаська","Місячна","2022-M07",""
"Кількість живонароджених","Черкаська","Місячна","2022-M08",""
"Кількість живонароджених","Черкаська","Місячна","2022-M09",""
"Кількість живонароджених","Черкаська","Місячна","2022-M10",""
"Кількість живонароджених","Черкаська","Місячна","2022-M11",""
"Кількість живонароджених","Черкаська","Місячна","2022-M12",""
"Кількість живонароджених","Хмельницька","Місячна","2005-M01","912"
"Кількість живонароджених","Хмельницька","Місячна","2005-M02","1928"
"Кількість живонароджених","Хмельницька","Місячна","2005-M03","2911"
"Кількість живонароджених","Хмельницька","Місячна","2005-M04","3942"
"Кількість живонароджених","Хмельницька","Місячна","2005-M05","4988"
"Кількість живонароджених","Хмельницька","Місячна","2005-M06","6012"
"Кількість живонароджених","Хмельницька","Місячна","2005-M07","7123"
"Кількість живонароджених","Хмельницька","Місячна","2005-M08","8218"
"Кількість живонароджених","Хмельницька","Місячна","2005-M09","9246"
"Кількість живонароджених","Хмельницька","Місячна","2005-M10","10303"
"Кількість живонароджених","Хмельницька","Місячна","2005-M11","11383"
"Кількість живонароджених","Хмельницька","Місячна","2005-M12","12396"
"Кількість живонароджених","Хмельницька","Місячна","2006-M01","1002"
"Кількість живонароджених","Хмельницька","Місячна","2006-M02","2040"
"Кількість живонароджених","Хмельницька","Місячна","2006-M03","3156"
"Кількість живонароджених","Хмельницька","Місячна","2006-M04","4189"
"Кількість живонароджених","Хмельницька","Місячна","2006-M05","5390"
"Кількість живонароджених","Хмельницька","Місячна","2006-M06","6451"
"Кількість живонароджених","Хмельницька","Місячна","2006-M07","7628"
"Кількість живонароджених","Хмельницька","Місячна","2006-M08","8818"
"Кількість живонароджених","Хмельницька","Місячна","2006-M09","10018"
"Кількість живонароджених","Хмельницька","Місячна","2006-M10","11272"
"Кількість живонароджених","Хмельницька","Місячна","2006-M11","12410"
"Кількість живонароджених","Хмельницька","Місячна","2006-M12","13477"
"Кількість живонароджених","Хмельницька","Місячна","2007-M01","1076"
"Кількість живонароджених","Хмельницька","Місячна","2007-M02","2177"
"Кількість живонароджених","Хмельницька","Місячна","2007-M03","3272"
"Кількість живонароджених","Хмельницька","Місячна","2007-M04","4375"
"Кількість живонароджених","Хмельницька","Місячна","2007-M05","5565"
"Кількість живонароджених","Хмельницька","Місячна","2007-M06","6641"
"Кількість живонароджених","Хмельницька","Місячна","2007-M07","7948"
"Кількість живонароджених","Хмельницька","Місячна","2007-M08","9195"
"Кількість живонароджених","Хмельницька","Місячна","2007-M09","10342"
"Кількість живонароджених","Хмельницька","Місячна","2007-M10","11643"
"Кількість живонароджених","Хмельницька","Місячна","2007-M11","12771"
"Кількість живонароджених","Хмельницька","Місячна","2007-M12","13712"
"Кількість живонароджених","Хмельницька","Місячна","2008-M01","1200"
"Кількість живонароджених","Хмельницька","Місячна","2008-M02","2353"
"Кількість живонароджених","Хмельницька","Місячна","2008-M03","3389"
"Кількість живонароджених","Хмельницька","Місячна","2008-M04","4517"
"Кількість живонароджених","Хмельницька","Місячна","2008-M05","5768"
"Кількість живонароджених","Хмельницька","Місячна","2008-M06","6896"
"Кількість живонароджених","Хмельницька","Місячна","2008-M07","8366"
"Кількість живонароджених","Хмельницька","Місячна","2008-M08","9632"
"Кількість живонароджених","Хмельницька","Місячна","2008-M09","10936"
"Кількість живонароджених","Хмельницька","Місячна","2008-M10","12326"
"Кількість живонароджених","Хмельницька","Місячна","2008-M11","13523"
"Кількість живонароджених","Хмельницька","Місячна","2008-M12","14822"
"Кількість живонароджених","Хмельницька","Місячна","2009-M01","1163"
"Кількість живонароджених","Хмельницька","Місячна","2009-M02","2350"
"Кількість живонароджених","Хмельницька","Місячна","2009-M03","3592"
"Кількість живонароджених","Хмельницька","Місячна","2009-M04","4841"
"Кількість живонароджених","Хмельницька","Місячна","2009-M05","6041"
"Кількість живонароджених","Хмельницька","Місячна","2009-M06","7188"
"Кількість живонароджених","Хмельницька","Місячна","2009-M07","8585"
"Кількість живонароджених","Хмельницька","Місячна","2009-M08","9841"
"Кількість живонароджених","Хмельницька","Місячна","2009-M09","11138"
"Кількість живонароджених","Хмельницька","Місячна","2009-M10","12392"
"Кількість живонароджених","Хмельницька","Місячна","2009-M11","13491"
"Кількість живонароджених","Хмельницька","Місячна","2009-M12","14690"
"Кількість живонароджених","Хмельницька","Місячна","2010-M01","1069"
"Кількість живонароджених","Хмельницька","Місячна","2010-M02","2259"
"Кількість живонароджених","Хмельницька","Місячна","2010-M03","3535"
"Кількість живонароджених","Хмельницька","Місячна","2010-M04","4703"
"Кількість живонароджених","Хмельницька","Місячна","2010-M05","5867"
"Кількість живонароджених","Хмельницька","Місячна","2010-M06","7108"
"Кількість живонароджених","Хмельницька","Місячна","2010-M07","8408"
"Кількість живонароджених","Хмельницька","Місячна","2010-M08","9668"
"Кількість живонароджених","Хмельницька","Місячна","2010-M09","10866"
"Кількість живонароджених","Хмельницька","Місячна","2010-M10","12048"
"Кількість живонароджених","Хмельницька","Місячна","2010-M11","13221"
"Кількість живонароджених","Хмельницька","Місячна","2010-M12","14414"
"Кількість живонароджених","Хмельницька","Місячна","2011-M01","1221"
"Кількість живонароджених","Хмельницька","Місячна","2011-M02","2316"
"Кількість живонароджених","Хмельницька","Місячна","2011-M03","3476"
"Кількість живонароджених","Хмельницька","Місячна","2011-M04","4504"
"Кількість живонароджених","Хмельницька","Місячна","2011-M05","5594"
"Кількість живонароджених","Хмельницька","Місячна","2011-M06","6712"
"Кількість живонароджених","Хмельницька","Місячна","2011-M07","8125"
"Кількість живонароджених","Хмельницька","Місячна","2011-M08","9488"
"Кількість живонароджених","Хмельницька","Місячна","2011-M09","10792"
"Кількість живонароджених","Хмельницька","Місячна","2011-M10","12067"
"Кількість живонароджених","Хмельницька","Місячна","2011-M11","13296"
"Кількість живонароджених","Хмельницька","Місячна","2011-M12","14492"
"Кількість живонароджених","Хмельницька","Місячна","2012-M01","1143"
"Кількість живонароджених","Хмельницька","Місячна","2012-M02","2444"
"Кількість живонароджених","Хмельницька","Місячна","2012-M03","3653"
"Кількість живонароджених","Хмельницька","Місячна","2012-M04","4808"
"Кількість живонароджених","Хмельницька","Місячна","2012-M05","6035"
"Кількість живонароджених","Хмельницька","Місячна","2012-M06","7224"
"Кількість живонароджених","Хмельницька","Місячна","2012-M07","8687"
"Кількість живонароджених","Хмельницька","Місячна","2012-M08","10064"
"Кількість живонароджених","Хмельницька","Місячна","2012-M09","11210"
"Кількість живонароджених","Хмельницька","Місячна","2012-M10","12488"
"Кількість живонароджених","Хмельницька","Місячна","2012-M11","13768"
"Кількість живонароджених","Хмельницька","Місячна","2012-M12","14881"
"Кількість живонароджених","Хмельницька","Місячна","2013-M01","1280"
"Кількість живонароджених","Хмельницька","Місячна","2013-M02","2385"
"Кількість живонароджених","Хмельницька","Місячна","2013-M03","3502"
"Кількість живонароджених","Хмельницька","Місячна","2013-M04","4666"
"Кількість живонароджених","Хмельницька","Місячна","2013-M05","5827"
"Кількість живонароджених","Хмельницька","Місячна","2013-M06","6926"
"Кількість живонароджених","Хмельницька","Місячна","2013-M07","8368"
"Кількість живонароджених","Хмельницька","Місячна","2013-M08","9646"
"Кількість живонароджених","Хмельницька","Місячна","2013-M09","10834"
"Кількість живонароджених","Хмельницька","Місячна","2013-M10","12238"
"Кількість живонароджених","Хмельницька","Місячна","2013-M11","13395"
"Кількість живонароджених","Хмельницька","Місячна","2013-M12","14548"
"Кількість живонароджених","Хмельницька","Місячна","2014-M01","1203"
"Кількість живонароджених","Хмельницька","Місячна","2014-M02","2302"
"Кількість живонароджених","Хмельницька","Місячна","2014-M03","3427"
"Кількість живонароджених","Хмельницька","Місячна","2014-M04","4668"
"Кількість живонароджених","Хмельницька","Місячна","2014-M05","5945"
"Кількість живонароджених","Хмельницька","Місячна","2014-M06","7211"
"Кількість живонароджених","Хмельницька","Місячна","2014-M07","8624"
"Кількість живонароджених","Хмельницька","Місячна","2014-M08","9852"
"Кількість живонароджених","Хмельницька","Місячна","2014-M09","11121"
"Кількість живонароджених","Хмельницька","Місячна","2014-M10","12460"
"Кількість живонароджених","Хмельницька","Місячна","2014-M11","13545"
"Кількість живонароджених","Хмельницька","Місячна","2014-M12","14631"
"Кількість живонароджених","Хмельницька","Місячна","2015-M01","1174"
"Кількість живонароджених","Хмельницька","Місячна","2015-M02","2309"
"Кількість живонароджених","Хмельницька","Місячна","2015-M03","3410"
"Кількість живонароджених","Хмельницька","Місячна","2015-M04","4509"
"Кількість живонароджених","Хмельницька","Місячна","2015-M05","5593"
"Кількість живонароджених","Хмельницька","Місячна","2015-M06","6754"
"Кількість живонароджених","Хмельницька","Місячна","2015-M07","8176"
"Кількість живонароджених","Хмельницька","Місячна","2015-M08","9335"
"Кількість живонароджених","Хмельницька","Місячна","2015-M09","10544"
"Кількість живонароджених","Хмельницька","Місячна","2015-M10","11796"
"Кількість живонароджених","Хмельницька","Місячна","2015-M11","12768"
"Кількість живонароджених","Хмельницька","Місячна","2015-M12","13793"
"Кількість живонароджених","Хмельницька","Місячна","2016-M01","1050"
"Кількість живонароджених","Хмельницька","Місячна","2016-M02","2065"
"Кількість живонароджених","Хмельницька","Місячна","2016-M03","3214"
"Кількість живонароджених","Хмельницька","Місячна","2016-M04","4274"
"Кількість живонароджених","Хмельницька","Місячна","2016-M05","5276"
"Кількість живонароджених","Хмельницька","Місячна","2016-M06","6309"
"Кількість живонароджених","Хмельницька","Місячна","2016-M07","7406"
"Кількість живонароджених","Хмельницька","Місячна","2016-M08","8558"
"Кількість живонароджених","Хмельницька","Місячна","2016-M09","9701"
"Кількість живонароджених","Хмельницька","Місячна","2016-M10","10767"
"Кількість живонароджених","Хмельницька","Місячна","2016-M11","11793"
"Кількість живонароджених","Хмельницька","Місячна","2016-M12","12742"
"Кількість живонароджених","Хмельницька","Місячна","2017-M01","1029"
"Кількість живонароджених","Хмельницька","Місячна","2017-M02","1964"
"Кількість живонароджених","Хмельницька","Місячна","2017-M03","3003"
"Кількість живонароджених","Хмельницька","Місячна","2017-M04","3821"
"Кількість живонароджених","Хмельницька","Місячна","2017-M05","4744"
"Кількість живонароджених","Хмельницька","Місячна","2017-M06","5718"
"Кількість живонароджених","Хмельницька","Місячна","2017-M07","6737"
"Кількість живонароджених","Хмельницька","Місячна","2017-M08","7781"
"Кількість живонароджених","Хмельницька","Місячна","2017-M09","8764"
"Кількість живонароджених","Хмельницька","Місячна","2017-M10","9719"
"Кількість живонароджених","Хмельницька","Місячна","2017-M11","10659"
"Кількість живонароджених","Хмельницька","Місячна","2017-M12","11483"
"Кількість живонароджених","Хмельницька","Місячна","2018-M01","925"
"Кількість живонароджених","Хмельницька","Місячна","2018-M02","1816"
"Кількість живонароджених","Хмельницька","Місячна","2018-M03","2710"
"Кількість живонароджених","Хмельницька","Місячна","2018-M04","3557"
"Кількість живонароджених","Хмельницька","Місячна","2018-M05","4440"
"Кількість живонароджених","Хмельницька","Місячна","2018-M06","5284"
"Кількість живонароджених","Хмельницька","Місячна","2018-M07","6288"
"Кількість живонароджених","Хмельницька","Місячна","2018-M08","7248"
"Кількість живонароджених","Хмельницька","Місячна","2018-M09","8125"
"Кількість живонароджених","Хмельницька","Місячна","2018-M10","9182"
"Кількість живонароджених","Хмельницька","Місячна","2018-M11","9954"
"Кількість живонароджених","Хмельницька","Місячна","2018-M12","10698"
"Кількість живонароджених","Хмельницька","Місячна","2019-M01","911"
"Кількість живонароджених","Хмельницька","Місячна","2019-M02","1691"
"Кількість живонароджених","Хмельницька","Місячна","2019-M03","2473"
"Кількість живонароджених","Хмельницька","Місячна","2019-M04","3222"
"Кількість живонароджених","Хмельницька","Місячна","2019-M05","4095"
"Кількість живонароджених","Хмельницька","Місячна","2019-M06","4845"
"Кількість живонароджених","Хмельницька","Місячна","2019-M07","5772"
"Кількість живонароджених","Хмельницька","Місячна","2019-M08","6681"
"Кількість живонароджених","Хмельницька","Місячна","2019-M09","7481"
"Кількість живонароджених","Хмельницька","Місячна","2019-M10","8376"
"Кількість живонароджених","Хмельницька","Місячна","2019-M11","9177"
"Кількість живонароджених","Хмельницька","Місячна","2019-M12","9939"
"Кількість живонароджених","Хмельницька","Місячна","2020-M01","903"
"Кількість живонароджених","Хмельницька","Місячна","2020-M02","1641"
"Кількість живонароджених","Хмельницька","Місячна","2020-M03","2302"
"Кількість живонароджених","Хмельницька","Місячна","2020-M04","3078"
"Кількість живонароджених","Хмельницька","Місячна","2020-M05","3920"
"Кількість живонароджених","Хмельницька","Місячна","2020-M06","4725"
"Кількість живонароджених","Хмельницька","Місячна","2020-M07","5718"
"Кількість живонароджених","Хмельницька","Місячна","2020-M08","6474"
"Кількість живонароджених","Хмельницька","Місячна","2020-M09","7429"
"Кількість живонароджених","Хмельницька","Місячна","2020-M10","8320"
"Кількість живонароджених","Хмельницька","Місячна","2020-M11","8950"
"Кількість живонароджених","Хмельницька","Місячна","2020-M12","9694"
"Кількість живонароджених","Хмельницька","Місячна","2021-M01","721"
"Кількість живонароджених","Хмельницька","Місячна","2021-M02","1407"
"Кількість живонароджених","Хмельницька","Місячна","2021-M03","2177"
"Кількість живонароджених","Хмельницька","Місячна","2021-M04","2911"
"Кількість живонароджених","Хмельницька","Місячна","2021-M05","3491"
"Кількість живонароджених","Хмельницька","Місячна","2021-M06","4334"
"Кількість живонароджених","Хмельницька","Місячна","2021-M07","5144"
"Кількість живонароджених","Хмельницька","Місячна","2021-M08","5859"
"Кількість живонароджених","Хмельницька","Місячна","2021-M09","6627"
"Кількість живонароджених","Хмельницька","Місячна","2021-M10","7348"
"Кількість живонароджених","Хмельницька","Місячна","2021-M11","8032"
"Кількість живонароджених","Хмельницька","Місячна","2021-M12","8681"
"Кількість живонароджених","Хмельницька","Місячна","2022-M01","582"
"Кількість живонароджених","Хмельницька","Місячна","2022-M02",""
"Кількість живонароджених","Хмельницька","Місячна","2022-M03",""
"Кількість живонароджених","Хмельницька","Місячна","2022-M04",""
"Кількість живонароджених","Хмельницька","Місячна","2022-M05",""
"Кількість живонароджених","Хмельницька","Місячна","2022-M06",""
"Кількість живонароджених","Хмельницька","Місячна","2022-M07",""
"Кількість живонароджених","Хмельницька","Місячна","2022-M08",""
"Кількість живонароджених","Хмельницька","Місячна","2022-M09",""
"Кількість живонароджених","Хмельницька","Місячна","2022-M10",""
"Кількість живонароджених","Хмельницька","Місячна","2022-M11",""
"Кількість живонароджених","Хмельницька","Місячна","2022-M12",""
"Кількість живонароджених","Херсонська","Місячна","2005-M01","771"
"Кількість живонароджених","Херсонська","Місячна","2005-M02","1608"
"Кількість живонароджених","Херсонська","Місячна","2005-M03","2477"
"Кількість живонароджених","Херсонська","Місячна","2005-M04","3312"
"Кількість живонароджених","Херсонська","Місячна","2005-M05","4106"
"Кількість живонароджених","Херсонська","Місячна","2005-M06","4880"
"Кількість живонароджених","Херсонська","Місячна","2005-M07","5774"
"Кількість живонароджених","Херсонська","Місячна","2005-M08","6660"
"Кількість живонароджених","Херсонська","Місячна","2005-M09","7549"
"Кількість живонароджених","Херсонська","Місячна","2005-M10","8376"
"Кількість живонароджених","Херсонська","Місячна","2005-M11","9292"
"Кількість живонароджених","Херсонська","Місячна","2005-M12","10150"
"Кількість живонароджених","Херсонська","Місячна","2006-M01","843"
"Кількість живонароджених","Херсонська","Місячна","2006-M02","1768"
"Кількість живонароджених","Херсонська","Місячна","2006-M03","2650"
"Кількість живонароджених","Херсонська","Місячна","2006-M04","3567"
"Кількість живонароджених","Херсонська","Місячна","2006-M05","4497"
"Кількість живонароджених","Херсонська","Місячна","2006-M06","5379"
"Кількість живонароджених","Херсонська","Місячна","2006-M07","6375"
"Кількість живонароджених","Херсонська","Місячна","2006-M08","7483"
"Кількість живонароджених","Херсонська","Місячна","2006-M09","8450"
"Кількість живонароджених","Херсонська","Місячна","2006-M10","9506"
"Кількість живонароджених","Херсонська","Місячна","2006-M11","10512"
"Кількість живонароджених","Херсонська","Місячна","2006-M12","11475"
"Кількість живонароджених","Херсонська","Місячна","2007-M01","903"
"Кількість живонароджених","Херсонська","Місячна","2007-M02","1810"
"Кількість живонароджених","Херсонська","Місячна","2007-M03","2705"
"Кількість живонароджених","Херсонська","Місячна","2007-M04","3543"
"Кількість живонароджених","Херсонська","Місячна","2007-M05","4532"
"Кількість живонароджених","Херсонська","Місячна","2007-M06","5367"
"Кількість живонароджених","Херсонська","Місячна","2007-M07","6500"
"Кількість живонароджених","Херсонська","Місячна","2007-M08","7575"
"Кількість живонароджених","Херсонська","Місячна","2007-M09","8584"
"Кількість живонароджених","Херсонська","Місячна","2007-M10","9671"
"Кількість живонароджених","Херсонська","Місячна","2007-M11","10645"
"Кількість живонароджених","Херсонська","Місячна","2007-M12","11570"
"Кількість живонароджених","Херсонська","Місячна","2008-M01","1039"
"Кількість живонароджених","Херсонська","Місячна","2008-M02","1974"
"Кількість живонароджених","Херсонська","Місячна","2008-M03","2809"
"Кількість живонароджених","Херсонська","Місячна","2008-M04","3695"
"Кількість живонароджених","Херсонська","Місячна","2008-M05","4744"
"Кількість живонароджених","Херсонська","Місячна","2008-M06","5673"
"Кількість живонароджених","Херсонська","Місячна","2008-M07","6870"
"Кількість живонароджених","Херсонська","Місячна","2008-M08","7904"
"Кількість живонароджених","Херсонська","Місячна","2008-M09","9080"
"Кількість живонароджених","Херсонська","Місячна","2008-M10","10304"
"Кількість живонароджених","Херсонська","Місячна","2008-M11","11376"
"Кількість живонароджених","Херсонська","Місячна","2008-M12","12473"
"Кількість живонароджених","Херсонська","Місячна","2009-M01","1082"
"Кількість живонароджених","Херсонська","Місячна","2009-M02","2045"
"Кількість живонароджених","Херсонська","Місячна","2009-M03","3080"
"Кількість живонароджених","Херсонська","Місячна","2009-M04","4057"
"Кількість живонароджених","Херсонська","Місячна","2009-M05","5001"
"Кількість живонароджених","Херсонська","Місячна","2009-M06","5918"
"Кількість живонароджених","Херсонська","Місячна","2009-M07","7102"
"Кількість живонароджених","Херсонська","Місячна","2009-M08","8176"
"Кількість живонароджених","Херсонська","Місячна","2009-M09","9252"
"Кількість живонароджених","Херсонська","Місячна","2009-M10","10331"
"Кількість живонароджених","Херсонська","Місячна","2009-M11","11286"
"Кількість живонароджених","Херсонська","Місячна","2009-M12","12323"
"Кількість живонароджених","Херсонська","Місячна","2010-M01","948"
"Кількість живонароджених","Херсонська","Місячна","2010-M02","1955"
"Кількість живонароджених","Херсонська","Місячна","2010-M03","2988"
"Кількість живонароджених","Херсонська","Місячна","2010-M04","3946"
"Кількість живонароджених","Херсонська","Місячна","2010-M05","4863"
"Кількість живонароджених","Херсонська","Місячна","2010-M06","5913"
"Кількість живонароджених","Херсонська","Місячна","2010-M07","7157"
"Кількість живонароджених","Херсонська","Місячна","2010-M08","8310"
"Кількість живонароджених","Херсонська","Місячна","2010-M09","9353"
"Кількість живонароджених","Херсонська","Місячна","2010-M10","10419"
"Кількість живонароджених","Херсонська","Місячна","2010-M11","11391"
"Кількість живонароджених","Херсонська","Місячна","2010-M12","12388"
"Кількість живонароджених","Херсонська","Місячна","2011-M01","944"
"Кількість живонароджених","Херсонська","Місячна","2011-M02","1892"
"Кількість живонароджених","Херсонська","Місячна","2011-M03","2861"
"Кількість живонароджених","Херсонська","Місячна","2011-M04","3675"
"Кількість живонароджених","Херсонська","Місячна","2011-M05","4540"
"Кількість живонароджених","Херсонська","Місячна","2011-M06","5413"
"Кількість живонароджених","Херсонська","Місячна","2011-M07","6465"
"Кількість живонароджених","Херсонська","Місячна","2011-M08","7699"
"Кількість живонароджених","Херсонська","Місячна","2011-M09","8797"
"Кількість живонароджених","Херсонська","Місячна","2011-M10","9909"
"Кількість живонароджених","Херсонська","Місячна","2011-M11","10995"
"Кількість живонароджених","Херсонська","Місячна","2011-M12","12085"
"Кількість живонароджених","Херсонська","Місячна","2012-M01","980"
"Кількість живонароджених","Херсонська","Місячна","2012-M02","2009"
"Кількість живонароджених","Херсонська","Місячна","2012-M03","3045"
"Кількість живонароджених","Херсонська","Місячна","2012-M04","3984"
"Кількість живонароджених","Херсонська","Місячна","2012-M05","5060"
"Кількість живонароджених","Херсонська","Місячна","2012-M06","6026"
"Кількість живонароджених","Херсонська","Місячна","2012-M07","7213"
"Кількість живонароджених","Херсонська","Місячна","2012-M08","8425"
"Кількість живонароджених","Херсонська","Місячна","2012-M09","9455"
"Кількість живонароджених","Херсонська","Місячна","2012-M10","10624"
"Кількість живонароджених","Херсонська","Місячна","2012-M11","11669"
"Кількість живонароджених","Херсонська","Місячна","2012-M12","12643"
"Кількість живонароджених","Херсонська","Місячна","2013-M01","1033"
"Кількість живонароджених","Херсонська","Місячна","2013-M02","1924"
"Кількість живонароджених","Херсонська","Місячна","2013-M03","2877"
"Кількість живонароджених","Херсонська","Місячна","2013-M04","3884"
"Кількість живонароджених","Херсонська","Місячна","2013-M05","4805"
"Кількість живонароджених","Херсонська","Місячна","2013-M06","5667"
"Кількість живонароджених","Херсонська","Місячна","2013-M07","6894"
"Кількість живонароджених","Херсонська","Місячна","2013-M08","7976"
"Кількість живонароджених","Херсонська","Місячна","2013-M09","9067"
"Кількість живонароджених","Херсонська","Місячна","2013-M10","10310"
"Кількість живонароджених","Херсонська","Місячна","2013-M11","11268"
"Кількість живонароджених","Херсонська","Місячна","2013-M12","12300"
"Кількість живонароджених","Херсонська","Місячна","2014-M01","993"
"Кількість живонароджених","Херсонська","Місячна","2014-M02","1959"
"Кількість живонароджених","Херсонська","Місячна","2014-M03","2891"
"Кількість живонароджених","Херсонська","Місячна","2014-M04","3892"
"Кількість живонароджених","Херсонська","Місячна","2014-M05","4886"
"Кількість живонароджених","Херсонська","Місячна","2014-M06","5837"
"Кількість живонароджених","Херсонська","Місячна","2014-M07","7010"
"Кількість живонароджених","Херсонська","Місячна","2014-M08","8044"
"Кількість живонароджених","Херсонська","Місячна","2014-M09","9189"
"Кількість живонароджених","Херсонська","Місячна","2014-M10","10401"
"Кількість живонароджених","Херсонська","Місячна","2014-M11","11322"
"Кількість живонароджених","Херсонська","Місячна","2014-M12","12308"
"Кількість живонароджених","Херсонська","Місячна","2015-M01","960"
"Кількість живонароджених","Херсонська","Місячна","2015-M02","1891"
"Кількість живонароджених","Херсонська","Місячна","2015-M03","2821"
"Кількість живонароджених","Херсонська","Місячна","2015-M04","3724"
"Кількість живонароджених","Херсонська","Місячна","2015-M05","4539"
"Кількість живонароджених","Херсонська","Місячна","2015-M06","5455"
"Кількість живонароджених","Херсонська","Місячна","2015-M07","6645"
"Кількість живонароджених","Херсонська","Місячна","2015-M08","7588"
"Кількість живонароджених","Херсонська","Місячна","2015-M09","8687"
"Кількість живонароджених","Херсонська","Місячна","2015-M10","9724"
"Кількість живонароджених","Херсонська","Місячна","2015-M11","10476"
"Кількість живонароджених","Херсонська","Місячна","2015-M12","11372"
"Кількість живонароджених","Херсонська","Місячна","2016-M01","829"
"Кількість живонароджених","Херсонська","Місячна","2016-M02","1639"
"Кількість живонароджених","Херсонська","Місячна","2016-M03","2670"
"Кількість живонароджених","Херсонська","Місячна","2016-M04","3536"
"Кількість живонароджених","Херсонська","Місячна","2016-M05","4358"
"Кількість живонароджених","Херсонська","Місячна","2016-M06","5190"
"Кількість живонароджених","Херсонська","Місячна","2016-M07","6183"
"Кількість живонароджених","Херсонська","Місячна","2016-M08","7163"
"Кількість живонароджених","Херсонська","Місячна","2016-M09","8096"
"Кількість живонароджених","Херсонська","Місячна","2016-M10","8970"
"Кількість живонароджених","Херсонська","Місячна","2016-M11","9877"
"Кількість живонароджених","Херсонська","Місячна","2016-M12","10769"
"Кількість живонароджених","Херсонська","Місячна","2017-M01","842"
"Кількість живонароджених","Херсонська","Місячна","2017-M02","1613"
"Кількість живонароджених","Херсонська","Місячна","2017-M03","2444"
"Кількість живонароджених","Херсонська","Місячна","2017-M04","3159"
"Кількість живонароджених","Херсонська","Місячна","2017-M05","3923"
"Кількість живонароджених","Херсонська","Місячна","2017-M06","4734"
"Кількість живонароджених","Херсонська","Місячна","2017-M07","5612"
"Кількість живонароджених","Херсонська","Місячна","2017-M08","6606"
"Кількість живонароджених","Херсонська","Місячна","2017-M09","7478"
"Кількість живонароджених","Херсонська","Місячна","2017-M10","8343"
"Кількість живонароджених","Херсонська","Місячна","2017-M11","9210"
"Кількість живонароджених","Херсонська","Місячна","2017-M12","9964"
"Кількість живонароджених","Херсонська","Місячна","2018-M01","843"
"Кількість живонароджених","Херсонська","Місячна","2018-M02","1557"
"Кількість живонароджених","Херсонська","Місячна","2018-M03","2347"
"Кількість живонароджених","Херсонська","Місячна","2018-M04","3004"
"Кількість живонароджених","Херсонська","Місячна","2018-M05","3763"
"Кількість живонароджених","Херсонська","Місячна","2018-M06","4478"
"Кількість живонароджених","Херсонська","Місячна","2018-M07","5311"
"Кількість живонароджених","Херсонська","Місячна","2018-M08","6159"
"Кількість живонароджених","Херсонська","Місячна","2018-M09","6889"
"Кількість живонароджених","Херсонська","Місячна","2018-M10","7735"
"Кількість живонароджених","Херсонська","Місячна","2018-M11","8478"
"Кількість живонароджених","Херсонська","Місячна","2018-M12","9095"
"Кількість живонароджених","Херсонська","Місячна","2019-M01","736"
"Кількість живонароджених","Херсонська","Місячна","2019-M02","1363"
"Кількість живонароджених","Херсонська","Місячна","2019-M03","2028"
"Кількість живонароджених","Херсонська","Місячна","2019-M04","2618"
"Кількість живонароджених","Херсонська","Місячна","2019-M05","3357"
"Кількість живонароджених","Херсонська","Місячна","2019-M06","3954"
"Кількість живонароджених","Херсонська","Місячна","2019-M07","4749"
"Кількість живонароджених","Херсонська","Місячна","2019-M08","5505"
"Кількість живонароджених","Херсонська","Місячна","2019-M09","6216"
"Кількість живонароджених","Херсонська","Місячна","2019-M10","7051"
"Кількість живонароджених","Херсонська","Місячна","2019-M11","7751"
"Кількість живонароджених","Херсонська","Місячна","2019-M12","8374"
"Кількість живонароджених","Херсонська","Місячна","2020-M01","756"
"Кількість живонароджених","Херсонська","Місячна","2020-M02","1378"
"Кількість живонароджених","Херсонська","Місячна","2020-M03","1953"
"Кількість живонароджених","Херсонська","Місячна","2020-M04","2505"
"Кількість живонароджених","Херсонська","Місячна","2020-M05","3051"
"Кількість живонароджених","Херсонська","Місячна","2020-M06","3647"
"Кількість живонароджених","Херсонська","Місячна","2020-M07","4408"
"Кількість живонароджених","Херсонська","Місячна","2020-M08","5012"
"Кількість живонароджених","Херсонська","Місячна","2020-M09","5722"
"Кількість живонароджених","Херсонська","Місячна","2020-M10","6435"
"Кількість живонароджених","Херсонська","Місячна","2020-M11","7005"
"Кількість живонароджених","Херсонська","Місячна","2020-M12","7650"
"Кількість живонароджених","Херсонська","Місячна","2021-M01","580"
"Кількість живонароджених","Херсонська","Місячна","2021-M02","1191"
"Кількість живонароджених","Херсонська","Місячна","2021-M03","1820"
"Кількість живонароджених","Херсонська","Місячна","2021-M04","2378"
"Кількість живонароджених","Херсонська","Місячна","2021-M05","2906"
"Кількість живонароджених","Херсонська","Місячна","2021-M06","3478"
"Кількість живонароджених","Херсонська","Місячна","2021-M07","4165"
"Кількість живонароджених","Херсонська","Місячна","2021-M08","4740"
"Кількість живонароджених","Херсонська","Місячна","2021-M09","5390"
"Кількість живонароджених","Херсонська","Місячна","2021-M10","5953"
"Кількість живонароджених","Херсонська","Місячна","2021-M11","6528"
"Кількість живонароджених","Херсонська","Місячна","2021-M12","7113"
"Кількість живонароджених","Херсонська","Місячна","2022-M01","510"
"Кількість живонароджених","Херсонська","Місячна","2022-M02",""
"Кількість живонароджених","Херсонська","Місячна","2022-M03",""
"Кількість живонароджених","Херсонська","Місячна","2022-M04",""
"Кількість живонароджених","Херсонська","Місячна","2022-M05",""
"Кількість живонароджених","Херсонська","Місячна","2022-M06",""
"Кількість живонароджених","Херсонська","Місячна","2022-M07",""
"Кількість живонароджених","Херсонська","Місячна","2022-M08",""
"Кількість живонароджених","Херсонська","Місячна","2022-M09",""
"Кількість живонароджених","Херсонська","Місячна","2022-M10",""
"Кількість живонароджених","Херсонська","Місячна","2022-M11",""
"Кількість живонароджених","Херсонська","Місячна","2022-M12",""
"Кількість живонароджених","Чернігівська","Місячна","2005-M01","639"
"Кількість живонароджених","Чернігівська","Місячна","2005-M02","1362"
"Кількість живонароджених","Чернігівська","Місячна","2005-M03","2121"
"Кількість живонароджених","Чернігівська","Місячна","2005-M04","2885"
"Кількість живонароджених","Чернігівська","Місячна","2005-M05","3596"
"Кількість живонароджених","Чернігівська","Місячна","2005-M06","4282"
"Кількість живонароджених","Чернігівська","Місячна","2005-M07","5088"
"Кількість живонароджених","Чернігівська","Місячна","2005-M08","5905"
"Кількість живонароджених","Чернігівська","Місячна","2005-M09","6609"
"Кількість живонароджених","Чернігівська","Місячна","2005-M10","7327"
"Кількість живонароджених","Чернігівська","Місячна","2005-M11","8039"
"Кількість живонароджених","Чернігівська","Місячна","2005-M12","8792"
"Кількість живонароджених","Чернігівська","Місячна","2006-M01","684"
"Кількість живонароджених","Чернігівська","Місячна","2006-M02","1456"
"Кількість живонароджених","Чернігівська","Місячна","2006-M03","2250"
"Кількість живонароджених","Чернігівська","Місячна","2006-M04","2964"
"Кількість живонароджених","Чернігівська","Місячна","2006-M05","3754"
"Кількість живонароджених","Чернігівська","Місячна","2006-M06","4530"
"Кількість живонароджених","Чернігівська","Місячна","2006-M07","5283"
"Кількість живонароджених","Чернігівська","Місячна","2006-M08","6128"
"Кількість живонароджених","Чернігівська","Місячна","2006-M09","6923"
"Кількість живонароджених","Чернігівська","Місячна","2006-M10","7754"
"Кількість живонароджених","Чернігівська","Місячна","2006-M11","8581"
"Кількість живонароджених","Чернігівська","Місячна","2006-M12","9445"
"Кількість живонароджених","Чернігівська","Місячна","2007-M01","738"
"Кількість живонароджених","Чернігівська","Місячна","2007-M02","1530"
"Кількість живонароджених","Чернігівська","Місячна","2007-M03","2348"
"Кількість живонароджених","Чернігівська","Місячна","2007-M04","3058"
"Кількість живонароджених","Чернігівська","Місячна","2007-M05","3883"
"Кількість живонароджених","Чернігівська","Місячна","2007-M06","4606"
"Кількість живонароджених","Чернігівська","Місячна","2007-M07","5538"
"Кількість живонароджених","Чернігівська","Місячна","2007-M08","6381"
"Кількість живонароджених","Чернігівська","Місячна","2007-M09","7123"
"Кількість живонароджених","Чернігівська","Місячна","2007-M10","7993"
"Кількість живонароджених","Чернігівська","Місячна","2007-M11","8788"
"Кількість живонароджених","Чернігівська","Місячна","2007-M12","9500"
"Кількість живонароджених","Чернігівська","Місячна","2008-M01","779"
"Кількість живонароджених","Чернігівська","Місячна","2008-M02","1585"
"Кількість живонароджених","Чернігівська","Місячна","2008-M03","2333"
"Кількість живонароджених","Чернігівська","Місячна","2008-M04","3087"
"Кількість живонароджених","Чернігівська","Місячна","2008-M05","3935"
"Кількість живонароджених","Чернігівська","Місячна","2008-M06","4685"
"Кількість живонароджених","Чернігівська","Місячна","2008-M07","5621"
"Кількість живонароджених","Чернігівська","Місячна","2008-M08","6456"
"Кількість живонароджених","Чернігівська","Місячна","2008-M09","7375"
"Кількість живонароджених","Чернігівська","Місячна","2008-M10","8337"
"Кількість живонароджених","Чернігівська","Місячна","2008-M11","9147"
"Кількість живонароджених","Чернігівська","Місячна","2008-M12","10039"
"Кількість живонароджених","Чернігівська","Місячна","2009-M01","891"
"Кількість живонароджених","Чернігівська","Місячна","2009-M02","1734"
"Кількість живонароджених","Чернігівська","Місячна","2009-M03","2628"
"Кількість живонароджених","Чернігівська","Місячна","2009-M04","3485"
"Кількість живонароджених","Чернігівська","Місячна","2009-M05","4354"
"Кількість живонароджених","Чернігівська","Місячна","2009-M06","5127"
"Кількість живонароджених","Чернігівська","Місячна","2009-M07","6204"
"Кількість живонароджених","Чернігівська","Місячна","2009-M08","7065"
"Кількість живонароджених","Чернігівська","Місячна","2009-M09","7949"
"Кількість живонароджених","Чернігівська","Місячна","2009-M10","8872"
"Кількість живонароджених","Чернігівська","Місячна","2009-M11","9693"
"Кількість живонароджених","Чернігівська","Місячна","2009-M12","10534"
"Кількість живонароджених","Чернігівська","Місячна","2010-M01","795"
"Кількість живонароджених","Чернігівська","Місячна","2010-M02","1621"
"Кількість живонароджених","Чернігівська","Місячна","2010-M03","2484"
"Кількість живонароджених","Чернігівська","Місячна","2010-M04","3296"
"Кількість живонароджених","Чернігівська","Місячна","2010-M05","4070"
"Кількість живонароджених","Чернігівська","Місячна","2010-M06","4907"
"Кількість живонароджених","Чернігівська","Місячна","2010-M07","5859"
"Кількість живонароджених","Чернігівська","Місячна","2010-M08","6699"
"Кількість живонароджених","Чернігівська","Місячна","2010-M09","7602"
"Кількість живонароджених","Чернігівська","Місячна","2010-M10","8439"
"Кількість живонароджених","Чернігівська","Місячна","2010-M11","9233"
"Кількість живонароджених","Чернігівська","Місячна","2010-M12","10091"
"Кількість живонароджених","Чернігівська","Місячна","2011-M01","759"
"Кількість живонароджених","Чернігівська","Місячна","2011-M02","1511"
"Кількість живонароджених","Чернігівська","Місячна","2011-M03","2433"
"Кількість живонароджених","Чернігівська","Місячна","2011-M04","3132"
"Кількість живонароджених","Чернігівська","Місячна","2011-M05","3893"
"Кількість живонароджених","Чернігівська","Місячна","2011-M06","4664"
"Кількість живонароджених","Чернігівська","Місячна","2011-M07","5590"
"Кількість живонароджених","Чернігівська","Місячна","2011-M08","6543"
"Кількість живонароджених","Чернігівська","Місячна","2011-M09","7449"
"Кількість живонароджених","Чернігівська","Місячна","2011-M10","8304"
"Кількість живонароджених","Чернігівська","Місячна","2011-M11","9240"
"Кількість живонароджених","Чернігівська","Місячна","2011-M12","10134"
"Кількість живонароджених","Чернігівська","Місячна","2012-M01","762"
"Кількість живонароджених","Чернігівська","Місячна","2012-M02","1631"
"Кількість живонароджених","Чернігівська","Місячна","2012-M03","2520"
"Кількість живонароджених","Чернігівська","Місячна","2012-M04","3264"
"Кількість живонароджених","Чернігівська","Місячна","2012-M05","4126"
"Кількість живонароджених","Чернігівська","Місячна","2012-M06","4878"
"Кількість живонароджених","Чернігівська","Місячна","2012-M07","5894"
"Кількість живонароджених","Чернігівська","Місячна","2012-M08","6773"
"Кількість живонароджених","Чернігівська","Місячна","2012-M09","7652"
"Кількість живонароджених","Чернігівська","Місячна","2012-M10","8580"
"Кількість живонароджених","Чернігівська","Місячна","2012-M11","9391"
"Кількість живонароджених","Чернігівська","Місячна","2012-M12","10222"
"Кількість живонароджених","Чернігівська","Місячна","2013-M01","901"
"Кількість живонароджених","Чернігівська","Місячна","2013-M02","1668"
"Кількість живонароджених","Чернігівська","Місячна","2013-M03","2400"
"Кількість живонароджених","Чернігівська","Місячна","2013-M04","3198"
"Кількість живонароджених","Чернігівська","Місячна","2013-M05","3967"
"Кількість живонароджених","Чернігівська","Місячна","2013-M06","4702"
"Кількість живонароджених","Чернігівська","Місячна","2013-M07","5654"
"Кількість живонароджених","Чернігівська","Місячна","2013-M08","6544"
"Кількість живонароджених","Чернігівська","Місячна","2013-M09","7348"
"Кількість живонароджених","Чернігівська","Місячна","2013-M10","8283"
"Кількість живонароджених","Чернігівська","Місячна","2013-M11","9098"
"Кількість живонароджених","Чернігівська","Місячна","2013-M12","9852"
"Кількість живонароджених","Чернігівська","Місячна","2014-M01","809"
"Кількість живонароджених","Чернігівська","Місячна","2014-M02","1561"
"Кількість живонароджених","Чернігівська","Місячна","2014-M03","2293"
"Кількість живонароджених","Чернігівська","Місячна","2014-M04","3085"
"Кількість живонароджених","Чернігівська","Місячна","2014-M05","3946"
"Кількість живонароджених","Чернігівська","Місячна","2014-M06","4688"
"Кількість живонароджених","Чернігівська","Місячна","2014-M07","5567"
"Кількість живонароджених","Чернігівська","Місячна","2014-M08","6370"
"Кількість живонароджених","Чернігівська","Місячна","2014-M09","7196"
"Кількість живонароджених","Чернігівська","Місячна","2014-M10","8025"
"Кількість живонароджених","Чернігівська","Місячна","2014-M11","8742"
"Кількість живонароджених","Чернігівська","Місячна","2014-M12","9552"
"Кількість живонароджених","Чернігівська","Місячна","2015-M01","759"
"Кількість живонароджених","Чернігівська","Місячна","2015-M02","1475"
"Кількість живонароджених","Чернігівська","Місячна","2015-M03","2214"
"Кількість живонароджених","Чернігівська","Місячна","2015-M04","3002"
"Кількість живонароджених","Чернігівська","Місячна","2015-M05","3712"
"Кількість живонароджених","Чернігівська","Місячна","2015-M06","4414"
"Кількість живонароджених","Чернігівська","Місячна","2015-M07","5337"
"Кількість живонароджених","Чернігівська","Місячна","2015-M08","6146"
"Кількість живонароджених","Чернігівська","Місячна","2015-M09","6957"
"Кількість живонароджених","Чернігівська","Місячна","2015-M10","7702"
"Кількість живонароджених","Чернігівська","Місячна","2015-M11","8359"
"Кількість живонароджених","Чернігівська","Місячна","2015-M12","9104"
"Кількість живонароджених","Чернігівська","Місячна","2016-M01","720"
"Кількість живонароджених","Чернігівська","Місячна","2016-M02","1361"
"Кількість живонароджених","Чернігівська","Місячна","2016-M03","2139"
"Кількість живонароджених","Чернігівська","Місячна","2016-M04","2803"
"Кількість живонароджених","Чернігівська","Місячна","2016-M05","3500"
"Кількість живонароджених","Чернігівська","Місячна","2016-M06","4187"
"Кількість живонароджених","Чернігівська","Місячна","2016-M07","4974"
"Кількість живонароджених","Чернігівська","Місячна","2016-M08","5752"
"Кількість живонароджених","Чернігівська","Місячна","2016-M09","6438"
"Кількість живонароджених","Чернігівська","Місячна","2016-M10","7126"
"Кількість живонароджених","Чернігівська","Місячна","2016-M11","7816"
"Кількість живонароджених","Чернігівська","Місячна","2016-M12","8506"
"Кількість живонароджених","Чернігівська","Місячна","2017-M01","571"
"Кількість живонароджених","Чернігівська","Місячна","2017-M02","1204"
"Кількість живонароджених","Чернігівська","Місячна","2017-M03","1849"
"Кількість живонароджених","Чернігівська","Місячна","2017-M04","2394"
"Кількість живонароджених","Чернігівська","Місячна","2017-M05","3009"
"Кількість живонароджених","Чернігівська","Місячна","2017-M06","3657"
"Кількість живонароджених","Чернігівська","Місячна","2017-M07","4307"
"Кількість живонароджених","Чернігівська","Місячна","2017-M08","5053"
"Кількість живонароджених","Чернігівська","Місячна","2017-M09","5715"
"Кількість живонароджених","Чернігівська","Місячна","2017-M10","6375"
"Кількість живонароджених","Чернігівська","Місячна","2017-M11","7006"
"Кількість живонароджених","Чернігівська","Місячна","2017-M12","7573"
"Кількість живонароджених","Чернігівська","Місячна","2018-M01","612"
"Кількість живонароджених","Чернігівська","Місячна","2018-M02","1136"
"Кількість живонароджених","Чернігівська","Місячна","2018-M03","1766"
"Кількість живонароджених","Чернігівська","Місячна","2018-M04","2274"
"Кількість живонароджених","Чернігівська","Місячна","2018-M05","2867"
"Кількість живонароджених","Чернігівська","Місячна","2018-M06","3427"
"Кількість живонароджених","Чернігівська","Місячна","2018-M07","4023"
"Кількість живонароджених","Чернігівська","Місячна","2018-M08","4651"
"Кількість живонароджених","Чернігівська","Місячна","2018-M09","5241"
"Кількість живонароджених","Чернігівська","Місячна","2018-M10","5865"
"Кількість живонароджених","Чернігівська","Місячна","2018-M11","6390"
"Кількість живонароджених","Чернігівська","Місячна","2018-M12","6854"
"Кількість живонароджених","Чернігівська","Місячна","2019-M01","566"
"Кількість живонароджених","Чернігівська","Місячна","2019-M02","1013"
"Кількість живонароджених","Чернігівська","Місячна","2019-M03","1523"
"Кількість живонароджених","Чернігівська","Місячна","2019-M04","1966"
"Кількість живонароджених","Чернігівська","Місячна","2019-M05","2562"
"Кількість живонароджених","Чернігівська","Місячна","2019-M06","3011"
"Кількість живонароджених","Чернігівська","Місячна","2019-M07","3592"
"Кількість живонароджених","Чернігівська","Місячна","2019-M08","4193"
"Кількість живонароджених","Чернігівська","Місячна","2019-M09","4665"
"Кількість живонароджених","Чернігівська","Місячна","2019-M10","5194"
"Кількість живонароджених","Чернігівська","Місячна","2019-M11","5674"
"Кількість живонароджених","Чернігівська","Місячна","2019-M12","6129"
"Кількість живонароджених","Чернігівська","Місячна","2020-M01","546"
"Кількість живонароджених","Чернігівська","Місячна","2020-M02","1030"
"Кількість живонароджених","Чернігівська","Місячна","2020-M03","1443"
"Кількість живонароджених","Чернігівська","Місячна","2020-M04","1914"
"Кількість живонароджених","Чернігівська","Місячна","2020-M05","2407"
"Кількість живонароджених","Чернігівська","Місячна","2020-M06","2891"
"Кількість живонароджених","Чернігівська","Місячна","2020-M07","3446"
"Кількість живонароджених","Чернігівська","Місячна","2020-M08","3940"
"Кількість живонароджених","Чернігівська","Місячна","2020-M09","4450"
"Кількість живонароджених","Чернігівська","Місячна","2020-M10","4944"
"Кількість живонароджених","Чернігівська","Місячна","2020-M11","5389"
"Кількість живонароджених","Чернігівська","Місячна","2020-M12","5925"
"Кількість живонароджених","Чернігівська","Місячна","2021-M01","411"
"Кількість живонароджених","Чернігівська","Місячна","2021-M02","863"
"Кількість живонароджених","Чернігівська","Місячна","2021-M03","1331"
"Кількість живонароджених","Чернігівська","Місячна","2021-M04","1751"
"Кількість живонароджених","Чернігівська","Місячна","2021-M05","2098"
"Кількість живонароджених","Чернігівська","Місячна","2021-M06","2621"
"Кількість живонароджених","Чернігівська","Місячна","2021-M07","3165"
"Кількість живонароджених","Чернігівська","Місячна","2021-M08","3587"
"Кількість живонароджених","Чернігівська","Місячна","2021-M09","4093"
"Кількість живонароджених","Чернігівська","Місячна","2021-M10","4551"
"Кількість живонароджених","Чернігівська","Місячна","2021-M11","4930"
"Кількість живонароджених","Чернігівська","Місячна","2021-M12","5338"
"Кількість живонароджених","Чернігівська","Місячна","2022-M01","364"
"Кількість живонароджених","Чернігівська","Місячна","2022-M02",""
"Кількість живонароджених","Чернігівська","Місячна","2022-M03",""
"Кількість живонароджених","Чернігівська","Місячна","2022-M04",""
"Кількість живонароджених","Чернігівська","Місячна","2022-M05",""
"Кількість живонароджених","Чернігівська","Місячна","2022-M06",""
"Кількість живонароджених","Чернігівська","Місячна","2022-M07",""
"Кількість живонароджених","Чернігівська","Місячна","2022-M08",""
"Кількість живонароджених","Чернігівська","Місячна","2022-M09",""
"Кількість живонароджених","Чернігівська","Місячна","2022-M10",""
"Кількість живонароджених","Чернігівська","Місячна","2022-M11",""
"Кількість живонароджених","Чернігівська","Місячна","2022-M12",""
"Кількість живонароджених","Чернівецька","Місячна","2005-M01","775"
"Кількість живонароджених","Чернівецька","Місячна","2005-M02","1573"
"Кількість живонароджених","Чернівецька","Місячна","2005-M03","2381"
"Кількість живонароджених","Чернівецька","Місячна","2005-M04","3233"
"Кількість живонароджених","Чернівецька","Місячна","2005-M05","4025"
"Кількість живонароджених","Чернівецька","Місячна","2005-M06","4831"
"Кількість живонароджених","Чернівецька","Місячна","2005-M07","5788"
"Кількість живонароджених","Чернівецька","Місячна","2005-M08","6674"
"Кількість живонароджених","Чернівецька","Місячна","2005-M09","7491"
"Кількість живонароджених","Чернівецька","Місячна","2005-M10","8357"
"Кількість живонароджених","Чернівецька","Місячна","2005-M11","9133"
"Кількість живонароджених","Чернівецька","Місячна","2005-M12","9887"
"Кількість живонароджених","Чернівецька","Місячна","2006-M01","697"
"Кількість живонароджених","Чернівецька","Місячна","2006-M02","1530"
"Кількість живонароджених","Чернівецька","Місячна","2006-M03","2309"
"Кількість живонароджених","Чернівецька","Місячна","2006-M04","3027"
"Кількість живонароджених","Чернівецька","Місячна","2006-M05","3915"
"Кількість живонароджених","Чернівецька","Місячна","2006-M06","4751"
"Кількість живонароджених","Чернівецька","Місячна","2006-M07","5699"
"Кількість живонароджених","Чернівецька","Місячна","2006-M08","6695"
"Кількість живонароджених","Чернівецька","Місячна","2006-M09","7641"
"Кількість живонароджених","Чернівецька","Місячна","2006-M10","8561"
"Кількість живонароджених","Чернівецька","Місячна","2006-M11","9435"
"Кількість живонароджених","Чернівецька","Місячна","2006-M12","10161"
"Кількість живонароджених","Чернівецька","Місячна","2007-M01","770"
"Кількість живонароджених","Чернівецька","Місячна","2007-M02","1543"
"Кількість живонароджених","Чернівецька","Місячна","2007-M03","2328"
"Кількість живонароджених","Чернівецька","Місячна","2007-M04","3091"
"Кількість живонароджених","Чернівецька","Місячна","2007-M05","3952"
"Кількість живонароджених","Чернівецька","Місячна","2007-M06","4831"
"Кількість живонароджених","Чернівецька","Місячна","2007-M07","5805"
"Кількість живонароджених","Чернівецька","Місячна","2007-M08","6788"
"Кількість живонароджених","Чернівецька","Місячна","2007-M09","7643"
"Кількість живонароджених","Чернівецька","Місячна","2007-M10","8605"
"Кількість живонароджених","Чернівецька","Місячна","2007-M11","9392"
"Кількість живонароджених","Чернівецька","Місячна","2007-M12","10029"
"Кількість живонароджених","Чернівецька","Місячна","2008-M01","872"
"Кількість живонароджених","Чернівецька","Місячна","2008-M02","1698"
"Кількість живонароджених","Чернівецька","Місячна","2008-M03","2451"
"Кількість живонароджених","Чернівецька","Місячна","2008-M04","3174"
"Кількість живонароджених","Чернівецька","Місячна","2008-M05","4180"
"Кількість живонароджених","Чернівецька","Місячна","2008-M06","5046"
"Кількість живонароджених","Чернівецька","Місячна","2008-M07","6133"
"Кількість живонароджених","Чернівецька","Місячна","2008-M08","7133"
"Кількість живонароджених","Чернівецька","Місячна","2008-M09","8233"
"Кількість живонароджених","Чернівецька","Місячна","2008-M10","9257"
"Кількість живонароджених","Чернівецька","Місячна","2008-M11","10165"
"Кількість живонароджених","Чернівецька","Місячна","2008-M12","11067"
"Кількість живонароджених","Чернівецька","Місячна","2009-M01","841"
"Кількість живонароджених","Чернівецька","Місячна","2009-M02","1778"
"Кількість живонароджених","Чернівецька","Місячна","2009-M03","2684"
"Кількість живонароджених","Чернівецька","Місячна","2009-M04","3596"
"Кількість живонароджених","Чернівецька","Місячна","2009-M05","4450"
"Кількість живонароджених","Чернівецька","Місячна","2009-M06","5328"
"Кількість живонароджених","Чернівецька","Місячна","2009-M07","6349"
"Кількість живонароджених","Чернівецька","Місячна","2009-M08","7299"
"Кількість живонароджених","Чернівецька","Місячна","2009-M09","8308"
"Кількість живонароджених","Чернівецька","Місячна","2009-M10","9288"
"Кількість живонароджених","Чернівецька","Місячна","2009-M11","10190"
"Кількість живонароджених","Чернівецька","Місячна","2009-M12","11050"
"Кількість живонароджених","Чернівецька","Місячна","2010-M01","865"
"Кількість живонароджених","Чернівецька","Місячна","2010-M02","1749"
"Кількість живонароджених","Чернівецька","Місячна","2010-M03","2641"
"Кількість живонароджених","Чернівецька","Місячна","2010-M04","3480"
"Кількість живонароджених","Чернівецька","Місячна","2010-M05","4350"
"Кількість живонароджених","Чернівецька","Місячна","2010-M06","5332"
"Кількість живонароджених","Чернівецька","Місячна","2010-M07","6340"
"Кількість живонароджених","Чернівецька","Місячна","2010-M08","7307"
"Кількість живонароджених","Чернівецька","Місячна","2010-M09","8277"
"Кількість живонароджених","Чернівецька","Місячна","2010-M10","9226"
"Кількість живонароджених","Чернівецька","Місячна","2010-M11","10185"
"Кількість живонароджених","Чернівецька","Місячна","2010-M12","11032"
"Кількість живонароджених","Чернівецька","Місячна","2011-M01","924"
"Кількість живонароджених","Чернівецька","Місячна","2011-M02","1856"
"Кількість живонароджених","Чернівецька","Місячна","2011-M03","2730"
"Кількість живонароджених","Чернівецька","Місячна","2011-M04","3444"
"Кількість живонароджених","Чернівецька","Місячна","2011-M05","4343"
"Кількість живонароджених","Чернівецька","Місячна","2011-M06","5236"
"Кількість живонароджених","Чернівецька","Місячна","2011-M07","6318"
"Кількість живонароджених","Чернівецька","Місячна","2011-M08","7404"
"Кількість живонароджених","Чернівецька","Місячна","2011-M09","8403"
"Кількість живонароджених","Чернівецька","Місячна","2011-M10","9413"
"Кількість живонароджених","Чернівецька","Місячна","2011-M11","10371"
"Кількість живонароджених","Чернівецька","Місячна","2011-M12","11281"
"Кількість живонароджених","Чернівецька","Місячна","2012-M01","871"
"Кількість живонароджених","Чернівецька","Місячна","2012-M02","1918"
"Кількість живонароджених","Чернівецька","Місячна","2012-M03","2867"
"Кількість живонароджених","Чернівецька","Місячна","2012-M04","3707"
"Кількість живонароджених","Чернівецька","Місячна","2012-M05","4674"
"Кількість живонароджених","Чернівецька","Місячна","2012-M06","5621"
"Кількість живонароджених","Чернівецька","Місячна","2012-M07","6720"
"Кількість живонароджених","Чернівецька","Місячна","2012-M08","7849"
"Кількість живонароджених","Чернівецька","Місячна","2012-M09","8814"
"Кількість живонароджених","Чернівецька","Місячна","2012-M10","9872"
"Кількість живонароджених","Чернівецька","Місячна","2012-M11","10800"
"Кількість живонароджених","Чернівецька","Місячна","2012-M12","11592"
"Кількість живонароджених","Чернівецька","Місячна","2013-M01","917"
"Кількість живонароджених","Чернівецька","Місячна","2013-M02","1710"
"Кількість живонароджених","Чернівецька","Місячна","2013-M03","2588"
"Кількість живонароджених","Чернівецька","Місячна","2013-M04","3483"
"Кількість живонароджених","Чернівецька","Місячна","2013-M05","4395"
"Кількість живонароджених","Чернівецька","Місячна","2013-M06","5276"
"Кількість живонароджених","Чернівецька","Місячна","2013-M07","6417"
"Кількість живонароджених","Чернівецька","Місячна","2013-M08","7481"
"Кількість живонароджених","Чернівецька","Місячна","2013-M09","8463"
"Кількість живонароджених","Чернівецька","Місячна","2013-M10","9640"
"Кількість живонароджених","Чернівецька","Місячна","2013-M11","10604"
"Кількість живонароджених","Чернівецька","Місячна","2013-M12","11465"
"Кількість живонароджених","Чернівецька","Місячна","2014-M01","885"
"Кількість живонароджених","Чернівецька","Місячна","2014-M02","1769"
"Кількість живонароджених","Чернівецька","Місячна","2014-M03","2638"
"Кількість живонароджених","Чернівецька","Місячна","2014-M04","3615"
"Кількість живонароджених","Чернівецька","Місячна","2014-M05","4634"
"Кількість живонароджених","Чернівецька","Місячна","2014-M06","5593"
"Кількість живонароджених","Чернівецька","Місячна","2014-M07","6734"
"Кількість живонароджених","Чернівецька","Місячна","2014-M08","7800"
"Кількість живонароджених","Чернівецька","Місячна","2014-M09","8806"
"Кількість живонароджених","Чернівецька","Місячна","2014-M10","9972"
"Кількість живонароджених","Чернівецька","Місячна","2014-M11","10827"
"Кількість живонароджених","Чернівецька","Місячна","2014-M12","11679"
"Кількість живонароджених","Чернівецька","Місячна","2015-M01","930"
"Кількість живонароджених","Чернівецька","Місячна","2015-M02","1779"
"Кількість живонароджених","Чернівецька","Місячна","2015-M03","2569"
"Кількість живонароджених","Чернівецька","Місячна","2015-M04","3400"
"Кількість живонароджених","Чернівецька","Місячна","2015-M05","4244"
"Кількість живонароджених","Чернівецька","Місячна","2015-M06","5106"
"Кількість живонароджених","Чернівецька","Місячна","2015-M07","6169"
"Кількість живонароджених","Чернівецька","Місячна","2015-M08","7093"
"Кількість живонароджених","Чернівецька","Місячна","2015-M09","8080"
"Кількість живонароджених","Чернівецька","Місячна","2015-M10","9079"
"Кількість живонароджених","Чернівецька","Місячна","2015-M11","9851"
"Кількість живонароджених","Чернівецька","Місячна","2015-M12","10657"
"Кількість живонароджених","Чернівецька","Місячна","2016-M01","867"
"Кількість живонароджених","Чернівецька","Місячна","2016-M02","1647"
"Кількість живонароджених","Чернівецька","Місячна","2016-M03","2493"
"Кількість живонароджених","Чернівецька","Місячна","2016-M04","3263"
"Кількість живонароджених","Чернівецька","Місячна","2016-M05","4025"
"Кількість живонароджених","Чернівецька","Місячна","2016-M06","4849"
"Кількість живонароджених","Чернівецька","Місячна","2016-M07","5762"
"Кількість живонароджених","Чернівецька","Місячна","2016-M08","6735"
"Кількість живонароджених","Чернівецька","Місячна","2016-M09","7711"
"Кількість живонароджених","Чернівецька","Місячна","2016-M10","8574"
"Кількість живонароджених","Чернівецька","Місячна","2016-M11","9461"
"Кількість живонароджених","Чернівецька","Місячна","2016-M12","10226"
"Кількість живонароджених","Чернівецька","Місячна","2017-M01","743"
"Кількість живонароджених","Чернівецька","Місячна","2017-M02","1473"
"Кількість живонароджених","Чернівецька","Місячна","2017-M03","2294"
"Кількість живонароджених","Чернівецька","Місячна","2017-M04","2986"
"Кількість живонароджених","Чернівецька","Місячна","2017-M05","3776"
"Кількість живонароджених","Чернівецька","Місячна","2017-M06","4594"
"Кількість живонароджених","Чернівецька","Місячна","2017-M07","5466"
"Кількість живонароджених","Чернівецька","Місячна","2017-M08","6409"
"Кількість живонароджених","Чернівецька","Місячна","2017-M09","7260"
"Кількість живонароджених","Чернівецька","Місячна","2017-M10","8078"
"Кількість живонароджених","Чернівецька","Місячна","2017-M11","8817"
"Кількість живонароджених","Чернівецька","Місячна","2017-M12","9433"
"Кількість живонароджених","Чернівецька","Місячна","2018-M01","761"
"Кількість живонароджених","Чернівецька","Місячна","2018-M02","1422"
"Кількість живонароджених","Чернівецька","Місячна","2018-M03","2089"
"Кількість живонароджених","Чернівецька","Місячна","2018-M04","2763"
"Кількість живонароджених","Чернівецька","Місячна","2018-M05","3503"
"Кількість живонароджених","Чернівецька","Місячна","2018-M06","4214"
"Кількість живонароджених","Чернівецька","Місячна","2018-M07","5007"
"Кількість живонароджених","Чернівецька","Місячна","2018-M08","5837"
"Кількість живонароджених","Чернівецька","Місячна","2018-M09","6607"
"Кількість живонароджених","Чернівецька","Місячна","2018-M10","7481"
"Кількість живонароджених","Чернівецька","Місячна","2018-M11","8173"
"Кількість живонароджених","Чернівецька","Місячна","2018-M12","8710"
"Кількість живонароджених","Чернівецька","Місячна","2019-M01","773"
"Кількість живонароджених","Чернівецька","Місячна","2019-M02","1402"
"Кількість живонароджених","Чернівецька","Місячна","2019-M03","2025"
"Кількість живонароджених","Чернівецька","Місячна","2019-M04","2651"
"Кількість живонароджених","Чернівецька","Місячна","2019-M05","3392"
"Кількість живонароджених","Чернівецька","Місячна","2019-M06","4068"
"Кількість живонароджених","Чернівецька","Місячна","2019-M07","4830"
"Кількість живонароджених","Чернівецька","Місячна","2019-M08","5646"
"Кількість живонароджених","Чернівецька","Місячна","2019-M09","6357"
"Кількість живонароджених","Чернівецька","Місячна","2019-M10","7167"
"Кількість живонароджених","Чернівецька","Місячна","2019-M11","7768"
"Кількість живонароджених","Чернівецька","Місячна","2019-M12","8295"
"Кількість живонароджених","Чернівецька","Місячна","2020-M01","695"
"Кількість живонароджених","Чернівецька","Місячна","2020-M02","1337"
"Кількість живонароджених","Чернівецька","Місячна","2020-M03","1906"
"Кількість живонароджених","Чернівецька","Місячна","2020-M04","2456"
"Кількість живонароджених","Чернівецька","Місячна","2020-M05","3129"
"Кількість живонароджених","Чернівецька","Місячна","2020-M06","3810"
"Кількість живонароджених","Чернівецька","Місячна","2020-M07","4593"
"Кількість живонароджених","Чернівецька","Місячна","2020-M08","5309"
"Кількість живонароджених","Чернівецька","Місячна","2020-M09","6092"
"Кількість живонароджених","Чернівецька","Місячна","2020-M10","6899"
"Кількість живонароджених","Чернівецька","Місячна","2020-M11","7481"
"Кількість живонароджених","Чернівецька","Місячна","2020-M12","8093"
"Кількість живонароджених","Чернівецька","Місячна","2021-M01","591"
"Кількість живонароджених","Чернівецька","Місячна","2021-M02","1284"
"Кількість живонароджених","Чернівецька","Місячна","2021-M03","1942"
"Кількість живонароджених","Чернівецька","Місячна","2021-M04","2593"
"Кількість живонароджених","Чернівецька","Місячна","2021-M05","3172"
"Кількість живонароджених","Чернівецька","Місячна","2021-M06","3836"
"Кількість живонароджених","Чернівецька","Місячна","2021-M07","4597"
"Кількість живонароджених","Чернівецька","Місячна","2021-M08","5257"
"Кількість живонароджених","Чернівецька","Місячна","2021-M09","5954"
"Кількість живонароджених","Чернівецька","Місячна","2021-M10","6697"
"Кількість живонароджених","Чернівецька","Місячна","2021-M11","7319"
"Кількість живонароджених","Чернівецька","Місячна","2021-M12","7836"
"Кількість живонароджених","Чернівецька","Місячна","2022-M01","452"
"Кількість живонароджених","Чернівецька","Місячна","2022-M02",""
"Кількість живонароджених","Чернівецька","Місячна","2022-M03",""
"Кількість живонароджених","Чернівецька","Місячна","2022-M04",""
"Кількість живонароджених","Чернівецька","Місячна","2022-M05",""
"Кількість живонароджених","Чернівецька","Місячна","2022-M06",""
"Кількість живонароджених","Чернівецька","Місячна","2022-M07",""
"Кількість живонароджених","Чернівецька","Місячна","2022-M08",""
"Кількість живонароджених","Чернівецька","Місячна","2022-M09",""
"Кількість живонароджених","Чернівецька","Місячна","2022-M10",""
"Кількість живонароджених","Чернівецька","Місячна","2022-M11",""
"Кількість живонароджених","Чернівецька","Місячна","2022-M12",""
"Кількість живонароджених","Київ","Місячна","2005-M01","1816"
"Кількість живонароджених","Київ","Місячна","2005-M02","3828"
"Кількість живонароджених","Київ","Місячна","2005-M03","6044"
"Кількість живонароджених","Київ","Місячна","2005-M04","8379"
"Кількість живонароджених","Київ","Місячна","2005-M05","10464"
"Кількість живонароджених","Київ","Місячна","2005-M06","12516"
"Кількість живонароджених","Київ","Місячна","2005-M07","14966"
"Кількість живонароджених","Київ","Місячна","2005-M08","17343"
"Кількість живонароджених","Київ","Місячна","2005-M09","19638"
"Кількість живонароджених","Київ","Місячна","2005-M10","21706"
"Кількість живонароджених","Київ","Місячна","2005-M11","23903"
"Кількість живонароджених","Київ","Місячна","2005-M12","26258"
"Кількість живонароджених","Київ","Місячна","2006-M01","1965"
"Кількість живонароджених","Київ","Місячна","2006-M02","4061"
"Кількість живонароджених","Київ","Місячна","2006-M03","6412"
"Кількість живонароджених","Київ","Місячна","2006-M04","8507"
"Кількість живонароджених","Київ","Місячна","2006-M05","10766"
"Кількість живонароджених","Київ","Місячна","2006-M06","13163"
"Кількість живонароджених","Київ","Місячна","2006-M07","15678"
"Кількість живонароджених","Київ","Місячна","2006-M08","18324"
"Кількість живонароджених","Київ","Місячна","2006-M09","20838"
"Кількість живонароджених","Київ","Місячна","2006-M10","23233"
"Кількість живонароджених","Київ","Місячна","2006-M11","25627"
"Кількість живонароджених","Київ","Місячна","2006-M12","28101"
"Кількість живонароджених","Київ","Місячна","2007-M01","2035"
"Кількість живонароджених","Київ","Місячна","2007-M02","4272"
"Кількість живонароджених","Київ","Місячна","2007-M03","6649"
"Кількість живонароджених","Київ","Місячна","2007-M04","8742"
"Кількість живонароджених","Київ","Місячна","2007-M05","11010"
"Кількість живонароджених","Київ","Місячна","2007-M06","13376"
"Кількість живонароджених","Київ","Місячна","2007-M07","16098"
"Кількість живонароджених","Київ","Місячна","2007-M08","18610"
"Кількість живонароджених","Київ","Місячна","2007-M09","21001"
"Кількість живонароджених","Київ","Місячна","2007-M10","23604"
"Кількість живонароджених","Київ","Місячна","2007-M11","26108"
"Кількість живонароджених","Київ","Місячна","2007-M12","28445"
"Кількість живонароджених","Київ","Місячна","2008-M01","2532"
"Кількість живонароджених","Київ","Місячна","2008-M02","5151"
"Кількість живонароджених","Київ","Місячна","2008-M03","7406"
"Кількість живонароджених","Київ","Місячна","2008-M04","9724"
"Кількість живонароджених","Київ","Місячна","2008-M05","12458"
"Кількість живонароджених","Київ","Місячна","2008-M06","14723"
"Кількість живонароджених","Київ","Місячна","2008-M07","17792"
"Кількість живонароджених","Київ","Місячна","2008-M08","20530"
"Кількість живонароджених","Київ","Місячна","2008-M09","23341"
"Кількість живонароджених","Київ","Місячна","2008-M10","26529"
"Кількість живонароджених","Київ","Місячна","2008-M11","29228"
"Кількість живонароджених","Київ","Місячна","2008-M12","31965"
"Кількість живонароджених","Київ","Місячна","2009-M01","2654"
"Кількість живонароджених","Київ","Місячна","2009-M02","5194"
"Кількість живонароджених","Київ","Місячна","2009-M03","7816"
"Кількість живонароджених","Київ","Місячна","2009-M04","10466"
"Кількість живонароджених","Київ","Місячна","2009-M05","13269"
"Кількість живонароджених","Київ","Місячна","2009-M06","15677"
"Кількість живонароджених","Київ","Місячна","2009-M07","18889"
"Кількість живонароджених","Київ","Місячна","2009-M08","21430"
"Кількість живонароджених","Київ","Місячна","2009-M09","24319"
"Кількість живонароджених","Київ","Місячна","2009-M10","27338"
"Кількість живонароджених","Київ","Місячна","2009-M11","29770"
"Кількість живонароджених","Київ","Місячна","2009-M12","32488"
"Кількість живонароджених","Київ","Місячна","2010-M01","2460"
"Кількість живонароджених","Київ","Місячна","2010-M02","4919"
"Кількість живонароджених","Київ","Місячна","2010-M03","7591"
"Кількість живонароджених","Київ","Місячна","2010-M04","10172"
"Кількість живонароджених","Київ","Місячна","2010-M05","12568"
"Кількість живонароджених","Київ","Місячна","2010-M06","15413"
"Кількість живонароджених","Київ","Місячна","2010-M07","18599"
"Кількість живонароджених","Київ","Місячна","2010-M08","21262"
"Кількість живонароджених","Київ","Місячна","2010-M09","24001"
"Кількість живонароджених","Київ","Місячна","2010-M10","26724"
"Кількість живонароджених","Київ","Місячна","2010-M11","29364"
"Кількість живонароджених","Київ","Місячна","2010-M12","32082"
"Кількість живонароджених","Київ","Місячна","2011-M01","2564"
"Кількість живонароджених","Київ","Місячна","2011-M02","5111"
"Кількість живонароджених","Київ","Місячна","2011-M03","7835"
"Кількість живонароджених","Київ","Місячна","2011-M04","10152"
"Кількість живонароджених","Київ","Місячна","2011-M05","12480"
"Кількість живонароджених","Київ","Місячна","2011-M06","14875"
"Кількість живонароджених","Київ","Місячна","2011-M07","17950"
"Кількість живонароджених","Київ","Місячна","2011-M08","20884"
"Кількість живонароджених","Київ","Місячна","2011-M09","23771"
"Кількість живонароджених","Київ","Місячна","2011-M10","26406"
"Кількість живонароджених","Київ","Місячна","2011-M11","29330"
"Кількість живонароджених","Київ","Місячна","2011-M12","32068"
"Кількість живонароджених","Київ","Місячна","2012-M01","2504"
"Кількість живонароджених","Київ","Місячна","2012-M02","5280"
"Кількість живонароджених","Київ","Місячна","2012-M03","8032"
"Кількість живонароджених","Київ","Місячна","2012-M04","10575"
"Кількість живонароджених","Київ","Місячна","2012-M05","13320"
"Кількість живонароджених","Київ","Місячна","2012-M06","16027"
"Кількість живонароджених","Київ","Місячна","2012-M07","19272"
"Кількість живонароджених","Київ","Місячна","2012-M08","22292"
"Кількість живонароджених","Київ","Місячна","2012-M09","25118"
"Кількість живонароджених","Київ","Місячна","2012-M10","28390"
"Кількість живонароджених","Київ","Місячна","2012-M11","31214"
"Кількість живонароджених","Київ","Місячна","2012-M12","33887"
"Кількість живонароджених","Київ","Місячна","2013-M01","2695"
"Кількість живонароджених","Київ","Місячна","2013-M02","5143"
"Кількість живонароджених","Київ","Місячна","2013-M03","7676"
"Кількість живонароджених","Київ","Місячна","2013-M04","10363"
"Кількість живонароджених","Київ","Місячна","2013-M05","12935"
"Кількість живонароджених","Київ","Місячна","2013-M06","15386"
"Кількість живонароджених","Київ","Місячна","2013-M07","18779"
"Кількість живонароджених","Київ","Місячна","2013-M08","21798"
"Кількість живонароджених","Київ","Місячна","2013-M09","24500"
"Кількість живонароджених","Київ","Місячна","2013-M10","27757"
"Кількість живонароджених","Київ","Місячна","2013-M11","30573"
"Кількість живонароджених","Київ","Місячна","2013-M12","33305"
"Кількість живонароджених","Київ","Місячна","2014-M01","2799"
"Кількість живонароджених","Київ","Місячна","2014-M02","5403"
"Кількість живонароджених","Київ","Місячна","2014-M03","8120"
"Кількість живонароджених","Київ","Місячна","2014-M04","10929"
"Кількість живонароджених","Київ","Місячна","2014-M05","13812"
"Кількість живонароджених","Київ","Місячна","2014-M06","16541"
"Кількість живонароджених","Київ","Місячна","2014-M07","19990"
"Кількість живонароджених","Київ","Місячна","2014-M08","22944"
"Кількість живонароджених","Київ","Місячна","2014-M09","25994"
"Кількість живонароджених","Київ","Місячна","2014-M10","29245"
"Кількість живонароджених","Київ","Місячна","2014-M11","31922"
"Кількість живонароджених","Київ","Місячна","2014-M12","34821"
"Кількість живонароджених","Київ","Місячна","2015-M01","2817"
"Кількість живонароджених","Київ","Місячна","2015-M02","5405"
"Кількість живонароджених","Київ","Місячна","2015-M03","8179"
"Кількість живонароджених","Київ","Місячна","2015-M04","11099"
"Кількість живонароджених","Київ","Місячна","2015-M05","13884"
"Кількість живонароджених","Київ","Місячна","2015-M06","16657"
"Кількість живонароджених","Київ","Місячна","2015-M07","20232"
"Кількість живонароджених","Київ","Місячна","2015-M08","23249"
"Кількість живонароджених","Київ","Місячна","2015-M09","26570"
"Кількість живонароджених","Київ","Місячна","2015-M10","29741"
"Кількість живонароджених","Київ","Місячна","2015-M11","32382"
"Кількість живонароджених","Київ","Місячна","2015-M12","35558"
"Кількість живонароджених","Київ","Місячна","2016-M01","2862"
"Кількість живонароджених","Київ","Місячна","2016-M02","5625"
"Кількість живонароджених","Київ","Місячна","2016-M03","8805"
"Кількість живонароджених","Київ","Місячна","2016-M04","11621"
"Кількість живонароджених","Київ","Місячна","2016-M05","14515"
"Кількість живонароджених","Київ","Місячна","2016-M06","17387"
"Кількість живонароджених","Київ","Місячна","2016-M07","20758"
"Кількість живонароджених","Київ","Місячна","2016-M08","24073"
"Кількість живонароджених","Київ","Місячна","2016-M09","27221"
"Кількість живонароджених","Київ","Місячна","2016-M10","30164"
"Кількість живонароджених","Київ","Місячна","2016-M11","33416"
"Кількість живонароджених","Київ","Місячна","2016-M12","36569"
"Кількість живонароджених","Київ","Місячна","2017-M01","2814"
"Кількість живонароджених","Київ","Місячна","2017-M02","5527"
"Кількість живонароджених","Київ","Місячна","2017-M03","8594"
"Кількість живонароджених","Київ","Місячна","2017-M04","11203"
"Кількість живонароджених","Київ","Місячна","2017-M05","14186"
"Кількість живонароджених","Київ","Місячна","2017-M06","17094"
"Кількість живонароджених","Київ","Місячна","2017-M07","20085"
"Кількість живонароджених","Київ","Місячна","2017-M08","23328"
"Кількість живонароджених","Київ","Місячна","2017-M09","26402"
"Кількість живонароджених","Київ","Місячна","2017-M10","29348"
"Кількість живонароджених","Київ","Місячна","2017-M11","32459"
"Кількість живонароджених","Київ","Місячна","2017-M12","35359"
"Кількість живонароджених","Київ","Місячна","2018-M01","2910"
"Кількість живонароджених","Київ","Місячна","2018-M02","5609"
"Кількість живонароджених","Київ","Місячна","2018-M03","8615"
"Кількість живонароджених","Київ","Місячна","2018-M04","11244"
"Кількість живонароджених","Київ","Місячна","2018-M05","14083"
"Кількість живонароджених","Київ","Місячна","2018-M06","16980"
"Кількість живонароджених","Київ","Місячна","2018-M07","20074"
"Кількість живонароджених","Київ","Місячна","2018-M08","23129"
"Кількість живонароджених","Київ","Місячна","2018-M09","26141"
"Кількість живонароджених","Київ","Місячна","2018-M10","29114"
"Кількість живонароджених","Київ","Місячна","2018-M11","32038"
"Кількість живонароджених","Київ","Місячна","2018-M12","34586"
"Кількість живонароджених","Київ","Місячна","2019-M01","2773"
"Кількість живонароджених","Київ","Місячна","2019-M02","5255"
"Кількість живонароджених","Київ","Місячна","2019-M03","8018"
"Кількість живонароджених","Київ","Місячна","2019-M04","10459"
"Кількість живонароджених","Київ","Місячна","2019-M05","13372"
"Кількість живонароджених","Київ","Місячна","2019-M06","15782"
"Кількість живонароджених","Київ","Місячна","2019-M07","18729"
"Кількість живонароджених","Київ","Місячна","2019-M08","21740"
"Кількість живонароджених","Київ","Місячна","2019-M09","24339"
"Кількість живонароджених","Київ","Місячна","2019-M10","27260"
"Кількість живонароджених","Київ","Місячна","2019-M11","29944"
"Кількість живонароджених","Київ","Місячна","2019-M12","32503"
"Кількість живонароджених","Київ","Місячна","2020-M01","2828"
"Кількість живонароджених","Київ","Місячна","2020-M02","5278"
"Кількість живонароджених","Київ","Місячна","2020-M03","7243"
"Кількість живонароджених","Київ","Місячна","2020-M04","9378"
"Кількість живонароджених","Київ","Місячна","2020-M05","11909"
"Кількість живонароджених","Київ","Місячна","2020-M06","14282"
"Кількість живонароджених","Київ","Місячна","2020-M07","17525"
"Кількість живонароджених","Київ","Місячна","2020-M08","20177"
"Кількість живонароджених","Київ","Місячна","2020-M09","23124"
"Кількість живонароджених","Київ","Місячна","2020-M10","25626"
"Кількість живонароджених","Київ","Місячна","2020-M11","27991"
"Кількість живонароджених","Київ","Місячна","2020-M12","30670"
"Кількість живонароджених","Київ","Місячна","2021-M01","2393"
"Кількість живонароджених","Київ","Місячна","2021-M02","4590"
"Кількість живонароджених","Київ","Місячна","2021-M03","7221"
"Кількість живонароджених","Київ","Місячна","2021-M04","9627"
"Кількість живонароджених","Київ","Місячна","2021-M05","11954"
"Кількість живонароджених","Київ","Місячна","2021-M06","14420"
"Кількість живонароджених","Київ","Місячна","2021-M07","17309"
"Кількість живонароджених","Київ","Місячна","2021-M08","19664"
"Кількість живонароджених","Київ","Місячна","2021-M09","22225"
"Кількість живонароджених","Київ","Місячна","2021-M10","24802"
"Кількість живонароджених","Київ","Місячна","2021-M11","27196"
"Кількість живонароджених","Київ","Місячна","2021-M12","29611"
"Кількість живонароджених","Київ","Місячна","2022-M01","1934"
"Кількість живонароджених","Київ","Місячна","2022-M02",""
"Кількість живонароджених","Київ","Місячна","2022-M03",""
"Кількість живонароджених","Київ","Місячна","2022-M04",""
"Кількість живонароджених","Київ","Місячна","2022-M05",""
"Кількість живонароджених","Київ","Місячна","2022-M06",""
"Кількість живонароджених","Київ","Місячна","2022-M07",""
"Кількість живонароджених","Київ","Місячна","2022-M08",""
"Кількість живонароджених","Київ","Місячна","2022-M09",""
"Кількість живонароджених","Київ","Місячна","2022-M10",""
"Кількість живонароджених","Київ","Місячна","2022-M11",""
"Кількість живонароджених","Київ","Місячна","2022-M12",""
"Кількість живонароджених","Севастополь","Місячна","2005-M01","276"
"Кількість живонароджених","Севастополь","Місячна","2005-M02","562"
"Кількість живонароджених","Севастополь","Місячна","2005-M03","850"
"Кількість живонароджених","Севастополь","Місячна","2005-M04","1153"
"Кількість живонароджених","Севастополь","Місячна","2005-M05","1458"
"Кількість живонароджених","Севастополь","Місячна","2005-M06","1727"
"Кількість живонароджених","Севастополь","Місячна","2005-M07","2022"
"Кількість живонароджених","Севастополь","Місячна","2005-M08","2394"
"Кількість живонароджених","Севастополь","Місячна","2005-M09","2707"
"Кількість живонароджених","Севастополь","Місячна","2005-M10","2999"
"Кількість живонароджених","Севастополь","Місячна","2005-M11","3325"
"Кількість живонароджених","Севастополь","Місячна","2005-M12","3641"
"Кількість живонароджених","Севастополь","Місячна","2006-M01","277"
"Кількість живонароджених","Севастополь","Місячна","2006-M02","568"
"Кількість живонароджених","Севастополь","Місячна","2006-M03","837"
"Кількість живонароджених","Севастополь","Місячна","2006-M04","1109"
"Кількість живонароджених","Севастополь","Місячна","2006-M05","1437"
"Кількість живонароджених","Севастополь","Місячна","2006-M06","1736"
"Кількість живонароджених","Севастополь","Місячна","2006-M07","2093"
"Кількість живонароджених","Севастополь","Місячна","2006-M08","2451"
"Кількість живонароджених","Севастополь","Місячна","2006-M09","2819"
"Кількість живонароджених","Севастополь","Місячна","2006-M10","3181"
"Кількість живонароджених","Севастополь","Місячна","2006-M11","3518"
"Кількість живонароджених","Севастополь","Місячна","2006-M12","3840"
"Кількість живонароджених","Севастополь","Місячна","2007-M01","302"
"Кількість живонароджених","Севастополь","Місячна","2007-M02","595"
"Кількість живонароджених","Севастополь","Місячна","2007-M03","891"
"Кількість живонароджених","Севастополь","Місячна","2007-M04","1218"
"Кількість живонароджених","Севастополь","Місячна","2007-M05","1533"
"Кількість живонароджених","Севастополь","Місячна","2007-M06","1821"
"Кількість живонароджених","Севастополь","Місячна","2007-M07","2178"
"Кількість живонароджених","Севастополь","Місячна","2007-M08","2569"
"Кількість живонароджених","Севастополь","Місячна","2007-M09","2916"
"Кількість живонароджених","Севастополь","Місячна","2007-M10","3324"
"Кількість живонароджених","Севастополь","Місячна","2007-M11","3655"
"Кількість живонароджених","Севастополь","Місячна","2007-M12","3994"
"Кількість живонароджених","Севастополь","Місячна","2008-M01","366"
"Кількість живонароджених","Севастополь","Місячна","2008-M02","698"
"Кількість живонароджених","Севастополь","Місячна","2008-M03","1009"
"Кількість живонароджених","Севастополь","Місячна","2008-M04","1307"
"Кількість живонароджених","Севастополь","Місячна","2008-M05","1628"
"Кількість живонароджених","Севастополь","Місячна","2008-M06","1911"
"Кількість живонароджених","Севастополь","Місячна","2008-M07","2344"
"Кількість живонароджених","Севастополь","Місячна","2008-M08","2686"
"Кількість живонароджених","Севастополь","Місячна","2008-M09","3046"
"Кількість живонароджених","Севастополь","Місячна","2008-M10","3456"
"Кількість живонароджених","Севастополь","Місячна","2008-M11","3806"
"Кількість живонароджених","Севастополь","Місячна","2008-M12","4170"
"Кількість живонароджених","Севастополь","Місячна","2009-M01","329"
"Кількість живонароджених","Севастополь","Місячна","2009-M02","650"
"Кількість живонароджених","Севастополь","Місячна","2009-M03","1003"
"Кількість живонароджених","Севастополь","Місячна","2009-M04","1342"
"Кількість живонароджених","Севастополь","Місячна","2009-M05","1677"
"Кількість живонароджених","Севастополь","Місячна","2009-M06","1989"
"Кількість живонароджених","Севастополь","Місячна","2009-M07","2386"
"Кількість живонароджених","Севастополь","Місячна","2009-M08","2749"
"Кількість живонароджених","Севастополь","Місячна","2009-M09","3182"
"Кількість живонароджених","Севастополь","Місячна","2009-M10","3563"
"Кількість живонароджених","Севастополь","Місячна","2009-M11","3882"
"Кількість живонароджених","Севастополь","Місячна","2009-M12","4257"
"Кількість живонароджених","Севастополь","Місячна","2010-M01","308"
"Кількість живонароджених","Севастополь","Місячна","2010-M02","642"
"Кількість живонароджених","Севастополь","Місячна","2010-M03","994"
"Кількість живонароджених","Севастополь","Місячна","2010-M04","1313"
"Кількість живонароджених","Севастополь","Місячна","2010-M05","1614"
"Кількість живонароджених","Севастополь","Місячна","2010-M06","2002"
"Кількість живонароджених","Севастополь","Місячна","2010-M07","2382"
"Кількість живонароджених","Севастополь","Місячна","2010-M08","2767"
"Кількість живонароджених","Севастополь","Місячна","2010-M09","3162"
"Кількість живонароджених","Севастополь","Місячна","2010-M10","3478"
"Кількість живонароджених","Севастополь","Місячна","2010-M11","3802"
"Кількість живонароджених","Севастополь","Місячна","2010-M12","4184"
"Кількість живонароджених","Севастополь","Місячна","2011-M01","347"
"Кількість живонароджених","Севастополь","Місячна","2011-M02","659"
"Кількість живонароджених","Севастополь","Місячна","2011-M03","1037"
"Кількість живонароджених","Севастополь","Місячна","2011-M04","1331"
"Кількість живонароджених","Севастополь","Місячна","2011-M05","1641"
"Кількість живонароджених","Севастополь","Місячна","2011-M06","1929"
"Кількість живонароджених","Севастополь","Місячна","2011-M07","2304"
"Кількість живонароджених","Севастополь","Місячна","2011-M08","2693"
"Кількість живонароджених","Севастополь","Місячна","2011-M09","3109"
"Кількість живонароджених","Севастополь","Місячна","2011-M10","3452"
"Кількість живонароджених","Севастополь","Місячна","2011-M11","3861"
"Кількість живонароджених","Севастополь","Місячна","2011-M12","4252"
"Кількість живонароджених","Севастополь","Місячна","2012-M01","316"
"Кількість живонароджених","Севастополь","Місячна","2012-M02","722"
"Кількість живонароджених","Севастополь","Місячна","2012-M03","1083"
"Кількість живонароджених","Севастополь","Місячна","2012-M04","1419"
"Кількість живонароджених","Севастополь","Місячна","2012-M05","1798"
"Кількість живонароджених","Севастополь","Місячна","2012-M06","2114"
"Кількість живонароджених","Севастополь","Місячна","2012-M07","2549"
"Кількість живонароджених","Севастополь","Місячна","2012-M08","2968"
"Кількість живонароджених","Севастополь","Місячна","2012-M09","3355"
"Кількість живонароджених","Севастополь","Місячна","2012-M10","3790"
"Кількість живонароджених","Севастополь","Місячна","2012-M11","4199"
"Кількість живонароджених","Севастополь","Місячна","2012-M12","4584"
"Кількість живонароджених","Севастополь","Місячна","2013-M01","362"
"Кількість живонароджених","Севастополь","Місячна","2013-M02","704"
"Кількість живонароджених","Севастополь","Місячна","2013-M03","1030"
"Кількість живонароджених","Севастополь","Місячна","2013-M04","1412"
"Кількість живонароджених","Севастополь","Місячна","2013-M05","1726"
"Кількість живонароджених","Севастополь","Місячна","2013-M06","2037"
"Кількість живонароджених","Севастополь","Місячна","2013-M07","2442"
"Кількість живонароджених","Севастополь","Місячна","2013-M08","2850"
"Кількість живонароджених","Севастополь","Місячна","2013-M09","3252"
"Кількість живонароджених","Севастополь","Місячна","2013-M10","3721"
"Кількість живонароджених","Севастополь","Місячна","2013-M11","4060"
"Кількість живонароджених","Севастополь","Місячна","2013-M12","4463"
"Кількість живонароджених","Севастополь","Місячна","2014-M01",""
"Кількість живонароджених","Севастополь","Місячна","2014-M02",""
"Кількість живонароджених","Севастополь","Місячна","2014-M03",""
"Кількість живонароджених","Севастополь","Місячна","2014-M04",""
"Кількість живонароджених","Севастополь","Місячна","2014-M05",""
"Кількість живонароджених","Севастополь","Місячна","2014-M06",""
"Кількість живонароджених","Севастополь","Місячна","2014-M07",""
"Кількість живонароджених","Севастополь","Місячна","2014-M08",""
"Кількість живонароджених","Севастополь","Місячна","2014-M09",""
"Кількість живонароджених","Севастополь","Місячна","2014-M10",""
"Кількість живонароджених","Севастополь","Місячна","2014-M11",""
"Кількість живонароджених","Севастополь","Місячна","2014-M12",""
"Кількість живонароджених","Севастополь","Місячна","2015-M01",""
"Кількість живонароджених","Севастополь","Місячна","2015-M02",""
"Кількість живонароджених","Севастополь","Місячна","2015-M03",""
"Кількість живонароджених","Севастополь","Місячна","2015-M04",""
"Кількість живонароджених","Севастополь","Місячна","2015-M05",""
"Кількість живонароджених","Севастополь","Місячна","2015-M06",""
"Кількість живонароджених","Севастополь","Місячна","2015-M07",""
"Кількість живонароджених","Севастополь","Місячна","2015-M08",""
"Кількість живонароджених","Севастополь","Місячна","2015-M09",""
"Кількість живонароджених","Севастополь","Місячна","2015-M10",""
"Кількість живонароджених","Севастополь","Місячна","2015-M11",""
"Кількість живонароджених","Севастополь","Місячна","2015-M12",""
"Кількість живонароджених","Севастополь","Місячна","2016-M01",""
"Кількість живонароджених","Севастополь","Місячна","2016-M02",""
"Кількість живонароджених","Севастополь","Місячна","2016-M03",""
"Кількість живонароджених","Севастополь","Місячна","2016-M04",""
"Кількість живонароджених","Севастополь","Місячна","2016-M05",""
"Кількість живонароджених","Севастополь","Місячна","2016-M06",""
"Кількість живонароджених","Севастополь","Місячна","2016-M07",""
"Кількість живонароджених","Севастополь","Місячна","2016-M08",""
"Кількість живонароджених","Севастополь","Місячна","2016-M09",""
"Кількість живонароджених","Севастополь","Місячна","2016-M10",""
"Кількість живонароджених","Севастополь","Місячна","2016-M11",""
"Кількість живонароджених","Севастополь","Місячна","2016-M12",""
"Кількість живонароджених","Севастополь","Місячна","2017-M01",""
"Кількість живонароджених","Севастополь","Місячна","2017-M02",""
"Кількість живонароджених","Севастополь","Місячна","2017-M03",""
"Кількість живонароджених","Севастополь","Місячна","2017-M04",""
"Кількість живонароджених","Севастополь","Місячна","2017-M05",""
"Кількість живонароджених","Севастополь","Місячна","2017-M06",""
"Кількість живонароджених","Севастополь","Місячна","2017-M07",""
"Кількість живонароджених","Севастополь","Місячна","2017-M08",""
"Кількість живонароджених","Севастополь","Місячна","2017-M09",""
"Кількість живонароджених","Севастополь","Місячна","2017-M10",""
"Кількість живонароджених","Севастополь","Місячна","2017-M11",""
"Кількість живонароджених","Севастополь","Місячна","2017-M12",""
"Кількість живонароджених","Севастополь","Місячна","2018-M01",""
"Кількість живонароджених","Севастополь","Місячна","2018-M02",""
"Кількість живонароджених","Севастополь","Місячна","2018-M03",""
"Кількість живонароджених","Севастополь","Місячна","2018-M04",""
"Кількість живонароджених","Севастополь","Місячна","2018-M05",""
"Кількість живонароджених","Севастополь","Місячна","2018-M06",""
"Кількість живонароджених","Севастополь","Місячна","2018-M07",""
"Кількість живонароджених","Севастополь","Місячна","2018-M08",""
"Кількість живонароджених","Севастополь","Місячна","2018-M09",""
"Кількість живонароджених","Севастополь","Місячна","2018-M10",""
"Кількість живонароджених","Севастополь","Місячна","2018-M11",""
"Кількість живонароджених","Севастополь","Місячна","2018-M12",""
"Кількість живонароджених","Севастополь","Місячна","2019-M01",""
"Кількість живонароджених","Севастополь","Місячна","2019-M02",""
"Кількість живонароджених","Севастополь","Місячна","2019-M03",""
"Кількість живонароджених","Севастополь","Місячна","2019-M04",""
"Кількість живонароджених","Севастополь","Місячна","2019-M05",""
"Кількість живонароджених","Севастополь","Місячна","2019-M06",""
"Кількість живонароджених","Севастополь","Місячна","2019-M07",""
"Кількість живонароджених","Севастополь","Місячна","2019-M08",""
"Кількість живонароджених","Севастополь","Місячна","2019-M09",""
"Кількість живонароджених","Севастополь","Місячна","2019-M10",""
"Кількість живонароджених","Севастополь","Місячна","2019-M11",""
"Кількість живонароджених","Севастополь","Місячна","2019-M12",""
"Кількість живонароджених","Севастополь","Місячна","2020-M01",""
"Кількість живонароджених","Севастополь","Місячна","2020-M02",""
"Кількість живонароджених","Севастополь","Місячна","2020-M03",""
"Кількість живонароджених","Севастополь","Місячна","2020-M04",""
"Кількість живонароджених","Севастополь","Місячна","2020-M05",""
"Кількість живонароджених","Севастополь","Місячна","2020-M06",""
"Кількість живонароджених","Севастополь","Місячна","2020-M07",""
"Кількість живонароджених","Севастополь","Місячна","2020-M08",""
"Кількість живонароджених","Севастополь","Місячна","2020-M09",""
"Кількість живонароджених","Севастополь","Місячна","2020-M10",""
"Кількість живонароджених","Севастополь","Місячна","2020-M11",""
"Кількість живонароджених","Севастополь","Місячна","2020-M12",""
"Кількість живонароджених","Севастополь","Місячна","2021-M01",""
"Кількість живонароджених","Севастополь","Місячна","2021-M02",""
"Кількість живонароджених","Севастополь","Місячна","2021-M03",""
"Кількість живонароджених","Севастополь","Місячна","2021-M04",""
"Кількість живонароджених","Севастополь","Місячна","2021-M05",""
"Кількість живонароджених","Севастополь","Місячна","2021-M06",""
"Кількість живонароджених","Севастополь","Місячна","2021-M07",""
"Кількість живонароджених","Севастополь","Місячна","2021-M08",""
"Кількість живонароджених","Севастополь","Місячна","2021-M09",""
"Кількість живонароджених","Севастополь","Місячна","2021-M10",""
"Кількість живонароджених","Севастополь","Місячна","2021-M11",""
"Кількість живонароджених","Севастополь","Місячна","2021-M12",""
"Кількість живонароджених","Севастополь","Місячна","2022-M01",""
"Кількість живонароджених","Севастополь","Місячна","2022-M02",""
"Кількість живонароджених","Севастополь","Місячна","2022-M03",""
"Кількість живонароджених","Севастополь","Місячна","2022-M04",""
"Кількість живонароджених","Севастополь","Місячна","2022-M05",""
"Кількість живонароджених","Севастополь","Місячна","2022-M06",""
"Кількість живонароджених","Севастополь","Місячна","2022-M07",""
"Кількість живонароджених","Севастополь","Місячна","2022-M08",""
"Кількість живонароджених","Севастополь","Місячна","2022-M09",""
"Кількість живонароджених","Севастополь","Місячна","2022-M10",""
"Кількість живонароджених","Севастополь","Місячна","2022-M11",""
"Кількість живонароджених","Севастополь","Місячна","2022-M12",""
"Коефіцієнт життєвості","Івано-Франківська","Місячна","2005-M01","69"
"Коефіцієнт життєвості","Івано-Франківська","Місячна","2005-M02","71"
"Коефіцієнт життєвості","Івано-Франківська","Місячна","2005-M03","68"
"Коефіцієнт життєвості","Івано-Франківська","Місячна","2005-M04","70"
"Коефіцієнт життєвості","Івано-Франківська","Місячна","2005-M05","70"
"Коефіцієнт життєвості","Івано-Франківська","Місячна","2005-M06","72"
"Коефіцієнт життєвості","Івано-Франківська","Місячна","2005-M07","76"
"Коефіцієнт життєвості","Івано-Франківська","Місячна","2005-M08","78"
"Коефіцієнт життєвості","Івано-Франківська","Місячна","2005-M09","79"
"Коефіцієнт життєвості","Івано-Франківська","Місячна","2005-M10","80"
"Коефіцієнт життєвості","Івано-Франківська","Місячна","2005-M11","80"
"Коефіцієнт життєвості","Івано-Франківська","Місячна","2005-M12","80"
"Коефіцієнт життєвості","Івано-Франківська","Місячна","2006-M01","64"
"Коефіцієнт життєвості","Івано-Франківська","Місячна","2006-M02","71"
"Коефіцієнт життєвості","Івано-Франківська","Місячна","2006-M03","74"
"Коефіцієнт життєвості","Івано-Франківська","Місячна","2006-M04","75"
"Коефіцієнт життєвості","Івано-Франківська","Місячна","2006-M05","78"
"Коефіцієнт життєвості","Івано-Франківська","Місячна","2006-M06","80"
"Коефіцієнт життєвості","Івано-Франківська","Місячна","2006-M07","82"
"Коефіцієнт життєвості","Івано-Франківська","Місячна","2006-M08","85"
"Коефіцієнт життєвості","Івано-Франківська","Місячна","2006-M09","86"
"Коефіцієнт життєвості","Івано-Франківська","Місячна","2006-M10","87"
"Коефіцієнт життєвості","Івано-Франківська","Місячна","2006-M11","87"
"Коефіцієнт життєвості","Івано-Франківська","Місячна","2006-M12","86"
"Коефіцієнт життєвості","Івано-Франківська","Місячна","2007-M01","72"
"Коефіцієнт життєвості","Івано-Франківська","Місячна","2007-M02","70"
"Коефіцієнт життєвості","Івано-Франківська","Місячна","2007-M03","72"
"Коефіцієнт життєвості","Івано-Франківська","Місячна","2007-M04","74"
"Коефіцієнт життєвості","Івано-Франківська","Місячна","2007-M05","75"
"Коефіцієнт життєвості","Івано-Франківська","Місячна","2007-M06","80"
"Коефіцієнт життєвості","Івано-Франківська","Місячна","2007-M07","83"
"Коефіцієнт життєвості","Івано-Франківська","Місячна","2007-M08","86"
"Коефіцієнт життєвості","Івано-Франківська","Місячна","2007-M09","87"
"Коефіцієнт життєвості","Івано-Франківська","Місячна","2007-M10","88"
"Коефіцієнт життєвості","Івано-Франківська","Місячна","2007-M11","88"
"Коефіцієнт життєвості","Івано-Франківська","Місячна","2007-M12","86"
"Коефіцієнт життєвості","Івано-Франківська","Місячна","2008-M01","77"
"Коефіцієнт життєвості","Івано-Франківська","Місячна","2008-M02","78"
"Коефіцієнт життєвості","Івано-Франківська","Місячна","2008-M03","76"
"Коефіцієнт життєвості","Івано-Франківська","Місячна","2008-M04","78"
"Коефіцієнт життєвості","Івано-Франківська","Місячна","2008-M05","80"
"Коефіцієнт життєвості","Івано-Франківська","Місячна","2008-M06","82"
"Коефіцієнт життєвості","Івано-Франківська","Місячна","2008-M07","86"
"Коефіцієнт життєвості","Івано-Франківська","Місячна","2008-M08","89"
"Коефіцієнт життєвості","Івано-Франківська","Місячна","2008-M09","92"
"Коефіцієнт життєвості","Івано-Франківська","Місячна","2008-M10","94"
"Коефіцієнт життєвості","Івано-Франківська","Місячна","2008-M11","93"
"Коефіцієнт життєвості","Івано-Франківська","Місячна","2008-M12","92"
"Коефіцієнт життєвості","Івано-Франківська","Місячна","2009-M01","75"
"Коефіцієнт життєвості","Івано-Франківська","Місячна","2009-M02","85"
"Коефіцієнт життєвості","Івано-Франківська","Місячна","2009-M03","83"
"Коефіцієнт життєвості","Івано-Франківська","Місячна","2009-M04","85"
"Коефіцієнт життєвості","Івано-Франківська","Місячна","2009-M05","87"
"Коефіцієнт життєвості","Івано-Франківська","Місячна","2009-M06","90"
"Коефіцієнт життєвості","Івано-Франківська","Місячна","2009-M07","94"
"Коефіцієнт життєвості","Івано-Франківська","Місячна","2009-M08","97"
"Коефіцієнт життєвості","Івано-Франківська","Місячна","2009-M09","100"
"Коефіцієнт життєвості","Івано-Франківська","Місячна","2009-M10","101"
"Коефіцієнт життєвості","Івано-Франківська","Місячна","2009-M11","99"
"Коефіцієнт життєвості","Івано-Франківська","Місячна","2009-M12","99"
"Коефіцієнт життєвості","Івано-Франківська","Місячна","2010-M01","84"
"Коефіцієнт життєвості","Івано-Франківська","Місячна","2010-M02","87"
"Коефіцієнт життєвості","Івано-Франківська","Місячна","2010-M03","86"
"Коефіцієнт життєвості","Івано-Франківська","Місячна","2010-M04","88"
"Коефіцієнт життєвості","Івано-Франківська","Місячна","2010-M05","89"
"Коефіцієнт життєвості","Івано-Франківська","Місячна","2010-M06","91"
"Коефіцієнт життєвості","Івано-Франківська","Місячна","2010-M07","93"
"Коефіцієнт життєвості","Івано-Франківська","Місячна","2010-M08","93"
"Коефіцієнт життєвості","Івано-Франківська","Місячна","2010-M09","94"
"Коефіцієнт життєвості","Івано-Франківська","Місячна","2010-M10","95"
"Коефіцієнт життєвості","Івано-Франківська","Місячна","2010-M11","95"
"Коефіцієнт життєвості","Івано-Франківська","Місячна","2010-M12","93"
"Коефіцієнт життєвості","Івано-Франківська","Місячна","2011-M01","84"
"Коефіцієнт життєвості","Івано-Франківська","Місячна","2011-M02","87"
"Коефіцієнт життєвості","Івано-Франківська","Місячна","2011-M03","86"
"Коефіцієнт життєвості","Івано-Франківська","Місячна","2011-M04","87"
"Коефіцієнт життєвості","Івано-Франківська","Місячна","2011-M05","87"
"Коефіцієнт життєвості","Івано-Франківська","Місячна","2011-M06","89"
"Коефіцієнт життєвості","Івано-Франківська","Місячна","2011-M07","93"
"Коефіцієнт життєвості","Івано-Франківська","Місячна","2011-M08","97"
"Коефіцієнт життєвості","Івано-Франківська","Місячна","2011-M09","99"
"Коефіцієнт життєвості","Івано-Франківська","Місячна","2011-M10","100"
"Коефіцієнт життєвості","Івано-Франківська","Місячна","2011-M11","99"
"Коефіцієнт життєвості","Івано-Франківська","Місячна","2011-M12","99"
"Коефіцієнт життєвості","Івано-Франківська","Місячна","2012-M01","91"
"Коефіцієнт життєвості","Івано-Франківська","Місячна","2012-M02","92"
"Коефіцієнт життєвості","Івано-Франківська","Місячна","2012-M03","92"
"Коефіцієнт життєвості","Івано-Франківська","Місячна","2012-M04","91"
"Коефіцієнт життєвості","Івано-Франківська","Місячна","2012-M05","92"
"Коефіцієнт життєвості","Івано-Франківська","Місячна","2012-M06","94"
"Коефіцієнт життєвості","Івано-Франківська","Місячна","2012-M07","97"
"Коефіцієнт життєвості","Івано-Франківська","Місячна","2012-M08","100"
"Коефіцієнт життєвості","Івано-Франківська","Місячна","2012-M09","103"
"Коефіцієнт життєвості","Івано-Франківська","Місячна","2012-M10","104"
"Коефіцієнт життєвості","Івано-Франківська","Місячна","2012-M11","103"
"Коефіцієнт життєвості","Івано-Франківська","Місячна","2012-M12","102"
"Коефіцієнт життєвості","Івано-Франківська","Місячна","2013-M01","91"
"Коефіцієнт життєвості","Івано-Франківська","Місячна","2013-M02","89"
"Коефіцієнт життєвості","Івано-Франківська","Місячна","2013-M03","87"
"Коефіцієнт життєвості","Івано-Франківська","Місячна","2013-M04","87"
"Коефіцієнт життєвості","Івано-Франківська","Місячна","2013-M05","88"
"Коефіцієнт життєвості","Івано-Франківська","Місячна","2013-M06","89"
"Коефіцієнт життєвості","Івано-Франківська","Місячна","2013-M07","93"
"Коефіцієнт життєвості","Івано-Франківська","Місячна","2013-M08","96"
"Коефіцієнт життєвості","Івано-Франківська","Місячна","2013-M09","97"
"Коефіцієнт життєвості","Івано-Франківська","Місячна","2013-M10","99"
"Коефіцієнт життєвості","Івано-Франківська","Місячна","2013-M11","98"
"Коефіцієнт життєвості","Івано-Франківська","Місячна","2013-M12","96"
"Коефіцієнт життєвості","Івано-Франківська","Місячна","2014-M01","81"
"Коефіцієнт життєвості","Івано-Франківська","Місячна","2014-M02","86"
"Коефіцієнт життєвості","Івано-Франківська","Місячна","2014-M03","83"
"Коефіцієнт життєвості","Івано-Франківська","Місячна","2014-M04","83"
"Коефіцієнт життєвості","Івано-Франківська","Місячна","2014-M05","86"
"Коефіцієнт життєвості","Івано-Франківська","Місячна","2014-M06","89"
"Коефіцієнт життєвості","Івано-Франківська","Місячна","2014-M07","93"
"Коефіцієнт життєвості","Івано-Франківська","Місячна","2014-M08","95"
"Коефіцієнт життєвості","Івано-Франківська","Місячна","2014-M09","97"
"Коефіцієнт життєвості","Івано-Франківська","Місячна","2014-M10","99"
"Коефіцієнт життєвості","Івано-Франківська","Місячна","2014-M11","97"
"Коефіцієнт життєвості","Івано-Франківська","Місячна","2014-M12","96"
"Коефіцієнт життєвості","Івано-Франківська","Місячна","2015-M01","80"
"Коефіцієнт життєвості","Івано-Франківська","Місячна","2015-M02","81"
"Коефіцієнт життєвості","Івано-Франківська","Місячна","2015-M03","79"
"Коефіцієнт життєвості","Івано-Франківська","Місячна","2015-M04","80"
"Коефіцієнт життєвості","Івано-Франківська","Місячна","2015-M05","81"
"Коефіцієнт життєвості","Івано-Франківська","Місячна","2015-M06","82"
"Коефіцієнт життєвості","Івано-Франківська","Місячна","2015-M07","85"
"Коефіцієнт життєвості","Івано-Франківська","Місячна","2015-M08","87"
"Коефіцієнт життєвості","Івано-Франківська","Місячна","2015-M09","89"
"Коефіцієнт життєвості","Івано-Франківська","Місячна","2015-M10","90"
"Коефіцієнт життєвості","Івано-Франківська","Місячна","2015-M11","89"
"Коефіцієнт життєвості","Івано-Франківська","Місячна","2015-M12","88"
"Коефіцієнт життєвості","Івано-Франківська","Місячна","2016-M01","71"
"Коефіцієнт життєвості","Івано-Франківська","Місячна","2016-M02","72"
"Коефіцієнт життєвості","Івано-Франківська","Місячна","2016-M03","76"
"Коефіцієнт життєвості","Івано-Франківська","Місячна","2016-M04","77"
"Коефіцієнт життєвості","Івано-Франківська","Місячна","2016-M05","77"
"Коефіцієнт життєвості","Івано-Франківська","Місячна","2016-M06","78"
"Коефіцієнт життєвості","Івано-Франківська","Місячна","2016-M07","82"
"Коефіцієнт життєвості","Івано-Франківська","Місячна","2016-M08","85"
"Коефіцієнт життєвості","Івано-Франківська","Місячна","2016-M09","88"
"Коефіцієнт життєвості","Івано-Франківська","Місячна","2016-M10","88"
"Коефіцієнт життєвості","Івано-Франківська","Місячна","2016-M11","87"
"Коефіцієнт життєвості","Івано-Франківська","Місячна","2016-M12","85"
"Коефіцієнт життєвості","Івано-Франківська","Місячна","2017-M01","58"
"Коефіцієнт життєвості","Івано-Франківська","Місячна","2017-M02","67"
"Коефіцієнт життєвості","Івано-Франківська","Місячна","2017-M03","70"
"Коефіцієнт життєвості","Івано-Франківська","Місячна","2017-M04","70"
"Коефіцієнт життєвості","Івано-Франківська","Місячна","2017-M05","72"
"Коефіцієнт життєвості","Івано-Франківська","Місячна","2017-M06","74"
"Коефіцієнт життєвості","Івано-Франківська","Місячна","2017-M07","76"
"Коефіцієнт життєвості","Івано-Франківська","Місячна","2017-M08","78"
"Коефіцієнт життєвості","Івано-Франківська","Місячна","2017-M09","79"
"Коефіцієнт життєвості","Івано-Франківська","Місячна","2017-M10","80"
"Коефіцієнт життєвості","Івано-Франківська","Місячна","2017-M11","79"
"Коефіцієнт життєвості","Івано-Франківська","Місячна","2017-M12","78"
"Коефіцієнт життєвості","Івано-Франківська","Місячна","2018-M01","74"
"Коефіцієнт життєвості","Івано-Франківська","Місячна","2018-M02","68"
"Коефіцієнт життєвості","Івано-Франківська","Місячна","2018-M03","66"
"Коефіцієнт життєвості","Івано-Франківська","Місячна","2018-M04","66"
"Коефіцієнт життєвості","Івано-Франківська","Місячна","2018-M05","68"
"Коефіцієнт життєвості","Івано-Франківська","Місячна","2018-M06","69"
"Коефіцієнт життєвості","Івано-Франківська","Місячна","2018-M07","72"
"Коефіцієнт життєвості","Івано-Франківська","Місячна","2018-M08","74"
"Коефіцієнт життєвості","Івано-Франківська","Місячна","2018-M09","75"
"Коефіцієнт життєвості","Івано-Франківська","Місячна","2018-M10","75"
"Коефіцієнт життєвості","Івано-Франківська","Місячна","2018-M11","74"
"Коефіцієнт життєвості","Івано-Франківська","Місячна","2018-M12","72"
"Коефіцієнт життєвості","Івано-Франківська","Місячна","2019-M01","56"
"Коефіцієнт життєвості","Івано-Франківська","Місячна","2019-M02","55"
"Коефіцієнт життєвості","Івано-Франківська","Місячна","2019-M03","57"
"Коефіцієнт життєвості","Івано-Франківська","Місячна","2019-M04","58"
"Коефіцієнт життєвості","Івано-Франківська","Місячна","2019-M05","61"
"Коефіцієнт життєвості","Івано-Франківська","Місячна","2019-M06","62"
"Коефіцієнт життєвості","Івано-Франківська","Місячна","2019-M07","65"
"Коефіцієнт життєвості","Івано-Франківська","Місячна","2019-M08","67"
"Коефіцієнт життєвості","Івано-Франківська","Місячна","2019-M09","69"
"Коефіцієнт життєвості","Івано-Франківська","Місячна","2019-M10","70"
"Коефіцієнт життєвості","Івано-Франківська","Місячна","2019-M11","70"
"Коефіцієнт життєвості","Івано-Франківська","Місячна","2019-M12","69"
"Коефіцієнт життєвості","Івано-Франківська","Місячна","2020-M01","63"
"Коефіцієнт життєвості","Івано-Франківська","Місячна","2020-M02","64"
"Коефіцієнт життєвості","Івано-Франківська","Місячна","2020-M03","60"
"Коефіцієнт життєвості","Івано-Франківська","Місячна","2020-M04","59"
"Коефіцієнт життєвості","Івано-Франківська","Місячна","2020-M05","62"
"Коефіцієнт життєвості","Івано-Франківська","Місячна","2020-M06","62"
"Коефіцієнт життєвості","Івано-Франківська","Місячна","2020-M07","65"
"Коефіцієнт життєвості","Івано-Франківська","Місячна","2020-M08","64"
"Коефіцієнт життєвості","Івано-Франківська","Місячна","2020-M09","66"
"Коефіцієнт життєвості","Івано-Франківська","Місячна","2020-M10","66"
"Коефіцієнт життєвості","Івано-Франківська","Місячна","2020-M11","63"
"Коефіцієнт життєвості","Івано-Франківська","Місячна","2020-M12","61"
"Коефіцієнт життєвості","Івано-Франківська","Місячна","2021-M01","48"
"Коефіцієнт життєвості","Івано-Франківська","Місячна","2021-M02","47"
"Коефіцієнт життєвості","Івано-Франківська","Місячна","2021-M03","42"
"Коефіцієнт життєвості","Івано-Франківська","Місячна","2021-M04","44"
"Коефіцієнт життєвості","Івано-Франківська","Місячна","2021-M05","45"
"Коефіцієнт життєвості","Івано-Франківська","Місячна","2021-M06","48"
"Коефіцієнт життєвості","Івано-Франківська","Місячна","2021-M07","50"
"Коефіцієнт життєвості","Івано-Франківська","Місячна","2021-M08","52"
"Коефіцієнт життєвості","Івано-Франківська","Місячна","2021-M09","54"
"Коефіцієнт життєвості","Івано-Франківська","Місячна","2021-M10","55"
"Коефіцієнт життєвості","Івано-Франківська","Місячна","2021-M11","52"
"Коефіцієнт життєвості","Івано-Франківська","Місячна","2021-M12","51"
"Коефіцієнт життєвості","Вінницька","Місячна","2005-M01","41"
"Коефіцієнт життєвості","Вінницька","Місячна","2005-M02","43"
"Коефіцієнт життєвості","Вінницька","Місячна","2005-M03","42"
"Коефіцієнт життєвості","Вінницька","Місячна","2005-M04","43"
"Коефіцієнт життєвості","Вінницька","Місячна","2005-M05","44"
"Коефіцієнт життєвості","Вінницька","Місячна","2005-M06","45"
"Коефіцієнт життєвості","Вінницька","Місячна","2005-M07","47"
"Коефіцієнт життєвості","Вінницька","Місячна","2005-M08","48"
"Коефіцієнт життєвості","Вінницька","Місячна","2005-M09","49"
"Коефіцієнт життєвості","Вінницька","Місячна","2005-M10","50"
"Коефіцієнт життєвості","Вінницька","Місячна","2005-M11","49"
"Коефіцієнт життєвості","Вінницька","Місячна","2005-M12","49"
"Коефіцієнт життєвості","Вінницька","Місячна","2006-M01","39"
"Коефіцієнт життєвості","Вінницька","Місячна","2006-M02","44"
"Коефіцієнт життєвості","Вінницька","Місячна","2006-M03","45"
"Коефіцієнт життєвості","Вінницька","Місячна","2006-M04","47"
"Коефіцієнт життєвості","Вінницька","Місячна","2006-M05","49"
"Коефіцієнт життєвості","Вінницька","Місячна","2006-M06","50"
"Коефіцієнт життєвості","Вінницька","Місячна","2006-M07","52"
"Коефіцієнт життєвості","Вінницька","Місячна","2006-M08","54"
"Коефіцієнт життєвості","Вінницька","Місячна","2006-M09","55"
"Коефіцієнт життєвості","Вінницька","Місячна","2006-M10","56"
"Коефіцієнт життєвості","Вінницька","Місячна","2006-M11","56"
"Коефіцієнт життєвості","Вінницька","Місячна","2006-M12","56"
"Коефіцієнт життєвості","Вінницька","Місячна","2007-M01","48"
"Коефіцієнт життєвості","Вінницька","Місячна","2007-M02","52"
"Коефіцієнт життєвості","Вінницька","Місячна","2007-M03","52"
"Коефіцієнт життєвості","Вінницька","Місячна","2007-M04","52"
"Коефіцієнт життєвості","Вінницька","Місячна","2007-M05","54"
"Коефіцієнт життєвості","Вінницька","Місячна","2007-M06","55"
"Коефіцієнт життєвості","Вінницька","Місячна","2007-M07","57"
"Коефіцієнт життєвості","Вінницька","Місячна","2007-M08","58"
"Коефіцієнт життєвості","Вінницька","Місячна","2007-M09","59"
"Коефіцієнт життєвості","Вінницька","Місячна","2007-M10","58"
"Коефіцієнт життєвості","Вінницька","Місячна","2007-M11","58"
"Коефіцієнт життєвості","Вінницька","Місячна","2007-M12","57"
"Коефіцієнт життєвості","Вінницька","Місячна","2008-M01","47"
"Коефіцієнт життєвості","Вінницька","Місячна","2008-M02","50"
"Коефіцієнт життєвості","Вінницька","Місячна","2008-M03","51"
"Коефіцієнт життєвості","Вінницька","Місячна","2008-M04","51"
"Коефіцієнт життєвості","Вінницька","Місячна","2008-M05","53"
"Коефіцієнт життєвості","Вінницька","Місячна","2008-M06","54"
"Коефіцієнт життєвості","Вінницька","Місячна","2008-M07","58"
"Коефіцієнт життєвості","Вінницька","Місячна","2008-M08","60"
"Коефіцієнт життєвості","Вінницька","Місячна","2008-M09","62"
"Коефіцієнт життєвості","Вінницька","Місячна","2008-M10","63"
"Коефіцієнт життєвості","Вінницька","Місячна","2008-M11","63"
"Коефіцієнт життєвості","Вінницька","Місячна","2008-M12","63"
"Коефіцієнт життєвості","Вінницька","Місячна","2009-M01","56"
"Коефіцієнт життєвості","Вінницька","Місячна","2009-M02","60"
"Коефіцієнт життєвості","Вінницька","Місячна","2009-M03","60"
"Коефіцієнт життєвості","Вінницька","Місячна","2009-M04","61"
"Коефіцієнт життєвості","Вінницька","Місячна","2009-M05","61"
"Коефіцієнт життєвості","Вінницька","Місячна","2009-M06","62"
"Коефіцієнт життєвості","Вінницька","Місячна","2009-M07","65"
"Коефіцієнт життєвості","Вінницька","Місячна","2009-M08","67"
"Коефіцієнт життєвості","Вінницька","Місячна","2009-M09","68"
"Коефіцієнт життєвості","Вінницька","Місячна","2009-M10","68"
"Коефіцієнт життєвості","Вінницька","Місячна","2009-M11","68"
"Коефіцієнт життєвості","Вінницька","Місячна","2009-M12","67"
"Коефіцієнт життєвості","Вінницька","Місячна","2010-M01","54"
"Коефіцієнт життєвості","Вінницька","Місячна","2010-M02","58"
"Коефіцієнт життєвості","Вінницька","Місячна","2010-M03","60"
"Коефіцієнт життєвості","Вінницька","Місячна","2010-M04","62"
"Коефіцієнт життєвості","Вінницька","Місячна","2010-M05","63"
"Коефіцієнт життєвості","Вінницька","Місячна","2010-M06","64"
"Коефіцієнт життєвості","Вінницька","Місячна","2010-M07","65"
"Коефіцієнт життєвості","Вінницька","Місячна","2010-M08","66"
"Коефіцієнт життєвості","Вінницька","Місячна","2010-M09","67"
"Коефіцієнт життєвості","Вінницька","Місячна","2010-M10","67"
"Коефіцієнт життєвості","Вінницька","Місячна","2010-M11","67"
"Коефіцієнт життєвості","Вінницька","Місячна","2010-M12","66"
"Коефіцієнт життєвості","Вінницька","Місячна","2011-M01","63"
"Коефіцієнт життєвості","Вінницька","Місячна","2011-M02","65"
"Коефіцієнт життєвості","Вінницька","Місячна","2011-M03","63"
"Коефіцієнт життєвості","Вінницька","Місячна","2011-M04","63"
"Коефіцієнт життєвості","Вінницька","Місячна","2011-M05","63"
"Коефіцієнт життєвості","Вінницька","Місячна","2011-M06","64"
"Коефіцієнт життєвості","Вінницька","Місячна","2011-M07","67"
"Коефіцієнт життєвості","Вінницька","Місячна","2011-M08","69"
"Коефіцієнт життєвості","Вінницька","Місячна","2011-M09","71"
"Коефіцієнт життєвості","Вінницька","Місячна","2011-M10","71"
"Коефіцієнт життєвості","Вінницька","Місячна","2011-M11","71"
"Коефіцієнт життєвості","Вінницька","Місячна","2011-M12","71"
"Коефіцієнт життєвості","Вінницька","Місячна","2012-M01","67"
"Коефіцієнт життєвості","Вінницька","Місячна","2012-M02","70"
"Коефіцієнт життєвості","Вінницька","Місячна","2012-M03","68"
"Коефіцієнт життєвості","Вінницька","Місячна","2012-M04","67"
"Коефіцієнт життєвості","Вінницька","Місячна","2012-M05","68"
"Коефіцієнт життєвості","Вінницька","Місячна","2012-M06","69"
"Коефіцієнт життєвості","Вінницька","Місячна","2012-M07","71"
"Коефіцієнт життєвості","Вінницька","Місячна","2012-M08","73"
"Коефіцієнт життєвості","Вінницька","Місячна","2012-M09","74"
"Коефіцієнт життєвості","Вінницька","Місячна","2012-M10","74"
"Коефіцієнт життєвості","Вінницька","Місячна","2012-M11","74"
"Коефіцієнт життєвості","Вінницька","Місячна","2012-M12","73"
"Коефіцієнт життєвості","Вінницька","Місячна","2013-M01","60"
"Коефіцієнт життєвості","Вінницька","Місячна","2013-M02","63"
"Коефіцієнт життєвості","Вінницька","Місячна","2013-M03","62"
"Коефіцієнт життєвості","Вінницька","Місячна","2013-M04","61"
"Коефіцієнт життєвості","Вінницька","Місячна","2013-M05","62"
"Коефіцієнт життєвості","Вінницька","Місячна","2013-M06","63"
"Коефіцієнт життєвості","Вінницька","Місячна","2013-M07","66"
"Коефіцієнт життєвості","Вінницька","Місячна","2013-M08","68"
"Коефіцієнт життєвості","Вінницька","Місячна","2013-M09","69"
"Коефіцієнт життєвості","Вінницька","Місячна","2013-M10","69"
"Коефіцієнт життєвості","Вінницька","Місячна","2013-M11","69"
"Коефіцієнт життєвості","Вінницька","Місячна","2013-M12","69"
"Коефіцієнт життєвості","Вінницька","Місячна","2014-M01","64"
"Коефіцієнт життєвості","Вінницька","Місячна","2014-M02","64"
"Коефіцієнт життєвості","Вінницька","Місячна","2014-M03","61"
"Коефіцієнт життєвості","Вінницька","Місячна","2014-M04","61"
"Коефіцієнт життєвості","Вінницька","Місячна","2014-M05","63"
"Коефіцієнт життєвості","Вінницька","Місячна","2014-M06","66"
"Коефіцієнт життєвості","Вінницька","Місячна","2014-M07","68"
"Коефіцієнт життєвості","Вінницька","Місячна","2014-M08","69"
"Коефіцієнт життєвості","Вінницька","Місячна","2014-M09","70"
"Коефіцієнт життєвості","Вінницька","Місячна","2014-M10","70"
"Коефіцієнт життєвості","Вінницька","Місячна","2014-M11","69"
"Коефіцієнт життєвості","Вінницька","Місячна","2014-M12","69"
"Коефіцієнт життєвості","Вінницька","Місячна","2015-M01","56"
"Коефіцієнт життєвості","Вінницька","Місячна","2015-M02","60"
"Коефіцієнт життєвості","Вінницька","Місячна","2015-M03","58"
"Коефіцієнт життєвості","Вінницька","Місячна","2015-M04","58"
"Коефіцієнт життєвості","Вінницька","Місячна","2015-M05","58"
"Коефіцієнт життєвості","Вінницька","Місячна","2015-M06","60"
"Коефіцієнт життєвості","Вінницька","Місячна","2015-M07","62"
"Коефіцієнт життєвості","Вінницька","Місячна","2015-M08","64"
"Коефіцієнт життєвості","Вінницька","Місячна","2015-M09","66"
"Коефіцієнт життєвості","Вінницька","Місячна","2015-M10","66"
"Коефіцієнт життєвості","Вінницька","Місячна","2015-M11","65"
"Коефіцієнт життєвості","Вінницька","Місячна","2015-M12","64"
"Коефіцієнт життєвості","Вінницька","Місячна","2016-M01","54"
"Коефіцієнт життєвості","Вінницька","Місячна","2016-M02","57"
"Коефіцієнт життєвості","Вінницька","Місячна","2016-M03","59"
"Коефіцієнт життєвості","Вінницька","Місячна","2016-M04","58"
"Коефіцієнт життєвості","Вінницька","Місячна","2016-M05","59"
"Коефіцієнт життєвості","Вінницька","Місячна","2016-M06","59"
"Коефіцієнт життєвості","Вінницька","Місячна","2016-M07","61"
"Коефіцієнт життєвості","Вінницька","Місячна","2016-M08","62"
"Коефіцієнт життєвості","Вінницька","Місячна","2016-M09","63"
"Коефіцієнт життєвості","Вінницька","Місячна","2016-M10","63"
"Коефіцієнт життєвості","Вінницька","Місячна","2016-M11","63"
"Коефіцієнт життєвості","Вінницька","Місячна","2016-M12","62"
"Коефіцієнт життєвості","Вінницька","Місячна","2017-M01","49"
"Коефіцієнт життєвості","Вінницька","Місячна","2017-M02","52"
"Коефіцієнт життєвості","Вінницька","Місячна","2017-M03","55"
"Коефіцієнт життєвості","Вінницька","Місячна","2017-M04","54"
"Коефіцієнт життєвості","Вінницька","Місячна","2017-M05","54"
"Коефіцієнт життєвості","Вінницька","Місячна","2017-M06","55"
"Коефіцієнт життєвості","Вінницька","Місячна","2017-M07","57"
"Коефіцієнт життєвості","Вінницька","Місячна","2017-M08","59"
"Коефіцієнт життєвості","Вінницька","Місячна","2017-M09","60"
"Коефіцієнт життєвості","Вінницька","Місячна","2017-M10","60"
"Коефіцієнт життєвості","Вінницька","Місячна","2017-M11","59"
"Коефіцієнт життєвості","Вінницька","Місячна","2017-M12","59"
"Коефіцієнт життєвості","Вінницька","Місячна","2018-M01","49"
"Коефіцієнт життєвості","Вінницька","Місячна","2018-M02","49"
"Коефіцієнт життєвості","Вінницька","Місячна","2018-M03","48"
"Коефіцієнт життєвості","Вінницька","Місячна","2018-M04","49"
"Коефіцієнт життєвості","Вінницька","Місячна","2018-M05","50"
"Коефіцієнт життєвості","Вінницька","Місячна","2018-M06","50"
"Коефіцієнт життєвості","Вінницька","Місячна","2018-M07","52"
"Коефіцієнт життєвості","Вінницька","Місячна","2018-M08","54"
"Коефіцієнт життєвості","Вінницька","Місячна","2018-M09","54"
"Коефіцієнт життєвості","Вінницька","Місячна","2018-M10","54"
"Коефіцієнт життєвості","Вінницька","Місячна","2018-M11","53"
"Коефіцієнт життєвості","Вінницька","Місячна","2018-M12","52"
"Коефіцієнт життєвості","Вінницька","Місячна","2019-M01","40"
"Коефіцієнт життєвості","Вінницька","Місячна","2019-M02","42"
"Коефіцієнт життєвості","Вінницька","Місячна","2019-M03","43"
"Коефіцієнт життєвості","Вінницька","Місячна","2019-M04","44"
"Коефіцієнт життєвості","Вінницька","Місячна","2019-M05","45"
"Коефіцієнт життєвості","Вінницька","Місячна","2019-M06","46"
"Коефіцієнт життєвості","Вінницька","Місячна","2019-M07","48"
"Коефіцієнт життєвості","Вінницька","Місячна","2019-M08","49"
"Коефіцієнт життєвості","Вінницька","Місячна","2019-M09","50"
"Коефіцієнт життєвості","Вінницька","Місячна","2019-M10","50"
"Коефіцієнт життєвості","Вінницька","Місячна","2019-M11","50"
"Коефіцієнт життєвості","Вінницька","Місячна","2019-M12","49"
"Коефіцієнт життєвості","Вінницька","Місячна","2020-M01","46"
"Коефіцієнт життєвості","Вінницька","Місячна","2020-M02","45"
"Коефіцієнт життєвості","Вінницька","Місячна","2020-M03","43"
"Коефіцієнт життєвості","Вінницька","Місячна","2020-M04","44"
"Коефіцієнт життєвості","Вінницька","Місячна","2020-M05","45"
"Коефіцієнт життєвості","Вінницька","Місячна","2020-M06","45"
"Коефіцієнт життєвості","Вінницька","Місячна","2020-M07","47"
"Коефіцієнт життєвості","Вінницька","Місячна","2020-M08","48"
"Коефіцієнт життєвості","Вінницька","Місячна","2020-M09","48"
"Коефіцієнт життєвості","Вінницька","Місячна","2020-M10","48"
"Коефіцієнт життєвості","Вінницька","Місячна","2020-M11","46"
"Коефіцієнт життєвості","Вінницька","Місячна","2020-M12","45"
"Коефіцієнт життєвості","Вінницька","Місячна","2021-M01","37"
"Коефіцієнт життєвості","Вінницька","Місячна","2021-M02","39"
"Коефіцієнт життєвості","Вінницька","Місячна","2021-M03","36"
"Коефіцієнт життєвості","Вінницька","Місячна","2021-M04","34"
"Коефіцієнт життєвості","Вінницька","Місячна","2021-M05","34"
"Коефіцієнт життєвості","Вінницька","Місячна","2021-M06","36"
"Коефіцієнт життєвості","Вінницька","Місячна","2021-M07","38"
"Коефіцієнт життєвості","Вінницька","Місячна","2021-M08","40"
"Коефіцієнт життєвості","Вінницька","Місячна","2021-M09","41"
"Коефіцієнт життєвості","Вінницька","Місячна","2021-M10","40"
"Коефіцієнт життєвості","Вінницька","Місячна","2021-M11","39"
"Коефіцієнт життєвості","Вінницька","Місячна","2021-M12","38"
"Коефіцієнт життєвості","Сумська","Місячна","2005-M01","31"
"Коефіцієнт життєвості","Сумська","Місячна","2005-M02","33"
"Коефіцієнт життєвості","Сумська","Місячна","2005-M03","32"
"Коефіцієнт життєвості","Сумська","Місячна","2005-M04","34"
"Коефіцієнт життєвості","Сумська","Місячна","2005-M05","33"
"Коефіцієнт життєвості","Сумська","Місячна","2005-M06","34"
"Коефіцієнт життєвості","Сумська","Місячна","2005-M07","36"
"Коефіцієнт життєвості","Сумська","Місячна","2005-M08","37"
"Коефіцієнт життєвості","Сумська","Місячна","2005-M09","38"
"Коефіцієнт життєвості","Сумська","Місячна","2005-M10","38"
"Коефіцієнт життєвості","Сумська","Місячна","2005-M11","37"
"Коефіцієнт життєвості","Сумська","Місячна","2005-M12","37"
"Коефіцієнт життєвості","Сумська","Місячна","2006-M01","31"
"Коефіцієнт життєвості","Сумська","Місячна","2006-M02","37"
"Коефіцієнт життєвості","Сумська","Місячна","2006-M03","40"
"Коефіцієнт життєвості","Сумська","Місячна","2006-M04","40"
"Коефіцієнт життєвості","Сумська","Місячна","2006-M05","40"
"Коефіцієнт життєвості","Сумська","Місячна","2006-M06","40"
"Коефіцієнт життєвості","Сумська","Місячна","2006-M07","42"
"Коефіцієнт життєвості","Сумська","Місячна","2006-M08","44"
"Коефіцієнт життєвості","Сумська","Місячна","2006-M09","45"
"Коефіцієнт життєвості","Сумська","Місячна","2006-M10","45"
"Коефіцієнт життєвості","Сумська","Місячна","2006-M11","45"
"Коефіцієнт життєвості","Сумська","Місячна","2006-M12","45"
"Коефіцієнт життєвості","Сумська","Місячна","2007-M01","38"
"Коефіцієнт життєвості","Сумська","Місячна","2007-M02","40"
"Коефіцієнт життєвості","Сумська","Місячна","2007-M03","40"
"Коефіцієнт життєвості","Сумська","Місячна","2007-M04","41"
"Коефіцієнт життєвості","Сумська","Місячна","2007-M05","41"
"Коефіцієнт життєвості","Сумська","Місячна","2007-M06","42"
"Коефіцієнт життєвості","Сумська","Місячна","2007-M07","44"
"Коефіцієнт життєвості","Сумська","Місячна","2007-M08","45"
"Коефіцієнт життєвості","Сумська","Місячна","2007-M09","45"
"Коефіцієнт життєвості","Сумська","Місячна","2007-M10","46"
"Коефіцієнт життєвості","Сумська","Місячна","2007-M11","45"
"Коефіцієнт життєвості","Сумська","Місячна","2007-M12","45"
"Коефіцієнт життєвості","Сумська","Місячна","2008-M01","38"
"Коефіцієнт життєвості","Сумська","Місячна","2008-M02","41"
"Коефіцієнт життєвості","Сумська","Місячна","2008-M03","41"
"Коефіцієнт життєвості","Сумська","Місячна","2008-M04","42"
"Коефіцієнт життєвості","Сумська","Місячна","2008-M05","42"
"Коефіцієнт життєвості","Сумська","Місячна","2008-M06","43"
"Коефіцієнт життєвості","Сумська","Місячна","2008-M07","45"
"Коефіцієнт життєвості","Сумська","Місячна","2008-M08","46"
"Коефіцієнт життєвості","Сумська","Місячна","2008-M09","47"
"Коефіцієнт життєвості","Сумська","Місячна","2008-M10","49"
"Коефіцієнт життєвості","Сумська","Місячна","2008-M11","49"
"Коефіцієнт життєвості","Сумська","Місячна","2008-M12","49"
"Коефіцієнт життєвості","Сумська","Місячна","2009-M01","44"
"Коефіцієнт життєвості","Сумська","Місячна","2009-M02","45"
"Коефіцієнт життєвості","Сумська","Місячна","2009-M03","44"
"Коефіцієнт життєвості","Сумська","Місячна","2009-M04","45"
"Коефіцієнт життєвості","Сумська","Місячна","2009-M05","46"
"Коефіцієнт життєвості","Сумська","Місячна","2009-M06","47"
"Коефіцієнт життєвості","Сумська","Місячна","2009-M07","49"
"Коефіцієнт життєвості","Сумська","Місячна","2009-M08","50"
"Коефіцієнт життєвості","Сумська","Місячна","2009-M09","51"
"Коефіцієнт життєвості","Сумська","Місячна","2009-M10","51"
"Коефіцієнт життєвості","Сумська","Місячна","2009-M11","51"
"Коефіцієнт життєвості","Сумська","Місячна","2009-M12","50"
"Коефіцієнт життєвості","Сумська","Місячна","2010-M01","40"
"Коефіцієнт життєвості","Сумська","Місячна","2010-M02","45"
"Коефіцієнт життєвості","Сумська","Місячна","2010-M03","47"
"Коефіцієнт життєвості","Сумська","Місячна","2010-M04","46"
"Коефіцієнт життєвості","Сумська","Місячна","2010-M05","47"
"Коефіцієнт життєвості","Сумська","Місячна","2010-M06","48"
"Коефіцієнт життєвості","Сумська","Місячна","2010-M07","50"
"Коефіцієнт життєвості","Сумська","Місячна","2010-M08","50"
"Коефіцієнт життєвості","Сумська","Місячна","2010-M09","51"
"Коефіцієнт життєвості","Сумська","Місячна","2010-M10","51"
"Коефіцієнт життєвості","Сумська","Місячна","2010-M11","51"
"Коефіцієнт життєвості","Сумська","Місячна","2010-M12","51"
"Коефіцієнт життєвості","Сумська","Місячна","2011-M01","51"
"Коефіцієнт життєвості","Сумська","Місячна","2011-M02","52"
"Коефіцієнт життєвості","Сумська","Місячна","2011-M03","52"
"Коефіцієнт життєвості","Сумська","Місячна","2011-M04","50"
"Коефіцієнт життєвості","Сумська","Місячна","2011-M05","50"
"Коефіцієнт життєвості","Сумська","Місячна","2011-M06","50"
"Коефіцієнт життєвості","Сумська","Місячна","2011-M07","52"
"Коефіцієнт життєвості","Сумська","Місячна","2011-M08","54"
"Коефіцієнт життєвості","Сумська","Місячна","2011-M09","55"
"Коефіцієнт життєвості","Сумська","Місячна","2011-M10","55"
"Коефіцієнт життєвості","Сумська","Місячна","2011-M11","55"
"Коефіцієнт життєвості","Сумська","Місячна","2011-M12","56"
"Коефіцієнт життєвості","Сумська","Місячна","2012-M01","53"
"Коефіцієнт життєвості","Сумська","Місячна","2012-M02","56"
"Коефіцієнт життєвості","Сумська","Місячна","2012-M03","56"
"Коефіцієнт життєвості","Сумська","Місячна","2012-M04","55"
"Коефіцієнт життєвості","Сумська","Місячна","2012-M05","55"
"Коефіцієнт життєвості","Сумська","Місячна","2012-M06","56"
"Коефіцієнт життєвості","Сумська","Місячна","2012-M07","57"
"Коефіцієнт життєвості","Сумська","Місячна","2012-M08","58"
"Коефіцієнт життєвості","Сумська","Місячна","2012-M09","59"
"Коефіцієнт життєвості","Сумська","Місячна","2012-M10","59"
"Коефіцієнт життєвості","Сумська","Місячна","2012-M11","59"
"Коефіцієнт життєвості","Сумська","Місячна","2012-M12","58"
"Коефіцієнт життєвості","Сумська","Місячна","2013-M01","54"
"Коефіцієнт життєвості","Сумська","Місячна","2013-M02","52"
"Коефіцієнт життєвості","Сумська","Місячна","2013-M03","50"
"Коефіцієнт життєвості","Сумська","Місячна","2013-M04","50"
"Коефіцієнт життєвості","Сумська","Місячна","2013-M05","49"
"Коефіцієнт життєвості","Сумська","Місячна","2013-M06","50"
"Коефіцієнт життєвості","Сумська","Місячна","2013-M07","52"
"Коефіцієнт життєвості","Сумська","Місячна","2013-M08","53"
"Коефіцієнт життєвості","Сумська","Місячна","2013-M09","54"
"Коефіцієнт життєвості","Сумська","Місячна","2013-M10","54"
"Коефіцієнт життєвості","Сумська","Місячна","2013-M11","55"
"Коефіцієнт життєвості","Сумська","Місячна","2013-M12","54"
"Коефіцієнт життєвості","Сумська","Місячна","2014-M01","45"
"Коефіцієнт життєвості","Сумська","Місячна","2014-M02","47"
"Коефіцієнт життєвості","Сумська","Місячна","2014-M03","47"
"Коефіцієнт життєвості","Сумська","Місячна","2014-M04","48"
"Коефіцієнт життєвості","Сумська","Місячна","2014-M05","48"
"Коефіцієнт життєвості","Сумська","Місячна","2014-M06","50"
"Коефіцієнт життєвості","Сумська","Місячна","2014-M07","52"
"Коефіцієнт життєвості","Сумська","Місячна","2014-M08","53"
"Коефіцієнт життєвості","Сумська","Місячна","2014-M09","54"
"Коефіцієнт життєвості","Сумська","Місячна","2014-M10","55"
"Коефіцієнт життєвості","Сумська","Місячна","2014-M11","54"
"Коефіцієнт життєвості","Сумська","Місячна","2014-M12","53"
"Коефіцієнт життєвості","Сумська","Місячна","2015-M01","47"
"Коефіцієнт життєвості","Сумська","Місячна","2015-M02","48"
"Коефіцієнт життєвості","Сумська","Місячна","2015-M03","46"
"Коефіцієнт життєвості","Сумська","Місячна","2015-M04","47"
"Коефіцієнт життєвості","Сумська","Місячна","2015-M05","46"
"Коефіцієнт життєвості","Сумська","Місячна","2015-M06","46"
"Коефіцієнт життєвості","Сумська","Місячна","2015-M07","49"
"Коефіцієнт життєвості","Сумська","Місячна","2015-M08","50"
"Коефіцієнт життєвості","Сумська","Місячна","2015-M09","52"
"Коефіцієнт життєвості","Сумська","Місячна","2015-M10","52"
"Коефіцієнт життєвості","Сумська","Місячна","2015-M11","52"
"Коефіцієнт життєвості","Сумська","Місячна","2015-M12","52"
"Коефіцієнт життєвості","Сумська","Місячна","2016-M01","41"
"Коефіцієнт життєвості","Сумська","Місячна","2016-M02","42"
"Коефіцієнт життєвості","Сумська","Місячна","2016-M03","45"
"Коефіцієнт життєвості","Сумська","Місячна","2016-M04","45"
"Коефіцієнт життєвості","Сумська","Місячна","2016-M05","45"
"Коефіцієнт життєвості","Сумська","Місячна","2016-M06","45"
"Коефіцієнт життєвості","Сумська","Місячна","2016-M07","47"
"Коефіцієнт життєвості","Сумська","Місячна","2016-M08","48"
"Коефіцієнт життєвості","Сумська","Місячна","2016-M09","48"
"Коефіцієнт життєвості","Сумська","Місячна","2016-M10","48"
"Коефіцієнт життєвості","Сумська","Місячна","2016-M11","48"
"Коефіцієнт життєвості","Сумська","Місячна","2016-M12","47"
"Коефіцієнт життєвості","Сумська","Місячна","2017-M01","41"
"Коефіцієнт життєвості","Сумська","Місячна","2017-M02","42"
"Коефіцієнт життєвості","Сумська","Місячна","2017-M03","44"
"Коефіцієнт життєвості","Сумська","Місячна","2017-M04","43"
"Коефіцієнт життєвості","Сумська","Місячна","2017-M05","42"
"Коефіцієнт життєвості","Сумська","Місячна","2017-M06","43"
"Коефіцієнт життєвості","Сумська","Місячна","2017-M07","44"
"Коефіцієнт життєвості","Сумська","Місячна","2017-M08","46"
"Коефіцієнт життєвості","Сумська","Місячна","2017-M09","46"
"Коефіцієнт життєвості","Сумська","Місячна","2017-M10","47"
"Коефіцієнт життєвості","Сумська","Місячна","2017-M11","46"
"Коефіцієнт життєвості","Сумська","Місячна","2017-M12","46"
"Коефіцієнт життєвості","Сумська","Місячна","2018-M01","42"
"Коефіцієнт життєвості","Сумська","Місячна","2018-M02","40"
"Коефіцієнт життєвості","Сумська","Місячна","2018-M03","39"
"Коефіцієнт життєвості","Сумська","Місячна","2018-M04","38"
"Коефіцієнт життєвості","Сумська","Місячна","2018-M05","38"
"Коефіцієнт життєвості","Сумська","Місячна","2018-M06","39"
"Коефіцієнт життєвості","Сумська","Місячна","2018-M07","40"
"Коефіцієнт життєвості","Сумська","Місячна","2018-M08","41"
"Коефіцієнт життєвості","Сумська","Місячна","2018-M09","42"
"Коефіцієнт життєвості","Сумська","Місячна","2018-M10","41"
"Коефіцієнт життєвості","Сумська","Місячна","2018-M11","40"
"Коефіцієнт життєвості","Сумська","Місячна","2018-M12","40"
"Коефіцієнт життєвості","Сумська","Місячна","2019-M01","30"
"Коефіцієнт життєвості","Сумська","Місячна","2019-M02","33"
"Коефіцієнт життєвості","Сумська","Місячна","2019-M03","33"
"Коефіцієнт життєвості","Сумська","Місячна","2019-M04","33"
"Коефіцієнт життєвості","Сумська","Місячна","2019-M05","33"
"Коефіцієнт життєвості","Сумська","Місячна","2019-M06","34"
"Коефіцієнт життєвості","Сумська","Місячна","2019-M07","35"
"Коефіцієнт життєвості","Сумська","Місячна","2019-M08","36"
"Коефіцієнт життєвості","Сумська","Місячна","2019-M09","37"
"Коефіцієнт життєвості","Сумська","Місячна","2019-M10","37"
"Коефіцієнт життєвості","Сумська","Місячна","2019-M11","37"
"Коефіцієнт життєвості","Сумська","Місячна","2019-M12","37"
"Коефіцієнт життєвості","Сумська","Місячна","2020-M01","36"
"Коефіцієнт життєвості","Сумська","Місячна","2020-M02","35"
"Коефіцієнт життєвості","Сумська","Місячна","2020-M03","32"
"Коефіцієнт життєвості","Сумська","Місячна","2020-M04","32"
"Коефіцієнт життєвості","Сумська","Місячна","2020-M05","33"
"Коефіцієнт життєвості","Сумська","Місячна","2020-M06","33"
"Коефіцієнт життєвості","Сумська","Місячна","2020-M07","34"
"Коефіцієнт життєвості","Сумська","Місячна","2020-M08","35"
"Коефіцієнт життєвості","Сумська","Місячна","2020-M09","35"
"Коефіцієнт життєвості","Сумська","Місячна","2020-M10","34"
"Коефіцієнт життєвості","Сумська","Місячна","2020-M11","33"
"Коефіцієнт життєвості","Сумська","Місячна","2020-M12","32"
"Коефіцієнт життєвості","Сумська","Місячна","2021-M01","26"
"Коефіцієнт життєвості","Сумська","Місячна","2021-M02","28"
"Коефіцієнт життєвості","Сумська","Місячна","2021-M03","28"
"Коефіцієнт життєвості","Сумська","Місячна","2021-M04","26"
"Коефіцієнт життєвості","Сумська","Місячна","2021-M05","26"
"Коефіцієнт життєвості","Сумська","Місячна","2021-M06","26"
"Коефіцієнт життєвості","Сумська","Місячна","2021-M07","27"
"Коефіцієнт життєвості","Сумська","Місячна","2021-M08","28"
"Коефіцієнт життєвості","Сумська","Місячна","2021-M09","29"
"Коефіцієнт життєвості","Сумська","Місячна","2021-M10","28"
"Коефіцієнт життєвості","Сумська","Місячна","2021-M11","26"
"Коефіцієнт життєвості","Сумська","Місячна","2021-M12","26"
"Коефіцієнт життєвості","Чернівецька","Місячна","2005-M01","65"
"Коефіцієнт життєвості","Чернівецька","Місячна","2005-M02","69"
"Коефіцієнт життєвості","Чернівецька","Місячна","2005-M03","69"
"Коефіцієнт життєвості","Чернівецька","Місячна","2005-M04","71"
"Коефіцієнт життєвості","Чернівецька","Місячна","2005-M05","71"
"Коефіцієнт життєвості","Чернівецька","Місячна","2005-M06","73"
"Коефіцієнт життєвості","Чернівецька","Місячна","2005-M07","76"
"Коефіцієнт життєвості","Чернівецька","Місячна","2005-M08","78"
"Коефіцієнт життєвості","Чернівецька","Місячна","2005-M09","78"
"Коефіцієнт життєвості","Чернівецька","Місячна","2005-M10","78"
"Коефіцієнт життєвості","Чернівецька","Місячна","2005-M11","78"
"Коефіцієнт життєвості","Чернівецька","Місячна","2005-M12","77"
"Коефіцієнт життєвості","Чернівецька","Місячна","2006-M01","60"
"Коефіцієнт життєвості","Чернівецька","Місячна","2006-M02","71"
"Коефіцієнт життєвості","Чернівецька","Місячна","2006-M03","71"
"Коефіцієнт життєвості","Чернівецька","Місячна","2006-M04","71"
"Коефіцієнт життєвості","Чернівецька","Місячна","2006-M05","73"
"Коефіцієнт життєвості","Чернівецька","Місячна","2006-M06","75"
"Коефіцієнт життєвості","Чернівецька","Місячна","2006-M07","78"
"Коефіцієнт життєвості","Чернівецька","Місячна","2006-M08","82"
"Коефіцієнт життєвості","Чернівецька","Місячна","2006-M09","84"
"Коефіцієнт життєвості","Чернівецька","Місячна","2006-M10","84"
"Коефіцієнт життєвості","Чернівецька","Місячна","2006-M11","84"
"Коефіцієнт життєвості","Чернівецька","Місячна","2006-M12","83"
"Коефіцієнт життєвості","Чернівецька","Місячна","2007-M01","68"
"Коефіцієнт життєвості","Чернівецька","Місячна","2007-M02","70"
"Коефіцієнт життєвості","Чернівецька","Місячна","2007-M03","70"
"Коефіцієнт життєвості","Чернівецька","Місячна","2007-M04","72"
"Коефіцієнт життєвості","Чернівецька","Місячна","2007-M05","74"
"Коефіцієнт життєвості","Чернівецька","Місячна","2007-M06","77"
"Коефіцієнт життєвості","Чернівецька","Місячна","2007-M07","80"
"Коефіцієнт життєвості","Чернівецька","Місячна","2007-M08","83"
"Коефіцієнт життєвості","Чернівецька","Місячна","2007-M09","84"
"Коефіцієнт життєвості","Чернівецька","Місячна","2007-M10","84"
"Коефіцієнт життєвості","Чернівецька","Місячна","2007-M11","83"
"Коефіцієнт життєвості","Чернівецька","Місячна","2007-M12","81"
"Коефіцієнт життєвості","Чернівецька","Місячна","2008-M01","67"
"Коефіцієнт життєвості","Чернівецька","Місячна","2008-M02","73"
"Коефіцієнт життєвості","Чернівецька","Місячна","2008-M03","72"
"Коефіцієнт життєвості","Чернівецька","Місячна","2008-M04","73"
"Коефіцієнт життєвості","Чернівецька","Місячна","2008-M05","76"
"Коефіцієнт життєвості","Чернівецька","Місячна","2008-M06","79"
"Коефіцієнт життєвості","Чернівецька","Місячна","2008-M07","84"
"Коефіцієнт життєвості","Чернівецька","Місячна","2008-M08","87"
"Коефіцієнт життєвості","Чернівецька","Місячна","2008-M09","90"
"Коефіцієнт життєвості","Чернівецька","Місячна","2008-M10","91"
"Коефіцієнт життєвості","Чернівецька","Місячна","2008-M11","91"
"Коефіцієнт життєвості","Чернівецька","Місячна","2008-M12","91"
"Коефіцієнт життєвості","Чернівецька","Місячна","2009-M01","68"
"Коефіцієнт життєвості","Чернівецька","Місячна","2009-M02","84"
"Коефіцієнт життєвості","Чернівецька","Місячна","2009-M03","85"
"Коефіцієнт життєвості","Чернівецька","Місячна","2009-M04","85"
"Коефіцієнт життєвості","Чернівецька","Місячна","2009-M05","86"
"Коефіцієнт життєвості","Чернівецька","Місячна","2009-M06","87"
"Коефіцієнт життєвості","Чернівецька","Місячна","2009-M07","91"
"Коефіцієнт життєвості","Чернівецька","Місячна","2009-M08","94"
"Коефіцієнт життєвості","Чернівецька","Місячна","2009-M09","96"
"Коефіцієнт життєвості","Чернівецька","Місячна","2009-M10","96"
"Коефіцієнт життєвості","Чернівецька","Місячна","2009-M11","96"
"Коефіцієнт життєвості","Чернівецька","Місячна","2009-M12","95"
"Коефіцієнт життєвості","Чернівецька","Місячна","2010-M01","82"
"Коефіцієнт життєвості","Чернівецька","Місячна","2010-M02","85"
"Коефіцієнт життєвості","Чернівецька","Місячна","2010-M03","84"
"Коефіцієнт життєвості","Чернівецька","Місячна","2010-M04","86"
"Коефіцієнт життєвості","Чернівецька","Місячна","2010-M05","88"
"Коефіцієнт життєвості","Чернівецька","Місячна","2010-M06","90"
"Коефіцієнт життєвості","Чернівецька","Місячна","2010-M07","93"
"Коефіцієнт життєвості","Чернівецька","Місячна","2010-M08","94"
"Коефіцієнт життєвості","Чернівецька","Місячна","2010-M09","95"
"Коефіцієнт життєвості","Чернівецька","Місячна","2010-M10","95"
"Коефіцієнт життєвості","Чернівецька","Місячна","2010-M11","95"
"Коефіцієнт життєвості","Чернівецька","Місячна","2010-M12","94"
"Коефіцієнт життєвості","Чернівецька","Місячна","2011-M01","82"
"Коефіцієнт життєвості","Чернівецька","Місячна","2011-M02","91"
"Коефіцієнт життєвості","Чернівецька","Місячна","2011-M03","87"
"Коефіцієнт життєвості","Чернівецька","Місячна","2011-M04","87"
"Коефіцієнт життєвості","Чернівецька","Місячна","2011-M05","88"
"Коефіцієнт життєвості","Чернівецька","Місячна","2011-M06","90"
"Коефіцієнт життєвості","Чернівецька","Місячна","2011-M07","95"
"Коефіцієнт життєвості","Чернівецька","Місячна","2011-M08","98"
"Коефіцієнт життєвості","Чернівецька","Місячна","2011-M09","100"
"Коефіцієнт життєвості","Чернівецька","Місячна","2011-M10","101"
"Коефіцієнт життєвості","Чернівецька","Місячна","2011-M11","101"
"Коефіцієнт життєвості","Чернівецька","Місячна","2011-M12","101"
"Коефіцієнт життєвості","Чернівецька","Місячна","2012-M01","81"
"Коефіцієнт життєвості","Чернівецька","Місячна","2012-M02","92"
"Коефіцієнт життєвості","Чернівецька","Місячна","2012-M03","94"
"Коефіцієнт життєвості","Чернівецька","Місячна","2012-M04","90"
"Коефіцієнт життєвості","Чернівецька","Місячна","2012-M05","92"
"Коефіцієнт життєвості","Чернівецька","Місячна","2012-M06","94"
"Коефіцієнт життєвості","Чернівецька","Місячна","2012-M07","98"
"Коефіцієнт життєвості","Чернівецька","Місячна","2012-M08","102"
"Коефіцієнт життєвості","Чернівецька","Місячна","2012-M09","104"
"Коефіцієнт життєвості","Чернівецька","Місячна","2012-M10","104"
"Коефіцієнт життєвості","Чернівецька","Місячна","2012-M11","104"
"Коефіцієнт життєвості","Чернівецька","Місячна","2012-M12","102"
"Коефіцієнт життєвості","Чернівецька","Місячна","2013-M01","87"
"Коефіцієнт життєвості","Чернівецька","Місячна","2013-M02","86"
"Коефіцієнт життєвості","Чернівецька","Місячна","2013-M03","89"
"Коефіцієнт життєвості","Чернівецька","Місячна","2013-M04","87"
"Коефіцієнт життєвості","Чернівецька","Місячна","2013-M05","89"
"Коефіцієнт життєвості","Чернівецька","Місячна","2013-M06","91"
"Коефіцієнт життєвості","Чернівецька","Місячна","2013-M07","96"
"Коефіцієнт життєвості","Чернівецька","Місячна","2013-M08","98"
"Коефіцієнт життєвості","Чернівецька","Місячна","2013-M09","100"
"Коефіцієнт життєвості","Чернівецька","Місячна","2013-M10","101"
"Коефіцієнт життєвості","Чернівецька","Місячна","2013-M11","101"
"Коефіцієнт життєвості","Чернівецька","Місячна","2013-M12","100"
"Коефіцієнт життєвості","Чернівецька","Місячна","2014-M01","82"
"Коефіцієнт життєвості","Чернівецька","Місячна","2014-M02","85"
"Коефіцієнт життєвості","Чернівецька","Місячна","2014-M03","85"
"Коефіцієнт життєвості","Чернівецька","Місячна","2014-M04","88"
"Коефіцієнт життєвості","Чернівецька","Місячна","2014-M05","91"
"Коефіцієнт життєвості","Чернівецька","Місячна","2014-M06","94"
"Коефіцієнт життєвості","Чернівецька","Місячна","2014-M07","98"
"Коефіцієнт життєвості","Чернівецька","Місячна","2014-M08","102"
"Коефіцієнт життєвості","Чернівецька","Місячна","2014-M09","103"
"Коефіцієнт життєвості","Чернівецька","Місячна","2014-M10","104"
"Коефіцієнт життєвості","Чернівецька","Місячна","2014-M11","102"
"Коефіцієнт життєвості","Чернівецька","Місячна","2014-M12","101"
"Коефіцієнт життєвості","Чернівецька","Місячна","2015-M01","80"
"Коефіцієнт життєвості","Чернівецька","Місячна","2015-M02","83"
"Коефіцієнт життєвості","Чернівецька","Місячна","2015-M03","78"
"Коефіцієнт життєвості","Чернівецька","Місячна","2015-M04","79"
"Коефіцієнт життєвості","Чернівецька","Місячна","2015-M05","81"
"Коефіцієнт життєвості","Чернівецька","Місячна","2015-M06","83"
"Коефіцієнт життєвості","Чернівецька","Місячна","2015-M07","87"
"Коефіцієнт життєвості","Чернівецька","Місячна","2015-M08","89"
"Коефіцієнт життєвості","Чернівецька","Місячна","2015-M09","92"
"Коефіцієнт життєвості","Чернівецька","Місячна","2015-M10","93"
"Коефіцієнт життєвості","Чернівецька","Місячна","2015-M11","92"
"Коефіцієнт життєвості","Чернівецька","Місячна","2015-M12","91"
"Коефіцієнт життєвості","Чернівецька","Місячна","2016-M01","74"
"Коефіцієнт життєвості","Чернівецька","Місячна","2016-M02","78"
"Коефіцієнт життєвості","Чернівецька","Місячна","2016-M03","81"
"Коефіцієнт життєвості","Чернівецька","Місячна","2016-M04","82"
"Коефіцієнт життєвості","Чернівецька","Місячна","2016-M05","82"
"Коефіцієнт життєвості","Чернівецька","Місячна","2016-M06","82"
"Коефіцієнт життєвості","Чернівецька","Місячна","2016-M07","86"
"Коефіцієнт життєвості","Чернівецька","Місячна","2016-M08","89"
"Коефіцієнт життєвості","Чернівецька","Місячна","2016-M09","91"
"Коефіцієнт життєвості","Чернівецька","Місячна","2016-M10","92"
"Коефіцієнт життєвості","Чернівецька","Місячна","2016-M11","91"
"Коефіцієнт життєвості","Чернівецька","Місячна","2016-M12","89"
"Коефіцієнт життєвості","Чернівецька","Місячна","2017-M01","64"
"Коефіцієнт життєвості","Чернівецька","Місячна","2017-M02","71"
"Коефіцієнт життєвості","Чернівецька","Місячна","2017-M03","76"
"Коефіцієнт життєвості","Чернівецька","Місячна","2017-M04","75"
"Коефіцієнт життєвості","Чернівецька","Місячна","2017-M05","77"
"Коефіцієнт життєвості","Чернівецька","Місячна","2017-M06","79"
"Коефіцієнт життєвості","Чернівецька","Місячна","2017-M07","82"
"Коефіцієнт життєвості","Чернівецька","Місячна","2017-M08","85"
"Коефіцієнт життєвості","Чернівецька","Місячна","2017-M09","87"
"Коефіцієнт життєвості","Чернівецька","Місячна","2017-M10","87"
"Коефіцієнт життєвості","Чернівецька","Місячна","2017-M11","86"
"Коефіцієнт життєвості","Чернівецька","Місячна","2017-M12","84"
"Коефіцієнт життєвості","Чернівецька","Місячна","2018-M01","71"
"Коефіцієнт життєвості","Чернівецька","Місячна","2018-M02","73"
"Коефіцієнт життєвості","Чернівецька","Місячна","2018-M03","69"
"Коефіцієнт життєвості","Чернівецька","Місячна","2018-M04","71"
"Коефіцієнт життєвості","Чернівецька","Місячна","2018-M05","72"
"Коефіцієнт життєвості","Чернівецька","Місячна","2018-M06","75"
"Коефіцієнт життєвості","Чернівецька","Місячна","2018-M07","76"
"Коефіцієнт життєвості","Чернівецька","Місячна","2018-M08","78"
"Коефіцієнт життєвості","Чернівецька","Місячна","2018-M09","80"
"Коефіцієнт життєвості","Чернівецька","Місячна","2018-M10","80"
"Коефіцієнт життєвості","Чернівецька","Місячна","2018-M11","79"
"Коефіцієнт життєвості","Чернівецька","Місячна","2018-M12","77"
"Коефіцієнт життєвості","Чернівецька","Місячна","2019-M01","65"
"Коефіцієнт життєвості","Чернівецька","Місячна","2019-M02","64"
"Коефіцієнт життєвості","Чернівецька","Місячна","2019-M03","64"
"Коефіцієнт життєвості","Чернівецька","Місячна","2019-M04","65"
"Коефіцієнт життєвості","Чернівецька","Місячна","2019-M05","66"
"Коефіцієнт життєвості","Чернівецька","Місячна","2019-M06","68"
"Коефіцієнт життєвості","Чернівецька","Місячна","2019-M07","71"
"Коефіцієнт життєвості","Чернівецька","Місячна","2019-M08","75"
"Коефіцієнт життєвості","Чернівецька","Місячна","2019-M09","76"
"Коефіцієнт життєвості","Чернівецька","Місячна","2019-M10","77"
"Коефіцієнт життєвості","Чернівецька","Місячна","2019-M11","76"
"Коефіцієнт життєвості","Чернівецька","Місячна","2019-M12","75"
"Коефіцієнт життєвості","Чернівецька","Місячна","2020-M01","63"
"Коефіцієнт життєвості","Чернівецька","Місячна","2020-M02","67"
"Коефіцієнт життєвості","Чернівецька","Місячна","2020-M03","64"
"Коефіцієнт життєвості","Чернівецька","Місячна","2020-M04","62"
"Коефіцієнт життєвості","Чернівецька","Місячна","2020-M05","63"
"Коефіцієнт життєвості","Чернівецька","Місячна","2020-M06","64"
"Коефіцієнт життєвості","Чернівецька","Місячна","2020-M07","66"
"Коефіцієнт життєвості","Чернівецька","Місячна","2020-M08","67"
"Коефіцієнт життєвості","Чернівецька","Місячна","2020-M09","68"
"Коефіцієнт життєвості","Чернівецька","Місячна","2020-M10","68"
"Коефіцієнт життєвості","Чернівецька","Місячна","2020-M11","66"
"Коефіцієнт життєвості","Чернівецька","Місячна","2020-M12","64"
"Коефіцієнт життєвості","Чернівецька","Місячна","2021-M01","55"
"Коефіцієнт життєвості","Чернівецька","Місячна","2021-M02","57"
"Коефіцієнт життєвості","Чернівецька","Місячна","2021-M03","51"
"Коефіцієнт життєвості","Чернівецька","Місячна","2021-M04","51"
"Коефіцієнт життєвості","Чернівецька","Місячна","2021-M05","51"
"Коефіцієнт життєвості","Чернівецька","Місячна","2021-M06","54"
"Коефіцієнт життєвості","Чернівецька","Місячна","2021-M07","57"
"Коефіцієнт життєвості","Чернівецька","Місячна","2021-M08","59"
"Коефіцієнт життєвості","Чернівецька","Місячна","2021-M09","59"
"Коефіцієнт життєвості","Чернівецька","Місячна","2021-M10","58"
"Коефіцієнт життєвості","Чернівецька","Місячна","2021-M11","56"
"Коефіцієнт життєвості","Чернівецька","Місячна","2021-M12","55"
"Коефіцієнт життєвості","Кіровоградська","Місячна","2005-M01","35"
"Коефіцієнт життєвості","Кіровоградська","Місячна","2005-M02","35"
"Коефіцієнт життєвості","Кіровоградська","Місячна","2005-M03","36"
"Коефіцієнт життєвості","Кіровоградська","Місячна","2005-M04","38"
"Коефіцієнт життєвості","Кіровоградська","Місячна","2005-M05","39"
"Коефіцієнт життєвості","Кіровоградська","Місячна","2005-M06","40"
"Коефіцієнт життєвості","Кіровоградська","Місячна","2005-M07","41"
"Коефіцієнт життєвості","Кіровоградська","Місячна","2005-M08","43"
"Коефіцієнт життєвості","Кіровоградська","Місячна","2005-M09","44"
"Коефіцієнт життєвості","Кіровоградська","Місячна","2005-M10","45"
"Коефіцієнт життєвості","Кіровоградська","Місячна","2005-M11","45"
"Коефіцієнт життєвості","Кіровоградська","Місячна","2005-M12","44"
"Коефіцієнт життєвості","Кіровоградська","Місячна","2006-M01","36"
"Коефіцієнт життєвості","Кіровоградська","Місячна","2006-M02","40"
"Коефіцієнт життєвості","Кіровоградська","Місячна","2006-M03","43"
"Коефіцієнт життєвості","Кіровоградська","Місячна","2006-M04","44"
"Коефіцієнт життєвості","Кіровоградська","Місячна","2006-M05","46"
"Коефіцієнт життєвості","Кіровоградська","Місячна","2006-M06","47"
"Коефіцієнт життєвості","Кіровоградська","Місячна","2006-M07","49"
"Коефіцієнт життєвості","Кіровоградська","Місячна","2006-M08","50"
"Коефіцієнт життєвості","Кіровоградська","Місячна","2006-M09","52"
"Коефіцієнт життєвості","Кіровоградська","Місячна","2006-M10","51"
"Коефіцієнт життєвості","Кіровоградська","Місячна","2006-M11","51"
"Коефіцієнт життєвості","Кіровоградська","Місячна","2006-M12","51"
"Коефіцієнт життєвості","Кіровоградська","Місячна","2007-M01","49"
"Коефіцієнт життєвості","Кіровоградська","Місячна","2007-M02","50"
"Коефіцієнт життєвості","Кіровоградська","Місячна","2007-M03","48"
"Коефіцієнт життєвості","Кіровоградська","Місячна","2007-M04","48"
"Коефіцієнт життєвості","Кіровоградська","Місячна","2007-M05","49"
"Коефіцієнт життєвості","Кіровоградська","Місячна","2007-M06","50"
"Коефіцієнт життєвості","Кіровоградська","Місячна","2007-M07","51"
"Коефіцієнт життєвості","Кіровоградська","Місячна","2007-M08","53"
"Коефіцієнт життєвості","Кіровоградська","Місячна","2007-M09","54"
"Коефіцієнт життєвості","Кіровоградська","Місячна","2007-M10","54"
"Коефіцієнт життєвості","Кіровоградська","Місячна","2007-M11","53"
"Коефіцієнт життєвості","Кіровоградська","Місячна","2007-M12","52"
"Коефіцієнт життєвості","Кіровоградська","Місячна","2008-M01","39"
"Коефіцієнт життєвості","Кіровоградська","Місячна","2008-M02","45"
"Коефіцієнт життєвості","Кіровоградська","Місячна","2008-M03","46"
"Коефіцієнт життєвості","Кіровоградська","Місячна","2008-M04","47"
"Коефіцієнт життєвості","Кіровоградська","Місячна","2008-M05","47"
"Коефіцієнт життєвості","Кіровоградська","Місячна","2008-M06","48"
"Коефіцієнт життєвості","Кіровоградська","Місячна","2008-M07","51"
"Коефіцієнт життєвості","Кіровоградська","Місячна","2008-M08","52"
"Коефіцієнт життєвості","Кіровоградська","Місячна","2008-M09","54"
"Коефіцієнт життєвості","Кіровоградська","Місячна","2008-M10","55"
"Коефіцієнт життєвості","Кіровоградська","Місячна","2008-M11","55"
"Коефіцієнт життєвості","Кіровоградська","Місячна","2008-M12","55"
"Коефіцієнт життєвості","Кіровоградська","Місячна","2009-M01","55"
"Коефіцієнт життєвості","Кіровоградська","Місячна","2009-M02","58"
"Коефіцієнт життєвості","Кіровоградська","Місячна","2009-M03","58"
"Коефіцієнт життєвості","Кіровоградська","Місячна","2009-M04","56"
"Коефіцієнт життєвості","Кіровоградська","Місячна","2009-M05","56"
"Коефіцієнт життєвості","Кіровоградська","Місячна","2009-M06","57"
"Коефіцієнт життєвості","Кіровоградська","Місячна","2009-M07","59"
"Коефіцієнт життєвості","Кіровоградська","Місячна","2009-M08","60"
"Коефіцієнт життєвості","Кіровоградська","Місячна","2009-M09","62"
"Коефіцієнт життєвості","Кіровоградська","Місячна","2009-M10","62"
"Коефіцієнт життєвості","Кіровоградська","Місячна","2009-M11","62"
"Коефіцієнт життєвості","Кіровоградська","Місячна","2009-M12","61"
"Коефіцієнт життєвості","Кіровоградська","Місячна","2010-M01","54"
"Коефіцієнт життєвості","Кіровоградська","Місячна","2010-M02","55"
"Коефіцієнт життєвості","Кіровоградська","Місячна","2010-M03","57"
"Коефіцієнт життєвості","Кіровоградська","Місячна","2010-M04","56"
"Коефіцієнт життєвості","Кіровоградська","Місячна","2010-M05","57"
"Коефіцієнт життєвості","Кіровоградська","Місячна","2010-M06","58"
"Коефіцієнт життєвості","Кіровоградська","Місячна","2010-M07","60"
"Коефіцієнт життєвості","Кіровоградська","Місячна","2010-M08","59"
"Коефіцієнт життєвості","Кіровоградська","Місячна","2010-M09","60"
"Коефіцієнт життєвості","Кіровоградська","Місячна","2010-M10","60"
"Коефіцієнт життєвості","Кіровоградська","Місячна","2010-M11","60"
"Коефіцієнт життєвості","Кіровоградська","Місячна","2010-M12","60"
"Коефіцієнт життєвості","Кіровоградська","Місячна","2011-M01","60"
"Коефіцієнт життєвості","Кіровоградська","Місячна","2011-M02","59"
"Коефіцієнт життєвості","Кіровоградська","Місячна","2011-M03","59"
"Коефіцієнт життєвості","Кіровоградська","Місячна","2011-M04","58"
"Коефіцієнт життєвості","Кіровоградська","Місячна","2011-M05","57"
"Коефіцієнт життєвості","Кіровоградська","Місячна","2011-M06","58"
"Коефіцієнт життєвості","Кіровоградська","Місячна","2011-M07","60"
"Коефіцієнт життєвості","Кіровоградська","Місячна","2011-M08","62"
"Коефіцієнт життєвості","Кіровоградська","Місячна","2011-M09","63"
"Коефіцієнт життєвості","Кіровоградська","Місячна","2011-M10","63"
"Коефіцієнт життєвості","Кіровоградська","Місячна","2011-M11","64"
"Коефіцієнт життєвості","Кіровоградська","Місячна","2011-M12","63"
"Коефіцієнт життєвості","Кіровоградська","Місячна","2012-M01","58"
"Коефіцієнт життєвості","Кіровоградська","Місячна","2012-M02","59"
"Коефіцієнт життєвості","Кіровоградська","Місячна","2012-M03","62"
"Коефіцієнт життєвості","Кіровоградська","Місячна","2012-M04","62"
"Коефіцієнт життєвості","Кіровоградська","Місячна","2012-M05","62"
"Коефіцієнт життєвості","Кіровоградська","Місячна","2012-M06","62"
"Коефіцієнт життєвості","Кіровоградська","Місячна","2012-M07","64"
"Коефіцієнт життєвості","Кіровоградська","Місячна","2012-M08","65"
"Коефіцієнт життєвості","Кіровоградська","Місячна","2012-M09","67"
"Коефіцієнт життєвості","Кіровоградська","Місячна","2012-M10","68"
"Коефіцієнт життєвості","Кіровоградська","Місячна","2012-M11","67"
"Коефіцієнт життєвості","Кіровоградська","Місячна","2012-M12","67"
"Коефіцієнт життєвості","Кіровоградська","Місячна","2013-M01","59"
"Коефіцієнт життєвості","Кіровоградська","Місячна","2013-M02","61"
"Коефіцієнт життєвості","Кіровоградська","Місячна","2013-M03","58"
"Коефіцієнт життєвості","Кіровоградська","Місячна","2013-M04","57"
"Коефіцієнт життєвості","Кіровоградська","Місячна","2013-M05","58"
"Коефіцієнт життєвості","Кіровоградська","Місячна","2013-M06","58"
"Коефіцієнт життєвості","Кіровоградська","Місячна","2013-M07","61"
"Коефіцієнт життєвості","Кіровоградська","Місячна","2013-M08","63"
"Коефіцієнт життєвості","Кіровоградська","Місячна","2013-M09","64"
"Коефіцієнт життєвості","Кіровоградська","Місячна","2013-M10","64"
"Коефіцієнт життєвості","Кіровоградська","Місячна","2013-M11","64"
"Коефіцієнт життєвості","Кіровоградська","Місячна","2013-M12","64"
"Коефіцієнт життєвості","Кіровоградська","Місячна","2014-M01","60"
"Коефіцієнт життєвості","Кіровоградська","Місячна","2014-M02","62"
"Коефіцієнт життєвості","Кіровоградська","Місячна","2014-M03","59"
"Коефіцієнт життєвості","Кіровоградська","Місячна","2014-M04","59"
"Коефіцієнт життєвості","Кіровоградська","Місячна","2014-M05","61"
"Коефіцієнт життєвості","Кіровоградська","Місячна","2014-M06","63"
"Коефіцієнт життєвості","Кіровоградська","Місячна","2014-M07","64"
"Коефіцієнт життєвості","Кіровоградська","Місячна","2014-M08","65"
"Коефіцієнт життєвості","Кіровоградська","Місячна","2014-M09","66"
"Коефіцієнт життєвості","Кіровоградська","Місячна","2014-M10","65"
"Коефіцієнт життєвості","Кіровоградська","Місячна","2014-M11","64"
"Коефіцієнт життєвості","Кіровоградська","Місячна","2014-M12","63"
"Коефіцієнт життєвості","Кіровоградська","Місячна","2015-M01","56"
"Коефіцієнт життєвості","Кіровоградська","Місячна","2015-M02","56"
"Коефіцієнт життєвості","Кіровоградська","Місячна","2015-M03","55"
"Коефіцієнт життєвості","Кіровоградська","Місячна","2015-M04","55"
"Коефіцієнт життєвості","Кіровоградська","Місячна","2015-M05","55"
"Коефіцієнт життєвості","Кіровоградська","Місячна","2015-M06","56"
"Коефіцієнт життєвості","Кіровоградська","Місячна","2015-M07","57"
"Коефіцієнт життєвості","Кіровоградська","Місячна","2015-M08","58"
"Коефіцієнт життєвості","Кіровоградська","Місячна","2015-M09","60"
"Коефіцієнт життєвості","Кіровоградська","Місячна","2015-M10","59"
"Коефіцієнт життєвості","Кіровоградська","Місячна","2015-M11","58"
"Коефіцієнт життєвості","Кіровоградська","Місячна","2015-M12","58"
"Коефіцієнт життєвості","Кіровоградська","Місячна","2016-M01","44"
"Коефіцієнт життєвості","Кіровоградська","Місячна","2016-M02","46"
"Коефіцієнт життєвості","Кіровоградська","Місячна","2016-M03","50"
"Коефіцієнт життєвості","Кіровоградська","Місячна","2016-M04","50"
"Коефіцієнт життєвості","Кіровоградська","Місячна","2016-M05","50"
"Коефіцієнт життєвості","Кіровоградська","Місячна","2016-M06","50"
"Коефіцієнт життєвості","Кіровоградська","Місячна","2016-M07","52"
"Коефіцієнт життєвості","Кіровоградська","Місячна","2016-M08","55"
"Коефіцієнт життєвості","Кіровоградська","Місячна","2016-M09","56"
"Коефіцієнт життєвості","Кіровоградська","Місячна","2016-M10","56"
"Коефіцієнт життєвості","Кіровоградська","Місячна","2016-M11","55"
"Коефіцієнт життєвості","Кіровоградська","Місячна","2016-M12","54"
"Коефіцієнт життєвості","Кіровоградська","Місячна","2017-M01","40"
"Коефіцієнт життєвості","Кіровоградська","Місячна","2017-M02","44"
"Коефіцієнт життєвості","Кіровоградська","Місячна","2017-M03","45"
"Коефіцієнт життєвості","Кіровоградська","Місячна","2017-M04","45"
"Коефіцієнт життєвості","Кіровоградська","Місячна","2017-M05","45"
"Коефіцієнт життєвості","Кіровоградська","Місячна","2017-M06","46"
"Коефіцієнт життєвості","Кіровоградська","Місячна","2017-M07","49"
"Коефіцієнт життєвості","Кіровоградська","Місячна","2017-M08","50"
"Коефіцієнт життєвості","Кіровоградська","Місячна","2017-M09","51"
"Коефіцієнт життєвості","Кіровоградська","Місячна","2017-M10","50"
"Коефіцієнт життєвості","Кіровоградська","Місячна","2017-M11","50"
"Коефіцієнт життєвості","Кіровоградська","Місячна","2017-M12","50"
"Коефіцієнт життєвості","Кіровоградська","Місячна","2018-M01","42"
"Коефіцієнт життєвості","Кіровоградська","Місячна","2018-M02","44"
"Коефіцієнт життєвості","Кіровоградська","Місячна","2018-M03","43"
"Коефіцієнт життєвості","Кіровоградська","Місячна","2018-M04","43"
"Коефіцієнт життєвості","Кіровоградська","Місячна","2018-M05","43"
"Коефіцієнт життєвості","Кіровоградська","Місячна","2018-M06","44"
"Коефіцієнт життєвості","Кіровоградська","Місячна","2018-M07","46"
"Коефіцієнт життєвості","Кіровоградська","Місячна","2018-M08","46"
"Коефіцієнт життєвості","Кіровоградська","Місячна","2018-M09","47"
"Коефіцієнт життєвості","Кіровоградська","Місячна","2018-M10","47"
"Коефіцієнт життєвості","Кіровоградська","Місячна","2018-M11","47"
"Коефіцієнт життєвості","Кіровоградська","Місячна","2018-M12","46"
"Коефіцієнт життєвості","Кіровоградська","Місячна","2019-M01","34"
"Коефіцієнт життєвості","Кіровоградська","Місячна","2019-M02","36"
"Коефіцієнт життєвості","Кіровоградська","Місячна","2019-M03","37"
"Коефіцієнт життєвості","Кіровоградська","Місячна","2019-M04","37"
"Коефіцієнт життєвості","Кіровоградська","Місячна","2019-M05","37"
"Коефіцієнт життєвості","Кіровоградська","Місячна","2019-M06","37"
"Коефіцієнт життєвості","Кіровоградська","Місячна","2019-M07","39"
"Коефіцієнт життєвості","Кіровоградська","Місячна","2019-M08","41"
"Коефіцієнт життєвості","Кіровоградська","Місячна","2019-M09","41"
"Коефіцієнт життєвості","Кіровоградська","Місячна","2019-M10","41"
"Коефіцієнт життєвості","Кіровоградська","Місячна","2019-M11","41"
"Коефіцієнт життєвості","Кіровоградська","Місячна","2019-M12","41"
"Коефіцієнт життєвості","Кіровоградська","Місячна","2020-M01","41"
"Коефіцієнт життєвості","Кіровоградська","Місячна","2020-M02","39"
"Коефіцієнт життєвості","Кіровоградська","Місячна","2020-M03","36"
"Коефіцієнт життєвості","Кіровоградська","Місячна","2020-M04","35"
"Коефіцієнт життєвості","Кіровоградська","Місячна","2020-M05","35"
"Коефіцієнт життєвості","Кіровоградська","Місячна","2020-M06","36"
"Коефіцієнт життєвості","Кіровоградська","Місячна","2020-M07","37"
"Коефіцієнт життєвості","Кіровоградська","Місячна","2020-M08","38"
"Коефіцієнт життєвості","Кіровоградська","Місячна","2020-M09","39"
"Коефіцієнт життєвості","Кіровоградська","Місячна","2020-M10","39"
"Коефіцієнт життєвості","Кіровоградська","Місячна","2020-M11","37"
"Коефіцієнт життєвості","Кіровоградська","Місячна","2020-M12","36"
"Коефіцієнт життєвості","Кіровоградська","Місячна","2021-M01","29"
"Коефіцієнт життєвості","Кіровоградська","Місячна","2021-M02","31"
"Коефіцієнт життєвості","Кіровоградська","Місячна","2021-M03","31"
"Коефіцієнт життєвості","Кіровоградська","Місячна","2021-M04","29"
"Коефіцієнт життєвості","Кіровоградська","Місячна","2021-M05","28"
"Коефіцієнт життєвості","Кіровоградська","Місячна","2021-M06","29"
"Коефіцієнт життєвості","Кіровоградська","Місячна","2021-M07","30"
"Коефіцієнт життєвості","Кіровоградська","Місячна","2021-M08","32"
"Коефіцієнт життєвості","Кіровоградська","Місячна","2021-M09","33"
"Коефіцієнт життєвості","Кіровоградська","Місячна","2021-M10","32"
"Коефіцієнт життєвості","Кіровоградська","Місячна","2021-M11","30"
"Коефіцієнт життєвості","Кіровоградська","Місячна","2021-M12","29"
"Коефіцієнт життєвості","Полтавська","Місячна","2005-M01","34"
"Коефіцієнт життєвості","Полтавська","Місячна","2005-M02","35"
"Коефіцієнт життєвості","Полтавська","Місячна","2005-M03","35"
"Коефіцієнт життєвості","Полтавська","Місячна","2005-M04","36"
"Коефіцієнт життєвості","Полтавська","Місячна","2005-M05","36"
"Коефіцієнт життєвості","Полтавська","Місячна","2005-M06","36"
"Коефіцієнт життєвості","Полтавська","Місячна","2005-M07","38"
"Коефіцієнт життєвості","Полтавська","Місячна","2005-M08","39"
"Коефіцієнт життєвості","Полтавська","Місячна","2005-M09","40"
"Коефіцієнт життєвості","Полтавська","Місячна","2005-M10","40"
"Коефіцієнт життєвості","Полтавська","Місячна","2005-M11","40"
"Коефіцієнт життєвості","Полтавська","Місячна","2005-M12","40"
"Коефіцієнт життєвості","Полтавська","Місячна","2006-M01","34"
"Коефіцієнт життєвості","Полтавська","Місячна","2006-M02","38"
"Коефіцієнт життєвості","Полтавська","Місячна","2006-M03","41"
"Коефіцієнт життєвості","Полтавська","Місячна","2006-M04","42"
"Коефіцієнт життєвості","Полтавська","Місячна","2006-M05","43"
"Коефіцієнт життєвості","Полтавська","Місячна","2006-M06","44"
"Коефіцієнт життєвості","Полтавська","Місячна","2006-M07","45"
"Коефіцієнт життєвості","Полтавська","Місячна","2006-M08","47"
"Коефіцієнт життєвості","Полтавська","Місячна","2006-M09","47"
"Коефіцієнт життєвості","Полтавська","Місячна","2006-M10","48"
"Коефіцієнт життєвості","Полтавська","Місячна","2006-M11","48"
"Коефіцієнт життєвості","Полтавська","Місячна","2006-M12","48"
"Коефіцієнт життєвості","Полтавська","Місячна","2007-M01","39"
"Коефіцієнт життєвості","Полтавська","Місячна","2007-M02","41"
"Коефіцієнт життєвості","Полтавська","Місячна","2007-M03","41"
"Коефіцієнт життєвості","Полтавська","Місячна","2007-M04","42"
"Коефіцієнт життєвості","Полтавська","Місячна","2007-M05","42"
"Коефіцієнт життєвості","Полтавська","Місячна","2007-M06","44"
"Коефіцієнт життєвості","Полтавська","Місячна","2007-M07","45"
"Коефіцієнт життєвості","Полтавська","Місячна","2007-M08","47"
"Коефіцієнт життєвості","Полтавська","Місячна","2007-M09","47"
"Коефіцієнт життєвості","Полтавська","Місячна","2007-M10","48"
"Коефіцієнт життєвості","Полтавська","Місячна","2007-M11","47"
"Коефіцієнт життєвості","Полтавська","Місячна","2007-M12","47"
"Коефіцієнт життєвості","Полтавська","Місячна","2008-M01","41"
"Коефіцієнт життєвості","Полтавська","Місячна","2008-M02","45"
"Коефіцієнт життєвості","Полтавська","Місячна","2008-M03","45"
"Коефіцієнт життєвості","Полтавська","Місячна","2008-M04","46"
"Коефіцієнт життєвості","Полтавська","Місячна","2008-M05","47"
"Коефіцієнт життєвості","Полтавська","Місячна","2008-M06","47"
"Коефіцієнт життєвості","Полтавська","Місячна","2008-M07","49"
"Коефіцієнт життєвості","Полтавська","Місячна","2008-M08","51"
"Коефіцієнт життєвості","Полтавська","Місячна","2008-M09","52"
"Коефіцієнт життєвості","Полтавська","Місячна","2008-M10","53"
"Коефіцієнт життєвості","Полтавська","Місячна","2008-M11","53"
"Коефіцієнт життєвості","Полтавська","Місячна","2008-M12","53"
"Коефіцієнт життєвості","Полтавська","Місячна","2009-M01","46"
"Коефіцієнт життєвості","Полтавська","Місячна","2009-M02","51"
"Коефіцієнт життєвості","Полтавська","Місячна","2009-M03","51"
"Коефіцієнт життєвості","Полтавська","Місячна","2009-M04","51"
"Коефіцієнт життєвості","Полтавська","Місячна","2009-M05","51"
"Коефіцієнт життєвості","Полтавська","Місячна","2009-M06","51"
"Коефіцієнт життєвості","Полтавська","Місячна","2009-M07","53"
"Коефіцієнт життєвості","Полтавська","Місячна","2009-M08","54"
"Коефіцієнт життєвості","Полтавська","Місячна","2009-M09","55"
"Коефіцієнт життєвості","Полтавська","Місячна","2009-M10","55"
"Коефіцієнт життєвості","Полтавська","Місячна","2009-M11","55"
"Коефіцієнт життєвості","Полтавська","Місячна","2009-M12","55"
"Коефіцієнт життєвості","Полтавська","Місячна","2010-M01","48"
"Коефіцієнт життєвості","Полтавська","Місячна","2010-M02","51"
"Коефіцієнт життєвості","Полтавська","Місячна","2010-M03","51"
"Коефіцієнт життєвості","Полтавська","Місячна","2010-M04","51"
"Коефіцієнт життєвості","Полтавська","Місячна","2010-M05","52"
"Коефіцієнт життєвості","Полтавська","Місячна","2010-M06","53"
"Коефіцієнт життєвості","Полтавська","Місячна","2010-M07","54"
"Коефіцієнт життєвості","Полтавська","Місячна","2010-M08","54"
"Коефіцієнт життєвості","Полтавська","Місячна","2010-M09","54"
"Коефіцієнт життєвості","Полтавська","Місячна","2010-M10","54"
"Коефіцієнт життєвості","Полтавська","Місячна","2010-M11","55"
"Коефіцієнт життєвості","Полтавська","Місячна","2010-M12","55"
"Коефіцієнт життєвості","Полтавська","Місячна","2011-M01","52"
"Коефіцієнт життєвості","Полтавська","Місячна","2011-M02","54"
"Коефіцієнт життєвості","Полтавська","Місячна","2011-M03","53"
"Коефіцієнт життєвості","Полтавська","Місячна","2011-M04","53"
"Коефіцієнт життєвості","Полтавська","Місячна","2011-M05","52"
"Коефіцієнт життєвості","Полтавська","Місячна","2011-M06","53"
"Коефіцієнт життєвості","Полтавська","Місячна","2011-M07","55"
"Коефіцієнт життєвості","Полтавська","Місячна","2011-M08","57"
"Коефіцієнт життєвості","Полтавська","Місячна","2011-M09","58"
"Коефіцієнт життєвості","Полтавська","Місячна","2011-M10","58"
"Коефіцієнт життєвості","Полтавська","Місячна","2011-M11","58"
"Коефіцієнт життєвості","Полтавська","Місячна","2011-M12","58"
"Коефіцієнт життєвості","Полтавська","Місячна","2012-M01","54"
"Коефіцієнт життєвості","Полтавська","Місячна","2012-M02","55"
"Коефіцієнт життєвості","Полтавська","Місячна","2012-M03","55"
"Коефіцієнт життєвості","Полтавська","Місячна","2012-M04","54"
"Коефіцієнт життєвості","Полтавська","Місячна","2012-M05","56"
"Коефіцієнт життєвості","Полтавська","Місячна","2012-M06","57"
"Коефіцієнт життєвості","Полтавська","Місячна","2012-M07","58"
"Коефіцієнт життєвості","Полтавська","Місячна","2012-M08","60"
"Коефіцієнт життєвості","Полтавська","Місячна","2012-M09","61"
"Коефіцієнт життєвості","Полтавська","Місячна","2012-M10","61"
"Коефіцієнт життєвості","Полтавська","Місячна","2012-M11","61"
"Коефіцієнт життєвості","Полтавська","Місячна","2012-M12","60"
"Коефіцієнт життєвості","Полтавська","Місячна","2013-M01","51"
"Коефіцієнт життєвості","Полтавська","Місячна","2013-M02","54"
"Коефіцієнт життєвості","Полтавська","Місячна","2013-M03","53"
"Коефіцієнт життєвості","Полтавська","Місячна","2013-M04","53"
"Коефіцієнт життєвості","Полтавська","Місячна","2013-M05","52"
"Коефіцієнт життєвості","Полтавська","Місячна","2013-M06","53"
"Коефіцієнт життєвості","Полтавська","Місячна","2013-M07","56"
"Коефіцієнт життєвості","Полтавська","Місячна","2013-M08","58"
"Коефіцієнт життєвості","Полтавська","Місячна","2013-M09","58"
"Коефіцієнт життєвості","Полтавська","Місячна","2013-M10","59"
"Коефіцієнт життєвості","Полтавська","Місячна","2013-M11","59"
"Коефіцієнт життєвості","Полтавська","Місячна","2013-M12","59"
"Коефіцієнт життєвості","Полтавська","Місячна","2014-M01","50"
"Коефіцієнт життєвості","Полтавська","Місячна","2014-M02","52"
"Коефіцієнт життєвості","Полтавська","Місячна","2014-M03","51"
"Коефіцієнт життєвості","Полтавська","Місячна","2014-M04","51"
"Коефіцієнт життєвості","Полтавська","Місячна","2014-M05","52"
"Коефіцієнт життєвості","Полтавська","Місячна","2014-M06","54"
"Коефіцієнт життєвості","Полтавська","Місячна","2014-M07","56"
"Коефіцієнт життєвості","Полтавська","Місячна","2014-M08","57"
"Коефіцієнт життєвості","Полтавська","Місячна","2014-M09","58"
"Коефіцієнт життєвості","Полтавська","Місячна","2014-M10","59"
"Коефіцієнт життєвості","Полтавська","Місячна","2014-M11","59"
"Коефіцієнт життєвості","Полтавська","Місячна","2014-M12","59"
"Коефіцієнт життєвості","Полтавська","Місячна","2015-M01","48"
"Коефіцієнт життєвості","Полтавська","Місячна","2015-M02","51"
"Коефіцієнт життєвості","Полтавська","Місячна","2015-M03","50"
"Коефіцієнт життєвості","Полтавська","Місячна","2015-M04","51"
"Коефіцієнт життєвості","Полтавська","Місячна","2015-M05","51"
"Коефіцієнт життєвості","Полтавська","Місячна","2015-M06","51"
"Коефіцієнт життєвості","Полтавська","Місячна","2015-M07","53"
"Коефіцієнт життєвості","Полтавська","Місячна","2015-M08","54"
"Коефіцієнт життєвості","Полтавська","Місячна","2015-M09","56"
"Коефіцієнт життєвості","Полтавська","Місячна","2015-M10","56"
"Коефіцієнт життєвості","Полтавська","Місячна","2015-M11","55"
"Коефіцієнт життєвості","Полтавська","Місячна","2015-M12","55"
"Коефіцієнт життєвості","Полтавська","Місячна","2016-M01","42"
"Коефіцієнт життєвості","Полтавська","Місячна","2016-M02","45"
"Коефіцієнт життєвості","Полтавська","Місячна","2016-M03","49"
"Коефіцієнт життєвості","Полтавська","Місячна","2016-M04","48"
"Коефіцієнт життєвості","Полтавська","Місячна","2016-M05","49"
"Коефіцієнт життєвості","Полтавська","Місячна","2016-M06","48"
"Коефіцієнт життєвості","Полтавська","Місячна","2016-M07","50"
"Коефіцієнт життєвості","Полтавська","Місячна","2016-M08","52"
"Коефіцієнт життєвості","Полтавська","Місячна","2016-M09","53"
"Коефіцієнт життєвості","Полтавська","Місячна","2016-M10","53"
"Коефіцієнт життєвості","Полтавська","Місячна","2016-M11","52"
"Коефіцієнт життєвості","Полтавська","Місячна","2016-M12","51"
"Коефіцієнт життєвості","Полтавська","Місячна","2017-M01","38"
"Коефіцієнт життєвості","Полтавська","Місячна","2017-M02","43"
"Коефіцієнт життєвості","Полтавська","Місячна","2017-M03","44"
"Коефіцієнт життєвості","Полтавська","Місячна","2017-M04","44"
"Коефіцієнт життєвості","Полтавська","Місячна","2017-M05","44"
"Коефіцієнт життєвості","Полтавська","Місячна","2017-M06","45"
"Коефіцієнт життєвості","Полтавська","Місячна","2017-M07","47"
"Коефіцієнт життєвості","Полтавська","Місячна","2017-M08","48"
"Коефіцієнт життєвості","Полтавська","Місячна","2017-M09","49"
"Коефіцієнт життєвості","Полтавська","Місячна","2017-M10","48"
"Коефіцієнт життєвості","Полтавська","Місячна","2017-M11","48"
"Коефіцієнт життєвості","Полтавська","Місячна","2017-M12","47"
"Коефіцієнт життєвості","Полтавська","Місячна","2018-M01","46"
"Коефіцієнт життєвості","Полтавська","Місячна","2018-M02","45"
"Коефіцієнт життєвості","Полтавська","Місячна","2018-M03","42"
"Коефіцієнт життєвості","Полтавська","Місячна","2018-M04","41"
"Коефіцієнт життєвості","Полтавська","Місячна","2018-M05","41"
"Коефіцієнт життєвості","Полтавська","Місячна","2018-M06","42"
"Коефіцієнт життєвості","Полтавська","Місячна","2018-M07","44"
"Коефіцієнт життєвості","Полтавська","Місячна","2018-M08","44"
"Коефіцієнт життєвості","Полтавська","Місячна","2018-M09","45"
"Коефіцієнт життєвості","Полтавська","Місячна","2018-M10","45"
"Коефіцієнт життєвості","Полтавська","Місячна","2018-M11","44"
"Коефіцієнт життєвості","Полтавська","Місячна","2018-M12","43"
"Коефіцієнт життєвості","Полтавська","Місячна","2019-M01","32"
"Коефіцієнт життєвості","Полтавська","Місячна","2019-M02","35"
"Коефіцієнт життєвості","Полтавська","Місячна","2019-M03","36"
"Коефіцієнт життєвості","Полтавська","Місячна","2019-M04","36"
"Коефіцієнт життєвості","Полтавська","Місячна","2019-M05","37"
"Коефіцієнт життєвості","Полтавська","Місячна","2019-M06","37"
"Коефіцієнт життєвості","Полтавська","Місячна","2019-M07","39"
"Коефіцієнт життєвості","Полтавська","Місячна","2019-M08","40"
"Коефіцієнт життєвості","Полтавська","Місячна","2019-M09","40"
"Коефіцієнт життєвості","Полтавська","Місячна","2019-M10","40"
"Коефіцієнт життєвості","Полтавська","Місячна","2019-M11","40"
"Коефіцієнт життєвості","Полтавська","Місячна","2019-M12","39"
"Коефіцієнт життєвості","Полтавська","Місячна","2020-M01","40"
"Коефіцієнт життєвості","Полтавська","Місячна","2020-M02","37"
"Коефіцієнт життєвості","Полтавська","Місячна","2020-M03","35"
"Коефіцієнт життєвості","Полтавська","Місячна","2020-M04","35"
"Коефіцієнт життєвості","Полтавська","Місячна","2020-M05","36"
"Коефіцієнт життєвості","Полтавська","Місячна","2020-M06","35"
"Коефіцієнт життєвості","Полтавська","Місячна","2020-M07","37"
"Коефіцієнт життєвості","Полтавська","Місячна","2020-M08","38"
"Коефіцієнт життєвості","Полтавська","Місячна","2020-M09","38"
"Коефіцієнт життєвості","Полтавська","Місячна","2020-M10","38"
"Коефіцієнт життєвості","Полтавська","Місячна","2020-M11","36"
"Коефіцієнт життєвості","Полтавська","Місячна","2020-M12","35"
"Коефіцієнт життєвості","Полтавська","Місячна","2021-M01","29"
"Коефіцієнт життєвості","Полтавська","Місячна","2021-M02","30"
"Коефіцієнт життєвості","Полтавська","Місячна","2021-M03","30"
"Коефіцієнт життєвості","Полтавська","Місячна","2021-M04","29"
"Коефіцієнт життєвості","Полтавська","Місячна","2021-M05","28"
"Коефіцієнт життєвості","Полтавська","Місячна","2021-M06","30"
"Коефіцієнт життєвості","Полтавська","Місячна","2021-M07","31"
"Коефіцієнт життєвості","Полтавська","Місячна","2021-M08","32"
"Коефіцієнт життєвості","Полтавська","Місячна","2021-M09","33"
"Коефіцієнт життєвості","Полтавська","Місячна","2021-M10","32"
"Коефіцієнт життєвості","Полтавська","Місячна","2021-M11","30"
"Коефіцієнт життєвості","Полтавська","Місячна","2021-M12","29"
"Коефіцієнт життєвості","Одеська","Місячна","2005-M01","47"
"Коефіцієнт життєвості","Одеська","Місячна","2005-M02","51"
"Коефіцієнт життєвості","Одеська","Місячна","2005-M03","51"
"Коефіцієнт життєвості","Одеська","Місячна","2005-M04","52"
"Коефіцієнт життєвості","Одеська","Місячна","2005-M05","53"
"Коефіцієнт життєвості","Одеська","Місячна","2005-M06","54"
"Коефіцієнт життєвості","Одеська","Місячна","2005-M07","57"
"Коефіцієнт життєвості","Одеська","Місячна","2005-M08","58"
"Коефіцієнт життєвості","Одеська","Місячна","2005-M09","60"
"Коефіцієнт життєвості","Одеська","Місячна","2005-M10","60"
"Коефіцієнт життєвості","Одеська","Місячна","2005-M11","60"
"Коефіцієнт життєвості","Одеська","Місячна","2005-M12","60"
"Коефіцієнт життєвості","Одеська","Місячна","2006-M01","43"
"Коефіцієнт життєвості","Одеська","Місячна","2006-M02","50"
"Коефіцієнт життєвості","Одеська","Місячна","2006-M03","52"
"Коефіцієнт життєвості","Одеська","Місячна","2006-M04","53"
"Коефіцієнт життєвості","Одеська","Місячна","2006-M05","55"
"Коефіцієнт життєвості","Одеська","Місячна","2006-M06","57"
"Коефіцієнт життєвості","Одеська","Місячна","2006-M07","59"
"Коефіцієнт життєвості","Одеська","Місячна","2006-M08","61"
"Коефіцієнт життєвості","Одеська","Місячна","2006-M09","64"
"Коефіцієнт життєвості","Одеська","Місячна","2006-M10","64"
"Коефіцієнт життєвості","Одеська","Місячна","2006-M11","64"
"Коефіцієнт життєвості","Одеська","Місячна","2006-M12","64"
"Коефіцієнт життєвості","Одеська","Місячна","2007-M01","56"
"Коефіцієнт життєвості","Одеська","Місячна","2007-M02","61"
"Коефіцієнт життєвості","Одеська","Місячна","2007-M03","62"
"Коефіцієнт життєвості","Одеська","Місячна","2007-M04","63"
"Коефіцієнт життєвості","Одеська","Місячна","2007-M05","63"
"Коефіцієнт життєвості","Одеська","Місячна","2007-M06","64"
"Коефіцієнт життєвості","Одеська","Місячна","2007-M07","65"
"Коефіцієнт життєвості","Одеська","Місячна","2007-M08","68"
"Коефіцієнт життєвості","Одеська","Місячна","2007-M09","69"
"Коефіцієнт життєвості","Одеська","Місячна","2007-M10","70"
"Коефіцієнт життєвості","Одеська","Місячна","2007-M11","70"
"Коефіцієнт життєвості","Одеська","Місячна","2007-M12","69"
"Коефіцієнт життєвості","Одеська","Місячна","2008-M01","61"
"Коефіцієнт життєвості","Одеська","Місячна","2008-M02","64"
"Коефіцієнт життєвості","Одеська","Місячна","2008-M03","63"
"Коефіцієнт життєвості","Одеська","Місячна","2008-M04","64"
"Коефіцієнт життєвості","Одеська","Місячна","2008-M05","65"
"Коефіцієнт життєвості","Одеська","Місячна","2008-M06","67"
"Коефіцієнт життєвості","Одеська","Місячна","2008-M07","70"
"Коефіцієнт життєвості","Одеська","Місячна","2008-M08","72"
"Коефіцієнт життєвості","Одеська","Місячна","2008-M09","74"
"Коефіцієнт життєвості","Одеська","Місячна","2008-M10","76"
"Коефіцієнт життєвості","Одеська","Місячна","2008-M11","76"
"Коефіцієнт життєвості","Одеська","Місячна","2008-M12","76"
"Коефіцієнт життєвості","Одеська","Місячна","2009-M01","65"
"Коефіцієнт життєвості","Одеська","Місячна","2009-M02","72"
"Коефіцієнт життєвості","Одеська","Місячна","2009-M03","72"
"Коефіцієнт життєвості","Одеська","Місячна","2009-M04","74"
"Коефіцієнт життєвості","Одеська","Місячна","2009-M05","74"
"Коефіцієнт життєвості","Одеська","Місячна","2009-M06","75"
"Коефіцієнт життєвості","Одеська","Місячна","2009-M07","78"
"Коефіцієнт життєвості","Одеська","Місячна","2009-M08","80"
"Коефіцієнт життєвості","Одеська","Місячна","2009-M09","82"
"Коефіцієнт життєвості","Одеська","Місячна","2009-M10","83"
"Коефіцієнт життєвості","Одеська","Місячна","2009-M11","82"
"Коефіцієнт життєвості","Одеська","Місячна","2009-M12","81"
"Коефіцієнт життєвості","Одеська","Місячна","2010-M01","64"
"Коефіцієнт життєвості","Одеська","Місячна","2010-M02","70"
"Коефіцієнт життєвості","Одеська","Місячна","2010-M03","71"
"Коефіцієнт життєвості","Одеська","Місячна","2010-M04","72"
"Коефіцієнт життєвості","Одеська","Місячна","2010-M05","73"
"Коефіцієнт життєвості","Одеська","Місячна","2010-M06","75"
"Коефіцієнт життєвості","Одеська","Місячна","2010-M07","78"
"Коефіцієнт життєвості","Одеська","Місячна","2010-M08","77"
"Коефіцієнт життєвості","Одеська","Місячна","2010-M09","79"
"Коефіцієнт життєвості","Одеська","Місячна","2010-M10","79"
"Коефіцієнт життєвості","Одеська","Місячна","2010-M11","80"
"Коефіцієнт життєвості","Одеська","Місячна","2010-M12","79"
"Коефіцієнт життєвості","Одеська","Місячна","2011-M01","76"
"Коефіцієнт життєвості","Одеська","Місячна","2011-M02","79"
"Коефіцієнт життєвості","Одеська","Місячна","2011-M03","77"
"Коефіцієнт життєвості","Одеська","Місячна","2011-M04","77"
"Коефіцієнт життєвості","Одеська","Місячна","2011-M05","76"
"Коефіцієнт життєвості","Одеська","Місячна","2011-M06","76"
"Коефіцієнт життєвості","Одеська","Місячна","2011-M07","79"
"Коефіцієнт життєвості","Одеська","Місячна","2011-M08","83"
"Коефіцієнт життєвості","Одеська","Місячна","2011-M09","86"
"Коефіцієнт життєвості","Одеська","Місячна","2011-M10","87"
"Коефіцієнт життєвості","Одеська","Місячна","2011-M11","87"
"Коефіцієнт життєвості","Одеська","Місячна","2011-M12","87"
"Коефіцієнт життєвості","Одеська","Місячна","2012-M01","82"
"Коефіцієнт життєвості","Одеська","Місячна","2012-M02","81"
"Коефіцієнт життєвості","Одеська","Місячна","2012-M03","82"
"Коефіцієнт життєвості","Одеська","Місячна","2012-M04","81"
"Коефіцієнт життєвості","Одеська","Місячна","2012-M05","82"
"Коефіцієнт життєвості","Одеська","Місячна","2012-M06","84"
"Коефіцієнт життєвості","Одеська","Місячна","2012-M07","86"
"Коефіцієнт життєвості","Одеська","Місячна","2012-M08","88"
"Коефіцієнт життєвості","Одеська","Місячна","2012-M09","90"
"Коефіцієнт життєвості","Одеська","Місячна","2012-M10","91"
"Коефіцієнт життєвості","Одеська","Місячна","2012-M11","91"
"Коефіцієнт життєвості","Одеська","Місячна","2012-M12","90"
"Коефіцієнт життєвості","Одеська","Місячна","2013-M01","78"
"Коефіцієнт життєвості","Одеська","Місячна","2013-M02","80"
"Коефіцієнт життєвості","Одеська","Місячна","2013-M03","78"
"Коефіцієнт життєвості","Одеська","Місячна","2013-M04","77"
"Коефіцієнт життєвості","Одеська","Місячна","2013-M05","77"
"Коефіцієнт життєвості","Одеська","Місячна","2013-M06","78"
"Коефіцієнт життєвості","Одеська","Місячна","2013-M07","81"
"Коефіцієнт життєвості","Одеська","Місячна","2013-M08","84"
"Коефіцієнт життєвості","Одеська","Місячна","2013-M09","86"
"Коефіцієнт життєвості","Одеська","Місячна","2013-M10","87"
"Коефіцієнт життєвості","Одеська","Місячна","2013-M11","88"
"Коефіцієнт життєвості","Одеська","Місячна","2013-M12","87"
"Коефіцієнт життєвості","Одеська","Місячна","2014-M01","70"
"Коефіцієнт життєвості","Одеська","Місячна","2014-M02","74"
"Коефіцієнт життєвості","Одеська","Місячна","2014-M03","77"
"Коефіцієнт життєвості","Одеська","Місячна","2014-M04","78"
"Коефіцієнт життєвості","Одеська","Місячна","2014-M05","80"
"Коефіцієнт життєвості","Одеська","Місячна","2014-M06","82"
"Коефіцієнт життєвості","Одеська","Місячна","2014-M07","84"
"Коефіцієнт життєвості","Одеська","Місячна","2014-M08","86"
"Коефіцієнт життєвості","Одеська","Місячна","2014-M09","88"
"Коефіцієнт життєвості","Одеська","Місячна","2014-M10","88"
"Коефіцієнт життєвості","Одеська","Місячна","2014-M11","87"
"Коефіцієнт життєвості","Одеська","Місячна","2014-M12","86"
"Коефіцієнт життєвості","Одеська","Місячна","2015-M01","68"
"Коефіцієнт життєвості","Одеська","Місячна","2015-M02","72"
"Коефіцієнт життєвості","Одеська","Місячна","2015-M03","70"
"Коефіцієнт життєвості","Одеська","Місячна","2015-M04","70"
"Коефіцієнт життєвості","Одеська","Місячна","2015-M05","70"
"Коефіцієнт життєвості","Одеська","Місячна","2015-M06","72"
"Коефіцієнт життєвості","Одеська","Місячна","2015-M07","75"
"Коефіцієнт життєвості","Одеська","Місячна","2015-M08","77"
"Коефіцієнт життєвості","Одеська","Місячна","2015-M09","79"
"Коефіцієнт життєвості","Одеська","Місячна","2015-M10","80"
"Коефіцієнт життєвості","Одеська","Місячна","2015-M11","80"
"Коефіцієнт життєвості","Одеська","Місячна","2015-M12","79"
"Коефіцієнт життєвості","Одеська","Місячна","2016-M01","62"
"Коефіцієнт життєвості","Одеська","Місячна","2016-M02","70"
"Коефіцієнт життєвості","Одеська","Місячна","2016-M03","75"
"Коефіцієнт життєвості","Одеська","Місячна","2016-M04","75"
"Коефіцієнт життєвості","Одеська","Місячна","2016-M05","73"
"Коефіцієнт життєвості","Одеська","Місячна","2016-M06","74"
"Коефіцієнт життєвості","Одеська","Місячна","2016-M07","76"
"Коефіцієнт життєвості","Одеська","Місячна","2016-M08","78"
"Коефіцієнт життєвості","Одеська","Місячна","2016-M09","80"
"Коефіцієнт життєвості","Одеська","Місячна","2016-M10","80"
"Коефіцієнт життєвості","Одеська","Місячна","2016-M11","80"
"Коефіцієнт життєвості","Одеська","Місячна","2016-M12","79"
"Коефіцієнт життєвості","Одеська","Місячна","2017-M01","63"
"Коефіцієнт життєвості","Одеська","Місячна","2017-M02","66"
"Коефіцієнт життєвості","Одеська","Місячна","2017-M03","70"
"Коефіцієнт життєвості","Одеська","Місячна","2017-M04","68"
"Коефіцієнт життєвості","Одеська","Місячна","2017-M05","69"
"Коефіцієнт життєвості","Одеська","Місячна","2017-M06","70"
"Коефіцієнт життєвості","Одеська","Місячна","2017-M07","73"
"Коефіцієнт життєвості","Одеська","Місячна","2017-M08","75"
"Коефіцієнт життєвості","Одеська","Місячна","2017-M09","76"
"Коефіцієнт життєвості","Одеська","Місячна","2017-M10","77"
"Коефіцієнт життєвості","Одеська","Місячна","2017-M11","76"
"Коефіцієнт життєвості","Одеська","Місячна","2017-M12","76"
"Коефіцієнт життєвості","Одеська","Місячна","2018-M01","71"
"Коефіцієнт життєвості","Одеська","Місячна","2018-M02","69"
"Коефіцієнт життєвості","Одеська","Місячна","2018-M03","66"
"Коефіцієнт життєвості","Одеська","Місячна","2018-M04","66"
"Коефіцієнт життєвості","Одеська","Місячна","2018-M05","66"
"Коефіцієнт життєвості","Одеська","Місячна","2018-M06","67"
"Коефіцієнт життєвості","Одеська","Місячна","2018-M07","69"
"Коефіцієнт життєвості","Одеська","Місячна","2018-M08","70"
"Коефіцієнт життєвості","Одеська","Місячна","2018-M09","71"
"Коефіцієнт життєвості","Одеська","Місячна","2018-M10","71"
"Коефіцієнт життєвості","Одеська","Місячна","2018-M11","71"
"Коефіцієнт життєвості","Одеська","Місячна","2018-M12","69"
"Коефіцієнт життєвості","Одеська","Місячна","2019-M01","50"
"Коефіцієнт життєвості","Одеська","Місячна","2019-M02","54"
"Коефіцієнт життєвості","Одеська","Місячна","2019-M03","56"
"Коефіцієнт життєвості","Одеська","Місячна","2019-M04","55"
"Коефіцієнт життєвості","Одеська","Місячна","2019-M05","57"
"Коефіцієнт життєвості","Одеська","Місячна","2019-M06","57"
"Коефіцієнт життєвості","Одеська","Місячна","2019-M07","59"
"Коефіцієнт життєвості","Одеська","Місячна","2019-M08","61"
"Коефіцієнт життєвості","Одеська","Місячна","2019-M09","63"
"Коефіцієнт життєвості","Одеська","Місячна","2019-M10","64"
"Коефіцієнт життєвості","Одеська","Місячна","2019-M11","64"
"Коефіцієнт життєвості","Одеська","Місячна","2019-M12","63"
"Коефіцієнт життєвості","Одеська","Місячна","2020-M01","67"
"Коефіцієнт життєвості","Одеська","Місячна","2020-M02","65"
"Коефіцієнт життєвості","Одеська","Місячна","2020-M03","59"
"Коефіцієнт життєвості","Одеська","Місячна","2020-M04","57"
"Коефіцієнт життєвості","Одеська","Місячна","2020-M05","59"
"Коефіцієнт життєвості","Одеська","Місячна","2020-M06","60"
"Коефіцієнт життєвості","Одеська","Місячна","2020-M07","62"
"Коефіцієнт життєвості","Одеська","Місячна","2020-M08","63"
"Коефіцієнт життєвості","Одеська","Місячна","2020-M09","63"
"Коефіцієнт життєвості","Одеська","Місячна","2020-M10","63"
"Коефіцієнт життєвості","Одеська","Місячна","2020-M11","61"
"Коефіцієнт життєвості","Одеська","Місячна","2020-M12","59"
"Коефіцієнт життєвості","Одеська","Місячна","2021-M01","43"
"Коефіцієнт життєвості","Одеська","Місячна","2021-M02","48"
"Коефіцієнт життєвості","Одеська","Місячна","2021-M03","46"
"Коефіцієнт життєвості","Одеська","Місячна","2021-M04","42"
"Коефіцієнт життєвості","Одеська","Місячна","2021-M05","43"
"Коефіцієнт життєвості","Одеська","Місячна","2021-M06","45"
"Коефіцієнт життєвості","Одеська","Місячна","2021-M07","48"
"Коефіцієнт життєвості","Одеська","Місячна","2021-M08","49"
"Коефіцієнт життєвості","Одеська","Місячна","2021-M09","51"
"Коефіцієнт життєвості","Одеська","Місячна","2021-M10","48"
"Коефіцієнт життєвості","Одеська","Місячна","2021-M11","46"
"Коефіцієнт життєвості","Одеська","Місячна","2021-M12","45"
"Коефіцієнт життєвості","Закарпатська","Місячна","2005-M01","84"
"Коефіцієнт життєвості","Закарпатська","Місячна","2005-M02","82"
"Коефіцієнт життєвості","Закарпатська","Місячна","2005-M03","79"
"Коефіцієнт життєвості","Закарпатська","Місячна","2005-M04","81"
"Коефіцієнт життєвості","Закарпатська","Місячна","2005-M05","82"
"Коефіцієнт життєвості","Закарпатська","Місячна","2005-M06","83"
"Коефіцієнт життєвості","Закарпатська","Місячна","2005-M07","88"
"Коефіцієнт життєвості","Закарпатська","Місячна","2005-M08","90"
"Коефіцієнт життєвості","Закарпатська","Місячна","2005-M09","94"
"Коефіцієнт життєвості","Закарпатська","Місячна","2005-M10","96"
"Коефіцієнт життєвості","Закарпатська","Місячна","2005-M11","96"
"Коефіцієнт життєвості","Закарпатська","Місячна","2005-M12","96"
"Коефіцієнт життєвості","Закарпатська","Місячна","2006-M01","75"
"Коефіцієнт життєвості","Закарпатська","Місячна","2006-M02","87"
"Коефіцієнт життєвості","Закарпатська","Місячна","2006-M03","88"
"Коефіцієнт життєвості","Закарпатська","Місячна","2006-M04","88"
"Коефіцієнт життєвості","Закарпатська","Місячна","2006-M05","90"
"Коефіцієнт життєвості","Закарпатська","Місячна","2006-M06","91"
"Коефіцієнт життєвості","Закарпатська","Місячна","2006-M07","94"
"Коефіцієнт життєвості","Закарпатська","Місячна","2006-M08","98"
"Коефіцієнт життєвості","Закарпатська","Місячна","2006-M09","100"
"Коефіцієнт життєвості","Закарпатська","Місячна","2006-M10","103"
"Коефіцієнт життєвості","Закарпатська","Місячна","2006-M11","104"
"Коефіцієнт життєвості","Закарпатська","Місячна","2006-M12","104"
"Коефіцієнт життєвості","Закарпатська","Місячна","2007-M01","93"
"Коефіцієнт життєвості","Закарпатська","Місячна","2007-M02","90"
"Коефіцієнт життєвості","Закарпатська","Місячна","2007-M03","89"
"Коефіцієнт життєвості","Закарпатська","Місячна","2007-M04","89"
"Коефіцієнт життєвості","Закарпатська","Місячна","2007-M05","92"
"Коефіцієнт життєвості","Закарпатська","Місячна","2007-M06","94"
"Коефіцієнт життєвості","Закарпатська","Місячна","2007-M07","96"
"Коефіцієнт життєвості","Закарпатська","Місячна","2007-M08","100"
"Коефіцієнт життєвості","Закарпатська","Місячна","2007-M09","102"
"Коефіцієнт життєвості","Закарпатська","Місячна","2007-M10","104"
"Коефіцієнт життєвості","Закарпатська","Місячна","2007-M11","104"
"Коефіцієнт життєвості","Закарпатська","Місячна","2007-M12","102"
"Коефіцієнт життєвості","Закарпатська","Місячна","2008-M01","99"
"Коефіцієнт життєвості","Закарпатська","Місячна","2008-M02","101"
"Коефіцієнт життєвості","Закарпатська","Місячна","2008-M03","97"
"Коефіцієнт життєвості","Закарпатська","Місячна","2008-M04","96"
"Коефіцієнт життєвості","Закарпатська","Місячна","2008-M05","98"
"Коефіцієнт життєвості","Закарпатська","Місячна","2008-M06","97"
"Коефіцієнт життєвості","Закарпатська","Місячна","2008-M07","102"
"Коефіцієнт життєвості","Закарпатська","Місячна","2008-M08","106"
"Коефіцієнт життєвості","Закарпатська","Місячна","2008-M09","110"
"Коефіцієнт життєвості","Закарпатська","Місячна","2008-M10","114"
"Коефіцієнт життєвості","Закарпатська","Місячна","2008-M11","114"
"Коефіцієнт життєвості","Закарпатська","Місячна","2008-M12","113"
"Коефіцієнт життєвості","Закарпатська","Місячна","2009-M01","91"
"Коефіцієнт життєвості","Закарпатська","Місячна","2009-M02","101"
"Коефіцієнт життєвості","Закарпатська","Місячна","2009-M03","100"
"Коефіцієнт життєвості","Закарпатська","Місячна","2009-M04","102"
"Коефіцієнт життєвості","Закарпатська","Місячна","2009-M05","103"
"Коефіцієнт життєвості","Закарпатська","Місячна","2009-M06","104"
"Коефіцієнт життєвості","Закарпатська","Місячна","2009-M07","108"
"Коефіцієнт життєвості","Закарпатська","Місячна","2009-M08","111"
"Коефіцієнт життєвості","Закарпатська","Місячна","2009-M09","116"
"Коефіцієнт життєвості","Закарпатська","Місячна","2009-M10","119"
"Коефіцієнт життєвості","Закарпатська","Місячна","2009-M11","118"
"Коефіцієнт життєвості","Закарпатська","Місячна","2009-M12","117"
"Коефіцієнт життєвості","Закарпатська","Місячна","2010-M01","108"
"Коефіцієнт життєвості","Закарпатська","Місячна","2010-M02","112"
"Коефіцієнт життєвості","Закарпатська","Місячна","2010-M03","112"
"Коефіцієнт життєвості","Закарпатська","Місячна","2010-M04","112"
"Коефіцієнт життєвості","Закарпатська","Місячна","2010-M05","114"
"Коефіцієнт життєвості","Закарпатська","Місячна","2010-M06","115"
"Коефіцієнт життєвості","Закарпатська","Місячна","2010-M07","117"
"Коефіцієнт життєвості","Закарпатська","Місячна","2010-M08","118"
"Коефіцієнт життєвості","Закарпатська","Місячна","2010-M09","121"
"Коефіцієнт життєвості","Закарпатська","Місячна","2010-M10","123"
"Коефіцієнт життєвості","Закарпатська","Місячна","2010-M11","124"
"Коефіцієнт життєвості","Закарпатська","Місячна","2010-M12","122"
"Коефіцієнт життєвості","Закарпатська","Місячна","2011-M01","113"
"Коефіцієнт життєвості","Закарпатська","Місячна","2011-M02","110"
"Коефіцієнт життєвості","Закарпатська","Місячна","2011-M03","109"
"Коефіцієнт життєвості","Закарпатська","Місячна","2011-M04","105"
"Коефіцієнт життєвості","Закарпатська","Місячна","2011-M05","105"
"Коефіцієнт життєвості","Закарпатська","Місячна","2011-M06","108"
"Коефіцієнт життєвості","Закарпатська","Місячна","2011-M07","113"
"Коефіцієнт життєвості","Закарпатська","Місячна","2011-M08","118"
"Коефіцієнт життєвості","Закарпатська","Місячна","2011-M09","123"
"Коефіцієнт життєвості","Закарпатська","Місячна","2011-M10","125"
"Коефіцієнт життєвості","Закарпатська","Місячна","2011-M11","127"
"Коефіцієнт життєвості","Закарпатська","Місячна","2011-M12","127"
"Коефіцієнт життєвості","Закарпатська","Місячна","2012-M01","119"
"Коефіцієнт життєвості","Закарпатська","Місячна","2012-M02","118"
"Коефіцієнт життєвості","Закарпатська","Місячна","2012-M03","115"
"Коефіцієнт життєвості","Закарпатська","Місячна","2012-M04","111"
"Коефіцієнт життєвості","Закарпатська","Місячна","2012-M05","114"
"Коефіцієнт життєвості","Закарпатська","Місячна","2012-M06","116"
"Коефіцієнт життєвості","Закарпатська","Місячна","2012-M07","118"
"Коефіцієнт життєвості","Закарпатська","Місячна","2012-M08","123"
"Коефіцієнт життєвості","Закарпатська","Місячна","2012-M09","127"
"Коефіцієнт життєвості","Закарпатська","Місячна","2012-M10","130"
"Коефіцієнт життєвості","Закарпатська","Місячна","2012-M11","130"
"Коефіцієнт життєвості","Закарпатська","Місячна","2012-M12","128"
"Коефіцієнт життєвості","Закарпатська","Місячна","2013-M01","119"
"Коефіцієнт життєвості","Закарпатська","Місячна","2013-M02","112"
"Коефіцієнт життєвості","Закарпатська","Місячна","2013-M03","110"
"Коефіцієнт життєвості","Закарпатська","Місячна","2013-M04","108"
"Коефіцієнт життєвості","Закарпатська","Місячна","2013-M05","110"
"Коефіцієнт життєвості","Закарпатська","Місячна","2013-M06","110"
"Коефіцієнт життєвості","Закарпатська","Місячна","2013-M07","114"
"Коефіцієнт життєвості","Закарпатська","Місячна","2013-M08","118"
"Коефіцієнт життєвості","Закарпатська","Місячна","2013-M09","123"
"Коефіцієнт життєвості","Закарпатська","Місячна","2013-M10","127"
"Коефіцієнт життєвості","Закарпатська","Місячна","2013-M11","127"
"Коефіцієнт життєвості","Закарпатська","Місячна","2013-M12","125"
"Коефіцієнт життєвості","Закарпатська","Місячна","2014-M01","111"
"Коефіцієнт життєвості","Закарпатська","Місячна","2014-M02","119"
"Коефіцієнт життєвості","Закарпатська","Місячна","2014-M03","113"
"Коефіцієнт життєвості","Закарпатська","Місячна","2014-M04","111"
"Коефіцієнт життєвості","Закарпатська","Місячна","2014-M05","111"
"Коефіцієнт життєвості","Закарпатська","Місячна","2014-M06","114"
"Коефіцієнт життєвості","Закарпатська","Місячна","2014-M07","118"
"Коефіцієнт життєвості","Закарпатська","Місячна","2014-M08","122"
"Коефіцієнт життєвості","Закарпатська","Місячна","2014-M09","126"
"Коефіцієнт життєвості","Закарпатська","Місячна","2014-M10","128"
"Коефіцієнт життєвості","Закарпатська","Місячна","2014-M11","127"
"Коефіцієнт життєвості","Закарпатська","Місячна","2014-M12","124"
"Коефіцієнт життєвості","Закарпатська","Місячна","2015-M01","103"
"Коефіцієнт життєвості","Закарпатська","Місячна","2015-M02","95"
"Коефіцієнт життєвості","Закарпатська","Місячна","2015-M03","93"
"Коефіцієнт життєвості","Закарпатська","Місячна","2015-M04","93"
"Коефіцієнт життєвості","Закарпатська","Місячна","2015-M05","94"
"Коефіцієнт життєвості","Закарпатська","Місячна","2015-M06","96"
"Коефіцієнт життєвості","Закарпатська","Місячна","2015-M07","101"
"Коефіцієнт життєвості","Закарпатська","Місячна","2015-M08","104"
"Коефіцієнт життєвості","Закарпатська","Місячна","2015-M09","108"
"Коефіцієнт життєвості","Закарпатська","Місячна","2015-M10","111"
"Коефіцієнт життєвості","Закарпатська","Місячна","2015-M11","110"
"Коефіцієнт життєвості","Закарпатська","Місячна","2015-M12","108"
"Коефіцієнт життєвості","Закарпатська","Місячна","2016-M01","91"
"Коефіцієнт життєвості","Закарпатська","Місячна","2016-M02","91"
"Коефіцієнт життєвості","Закарпатська","Місячна","2016-M03","94"
"Коефіцієнт життєвості","Закарпатська","Місячна","2016-M04","94"
"Коефіцієнт життєвості","Закарпатська","Місячна","2016-M05","93"
"Коефіцієнт життєвості","Закарпатська","Місячна","2016-M06","95"
"Коефіцієнт життєвості","Закарпатська","Місячна","2016-M07","99"
"Коефіцієнт життєвості","Закарпатська","Місячна","2016-M08","103"
"Коефіцієнт життєвості","Закарпатська","Місячна","2016-M09","106"
"Коефіцієнт життєвості","Закарпатська","Місячна","2016-M10","108"
"Коефіцієнт життєвості","Закарпатська","Місячна","2016-M11","107"
"Коефіцієнт життєвості","Закарпатська","Місячна","2016-M12","104"
"Коефіцієнт життєвості","Закарпатська","Місячна","2017-M01","68"
"Коефіцієнт життєвості","Закарпатська","Місячна","2017-M02","80"
"Коефіцієнт життєвості","Закарпатська","Місячна","2017-M03","83"
"Коефіцієнт життєвості","Закарпатська","Місячна","2017-M04","85"
"Коефіцієнт життєвості","Закарпатська","Місячна","2017-M05","87"
"Коефіцієнт життєвості","Закарпатська","Місячна","2017-M06","88"
"Коефіцієнт життєвості","Закарпатська","Місячна","2017-M07","92"
"Коефіцієнт життєвості","Закарпатська","Місячна","2017-M08","93"
"Коефіцієнт життєвості","Закарпатська","Місячна","2017-M09","96"
"Коефіцієнт життєвості","Закарпатська","Місячна","2017-M10","98"
"Коефіцієнт життєвості","Закарпатська","Місячна","2017-M11","98"
"Коефіцієнт життєвості","Закарпатська","Місячна","2017-M12","97"
"Коефіцієнт життєвості","Закарпатська","Місячна","2018-M01","91"
"Коефіцієнт життєвості","Закарпатська","Місячна","2018-M02","86"
"Коефіцієнт життєвості","Закарпатська","Місячна","2018-M03","83"
"Коефіцієнт життєвості","Закарпатська","Місячна","2018-M04","82"
"Коефіцієнт життєвості","Закарпатська","Місячна","2018-M05","82"
"Коефіцієнт життєвості","Закарпатська","Місячна","2018-M06","84"
"Коефіцієнт життєвості","Закарпатська","Місячна","2018-M07","86"
"Коефіцієнт життєвості","Закарпатська","Місячна","2018-M08","90"
"Коефіцієнт життєвості","Закарпатська","Місячна","2018-M09","92"
"Коефіцієнт життєвості","Закарпатська","Місячна","2018-M10","94"
"Коефіцієнт життєвості","Закарпатська","Місячна","2018-M11","93"
"Коефіцієнт життєвості","Закарпатська","Місячна","2018-M12","91"
"Коефіцієнт життєвості","Закарпатська","Місячна","2019-M01","77"
"Коефіцієнт життєвості","Закарпатська","Місячна","2019-M02","75"
"Коефіцієнт життєвості","Закарпатська","Місячна","2019-M03","74"
"Коефіцієнт життєвості","Закарпатська","Місячна","2019-M04","74"
"Коефіцієнт життєвості","Закарпатська","Місячна","2019-M05","75"
"Коефіцієнт життєвості","Закарпатська","Місячна","2019-M06","75"
"Коефіцієнт життєвості","Закарпатська","Місячна","2019-M07","78"
"Коефіцієнт життєвості","Закарпатська","Місячна","2019-M08","80"
"Коефіцієнт життєвості","Закарпатська","Місячна","2019-M09","83"
"Коефіцієнт життєвості","Закарпатська","Місячна","2019-M10","86"
"Коефіцієнт життєвості","Закарпатська","Місячна","2019-M11","86"
"Коефіцієнт життєвості","Закарпатська","Місячна","2019-M12","84"
"Коефіцієнт життєвості","Закарпатська","Місячна","2020-M01","87"
"Коефіцієнт життєвості","Закарпатська","Місячна","2020-M02","86"
"Коефіцієнт життєвості","Закарпатська","Місячна","2020-M03","80"
"Коефіцієнт життєвості","Закарпатська","Місячна","2020-M04","80"
"Коефіцієнт життєвості","Закарпатська","Місячна","2020-M05","83"
"Коефіцієнт життєвості","Закарпатська","Місячна","2020-M06","81"
"Коефіцієнт життєвості","Закарпатська","Місячна","2020-M07","82"
"Коефіцієнт життєвості","Закарпатська","Місячна","2020-M08","82"
"Коефіцієнт життєвості","Закарпатська","Місячна","2020-M09","84"
"Коефіцієнт життєвості","Закарпатська","Місячна","2020-M10","85"
"Коефіцієнт життєвості","Закарпатська","Місячна","2020-M11","82"
"Коефіцієнт життєвості","Закарпатська","Місячна","2020-M12","81"
"Коефіцієнт життєвості","Закарпатська","Місячна","2021-M01","67"
"Коефіцієнт життєвості","Закарпатська","Місячна","2021-M02","67"
"Коефіцієнт життєвості","Закарпатська","Місячна","2021-M03","60"
"Коефіцієнт життєвості","Закарпатська","Місячна","2021-M04","61"
"Коефіцієнт життєвості","Закарпатська","Місячна","2021-M05","62"
"Коефіцієнт життєвості","Закарпатська","Місячна","2021-M06","64"
"Коефіцієнт життєвості","Закарпатська","Місячна","2021-M07","67"
"Коефіцієнт життєвості","Закарпатська","Місячна","2021-M08","70"
"Коефіцієнт життєвості","Закарпатська","Місячна","2021-M09","73"
"Коефіцієнт життєвості","Закарпатська","Місячна","2021-M10","74"
"Коефіцієнт життєвості","Закарпатська","Місячна","2021-M11","71"
"Коефіцієнт життєвості","Закарпатська","Місячна","2021-M12","68"
"Коефіцієнт життєвості","Луганська","Місячна","2005-M01","33"
"Коефіцієнт життєвості","Луганська","Місячна","2005-M02","33"
"Коефіцієнт життєвості","Луганська","Місячна","2005-M03","33"
"Коефіцієнт життєвості","Луганська","Місячна","2005-M04","33"
"Коефіцієнт життєвості","Луганська","Місячна","2005-M05","34"
"Коефіцієнт життєвості","Луганська","Місячна","2005-M06","35"
"Коефіцієнт життєвості","Луганська","Місячна","2005-M07","37"
"Коефіцієнт життєвості","Луганська","Місячна","2005-M08","39"
"Коефіцієнт життєвості","Луганська","Місячна","2005-M09","40"
"Коефіцієнт життєвості","Луганська","Місячна","2005-M10","40"
"Коефіцієнт життєвості","Луганська","Місячна","2005-M11","40"
"Коефіцієнт життєвості","Луганська","Місячна","2005-M12","40"
"Коефіцієнт життєвості","Луганська","Місячна","2006-M01","32"
"Коефіцієнт життєвості","Луганська","Місячна","2006-M02","36"
"Коефіцієнт життєвості","Луганська","Місячна","2006-M03","38"
"Коефіцієнт життєвості","Луганська","Місячна","2006-M04","39"
"Коефіцієнт життєвості","Луганська","Місячна","2006-M05","41"
"Коефіцієнт життєвості","Луганська","Місячна","2006-M06","42"
"Коефіцієнт життєвості","Луганська","Місячна","2006-M07","43"
"Коефіцієнт життєвості","Луганська","Місячна","2006-M08","45"
"Коефіцієнт життєвості","Луганська","Місячна","2006-M09","46"
"Коефіцієнт життєвості","Луганська","Місячна","2006-M10","46"
"Коефіцієнт життєвості","Луганська","Місячна","2006-M11","46"
"Коефіцієнт життєвості","Луганська","Місячна","2006-M12","47"
"Коефіцієнт життєвості","Луганська","Місячна","2007-M01","40"
"Коефіцієнт життєвості","Луганська","Місячна","2007-M02","42"
"Коефіцієнт життєвості","Луганська","Місячна","2007-M03","43"
"Коефіцієнт життєвості","Луганська","Місячна","2007-M04","43"
"Коефіцієнт життєвості","Луганська","Місячна","2007-M05","43"
"Коефіцієнт життєвості","Луганська","Місячна","2007-M06","44"
"Коефіцієнт життєвості","Луганська","Місячна","2007-M07","46"
"Коефіцієнт життєвості","Луганська","Місячна","2007-M08","47"
"Коефіцієнт життєвості","Луганська","Місячна","2007-M09","48"
"Коефіцієнт життєвості","Луганська","Місячна","2007-M10","49"
"Коефіцієнт життєвості","Луганська","Місячна","2007-M11","49"
"Коефіцієнт життєвості","Луганська","Місячна","2007-M12","48"
"Коефіцієнт життєвості","Луганська","Місячна","2008-M01","39"
"Коефіцієнт життєвості","Луганська","Місячна","2008-M02","43"
"Коефіцієнт життєвості","Луганська","Місячна","2008-M03","43"
"Коефіцієнт життєвості","Луганська","Місячна","2008-M04","44"
"Коефіцієнт життєвості","Луганська","Місячна","2008-M05","45"
"Коефіцієнт життєвості","Луганська","Місячна","2008-M06","47"
"Коефіцієнт життєвості","Луганська","Місячна","2008-M07","49"
"Коефіцієнт життєвості","Луганська","Місячна","2008-M08","50"
"Коефіцієнт життєвості","Луганська","Місячна","2008-M09","52"
"Коефіцієнт життєвості","Луганська","Місячна","2008-M10","53"
"Коефіцієнт життєвості","Луганська","Місячна","2008-M11","53"
"Коефіцієнт життєвості","Луганська","Місячна","2008-M12","53"
"Коефіцієнт життєвості","Луганська","Місячна","2009-M01","45"
"Коефіцієнт життєвості","Луганська","Місячна","2009-M02","50"
"Коефіцієнт життєвості","Луганська","Місячна","2009-M03","50"
"Коефіцієнт життєвості","Луганська","Місячна","2009-M04","50"
"Коефіцієнт життєвості","Луганська","Місячна","2009-M05","50"
"Коефіцієнт життєвості","Луганська","Місячна","2009-M06","51"
"Коефіцієнт життєвості","Луганська","Місячна","2009-M07","53"
"Коефіцієнт життєвості","Луганська","Місячна","2009-M08","54"
"Коефіцієнт життєвості","Луганська","Місячна","2009-M09","56"
"Коефіцієнт життєвості","Луганська","Місячна","2009-M10","56"
"Коефіцієнт життєвості","Луганська","Місячна","2009-M11","56"
"Коефіцієнт життєвості","Луганська","Місячна","2009-M12","55"
"Коефіцієнт життєвості","Луганська","Місячна","2010-M01","44"
"Коефіцієнт життєвості","Луганська","Місячна","2010-M02","47"
"Коефіцієнт життєвості","Луганська","Місячна","2010-M03","48"
"Коефіцієнт життєвості","Луганська","Місячна","2010-M04","48"
"Коефіцієнт життєвості","Луганська","Місячна","2010-M05","49"
"Коефіцієнт життєвості","Луганська","Місячна","2010-M06","50"
"Коефіцієнт життєвості","Луганська","Місячна","2010-M07","52"
"Коефіцієнт життєвості","Луганська","Місячна","2010-M08","51"
"Коефіцієнт життєвості","Луганська","Місячна","2010-M09","53"
"Коефіцієнт життєвості","Луганська","Місячна","2010-M10","53"
"Коефіцієнт життєвості","Луганська","Місячна","2010-M11","54"
"Коефіцієнт життєвості","Луганська","Місячна","2010-M12","54"
"Коефіцієнт життєвості","Луганська","Місячна","2011-M01","52"
"Коефіцієнт життєвості","Луганська","Місячна","2011-M02","50"
"Коефіцієнт життєвості","Луганська","Місячна","2011-M03","49"
"Коефіцієнт життєвості","Луганська","Місячна","2011-M04","49"
"Коефіцієнт життєвості","Луганська","Місячна","2011-M05","49"
"Коефіцієнт життєвості","Луганська","Місячна","2011-M06","50"
"Коефіцієнт життєвості","Луганська","Місячна","2011-M07","52"
"Коефіцієнт життєвості","Луганська","Місячна","2011-M08","55"
"Коефіцієнт життєвості","Луганська","Місячна","2011-M09","56"
"Коефіцієнт життєвості","Луганська","Місячна","2011-M10","57"
"Коефіцієнт життєвості","Луганська","Місячна","2011-M11","57"
"Коефіцієнт життєвості","Луганська","Місячна","2011-M12","57"
"Коефіцієнт життєвості","Луганська","Місячна","2012-M01","54"
"Коефіцієнт життєвості","Луганська","Місячна","2012-M02","52"
"Коефіцієнт життєвості","Луганська","Місячна","2012-M03","55"
"Коефіцієнт життєвості","Луганська","Місячна","2012-M04","54"
"Коефіцієнт життєвості","Луганська","Місячна","2012-M05","55"
"Коефіцієнт життєвості","Луганська","Місячна","2012-M06","56"
"Коефіцієнт життєвості","Луганська","Місячна","2012-M07","57"
"Коефіцієнт життєвості","Луганська","Місячна","2012-M08","59"
"Коефіцієнт життєвості","Луганська","Місячна","2012-M09","60"
"Коефіцієнт життєвості","Луганська","Місячна","2012-M10","60"
"Коефіцієнт життєвості","Луганська","Місячна","2012-M11","60"
"Коефіцієнт життєвості","Луганська","Місячна","2012-M12","60"
"Коефіцієнт життєвості","Луганська","Місячна","2013-M01","49"
"Коефіцієнт життєвості","Луганська","Місячна","2013-M02","52"
"Коефіцієнт життєвості","Луганська","Місячна","2013-M03","51"
"Коефіцієнт життєвості","Луганська","Місячна","2013-M04","51"
"Коефіцієнт життєвості","Луганська","Місячна","2013-M05","52"
"Коефіцієнт життєвості","Луганська","Місячна","2013-M06","53"
"Коефіцієнт життєвості","Луганська","Місячна","2013-M07","55"
"Коефіцієнт життєвості","Луганська","Місячна","2013-M08","57"
"Коефіцієнт життєвості","Луганська","Місячна","2013-M09","57"
"Коефіцієнт життєвості","Луганська","Місячна","2013-M10","58"
"Коефіцієнт життєвості","Луганська","Місячна","2013-M11","58"
"Коефіцієнт життєвості","Луганська","Місячна","2013-M12","57"
"Коефіцієнт життєвості","Луганська","Місячна","2014-M01","52"
"Коефіцієнт життєвості","Луганська","Місячна","2014-M02","52"
"Коефіцієнт життєвості","Луганська","Місячна","2014-M03","51"
"Коефіцієнт життєвості","Луганська","Місячна","2014-M04","51"
"Коефіцієнт життєвості","Луганська","Місячна","2014-M05","51"
"Коефіцієнт життєвості","Луганська","Місячна","2014-M06","51"
"Коефіцієнт життєвості","Луганська","Місячна","2014-M07","51"
"Коефіцієнт життєвості","Луганська","Місячна","2014-M08","51"
"Коефіцієнт життєвості","Луганська","Місячна","2014-M09","51"
"Коефіцієнт життєвості","Луганська","Місячна","2014-M10","51"
"Коефіцієнт життєвості","Луганська","Місячна","2014-M11","51"
"Коефіцієнт життєвості","Луганська","Місячна","2014-M12","51"
"Коефіцієнт життєвості","Луганська","Місячна","2015-M01","39"
"Коефіцієнт життєвості","Луганська","Місячна","2015-M02","40"
"Коефіцієнт життєвості","Луганська","Місячна","2015-M03","37"
"Коефіцієнт життєвості","Луганська","Місячна","2015-M04","35"
"Коефіцієнт життєвості","Луганська","Місячна","2015-M05","34"
"Коефіцієнт життєвості","Луганська","Місячна","2015-M06","33"
"Коефіцієнт життєвості","Луганська","Місячна","2015-M07","35"
"Коефіцієнт життєвості","Луганська","Місячна","2015-M08","36"
"Коефіцієнт життєвості","Луганська","Місячна","2015-M09","37"
"Коефіцієнт життєвості","Луганська","Місячна","2015-M10","37"
"Коефіцієнт життєвості","Луганська","Місячна","2015-M11","37"
"Коефіцієнт життєвості","Луганська","Місячна","2015-M12","37"
"Коефіцієнт життєвості","Луганська","Місячна","2016-M01","30"
"Коефіцієнт життєвості","Луганська","Місячна","2016-M02","32"
"Коефіцієнт життєвості","Луганська","Місячна","2016-M03","38"
"Коефіцієнт життєвості","Луганська","Місячна","2016-M04","39"
"Коефіцієнт життєвості","Луганська","Місячна","2016-M05","40"
"Коефіцієнт життєвості","Луганська","Місячна","2016-M06","41"
"Коефіцієнт життєвості","Луганська","Місячна","2016-M07","44"
"Коефіцієнт життєвості","Луганська","Місячна","2016-M08","46"
"Коефіцієнт життєвості","Луганська","Місячна","2016-M09","47"
"Коефіцієнт життєвості","Луганська","Місячна","2016-M10","47"
"Коефіцієнт життєвості","Луганська","Місячна","2016-M11","47"
"Коефіцієнт життєвості","Луганська","Місячна","2016-M12","46"
"Коефіцієнт життєвості","Луганська","Місячна","2017-M01","36"
"Коефіцієнт життєвості","Луганська","Місячна","2017-M02","40"
"Коефіцієнт життєвості","Луганська","Місячна","2017-M03","41"
"Коефіцієнт життєвості","Луганська","Місячна","2017-M04","41"
"Коефіцієнт життєвості","Луганська","Місячна","2017-M05","40"
"Коефіцієнт життєвості","Луганська","Місячна","2017-M06","40"
"Коефіцієнт життєвості","Луганська","Місячна","2017-M07","41"
"Коефіцієнт життєвості","Луганська","Місячна","2017-M08","42"
"Коефіцієнт життєвості","Луганська","Місячна","2017-M09","42"
"Коефіцієнт життєвості","Луганська","Місячна","2017-M10","43"
"Коефіцієнт життєвості","Луганська","Місячна","2017-M11","43"
"Коефіцієнт життєвості","Луганська","Місячна","2017-M12","42"
"Коефіцієнт життєвості","Луганська","Місячна","2018-M01","38"
"Коефіцієнт життєвості","Луганська","Місячна","2018-M02","36"
"Коефіцієнт життєвості","Луганська","Місячна","2018-M03","36"
"Коефіцієнт життєвості","Луганська","Місячна","2018-M04","35"
"Коефіцієнт життєвості","Луганська","Місячна","2018-M05","34"
"Коефіцієнт життєвості","Луганська","Місячна","2018-M06","35"
"Коефіцієнт життєвості","Луганська","Місячна","2018-M07","36"
"Коефіцієнт життєвості","Луганська","Місячна","2018-M08","36"
"Коефіцієнт життєвості","Луганська","Місячна","2018-M09","37"
"Коефіцієнт життєвості","Луганська","Місячна","2018-M10","36"
"Коефіцієнт життєвості","Луганська","Місячна","2018-M11","36"
"Коефіцієнт життєвості","Луганська","Місячна","2018-M12","35"
"Коефіцієнт життєвості","Луганська","Місячна","2019-M01","29"
"Коефіцієнт життєвості","Луганська","Місячна","2019-M02","32"
"Коефіцієнт життєвості","Луганська","Місячна","2019-M03","31"
"Коефіцієнт життєвості","Луганська","Місячна","2019-M04","30"
"Коефіцієнт життєвості","Луганська","Місячна","2019-M05","30"
"Коефіцієнт життєвості","Луганська","Місячна","2019-M06","30"
"Коефіцієнт життєвості","Луганська","Місячна","2019-M07","31"
"Коефіцієнт життєвості","Луганська","Місячна","2019-M08","32"
"Коефіцієнт життєвості","Луганська","Місячна","2019-M09","32"
"Коефіцієнт життєвості","Луганська","Місячна","2019-M10","32"
"Коефіцієнт життєвості","Луганська","Місячна","2019-M11","32"
"Коефіцієнт життєвості","Луганська","Місячна","2019-M12","31"
"Коефіцієнт життєвості","Луганська","Місячна","2020-M01","31"
"Коефіцієнт життєвості","Луганська","Місячна","2020-M02","30"
"Коефіцієнт життєвості","Луганська","Місячна","2020-M03","27"
"Коефіцієнт життєвості","Луганська","Місячна","2020-M04","27"
"Коефіцієнт життєвості","Луганська","Місячна","2020-M05","27"
"Коефіцієнт життєвості","Луганська","Місячна","2020-M06","27"
"Коефіцієнт життєвості","Луганська","Місячна","2020-M07","28"
"Коефіцієнт життєвості","Луганська","Місячна","2020-M08","29"
"Коефіцієнт життєвості","Луганська","Місячна","2020-M09","29"
"Коефіцієнт життєвості","Луганська","Місячна","2020-M10","28"
"Коефіцієнт життєвості","Луганська","Місячна","2020-M11","27"
"Коефіцієнт життєвості","Луганська","Місячна","2020-M12","27"
"Коефіцієнт життєвості","Луганська","Місячна","2021-M01","18"
"Коефіцієнт життєвості","Луганська","Місячна","2021-M02","19"
"Коефіцієнт життєвості","Луганська","Місячна","2021-M03","19"
"Коефіцієнт життєвості","Луганська","Місячна","2021-M04","19"
"Коефіцієнт життєвості","Луганська","Місячна","2021-M05","19"
"Коефіцієнт життєвості","Луганська","Місячна","2021-M06","19"
"Коефіцієнт життєвості","Луганська","Місячна","2021-M07","20"
"Коефіцієнт життєвості","Луганська","Місячна","2021-M08","20"
"Коефіцієнт життєвості","Луганська","Місячна","2021-M09","20"
"Коефіцієнт життєвості","Луганська","Місячна","2021-M10","19"
"Коефіцієнт життєвості","Луганська","Місячна","2021-M11","18"
"Коефіцієнт життєвості","Луганська","Місячна","2021-M12","18"
"Коефіцієнт життєвості","Дніпропетровська","Місячна","2005-M01","42"
"Коефіцієнт життєвості","Дніпропетровська","Місячна","2005-M02","43"
"Коефіцієнт життєвості","Дніпропетровська","Місячна","2005-M03","43"
"Коефіцієнт життєвості","Дніпропетровська","Місячна","2005-M04","44"
"Коефіцієнт життєвості","Дніпропетровська","Місячна","2005-M05","44"
"Коефіцієнт життєвості","Дніпропетровська","Місячна","2005-M06","45"
"Коефіцієнт життєвості","Дніпропетровська","Місячна","2005-M07","46"
"Коефіцієнт життєвості","Дніпропетровська","Місячна","2005-M08","47"
"Коефіцієнт життєвості","Дніпропетровська","Місячна","2005-M09","49"
"Коефіцієнт життєвості","Дніпропетровська","Місячна","2005-M10","49"
"Коефіцієнт життєвості","Дніпропетровська","Місячна","2005-M11","49"
"Коефіцієнт життєвості","Дніпропетровська","Місячна","2005-M12","49"
"Коефіцієнт життєвості","Дніпропетровська","Місячна","2006-M01","42"
"Коефіцієнт життєвості","Дніпропетровська","Місячна","2006-M02","47"
"Коефіцієнт життєвості","Дніпропетровська","Місячна","2006-M03","48"
"Коефіцієнт життєвості","Дніпропетровська","Місячна","2006-M04","49"
"Коефіцієнт життєвості","Дніпропетровська","Місячна","2006-M05","50"
"Коефіцієнт життєвості","Дніпропетровська","Місячна","2006-M06","50"
"Коефіцієнт життєвості","Дніпропетровська","Місячна","2006-M07","53"
"Коефіцієнт життєвості","Дніпропетровська","Місячна","2006-M08","55"
"Коефіцієнт життєвості","Дніпропетровська","Місячна","2006-M09","56"
"Коефіцієнт життєвості","Дніпропетровська","Місячна","2006-M10","56"
"Коефіцієнт життєвості","Дніпропетровська","Місячна","2006-M11","56"
"Коефіцієнт життєвості","Дніпропетровська","Місячна","2006-M12","56"
"Коефіцієнт життєвості","Дніпропетровська","Місячна","2007-M01","53"
"Коефіцієнт життєвості","Дніпропетровська","Місячна","2007-M02","54"
"Коефіцієнт життєвості","Дніпропетровська","Місячна","2007-M03","52"
"Коефіцієнт життєвості","Дніпропетровська","Місячна","2007-M04","52"
"Коефіцієнт життєвості","Дніпропетровська","Місячна","2007-M05","52"
"Коефіцієнт життєвості","Дніпропетровська","Місячна","2007-M06","53"
"Коефіцієнт життєвості","Дніпропетровська","Місячна","2007-M07","55"
"Коефіцієнт життєвості","Дніпропетровська","Місячна","2007-M08","57"
"Коефіцієнт життєвості","Дніпропетровська","Місячна","2007-M09","58"
"Коефіцієнт життєвості","Дніпропетровська","Місячна","2007-M10","59"
"Коефіцієнт життєвості","Дніпропетровська","Місячна","2007-M11","58"
"Коефіцієнт життєвості","Дніпропетровська","Місячна","2007-M12","58"
"Коефіцієнт життєвості","Дніпропетровська","Місячна","2008-M01","51"
"Коефіцієнт життєвості","Дніпропетровська","Місячна","2008-M02","54"
"Коефіцієнт життєвості","Дніпропетровська","Місячна","2008-M03","53"
"Коефіцієнт життєвості","Дніпропетровська","Місячна","2008-M04","54"
"Коефіцієнт життєвості","Дніпропетровська","Місячна","2008-M05","54"
"Коефіцієнт життєвості","Дніпропетровська","Місячна","2008-M06","55"
"Коефіцієнт життєвості","Дніпропетровська","Місячна","2008-M07","57"
"Коефіцієнт життєвості","Дніпропетровська","Місячна","2008-M08","59"
"Коефіцієнт життєвості","Дніпропетровська","Місячна","2008-M09","61"
"Коефіцієнт життєвості","Дніпропетровська","Місячна","2008-M10","62"
"Коефіцієнт життєвості","Дніпропетровська","Місячна","2008-M11","62"
"Коефіцієнт життєвості","Дніпропетровська","Місячна","2008-M12","63"
"Коефіцієнт життєвості","Дніпропетровська","Місячна","2009-M01","57"
"Коефіцієнт життєвості","Дніпропетровська","Місячна","2009-M02","62"
"Коефіцієнт життєвості","Дніпропетровська","Місячна","2009-M03","63"
"Коефіцієнт життєвості","Дніпропетровська","Місячна","2009-M04","63"
"Коефіцієнт життєвості","Дніпропетровська","Місячна","2009-M05","63"
"Коефіцієнт життєвості","Дніпропетровська","Місячна","2009-M06","63"
"Коефіцієнт життєвості","Дніпропетровська","Місячна","2009-M07","65"
"Коефіцієнт життєвості","Дніпропетровська","Місячна","2009-M08","67"
"Коефіцієнт життєвості","Дніпропетровська","Місячна","2009-M09","69"
"Коефіцієнт життєвості","Дніпропетровська","Місячна","2009-M10","69"
"Коефіцієнт життєвості","Дніпропетровська","Місячна","2009-M11","68"
"Коефіцієнт життєвості","Дніпропетровська","Місячна","2009-M12","68"
"Коефіцієнт життєвості","Дніпропетровська","Місячна","2010-M01","59"
"Коефіцієнт життєвості","Дніпропетровська","Місячна","2010-M02","63"
"Коефіцієнт життєвості","Дніпропетровська","Місячна","2010-M03","63"
"Коефіцієнт життєвості","Дніпропетровська","Місячна","2010-M04","63"
"Коефіцієнт життєвості","Дніпропетровська","Місячна","2010-M05","62"
"Коефіцієнт життєвості","Дніпропетровська","Місячна","2010-M06","64"
"Коефіцієнт життєвості","Дніпропетровська","Місячна","2010-M07","65"
"Коефіцієнт життєвості","Дніпропетровська","Місячна","2010-M08","64"
"Коефіцієнт життєвості","Дніпропетровська","Місячна","2010-M09","65"
"Коефіцієнт життєвості","Дніпропетровська","Місячна","2010-M10","65"
"Коефіцієнт життєвості","Дніпропетровська","Місячна","2010-M11","66"
"Коефіцієнт життєвості","Дніпропетровська","Місячна","2010-M12","65"
"Коефіцієнт життєвості","Дніпропетровська","Місячна","2011-M01","64"
"Коефіцієнт життєвості","Дніпропетровська","Місячна","2011-M02","65"
"Коефіцієнт життєвості","Дніпропетровська","Місячна","2011-M03","64"
"Коефіцієнт життєвості","Дніпропетровська","Місячна","2011-M04","62"
"Коефіцієнт життєвості","Дніпропетровська","Місячна","2011-M05","61"
"Коефіцієнт життєвості","Дніпропетровська","Місячна","2011-M06","62"
"Коефіцієнт життєвості","Дніпропетровська","Місячна","2011-M07","64"
"Коефіцієнт життєвості","Дніпропетровська","Місячна","2011-M08","67"
"Коефіцієнт життєвості","Дніпропетровська","Місячна","2011-M09","69"
"Коефіцієнт життєвості","Дніпропетровська","Місячна","2011-M10","69"
"Коефіцієнт життєвості","Дніпропетровська","Місячна","2011-M11","69"
"Коефіцієнт життєвості","Дніпропетровська","Місячна","2011-M12","69"
"Коефіцієнт життєвості","Дніпропетровська","Місячна","2012-M01","67"
"Коефіцієнт життєвості","Дніпропетровська","Місячна","2012-M02","67"
"Коефіцієнт життєвості","Дніпропетровська","Місячна","2012-M03","66"
"Коефіцієнт життєвості","Дніпропетровська","Місячна","2012-M04","65"
"Коефіцієнт життєвості","Дніпропетровська","Місячна","2012-M05","66"
"Коефіцієнт життєвості","Дніпропетровська","Місячна","2012-M06","68"
"Коефіцієнт життєвості","Дніпропетровська","Місячна","2012-M07","69"
"Коефіцієнт життєвості","Дніпропетровська","Місячна","2012-M08","71"
"Коефіцієнт життєвості","Дніпропетровська","Місячна","2012-M09","72"
"Коефіцієнт життєвості","Дніпропетровська","Місячна","2012-M10","73"
"Коефіцієнт життєвості","Дніпропетровська","Місячна","2012-M11","73"
"Коефіцієнт життєвості","Дніпропетровська","Місячна","2012-M12","72"
"Коефіцієнт життєвості","Дніпропетровська","Місячна","2013-M01","66"
"Коефіцієнт життєвості","Дніпропетровська","Місячна","2013-M02","68"
"Коефіцієнт життєвості","Дніпропетровська","Місячна","2013-M03","65"
"Коефіцієнт життєвості","Дніпропетровська","Місячна","2013-M04","64"
"Коефіцієнт життєвості","Дніпропетровська","Місячна","2013-M05","64"
"Коефіцієнт життєвості","Дніпропетровська","Місячна","2013-M06","65"
"Коефіцієнт життєвості","Дніпропетровська","Місячна","2013-M07","68"
"Коефіцієнт життєвості","Дніпропетровська","Місячна","2013-M08","69"
"Коефіцієнт життєвості","Дніпропетровська","Місячна","2013-M09","70"
"Коефіцієнт життєвості","Дніпропетровська","Місячна","2013-M10","70"
"Коефіцієнт життєвості","Дніпропетровська","Місячна","2013-M11","71"
"Коефіцієнт життєвості","Дніпропетровська","Місячна","2013-M12","71"
"Коефіцієнт життєвості","Дніпропетровська","Місячна","2014-M01","64"
"Коефіцієнт життєвості","Дніпропетровська","Місячна","2014-M02","65"
"Коефіцієнт життєвості","Дніпропетровська","Місячна","2014-M03","63"
"Коефіцієнт життєвості","Дніпропетровська","Місячна","2014-M04","63"
"Коефіцієнт життєвості","Дніпропетровська","Місячна","2014-M05","65"
"Коефіцієнт життєвості","Дніпропетровська","Місячна","2014-M06","66"
"Коефіцієнт життєвості","Дніпропетровська","Місячна","2014-M07","68"
"Коефіцієнт життєвості","Дніпропетровська","Місячна","2014-M08","69"
"Коефіцієнт життєвості","Дніпропетровська","Місячна","2014-M09","70"
"Коефіцієнт життєвості","Дніпропетровська","Місячна","2014-M10","71"
"Коефіцієнт життєвості","Дніпропетровська","Місячна","2014-M11","70"
"Коефіцієнт життєвості","Дніпропетровська","Місячна","2014-M12","69"
"Коефіцієнт життєвості","Дніпропетровська","Місячна","2015-M01","58"
"Коефіцієнт життєвості","Дніпропетровська","Місячна","2015-M02","58"
"Коефіцієнт життєвості","Дніпропетровська","Місячна","2015-M03","58"
"Коефіцієнт життєвості","Дніпропетровська","Місячна","2015-M04","57"
"Коефіцієнт життєвості","Дніпропетровська","Місячна","2015-M05","57"
"Коефіцієнт життєвості","Дніпропетровська","Місячна","2015-M06","58"
"Коефіцієнт життєвості","Дніпропетровська","Місячна","2015-M07","60"
"Коефіцієнт життєвості","Дніпропетровська","Місячна","2015-M08","61"
"Коефіцієнт життєвості","Дніпропетровська","Місячна","2015-M09","63"
"Коефіцієнт життєвості","Дніпропетровська","Місячна","2015-M10","63"
"Коефіцієнт життєвості","Дніпропетровська","Місячна","2015-M11","62"
"Коефіцієнт життєвості","Дніпропетровська","Місячна","2015-M12","62"
"Коефіцієнт життєвості","Дніпропетровська","Місячна","2016-M01","46"
"Коефіцієнт життєвості","Дніпропетровська","Місячна","2016-M02","50"
"Коефіцієнт життєвості","Дніпропетровська","Місячна","2016-M03","53"
"Коефіцієнт життєвості","Дніпропетровська","Місячна","2016-M04","54"
"Коефіцієнт життєвості","Дніпропетровська","Місячна","2016-M05","54"
"Коефіцієнт життєвості","Дніпропетровська","Місячна","2016-M06","54"
"Коефіцієнт життєвості","Дніпропетровська","Місячна","2016-M07","57"
"Коефіцієнт життєвості","Дніпропетровська","Місячна","2016-M08","58"
"Коефіцієнт життєвості","Дніпропетровська","Місячна","2016-M09","59"
"Коефіцієнт життєвості","Дніпропетровська","Місячна","2016-M10","59"
"Коефіцієнт життєвості","Дніпропетровська","Місячна","2016-M11","59"
"Коефіцієнт життєвості","Дніпропетровська","Місячна","2016-M12","58"
"Коефіцієнт життєвості","Дніпропетровська","Місячна","2017-M01","48"
"Коефіцієнт життєвості","Дніпропетровська","Місячна","2017-M02","50"
"Коефіцієнт життєвості","Дніпропетровська","Місячна","2017-M03","51"
"Коефіцієнт життєвості","Дніпропетровська","Місячна","2017-M04","50"
"Коефіцієнт життєвості","Дніпропетровська","Місячна","2017-M05","49"
"Коефіцієнт життєвості","Дніпропетровська","Місячна","2017-M06","50"
"Коефіцієнт життєвості","Дніпропетровська","Місячна","2017-M07","52"
"Коефіцієнт життєвості","Дніпропетровська","Місячна","2017-M08","53"
"Коефіцієнт життєвості","Дніпропетровська","Місячна","2017-M09","54"
"Коефіцієнт життєвості","Дніпропетровська","Місячна","2017-M10","54"
"Коефіцієнт життєвості","Дніпропетровська","Місячна","2017-M11","54"
"Коефіцієнт життєвості","Дніпропетровська","Місячна","2017-M12","54"
"Коефіцієнт життєвості","Дніпропетровська","Місячна","2018-M01","48"
"Коефіцієнт життєвості","Дніпропетровська","Місячна","2018-M02","48"
"Коефіцієнт життєвості","Дніпропетровська","Місячна","2018-M03","47"
"Коефіцієнт життєвості","Дніпропетровська","Місячна","2018-M04","46"
"Коефіцієнт життєвості","Дніпропетровська","Місячна","2018-M05","46"
"Коефіцієнт життєвості","Дніпропетровська","Місячна","2018-M06","47"
"Коефіцієнт життєвості","Дніпропетровська","Місячна","2018-M07","48"
"Коефіцієнт життєвості","Дніпропетровська","Місячна","2018-M08","49"
"Коефіцієнт життєвості","Дніпропетровська","Місячна","2018-M09","50"
"Коефіцієнт життєвості","Дніпропетровська","Місячна","2018-M10","50"
"Коефіцієнт життєвості","Дніпропетровська","Місячна","2018-M11","49"
"Коефіцієнт життєвості","Дніпропетровська","Місячна","2018-M12","48"
"Коефіцієнт життєвості","Дніпропетровська","Місячна","2019-M01","38"
"Коефіцієнт життєвості","Дніпропетровська","Місячна","2019-M02","41"
"Коефіцієнт життєвості","Дніпропетровська","Місячна","2019-M03","41"
"Коефіцієнт життєвості","Дніпропетровська","Місячна","2019-M04","41"
"Коефіцієнт життєвості","Дніпропетровська","Місячна","2019-M05","41"
"Коефіцієнт життєвості","Дніпропетровська","Місячна","2019-M06","41"
"Коефіцієнт життєвості","Дніпропетровська","Місячна","2019-M07","43"
"Коефіцієнт життєвості","Дніпропетровська","Місячна","2019-M08","44"
"Коефіцієнт життєвості","Дніпропетровська","Місячна","2019-M09","45"
"Коефіцієнт життєвості","Дніпропетровська","Місячна","2019-M10","45"
"Коефіцієнт життєвості","Дніпропетровська","Місячна","2019-M11","45"
"Коефіцієнт життєвості","Дніпропетровська","Місячна","2019-M12","44"
"Коефіцієнт життєвості","Дніпропетровська","Місячна","2020-M01","42"
"Коефіцієнт життєвості","Дніпропетровська","Місячна","2020-M02","40"
"Коефіцієнт життєвості","Дніпропетровська","Місячна","2020-M03","38"
"Коефіцієнт життєвості","Дніпропетровська","Місячна","2020-M04","39"
"Коефіцієнт життєвості","Дніпропетровська","Місячна","2020-M05","40"
"Коефіцієнт життєвості","Дніпропетровська","Місячна","2020-M06","40"
"Коефіцієнт життєвості","Дніпропетровська","Місячна","2020-M07","42"
"Коефіцієнт життєвості","Дніпропетровська","Місячна","2020-M08","42"
"Коефіцієнт життєвості","Дніпропетровська","Місячна","2020-M09","43"
"Коефіцієнт життєвості","Дніпропетровська","Місячна","2020-M10","41"
"Коефіцієнт життєвості","Дніпропетровська","Місячна","2020-M11","40"
"Коефіцієнт життєвості","Дніпропетровська","Місячна","2020-M12","39"
"Коефіцієнт життєвості","Дніпропетровська","Місячна","2021-M01","31"
"Коефіцієнт життєвості","Дніпропетровська","Місячна","2021-M02","33"
"Коефіцієнт життєвості","Дніпропетровська","Місячна","2021-M03","33"
"Коефіцієнт життєвості","Дніпропетровська","Місячна","2021-M04","30"
"Коефіцієнт життєвості","Дніпропетровська","Місячна","2021-M05","29"
"Коефіцієнт життєвості","Дніпропетровська","Місячна","2021-M06","31"
"Коефіцієнт життєвості","Дніпропетровська","Місячна","2021-M07","32"
"Коефіцієнт життєвості","Дніпропетровська","Місячна","2021-M08","33"
"Коефіцієнт життєвості","Дніпропетровська","Місячна","2021-M09","34"
"Коефіцієнт життєвості","Дніпропетровська","Місячна","2021-M10","32"
"Коефіцієнт життєвості","Дніпропетровська","Місячна","2021-M11","30"
"Коефіцієнт життєвості","Дніпропетровська","Місячна","2021-M12","30"
"Коефіцієнт життєвості","Волинська","Місячна","2005-M01","71"
"Коефіцієнт життєвості","Волинська","Місячна","2005-M02","73"
"Коефіцієнт життєвості","Волинська","Місячна","2005-M03","69"
"Коефіцієнт життєвості","Волинська","Місячна","2005-M04","73"
"Коефіцієнт життєвості","Волинська","Місячна","2005-M05","73"
"Коефіцієнт життєвості","Волинська","Місячна","2005-M06","74"
"Коефіцієнт життєвості","Волинська","Місячна","2005-M07","77"
"Коефіцієнт життєвості","Волинська","Місячна","2005-M08","79"
"Коефіцієнт життєвості","Волинська","Місячна","2005-M09","80"
"Коефіцієнт життєвості","Волинська","Місячна","2005-M10","80"
"Коефіцієнт життєвості","Волинська","Місячна","2005-M11","80"
"Коефіцієнт життєвості","Волинська","Місячна","2005-M12","80"
"Коефіцієнт життєвості","Волинська","Місячна","2006-M01","60"
"Коефіцієнт життєвості","Волинська","Місячна","2006-M02","69"
"Коефіцієнт життєвості","Волинська","Місячна","2006-M03","74"
"Коефіцієнт життєвості","Волинська","Місячна","2006-M04","76"
"Коефіцієнт життєвості","Волинська","Місячна","2006-M05","80"
"Коефіцієнт життєвості","Волинська","Місячна","2006-M06","81"
"Коефіцієнт життєвості","Волинська","Місячна","2006-M07","84"
"Коефіцієнт життєвості","Волинська","Місячна","2006-M08","88"
"Коефіцієнт життєвості","Волинська","Місячна","2006-M09","89"
"Коефіцієнт життєвості","Волинська","Місячна","2006-M10","89"
"Коефіцієнт життєвості","Волинська","Місячна","2006-M11","88"
"Коефіцієнт життєвості","Волинська","Місячна","2006-M12","88"
"Коефіцієнт життєвості","Волинська","Місячна","2007-M01","72"
"Коефіцієнт життєвості","Волинська","Місячна","2007-M02","82"
"Коефіцієнт життєвості","Волинська","Місячна","2007-M03","81"
"Коефіцієнт життєвості","Волинська","Місячна","2007-M04","82"
"Коефіцієнт життєвості","Волинська","Місячна","2007-M05","85"
"Коефіцієнт життєвості","Волинська","Місячна","2007-M06","86"
"Коефіцієнт життєвості","Волинська","Місячна","2007-M07","89"
"Коефіцієнт життєвості","Волинська","Місячна","2007-M08","92"
"Коефіцієнт життєвості","Волинська","Місячна","2007-M09","92"
"Коефіцієнт життєвості","Волинська","Місячна","2007-M10","92"
"Коефіцієнт життєвості","Волинська","Місячна","2007-M11","92"
"Коефіцієнт життєвості","Волинська","Місячна","2007-M12","90"
"Коефіцієнт життєвості","Волинська","Місячна","2008-M01","77"
"Коефіцієнт життєвості","Волинська","Місячна","2008-M02","87"
"Коефіцієнт життєвості","Волинська","Місячна","2008-M03","84"
"Коефіцієнт життєвості","Волинська","Місячна","2008-M04","84"
"Коефіцієнт життєвості","Волинська","Місячна","2008-M05","85"
"Коефіцієнт життєвості","Волинська","Місячна","2008-M06","87"
"Коефіцієнт життєвості","Волинська","Місячна","2008-M07","92"
"Коефіцієнт життєвості","Волинська","Місячна","2008-M08","96"
"Коефіцієнт життєвості","Волинська","Місячна","2008-M09","97"
"Коефіцієнт життєвості","Волинська","Місячна","2008-M10","99"
"Коефіцієнт життєвості","Волинська","Місячна","2008-M11","98"
"Коефіцієнт життєвості","Волинська","Місячна","2008-M12","98"
"Коефіцієнт життєвості","Волинська","Місячна","2009-M01","86"
"Коефіцієнт життєвості","Волинська","Місячна","2009-M02","97"
"Коефіцієнт життєвості","Волинська","Місячна","2009-M03","94"
"Коефіцієнт життєвості","Волинська","Місячна","2009-M04","96"
"Коефіцієнт життєвості","Волинська","Місячна","2009-M05","97"
"Коефіцієнт життєвості","Волинська","Місячна","2009-M06","98"
"Коефіцієнт життєвості","Волинська","Місячна","2009-M07","102"
"Коефіцієнт життєвості","Волинська","Місячна","2009-M08","104"
"Коефіцієнт життєвості","Волинська","Місячна","2009-M09","106"
"Коефіцієнт життєвості","Волинська","Місячна","2009-M10","106"
"Коефіцієнт життєвості","Волинська","Місячна","2009-M11","106"
"Коефіцієнт життєвості","Волинська","Місячна","2009-M12","105"
"Коефіцієнт життєвості","Волинська","Місячна","2010-M01","88"
"Коефіцієнт життєвості","Волинська","Місячна","2010-M02","95"
"Коефіцієнт життєвості","Волинська","Місячна","2010-M03","96"
"Коефіцієнт життєвості","Волинська","Місячна","2010-M04","97"
"Коефіцієнт життєвості","Волинська","Місячна","2010-M05","99"
"Коефіцієнт життєвості","Волинська","Місячна","2010-M06","100"
"Коефіцієнт життєвості","Волинська","Місячна","2010-M07","104"
"Коефіцієнт життєвості","Волинська","Місячна","2010-M08","105"
"Коефіцієнт життєвості","Волинська","Місячна","2010-M09","105"
"Коефіцієнт життєвості","Волинська","Місячна","2010-M10","106"
"Коефіцієнт життєвості","Волинська","Місячна","2010-M11","105"
"Коефіцієнт життєвості","Волинська","Місячна","2010-M12","103"
"Коефіцієнт життєвості","Волинська","Місячна","2011-M01","93"
"Коефіцієнт життєвості","Волинська","Місячна","2011-M02","94"
"Коефіцієнт життєвості","Волинська","Місячна","2011-M03","93"
"Коефіцієнт життєвості","Волинська","Місячна","2011-M04","96"
"Коефіцієнт життєвості","Волинська","Місячна","2011-M05","95"
"Коефіцієнт життєвості","Волинська","Місячна","2011-M06","96"
"Коефіцієнт життєвості","Волинська","Місячна","2011-M07","101"
"Коефіцієнт життєвості","Волинська","Місячна","2011-M08","104"
"Коефіцієнт життєвості","Волинська","Місячна","2011-M09","105"
"Коефіцієнт життєвості","Волинська","Місячна","2011-M10","106"
"Коефіцієнт життєвості","Волинська","Місячна","2011-M11","106"
"Коефіцієнт життєвості","Волинська","Місячна","2011-M12","106"
"Коефіцієнт життєвості","Волинська","Місячна","2012-M01","102"
"Коефіцієнт життєвості","Волинська","Місячна","2012-M02","108"
"Коефіцієнт життєвості","Волинська","Місячна","2012-M03","107"
"Коефіцієнт життєвості","Волинська","Місячна","2012-M04","102"
"Коефіцієнт життєвості","Волинська","Місячна","2012-M05","103"
"Коефіцієнт життєвості","Волинська","Місячна","2012-M06","105"
"Коефіцієнт життєвості","Волинська","Місячна","2012-M07","108"
"Коефіцієнт життєвості","Волинська","Місячна","2012-M08","112"
"Коефіцієнт життєвості","Волинська","Місячна","2012-M09","113"
"Коефіцієнт життєвості","Волинська","Місячна","2012-M10","114"
"Коефіцієнт життєвості","Волинська","Місячна","2012-M11","114"
"Коефіцієнт життєвості","Волинська","Місячна","2012-M12","112"
"Коефіцієнт життєвості","Волинська","Місячна","2013-M01","100"
"Коефіцієнт життєвості","Волинська","Місячна","2013-M02","99"
"Коефіцієнт життєвості","Волинська","Місячна","2013-M03","98"
"Коефіцієнт життєвості","Волинська","Місячна","2013-M04","96"
"Коефіцієнт життєвості","Волинська","Місячна","2013-M05","97"
"Коефіцієнт життєвості","Волинська","Місячна","2013-M06","98"
"Коефіцієнт життєвості","Волинська","Місячна","2013-M07","102"
"Коефіцієнт життєвості","Волинська","Місячна","2013-M08","106"
"Коефіцієнт життєвості","Волинська","Місячна","2013-M09","108"
"Коефіцієнт життєвості","Волинська","Місячна","2013-M10","109"
"Коефіцієнт життєвості","Волинська","Місячна","2013-M11","109"
"Коефіцієнт життєвості","Волинська","Місячна","2013-M12","108"
"Коефіцієнт життєвості","Волинська","Місячна","2014-M01","98"
"Коефіцієнт життєвості","Волинська","Місячна","2014-M02","102"
"Коефіцієнт життєвості","Волинська","Місячна","2014-M03","99"
"Коефіцієнт життєвості","Волинська","Місячна","2014-M04","97"
"Коефіцієнт життєвості","Волинська","Місячна","2014-M05","99"
"Коефіцієнт життєвості","Волинська","Місячна","2014-M06","101"
"Коефіцієнт життєвості","Волинська","Місячна","2014-M07","105"
"Коефіцієнт життєвості","Волинська","Місячна","2014-M08","106"
"Коефіцієнт життєвості","Волинська","Місячна","2014-M09","108"
"Коефіцієнт життєвості","Волинська","Місячна","2014-M10","109"
"Коефіцієнт життєвості","Волинська","Місячна","2014-M11","109"
"Коефіцієнт життєвості","Волинська","Місячна","2014-M12","107"
"Коефіцієнт життєвості","Волинська","Місячна","2015-M01","88"
"Коефіцієнт життєвості","Волинська","Місячна","2015-M02","88"
"Коефіцієнт життєвості","Волинська","Місячна","2015-M03","86"
"Коефіцієнт життєвості","Волинська","Місячна","2015-M04","85"
"Коефіцієнт життєвості","Волинська","Місячна","2015-M05","85"
"Коефіцієнт життєвості","Волинська","Місячна","2015-M06","87"
"Коефіцієнт життєвості","Волинська","Місячна","2015-M07","92"
"Коефіцієнт життєвості","Волинська","Місячна","2015-M08","94"
"Коефіцієнт життєвості","Волинська","Місячна","2015-M09","97"
"Коефіцієнт життєвості","Волинська","Місячна","2015-M10","98"
"Коефіцієнт життєвості","Волинська","Місячна","2015-M11","98"
"Коефіцієнт життєвості","Волинська","Місячна","2015-M12","97"
"Коефіцієнт життєвості","Волинська","Місячна","2016-M01","77"
"Коефіцієнт життєвості","Волинська","Місячна","2016-M02","84"
"Коефіцієнт життєвості","Волинська","Місячна","2016-M03","88"
"Коефіцієнт життєвості","Волинська","Місячна","2016-M04","91"
"Коефіцієнт життєвості","Волинська","Місячна","2016-M05","89"
"Коефіцієнт життєвості","Волинська","Місячна","2016-M06","89"
"Коефіцієнт життєвості","Волинська","Місячна","2016-M07","93"
"Коефіцієнт життєвості","Волинська","Місячна","2016-M08","95"
"Коефіцієнт життєвості","Волинська","Місячна","2016-M09","98"
"Коефіцієнт життєвості","Волинська","Місячна","2016-M10","98"
"Коефіцієнт життєвості","Волинська","Місячна","2016-M11","98"
"Коефіцієнт життєвості","Волинська","Місячна","2016-M12","97"
"Коефіцієнт життєвості","Волинська","Місячна","2017-M01","67"
"Коефіцієнт життєвості","Волинська","Місячна","2017-M02","77"
"Коефіцієнт життєвості","Волинська","Місячна","2017-M03","81"
"Коефіцієнт життєвості","Волинська","Місячна","2017-M04","81"
"Коефіцієнт життєвості","Волинська","Місячна","2017-M05","82"
"Коефіцієнт життєвості","Волинська","Місячна","2017-M06","84"
"Коефіцієнт життєвості","Волинська","Місячна","2017-M07","87"
"Коефіцієнт життєвості","Волинська","Місячна","2017-M08","89"
"Коефіцієнт життєвості","Волинська","Місячна","2017-M09","90"
"Коефіцієнт життєвості","Волинська","Місячна","2017-M10","89"
"Коефіцієнт життєвості","Волинська","Місячна","2017-M11","88"
"Коефіцієнт життєвості","Волинська","Місячна","2017-M12","88"
"Коефіцієнт життєвості","Волинська","Місячна","2018-M01","77"
"Коефіцієнт життєвості","Волинська","Місячна","2018-M02","77"
"Коефіцієнт життєвості","Волинська","Місячна","2018-M03","75"
"Коефіцієнт життєвості","Волинська","Місячна","2018-M04","76"
"Коефіцієнт життєвості","Волинська","Місячна","2018-M05","77"
"Коефіцієнт життєвості","Волинська","Місячна","2018-M06","78"
"Коефіцієнт життєвості","Волинська","Місячна","2018-M07","81"
"Коефіцієнт життєвості","Волинська","Місячна","2018-M08","84"
"Коефіцієнт життєвості","Волинська","Місячна","2018-M09","85"
"Коефіцієнт життєвості","Волинська","Місячна","2018-M10","85"
"Коефіцієнт життєвості","Волинська","Місячна","2018-M11","84"
"Коефіцієнт життєвості","Волинська","Місячна","2018-M12","82"
"Коефіцієнт життєвості","Волинська","Місячна","2019-M01","65"
"Коефіцієнт життєвості","Волинська","Місячна","2019-M02","68"
"Коефіцієнт життєвості","Волинська","Місячна","2019-M03","69"
"Коефіцієнт життєвості","Волинська","Місячна","2019-M04","69"
"Коефіцієнт життєвості","Волинська","Місячна","2019-M05","70"
"Коефіцієнт життєвості","Волинська","Місячна","2019-M06","71"
"Коефіцієнт життєвості","Волинська","Місячна","2019-M07","74"
"Коефіцієнт життєвості","Волинська","Місячна","2019-M08","76"
"Коефіцієнт життєвості","Волинська","Місячна","2019-M09","78"
"Коефіцієнт життєвості","Волинська","Місячна","2019-M10","79"
"Коефіцієнт життєвості","Волинська","Місячна","2019-M11","79"
"Коефіцієнт життєвості","Волинська","Місячна","2019-M12","78"
"Коефіцієнт життєвості","Волинська","Місячна","2020-M01","79"
"Коефіцієнт життєвості","Волинська","Місячна","2020-M02","77"
"Коефіцієнт життєвості","Волинська","Місячна","2020-M03","71"
"Коефіцієнт життєвості","Волинська","Місячна","2020-M04","72"
"Коефіцієнт життєвості","Волинська","Місячна","2020-M05","73"
"Коефіцієнт життєвості","Волинська","Місячна","2020-M06","72"
"Коефіцієнт життєвості","Волинська","Місячна","2020-M07","76"
"Коефіцієнт життєвості","Волинська","Місячна","2020-M08","76"
"Коефіцієнт життєвості","Волинська","Місячна","2020-M09","78"
"Коефіцієнт життєвості","Волинська","Місячна","2020-M10","77"
"Коефіцієнт життєвості","Волинська","Місячна","2020-M11","74"
"Коефіцієнт життєвості","Волинська","Місячна","2020-M12","73"
"Коефіцієнт життєвості","Волинська","Місячна","2021-M01","75"
"Коефіцієнт життєвості","Волинська","Місячна","2021-M02","74"
"Коефіцієнт життєвості","Волинська","Місячна","2021-M03","71"
"Коефіцієнт життєвості","Волинська","Місячна","2021-M04","66"
"Коефіцієнт життєвості","Волинська","Місячна","2021-M05","63"
"Коефіцієнт життєвості","Волинська","Місячна","2021-M06","63"
"Коефіцієнт життєвості","Волинська","Місячна","2021-M07","65"
"Коефіцієнт життєвості","Волинська","Місячна","2021-M08","68"
"Коефіцієнт життєвості","Волинська","Місячна","2021-M09","69"
"Коефіцієнт життєвості","Волинська","Місячна","2021-M10","68"
"Коефіцієнт життєвості","Волинська","Місячна","2021-M11","65"
"Коефіцієнт життєвості","Волинська","Місячна","2021-M12","64"
"Коефіцієнт життєвості","Львівська","Місячна","2005-M01","60"
"Коефіцієнт життєвості","Львівська","Місячна","2005-M02","65"
"Коефіцієнт життєвості","Львівська","Місячна","2005-M03","64"
"Коефіцієнт життєвості","Львівська","Місячна","2005-M04","65"
"Коефіцієнт життєвості","Львівська","Місячна","2005-M05","66"
"Коефіцієнт життєвості","Львівська","Місячна","2005-M06","68"
"Коефіцієнт життєвості","Львівська","Місячна","2005-M07","71"
"Коефіцієнт життєвості","Львівська","Місячна","2005-M08","73"
"Коефіцієнт життєвості","Львівська","Місячна","2005-M09","74"
"Коефіцієнт життєвості","Львівська","Місячна","2005-M10","75"
"Коефіцієнт життєвості","Львівська","Місячна","2005-M11","74"
"Коефіцієнт життєвості","Львівська","Місячна","2005-M12","74"
"Коефіцієнт життєвості","Львівська","Місячна","2006-M01","53"
"Коефіцієнт життєвості","Львівська","Місячна","2006-M02","63"
"Коефіцієнт життєвості","Львівська","Місячна","2006-M03","66"
"Коефіцієнт життєвості","Львівська","Місячна","2006-M04","67"
"Коефіцієнт життєвості","Львівська","Місячна","2006-M05","69"
"Коефіцієнт життєвості","Львівська","Місячна","2006-M06","71"
"Коефіцієнт життєвості","Львівська","Місячна","2006-M07","74"
"Коефіцієнт життєвості","Львівська","Місячна","2006-M08","77"
"Коефіцієнт життєвості","Львівська","Місячна","2006-M09","79"
"Коефіцієнт життєвості","Львівська","Місячна","2006-M10","79"
"Коефіцієнт життєвості","Львівська","Місячна","2006-M11","79"
"Коефіцієнт життєвості","Львівська","Місячна","2006-M12","78"
"Коефіцієнт життєвості","Львівська","Місячна","2007-M01","67"
"Коефіцієнт життєвості","Львівська","Місячна","2007-M02","67"
"Коефіцієнт життєвості","Львівська","Місячна","2007-M03","68"
"Коефіцієнт життєвості","Львівська","Місячна","2007-M04","69"
"Коефіцієнт життєвості","Львівська","Місячна","2007-M05","71"
"Коефіцієнт життєвості","Львівська","Місячна","2007-M06","74"
"Коефіцієнт життєвості","Львівська","Місячна","2007-M07","76"
"Коефіцієнт життєвості","Львівська","Місячна","2007-M08","80"
"Коефіцієнт життєвості","Львівська","Місячна","2007-M09","81"
"Коефіцієнт життєвості","Львівська","Місячна","2007-M10","81"
"Коефіцієнт життєвості","Львівська","Місячна","2007-M11","80"
"Коефіцієнт життєвості","Львівська","Місячна","2007-M12","79"
"Коефіцієнт життєвості","Львівська","Місячна","2008-M01","62"
"Коефіцієнт життєвості","Львівська","Місячна","2008-M02","67"
"Коефіцієнт життєвості","Львівська","Місячна","2008-M03","66"
"Коефіцієнт життєвості","Львівська","Місячна","2008-M04","68"
"Коефіцієнт життєвості","Львівська","Місячна","2008-M05","70"
"Коефіцієнт життєвості","Львівська","Місячна","2008-M06","72"
"Коефіцієнт життєвості","Львівська","Місячна","2008-M07","77"
"Коефіцієнт життєвості","Львівська","Місячна","2008-M08","79"
"Коефіцієнт життєвості","Львівська","Місячна","2008-M09","81"
"Коефіцієнт життєвості","Львівська","Місячна","2008-M10","83"
"Коефіцієнт життєвості","Львівська","Місячна","2008-M11","83"
"Коефіцієнт життєвості","Львівська","Місячна","2008-M12","83"
"Коефіцієнт життєвості","Львівська","Місячна","2009-M01","71"
"Коефіцієнт життєвості","Львівська","Місячна","2009-M02","79"
"Коефіцієнт життєвості","Львівська","Місячна","2009-M03","80"
"Коефіцієнт життєвості","Львівська","Місячна","2009-M04","82"
"Коефіцієнт життєвості","Львівська","Місячна","2009-M05","84"
"Коефіцієнт життєвості","Львівська","Місячна","2009-M06","86"
"Коефіцієнт життєвості","Львівська","Місячна","2009-M07","90"
"Коефіцієнт життєвості","Львівська","Місячна","2009-M08","92"
"Коефіцієнт життєвості","Львівська","Місячна","2009-M09","94"
"Коефіцієнт життєвості","Львівська","Місячна","2009-M10","94"
"Коефіцієнт життєвості","Львівська","Місячна","2009-M11","92"
"Коефіцієнт життєвості","Львівська","Місячна","2009-M12","92"
"Коефіцієнт життєвості","Львівська","Місячна","2010-M01","80"
"Коефіцієнт життєвості","Львівська","Місячна","2010-M02","81"
"Коефіцієнт життєвості","Львівська","Місячна","2010-M03","81"
"Коефіцієнт життєвості","Львівська","Місячна","2010-M04","82"
"Коефіцієнт життєвості","Львівська","Місячна","2010-M05","82"
"Коефіцієнт життєвості","Львівська","Місячна","2010-M06","84"
"Коефіцієнт життєвості","Львівська","Місячна","2010-M07","87"
"Коефіцієнт життєвості","Львівська","Місячна","2010-M08","88"
"Коефіцієнт життєвості","Львівська","Місячна","2010-M09","89"
"Коефіцієнт життєвості","Львівська","Місячна","2010-M10","89"
"Коефіцієнт життєвості","Львівська","Місячна","2010-M11","89"
"Коефіцієнт життєвості","Львівська","Місячна","2010-M12","88"
"Коефіцієнт життєвості","Львівська","Місячна","2011-M01","77"
"Коефіцієнт життєвості","Львівська","Місячна","2011-M02","82"
"Коефіцієнт життєвості","Львівська","Місячна","2011-M03","80"
"Коефіцієнт життєвості","Львівська","Місячна","2011-M04","81"
"Коефіцієнт життєвості","Львівська","Місячна","2011-M05","81"
"Коефіцієнт життєвості","Львівська","Місячна","2011-M06","84"
"Коефіцієнт життєвості","Львівська","Місячна","2011-M07","88"
"Коефіцієнт життєвості","Львівська","Місячна","2011-M08","91"
"Коефіцієнт життєвості","Львівська","Місячна","2011-M09","93"
"Коефіцієнт життєвості","Львівська","Місячна","2011-M10","94"
"Коефіцієнт життєвості","Львівська","Місячна","2011-M11","93"
"Коефіцієнт життєвості","Львівська","Місячна","2011-M12","93"
"Коефіцієнт життєвості","Львівська","Місячна","2012-M01","85"
"Коефіцієнт життєвості","Львівська","Місячна","2012-M02","85"
"Коефіцієнт життєвості","Львівська","Місячна","2012-M03","85"
"Коефіцієнт життєвості","Львівська","Місячна","2012-M04","83"
"Коефіцієнт життєвості","Львівська","Місячна","2012-M05","87"
"Коефіцієнт життєвості","Львівська","Місячна","2012-M06","89"
"Коефіцієнт життєвості","Львівська","Місячна","2012-M07","91"
"Коефіцієнт життєвості","Львівська","Місячна","2012-M08","95"
"Коефіцієнт життєвості","Львівська","Місячна","2012-M09","96"
"Коефіцієнт життєвості","Львівська","Місячна","2012-M10","97"
"Коефіцієнт життєвості","Львівська","Місячна","2012-M11","97"
"Коефіцієнт життєвості","Львівська","Місячна","2012-M12","95"
"Коефіцієнт життєвості","Львівська","Місячна","2013-M01","82"
"Коефіцієнт життєвості","Львівська","Місячна","2013-M02","83"
"Коефіцієнт життєвості","Львівська","Місячна","2013-M03","84"
"Коефіцієнт життєвості","Львівська","Місячна","2013-M04","82"
"Коефіцієнт життєвості","Львівська","Місячна","2013-M05","84"
"Коефіцієнт життєвості","Львівська","Місячна","2013-M06","85"
"Коефіцієнт життєвості","Львівська","Місячна","2013-M07","89"
"Коефіцієнт життєвості","Львівська","Місячна","2013-M08","92"
"Коефіцієнт життєвості","Львівська","Місячна","2013-M09","93"
"Коефіцієнт життєвості","Львівська","Місячна","2013-M10","95"
"Коефіцієнт життєвості","Львівська","Місячна","2013-M11","95"
"Коефіцієнт життєвості","Львівська","Місячна","2013-M12","93"
"Коефіцієнт життєвості","Львівська","Місячна","2014-M01","84"
"Коефіцієнт життєвості","Львівська","Місячна","2014-M02","86"
"Коефіцієнт життєвості","Львівська","Місячна","2014-M03","82"
"Коефіцієнт життєвості","Львівська","Місячна","2014-M04","84"
"Коефіцієнт життєвості","Львівська","Місячна","2014-M05","86"
"Коефіцієнт життєвості","Львівська","Місячна","2014-M06","89"
"Коефіцієнт життєвості","Львівська","Місячна","2014-M07","93"
"Коефіцієнт життєвості","Львівська","Місячна","2014-M08","95"
"Коефіцієнт життєвості","Львівська","Місячна","2014-M09","96"
"Коефіцієнт життєвості","Львівська","Місячна","2014-M10","96"
"Коефіцієнт життєвості","Львівська","Місячна","2014-M11","95"
"Коефіцієнт життєвості","Львівська","Місячна","2014-M12","93"
"Коефіцієнт життєвості","Львівська","Місячна","2015-M01","75"
"Коефіцієнт життєвості","Львівська","Місячна","2015-M02","73"
"Коефіцієнт життєвості","Львівська","Місячна","2015-M03","71"
"Коефіцієнт життєвості","Львівська","Місячна","2015-M04","73"
"Коефіцієнт життєвості","Львівська","Місячна","2015-M05","75"
"Коефіцієнт життєвості","Львівська","Місячна","2015-M06","77"
"Коефіцієнт життєвості","Львівська","Місячна","2015-M07","81"
"Коефіцієнт життєвості","Львівська","Місячна","2015-M08","83"
"Коефіцієнт життєвості","Львівська","Місячна","2015-M09","86"
"Коефіцієнт життєвості","Львівська","Місячна","2015-M10","86"
"Коефіцієнт життєвості","Львівська","Місячна","2015-M11","86"
"Коефіцієнт життєвості","Львівська","Місячна","2015-M12","85"
"Коефіцієнт життєвості","Львівська","Місячна","2016-M01","73"
"Коефіцієнт життєвості","Львівська","Місячна","2016-M02","75"
"Коефіцієнт життєвості","Львівська","Місячна","2016-M03","78"
"Коефіцієнт життєвості","Львівська","Місячна","2016-M04","78"
"Коефіцієнт життєвості","Львівська","Місячна","2016-M05","78"
"Коефіцієнт життєвості","Львівська","Місячна","2016-M06","79"
"Коефіцієнт життєвості","Львівська","Місячна","2016-M07","82"
"Коефіцієнт життєвості","Львівська","Місячна","2016-M08","84"
"Коефіцієнт життєвості","Львівська","Місячна","2016-M09","86"
"Коефіцієнт життєвості","Львівська","Місячна","2016-M10","86"
"Коефіцієнт життєвості","Львівська","Місячна","2016-M11","86"
"Коефіцієнт життєвості","Львівська","Місячна","2016-M12","84"
"Коефіцієнт життєвості","Львівська","Місячна","2017-M01","58"
"Коефіцієнт життєвості","Львівська","Місячна","2017-M02","65"
"Коефіцієнт життєвості","Львівська","Місячна","2017-M03","69"
"Коефіцієнт життєвості","Львівська","Місячна","2017-M04","69"
"Коефіцієнт життєвості","Львівська","Місячна","2017-M05","71"
"Коефіцієнт життєвості","Львівська","Місячна","2017-M06","72"
"Коефіцієнт життєвості","Львівська","Місячна","2017-M07","76"
"Коефіцієнт життєвості","Львівська","Місячна","2017-M08","78"
"Коефіцієнт життєвості","Львівська","Місячна","2017-M09","80"
"Коефіцієнт життєвості","Львівська","Місячна","2017-M10","80"
"Коефіцієнт життєвості","Львівська","Місячна","2017-M11","79"
"Коефіцієнт життєвості","Львівська","Місячна","2017-M12","78"
"Коефіцієнт життєвості","Львівська","Місячна","2018-M01","67"
"Коефіцієнт життєвості","Львівська","Місячна","2018-M02","68"
"Коефіцієнт життєвості","Львівська","Місячна","2018-M03","66"
"Коефіцієнт життєвості","Львівська","Місячна","2018-M04","65"
"Коефіцієнт життєвості","Львівська","Місячна","2018-M05","66"
"Коефіцієнт життєвості","Львівська","Місячна","2018-M06","68"
"Коефіцієнт життєвості","Львівська","Місячна","2018-M07","71"
"Коефіцієнт життєвості","Львівська","Місячна","2018-M08","73"
"Коефіцієнт життєвості","Львівська","Місячна","2018-M09","74"
"Коефіцієнт життєвості","Львівська","Місячна","2018-M10","73"
"Коефіцієнт життєвості","Львівська","Місячна","2018-M11","73"
"Коефіцієнт життєвості","Львівська","Місячна","2018-M12","71"
"Коефіцієнт життєвості","Львівська","Місячна","2019-M01","55"
"Коефіцієнт життєвості","Львівська","Місячна","2019-M02","55"
"Коефіцієнт життєвості","Львівська","Місячна","2019-M03","57"
"Коефіцієнт життєвості","Львівська","Місячна","2019-M04","58"
"Коефіцієнт життєвості","Львівська","Місячна","2019-M05","59"
"Коефіцієнт життєвості","Львівська","Місячна","2019-M06","61"
"Коефіцієнт життєвості","Львівська","Місячна","2019-M07","63"
"Коефіцієнт життєвості","Львівська","Місячна","2019-M08","66"
"Коефіцієнт життєвості","Львівська","Місячна","2019-M09","67"
"Коефіцієнт життєвості","Львівська","Місячна","2019-M10","68"
"Коефіцієнт життєвості","Львівська","Місячна","2019-M11","67"
"Коефіцієнт життєвості","Львівська","Місячна","2019-M12","66"
"Коефіцієнт життєвості","Львівська","Місячна","2020-M01","67"
"Коефіцієнт життєвості","Львівська","Місячна","2020-M02","66"
"Коефіцієнт життєвості","Львівська","Місячна","2020-M03","61"
"Коефіцієнт життєвості","Львівська","Місячна","2020-M04","60"
"Коефіцієнт життєвості","Львівська","Місячна","2020-M05","62"
"Коефіцієнт життєвості","Львівська","Місячна","2020-M06","61"
"Коефіцієнт життєвості","Львівська","Місячна","2020-M07","62"
"Коефіцієнт життєвості","Львівська","Місячна","2020-M08","62"
"Коефіцієнт життєвості","Львівська","Місячна","2020-M09","62"
"Коефіцієнт життєвості","Львівська","Місячна","2020-M10","62"
"Коефіцієнт життєвості","Львівська","Місячна","2020-M11","60"
"Коефіцієнт життєвості","Львівська","Місячна","2020-M12","58"
"Коефіцієнт життєвості","Львівська","Місячна","2021-M01","44"
"Коефіцієнт життєвості","Львівська","Місячна","2021-M02","48"
"Коефіцієнт життєвості","Львівська","Місячна","2021-M03","47"
"Коефіцієнт життєвості","Львівська","Місячна","2021-M04","45"
"Коефіцієнт життєвості","Львівська","Місячна","2021-M05","46"
"Коефіцієнт життєвості","Львівська","Місячна","2021-M06","48"
"Коефіцієнт життєвості","Львівська","Місячна","2021-M07","51"
"Коефіцієнт життєвості","Львівська","Місячна","2021-M08","52"
"Коефіцієнт життєвості","Львівська","Місячна","2021-M09","53"
"Коефіцієнт життєвості","Львівська","Місячна","2021-M10","52"
"Коефіцієнт життєвості","Львівська","Місячна","2021-M11","50"
"Коефіцієнт життєвості","Львівська","Місячна","2021-M12","49"
"Коефіцієнт життєвості","Київ","Місячна","2005-M01","70"
"Коефіцієнт життєвості","Київ","Місячна","2005-M02","75"
"Коефіцієнт життєвості","Київ","Місячна","2005-M03","76"
"Коефіцієнт життєвості","Київ","Місячна","2005-M04","80"
"Коефіцієнт життєвості","Київ","Місячна","2005-M05","80"
"Коефіцієнт життєвості","Київ","Місячна","2005-M06","81"
"Коефіцієнт життєвості","Київ","Місячна","2005-M07","84"
"Коефіцієнт життєвості","Київ","Місячна","2005-M08","86"
"Коефіцієнт життєвості","Київ","Місячна","2005-M09","87"
"Коефіцієнт життєвості","Київ","Місячна","2005-M10","87"
"Коефіцієнт життєвості","Київ","Місячна","2005-M11","87"
"Коефіцієнт життєвості","Київ","Місячна","2005-M12","87"
"Коефіцієнт життєвості","Київ","Місячна","2006-M01","70"
"Коефіцієнт життєвості","Київ","Місячна","2006-M02","78"
"Коефіцієнт життєвості","Київ","Місячна","2006-M03","83"
"Коефіцієнт життєвості","Київ","Місячна","2006-M04","84"
"Коефіцієнт життєвості","Київ","Місячна","2006-M05","84"
"Коефіцієнт життєвості","Київ","Місячна","2006-M06","86"
"Коефіцієнт життєвості","Київ","Місячна","2006-M07","89"
"Коефіцієнт життєвості","Київ","Місячна","2006-M08","92"
"Коефіцієнт життєвості","Київ","Місячна","2006-M09","94"
"Коефіцієнт життєвості","Київ","Місячна","2006-M10","93"
"Коефіцієнт життєвості","Київ","Місячна","2006-M11","93"
"Коефіцієнт життєвості","Київ","Місячна","2006-M12","94"
"Коефіцієнт життєвості","Київ","Місячна","2007-M01","76"
"Коефіцієнт життєвості","Київ","Місячна","2007-M02","81"
"Коефіцієнт життєвості","Київ","Місячна","2007-M03","83"
"Коефіцієнт життєвості","Київ","Місячна","2007-M04","83"
"Коефіцієнт життєвості","Київ","Місячна","2007-M05","82"
"Коефіцієнт життєвості","Київ","Місячна","2007-M06","85"
"Коефіцієнт життєвості","Київ","Місячна","2007-M07","89"
"Коефіцієнт життєвості","Київ","Місячна","2007-M08","90"
"Коефіцієнт життєвості","Київ","Місячна","2007-M09","91"
"Коефіцієнт життєвості","Київ","Місячна","2007-M10","91"
"Коефіцієнт життєвості","Київ","Місячна","2007-M11","92"
"Коефіцієнт життєвості","Київ","Місячна","2007-M12","91"
"Коефіцієнт життєвості","Київ","Місячна","2008-M01","89"
"Коефіцієнт життєвості","Київ","Місячна","2008-M02","97"
"Коефіцієнт життєвості","Київ","Місячна","2008-M03","95"
"Коефіцієнт життєвості","Київ","Місячна","2008-M04","95"
"Коефіцієнт життєвості","Київ","Місячна","2008-M05","97"
"Коефіцієнт життєвості","Київ","Місячна","2008-M06","98"
"Коефіцієнт життєвості","Київ","Місячна","2008-M07","101"
"Коефіцієнт життєвості","Київ","Місячна","2008-M08","103"
"Коефіцієнт життєвості","Київ","Місячна","2008-M09","104"
"Коефіцієнт життєвості","Київ","Місячна","2008-M10","106"
"Коефіцієнт життєвості","Київ","Місячна","2008-M11","106"
"Коефіцієнт життєвості","Київ","Місячна","2008-M12","106"
"Коефіцієнт життєвості","Київ","Місячна","2009-M01","102"
"Коефіцієнт життєвості","Київ","Місячна","2009-M02","108"
"Коефіцієнт життєвості","Київ","Місячна","2009-M03","106"
"Коефіцієнт життєвості","Київ","Місячна","2009-M04","106"
"Коефіцієнт життєвості","Київ","Місячна","2009-M05","109"
"Коефіцієнт життєвості","Київ","Місячна","2009-M06","108"
"Коефіцієнт життєвості","Київ","Місячна","2009-M07","112"
"Коефіцієнт життєвості","Київ","Місячна","2009-M08","113"
"Коефіцієнт життєвості","Київ","Місячна","2009-M09","115"
"Коефіцієнт життєвості","Київ","Місячна","2009-M10","116"
"Коефіцієнт життєвості","Київ","Місячна","2009-M11","115"
"Коефіцієнт життєвості","Київ","Місячна","2009-M12","115"
"Коефіцієнт життєвості","Київ","Місячна","2010-M01","97"
"Коефіцієнт життєвості","Київ","Місячна","2010-M02","103"
"Коефіцієнт життєвості","Київ","Місячна","2010-M03","105"
"Коефіцієнт життєвості","Київ","Місячна","2010-M04","107"
"Коефіцієнт життєвості","Київ","Місячна","2010-M05","107"
"Коефіцієнт життєвості","Київ","Місячна","2010-M06","109"
"Коефіцієнт життєвості","Київ","Місячна","2010-M07","112"
"Коефіцієнт життєвості","Київ","Місячна","2010-M08","109"
"Коефіцієнт життєвості","Київ","Місячна","2010-M09","111"
"Коефіцієнт життєвості","Київ","Місячна","2010-M10","111"
"Коефіцієнт життєвості","Київ","Місячна","2010-M11","112"
"Коефіцієнт життєвості","Київ","Місячна","2010-M12","112"
"Коефіцієнт життєвості","Київ","Місячна","2011-M01","105"
"Коефіцієнт життєвості","Київ","Місячна","2011-M02","113"
"Коефіцієнт життєвості","Київ","Місячна","2011-M03","112"
"Коефіцієнт життєвості","Київ","Місячна","2011-M04","109"
"Коефіцієнт життєвості","Київ","Місячна","2011-M05","107"
"Коефіцієнт життєвості","Київ","Місячна","2011-M06","107"
"Коефіцієнт життєвості","Київ","Місячна","2011-M07","112"
"Коефіцієнт життєвості","Київ","Місячна","2011-M08","115"
"Коефіцієнт життєвості","Київ","Місячна","2011-M09","118"
"Коефіцієнт життєвості","Київ","Місячна","2011-M10","117"
"Коефіцієнт життєвості","Київ","Місячна","2011-M11","119"
"Коефіцієнт життєвості","Київ","Місячна","2011-M12","119"
"Коефіцієнт життєвості","Київ","Місячна","2012-M01","104"
"Коефіцієнт життєвості","Київ","Місячна","2012-M02","111"
"Коефіцієнт життєвості","Київ","Місячна","2012-M03","111"
"Коефіцієнт життєвості","Київ","Місячна","2012-M04","110"
"Коефіцієнт життєвості","Київ","Місячна","2012-M05","112"
"Коефіцієнт життєвості","Київ","Місячна","2012-M06","114"
"Коефіцієнт життєвості","Київ","Місячна","2012-M07","118"
"Коефіцієнт життєвості","Київ","Місячна","2012-M08","120"
"Коефіцієнт життєвості","Київ","Місячна","2012-M09","122"
"Коефіцієнт життєвості","Київ","Місячна","2012-M10","123"
"Коефіцієнт життєвості","Київ","Місячна","2012-M11","123"
"Коефіцієнт життєвості","Київ","Місячна","2012-M12","122"
"Коефіцієнт життєвості","Київ","Місячна","2013-M01","105"
"Коефіцієнт життєвості","Київ","Місячна","2013-M02","108"
"Коефіцієнт життєвості","Київ","Місячна","2013-M03","106"
"Коефіцієнт життєвості","Київ","Місячна","2013-M04","108"
"Коефіцієнт життєвості","Київ","Місячна","2013-M05","108"
"Коефіцієнт життєвості","Київ","Місячна","2013-M06","110"
"Коефіцієнт життєвості","Київ","Місячна","2013-M07","116"
"Коефіцієнт життєвості","Київ","Місячна","2013-M08","118"
"Коефіцієнт життєвості","Київ","Місячна","2013-M09","118"
"Коефіцієнт життєвості","Київ","Місячна","2013-M10","119"
"Коефіцієнт життєвості","Київ","Місячна","2013-M11","120"
"Коефіцієнт життєвості","Київ","Місячна","2013-M12","119"
"Коефіцієнт життєвості","Київ","Місячна","2014-M01","109"
"Коефіцієнт життєвості","Київ","Місячна","2014-M02","107"
"Коефіцієнт життєвості","Київ","Місячна","2014-M03","107"
"Коефіцієнт життєвості","Київ","Місячна","2014-M04","109"
"Коефіцієнт життєвості","Київ","Місячна","2014-M05","110"
"Коефіцієнт життєвості","Київ","Місячна","2014-M06","112"
"Коефіцієнт життєвості","Київ","Місячна","2014-M07","116"
"Коефіцієнт життєвості","Київ","Місячна","2014-M08","117"
"Коефіцієнт життєвості","Київ","Місячна","2014-M09","118"
"Коефіцієнт життєвості","Київ","Місячна","2014-M10","119"
"Коефіцієнт життєвості","Київ","Місячна","2014-M11","117"
"Коефіцієнт життєвості","Київ","Місячна","2014-M12","116"
"Коефіцієнт життєвості","Київ","Місячна","2015-M01","98"
"Коефіцієнт життєвості","Київ","Місячна","2015-M02","100"
"Коефіцієнт життєвості","Київ","Місячна","2015-M03","100"
"Коефіцієнт життєвості","Київ","Місячна","2015-M04","102"
"Коефіцієнт життєвості","Київ","Місячна","2015-M05","103"
"Коефіцієнт життєвості","Київ","Місячна","2015-M06","105"
"Коефіцієнт життєвості","Київ","Місячна","2015-M07","111"
"Коефіцієнт життєвості","Київ","Місячна","2015-M08","114"
"Коефіцієнт життєвості","Київ","Місячна","2015-M09","116"
"Коефіцієнт життєвості","Київ","Місячна","2015-M10","117"
"Коефіцієнт життєвості","Київ","Місячна","2015-M11","117"
"Коефіцієнт життєвості","Київ","Місячна","2015-M12","117"
"Коефіцієнт життєвості","Київ","Місячна","2016-M01","99"
"Коефіцієнт життєвості","Київ","Місячна","2016-M02","107"
"Коефіцієнт життєвості","Київ","Місячна","2016-M03","113"
"Коефіцієнт життєвості","Київ","Місячна","2016-M04","112"
"Коефіцієнт життєвості","Київ","Місячна","2016-M05","112"
"Коефіцієнт життєвості","Київ","Місячна","2016-M06","112"
"Коефіцієнт життєвості","Київ","Місячна","2016-M07","116"
"Коефіцієнт життєвості","Київ","Місячна","2016-M08","119"
"Коефіцієнт життєвості","Київ","Місячна","2016-M09","121"
"Коефіцієнт життєвості","Київ","Місячна","2016-M10","120"
"Коефіцієнт життєвості","Київ","Місячна","2016-M11","120"
"Коефіцієнт життєвості","Київ","Місячна","2016-M12","119"
"Коефіцієнт життєвості","Київ","Місячна","2017-M01","96"
"Коефіцієнт життєвості","Київ","Місячна","2017-M02","102"
"Коефіцієнт життєвості","Київ","Місячна","2017-M03","107"
"Коефіцієнт життєвості","Київ","Місячна","2017-M04","105"
"Коефіцієнт життєвості","Київ","Місячна","2017-M05","106"
"Коефіцієнт життєвості","Київ","Місячна","2017-M06","109"
"Коефіцієнт життєвості","Київ","Місячна","2017-M07","111"
"Коефіцієнт життєвості","Київ","Місячна","2017-M08","114"
"Коефіцієнт життєвості","Київ","Місячна","2017-M09","115"
"Коефіцієнт життєвості","Київ","Місячна","2017-M10","115"
"Коефіцієнт життєвості","Київ","Місячна","2017-M11","115"
"Коефіцієнт життєвості","Київ","Місячна","2017-M12","115"
"Коефіцієнт життєвості","Київ","Місячна","2018-M01","100"
"Коефіцієнт життєвості","Київ","Місячна","2018-M02","103"
"Коефіцієнт життєвості","Київ","Місячна","2018-M03","103"
"Коефіцієнт життєвості","Київ","Місячна","2018-M04","102"
"Коефіцієнт життєвості","Київ","Місячна","2018-M05","103"
"Коефіцієнт життєвості","Київ","Місячна","2018-M06","106"
"Коефіцієнт життєвості","Київ","Місячна","2018-M07","108"
"Коефіцієнт життєвості","Київ","Місячна","2018-M08","110"
"Коефіцієнт життєвості","Київ","Місячна","2018-M09","111"
"Коефіцієнт життєвості","Київ","Місячна","2018-M10","110"
"Коефіцієнт життєвості","Київ","Місячна","2018-M11","110"
"Коефіцієнт життєвості","Київ","Місячна","2018-M12","107"
"Коефіцієнт життєвості","Київ","Місячна","2019-M01","82"
"Коефіцієнт життєвості","Київ","Місячна","2019-M02","89"
"Коефіцієнт життєвості","Київ","Місячна","2019-M03","93"
"Коефіцієнт життєвості","Київ","Місячна","2019-M04","92"
"Коефіцієнт життєвості","Київ","Місячна","2019-M05","94"
"Коефіцієнт життєвості","Київ","Місячна","2019-M06","93"
"Коефіцієнт життєвості","Київ","Місячна","2019-M07","95"
"Коефіцієнт життєвості","Київ","Місячна","2019-M08","98"
"Коефіцієнт життєвості","Київ","Місячна","2019-M09","99"
"Коефіцієнт життєвості","Київ","Місячна","2019-M10","99"
"Коефіцієнт життєвості","Київ","Місячна","2019-M11","99"
"Коефіцієнт життєвості","Київ","Місячна","2019-M12","98"
"Коефіцієнт життєвості","Київ","Місячна","2020-M01","99"
"Коефіцієнт життєвості","Київ","Місячна","2020-M02","95"
"Коефіцієнт життєвості","Київ","Місячна","2020-M03","88"
"Коефіцієнт життєвості","Київ","Місячна","2020-M04","86"
"Коефіцієнт життєвості","Київ","Місячна","2020-M05","89"
"Коефіцієнт життєвості","Київ","Місячна","2020-M06","88"
"Коефіцієнт життєвості","Київ","Місячна","2020-M07","93"
"Коефіцієнт життєвості","Київ","Місячна","2020-M08","95"
"Коефіцієнт життєвості","Київ","Місячна","2020-M09","95"
"Коефіцієнт життєвості","Київ","Місячна","2020-M10","92"
"Коефіцієнт життєвості","Київ","Місячна","2020-M11","88"
"Коефіцієнт життєвості","Київ","Місячна","2020-M12","85"
"Коефіцієнт життєвості","Київ","Місячна","2021-M01","64"
"Коефіцієнт життєвості","Київ","Місячна","2021-M02","66"
"Коефіцієнт життєвості","Київ","Місячна","2021-M03","63"
"Коефіцієнт життєвості","Київ","Місячна","2021-M04","60"
"Коефіцієнт життєвості","Київ","Місячна","2021-M05","60"
"Коефіцієнт життєвості","Київ","Місячна","2021-M06","63"
"Коефіцієнт життєвості","Київ","Місячна","2021-M07","67"
"Коефіцієнт життєвості","Київ","Місячна","2021-M08","69"
"Коефіцієнт життєвості","Київ","Місячна","2021-M09","71"
"Коефіцієнт життєвості","Київ","Місячна","2021-M10","69"
"Коефіцієнт життєвості","Київ","Місячна","2021-M11","66"
"Коефіцієнт життєвості","Київ","Місячна","2021-M12","65"
"Коефіцієнт життєвості","Запорізька","Місячна","2005-M01","42"
"Коефіцієнт життєвості","Запорізька","Місячна","2005-M02","43"
"Коефіцієнт життєвості","Запорізька","Місячна","2005-M03","44"
"Коефіцієнт життєвості","Запорізька","Місячна","2005-M04","46"
"Коефіцієнт життєвості","Запорізька","Місячна","2005-M05","46"
"Коефіцієнт життєвості","Запорізька","Місячна","2005-M06","46"
"Коефіцієнт життєвості","Запорізька","Місячна","2005-M07","48"
"Коефіцієнт життєвості","Запорізька","Місячна","2005-M08","49"
"Коефіцієнт життєвості","Запорізька","Місячна","2005-M09","51"
"Коефіцієнт життєвості","Запорізька","Місячна","2005-M10","51"
"Коефіцієнт життєвості","Запорізька","Місячна","2005-M11","51"
"Коефіцієнт життєвості","Запорізька","Місячна","2005-M12","51"
"Коефіцієнт життєвості","Запорізька","Місячна","2006-M01","42"
"Коефіцієнт життєвості","Запорізька","Місячна","2006-M02","46"
"Коефіцієнт життєвості","Запорізька","Місячна","2006-M03","48"
"Коефіцієнт життєвості","Запорізька","Місячна","2006-M04","49"
"Коефіцієнт життєвості","Запорізька","Місячна","2006-M05","50"
"Коефіцієнт життєвості","Запорізька","Місячна","2006-M06","51"
"Коефіцієнт життєвості","Запорізька","Місячна","2006-M07","53"
"Коефіцієнт життєвості","Запорізька","Місячна","2006-M08","54"
"Коефіцієнт життєвості","Запорізька","Місячна","2006-M09","56"
"Коефіцієнт життєвості","Запорізька","Місячна","2006-M10","56"
"Коефіцієнт життєвості","Запорізька","Місячна","2006-M11","56"
"Коефіцієнт життєвості","Запорізька","Місячна","2006-M12","57"
"Коефіцієнт життєвості","Запорізька","Місячна","2007-M01","50"
"Коефіцієнт життєвості","Запорізька","Місячна","2007-M02","53"
"Коефіцієнт життєвості","Запорізька","Місячна","2007-M03","52"
"Коефіцієнт життєвості","Запорізька","Місячна","2007-M04","52"
"Коефіцієнт життєвості","Запорізька","Місячна","2007-M05","52"
"Коефіцієнт життєвості","Запорізька","Місячна","2007-M06","53"
"Коефіцієнт життєвості","Запорізька","Місячна","2007-M07","55"
"Коефіцієнт життєвості","Запорізька","Місячна","2007-M08","56"
"Коефіцієнт життєвості","Запорізька","Місячна","2007-M09","58"
"Коефіцієнт життєвості","Запорізька","Місячна","2007-M10","58"
"Коефіцієнт життєвості","Запорізька","Місячна","2007-M11","58"
"Коефіцієнт життєвості","Запорізька","Місячна","2007-M12","57"
"Коефіцієнт життєвості","Запорізька","Місячна","2008-M01","49"
"Коефіцієнт життєвості","Запорізька","Місячна","2008-M02","53"
"Коефіцієнт життєвості","Запорізька","Місячна","2008-M03","52"
"Коефіцієнт життєвості","Запорізька","Місячна","2008-M04","52"
"Коефіцієнт життєвості","Запорізька","Місячна","2008-M05","53"
"Коефіцієнт життєвості","Запорізька","Місячна","2008-M06","54"
"Коефіцієнт життєвості","Запорізька","Місячна","2008-M07","57"
"Коефіцієнт життєвості","Запорізька","Місячна","2008-M08","59"
"Коефіцієнт життєвості","Запорізька","Місячна","2008-M09","61"
"Коефіцієнт життєвості","Запорізька","Місячна","2008-M10","62"
"Коефіцієнт життєвості","Запорізька","Місячна","2008-M11","62"
"Коефіцієнт життєвості","Запорізька","Місячна","2008-M12","63"
"Коефіцієнт життєвості","Запорізька","Місячна","2009-M01","54"
"Коефіцієнт життєвості","Запорізька","Місячна","2009-M02","58"
"Коефіцієнт життєвості","Запорізька","Місячна","2009-M03","59"
"Коефіцієнт життєвості","Запорізька","Місячна","2009-M04","60"
"Коефіцієнт життєвості","Запорізька","Місячна","2009-M05","60"
"Коефіцієнт життєвості","Запорізька","Місячна","2009-M06","60"
"Коефіцієнт життєвості","Запорізька","Місячна","2009-M07","62"
"Коефіцієнт життєвості","Запорізька","Місячна","2009-M08","64"
"Коефіцієнт життєвості","Запорізька","Місячна","2009-M09","65"
"Коефіцієнт життєвості","Запорізька","Місячна","2009-M10","66"
"Коефіцієнт життєвості","Запорізька","Місячна","2009-M11","66"
"Коефіцієнт життєвості","Запорізька","Місячна","2009-M12","65"
"Коефіцієнт життєвості","Запорізька","Місячна","2010-M01","53"
"Коефіцієнт життєвості","Запорізька","Місячна","2010-M02","57"
"Коефіцієнт життєвості","Запорізька","Місячна","2010-M03","58"
"Коефіцієнт життєвості","Запорізька","Місячна","2010-M04","59"
"Коефіцієнт життєвості","Запорізька","Місячна","2010-M05","58"
"Коефіцієнт життєвості","Запорізька","Місячна","2010-M06","59"
"Коефіцієнт життєвості","Запорізька","Місячна","2010-M07","61"
"Коефіцієнт життєвості","Запорізька","Місячна","2010-M08","60"
"Коефіцієнт життєвості","Запорізька","Місячна","2010-M09","62"
"Коефіцієнт життєвості","Запорізька","Місячна","2010-M10","62"
"Коефіцієнт життєвості","Запорізька","Місячна","2010-M11","63"
"Коефіцієнт життєвості","Запорізька","Місячна","2010-M12","63"
"Коефіцієнт життєвості","Запорізька","Місячна","2011-M01","59"
"Коефіцієнт життєвості","Запорізька","Місячна","2011-M02","61"
"Коефіцієнт життєвості","Запорізька","Місячна","2011-M03","60"
"Коефіцієнт життєвості","Запорізька","Місячна","2011-M04","60"
"Коефіцієнт життєвості","Запорізька","Місячна","2011-M05","59"
"Коефіцієнт життєвості","Запорізька","Місячна","2011-M06","61"
"Коефіцієнт життєвості","Запорізька","Місячна","2011-M07","62"
"Коефіцієнт життєвості","Запорізька","Місячна","2011-M08","65"
"Коефіцієнт життєвості","Запорізька","Місячна","2011-M09","66"
"Коефіцієнт життєвості","Запорізька","Місячна","2011-M10","67"
"Коефіцієнт життєвості","Запорізька","Місячна","2011-M11","67"
"Коефіцієнт життєвості","Запорізька","Місячна","2011-M12","67"
"Коефіцієнт життєвості","Запорізька","Місячна","2012-M01","61"
"Коефіцієнт життєвості","Запорізька","Місячна","2012-M02","62"
"Коефіцієнт життєвості","Запорізька","Місячна","2012-M03","65"
"Коефіцієнт життєвості","Запорізька","Місячна","2012-M04","64"
"Коефіцієнт життєвості","Запорізька","Місячна","2012-M05","66"
"Коефіцієнт життєвості","Запорізька","Місячна","2012-M06","66"
"Коефіцієнт життєвості","Запорізька","Місячна","2012-M07","68"
"Коефіцієнт життєвості","Запорізька","Місячна","2012-M08","70"
"Коефіцієнт життєвості","Запорізька","Місячна","2012-M09","71"
"Коефіцієнт життєвості","Запорізька","Місячна","2012-M10","72"
"Коефіцієнт життєвості","Запорізька","Місячна","2012-M11","72"
"Коефіцієнт життєвості","Запорізька","Місячна","2012-M12","72"
"Коефіцієнт життєвості","Запорізька","Місячна","2013-M01","66"
"Коефіцієнт життєвості","Запорізька","Місячна","2013-M02","68"
"Коефіцієнт життєвості","Запорізька","Місячна","2013-M03","65"
"Коефіцієнт життєвості","Запорізька","Місячна","2013-M04","64"
"Коефіцієнт життєвості","Запорізька","Місячна","2013-M05","63"
"Коефіцієнт життєвості","Запорізька","Місячна","2013-M06","64"
"Коефіцієнт життєвості","Запорізька","Місячна","2013-M07","67"
"Коефіцієнт життєвості","Запорізька","Місячна","2013-M08","68"
"Коефіцієнт життєвості","Запорізька","Місячна","2013-M09","69"
"Коефіцієнт життєвості","Запорізька","Місячна","2013-M10","70"
"Коефіцієнт життєвості","Запорізька","Місячна","2013-M11","69"
"Коефіцієнт життєвості","Запорізька","Місячна","2013-M12","68"
"Коефіцієнт життєвості","Запорізька","Місячна","2014-M01","62"
"Коефіцієнт життєвості","Запорізька","Місячна","2014-M02","63"
"Коефіцієнт життєвості","Запорізька","Місячна","2014-M03","60"
"Коефіцієнт життєвості","Запорізька","Місячна","2014-M04","61"
"Коефіцієнт життєвості","Запорізька","Місячна","2014-M05","63"
"Коефіцієнт життєвості","Запорізька","Місячна","2014-M06","64"
"Коефіцієнт життєвості","Запорізька","Місячна","2014-M07","67"
"Коефіцієнт життєвості","Запорізька","Місячна","2014-M08","68"
"Коефіцієнт життєвості","Запорізька","Місячна","2014-M09","69"
"Коефіцієнт життєвості","Запорізька","Місячна","2014-M10","69"
"Коефіцієнт життєвості","Запорізька","Місячна","2014-M11","68"
"Коефіцієнт життєвості","Запорізька","Місячна","2014-M12","67"
"Коефіцієнт життєвості","Запорізька","Місячна","2015-M01","55"
"Коефіцієнт життєвості","Запорізька","Місячна","2015-M02","56"
"Коефіцієнт життєвості","Запорізька","Місячна","2015-M03","54"
"Коефіцієнт життєвості","Запорізька","Місячна","2015-M04","54"
"Коефіцієнт життєвості","Запорізька","Місячна","2015-M05","54"
"Коефіцієнт життєвості","Запорізька","Місячна","2015-M06","54"
"Коефіцієнт життєвості","Запорізька","Місячна","2015-M07","57"
"Коефіцієнт життєвості","Запорізька","Місячна","2015-M08","57"
"Коефіцієнт життєвості","Запорізька","Місячна","2015-M09","59"
"Коефіцієнт життєвості","Запорізька","Місячна","2015-M10","59"
"Коефіцієнт життєвості","Запорізька","Місячна","2015-M11","59"
"Коефіцієнт життєвості","Запорізька","Місячна","2015-M12","59"
"Коефіцієнт життєвості","Запорізька","Місячна","2016-M01","48"
"Коефіцієнт життєвості","Запорізька","Місячна","2016-M02","49"
"Коефіцієнт життєвості","Запорізька","Місячна","2016-M03","52"
"Коефіцієнт життєвості","Запорізька","Місячна","2016-M04","52"
"Коефіцієнт життєвості","Запорізька","Місячна","2016-M05","52"
"Коефіцієнт життєвості","Запорізька","Місячна","2016-M06","52"
"Коефіцієнт життєвості","Запорізька","Місячна","2016-M07","54"
"Коефіцієнт життєвості","Запорізька","Місячна","2016-M08","56"
"Коефіцієнт життєвості","Запорізька","Місячна","2016-M09","57"
"Коефіцієнт життєвості","Запорізька","Місячна","2016-M10","57"
"Коефіцієнт життєвості","Запорізька","Місячна","2016-M11","57"
"Коефіцієнт життєвості","Запорізька","Місячна","2016-M12","56"
"Коефіцієнт життєвості","Запорізька","Місячна","2017-M01","43"
"Коефіцієнт життєвості","Запорізька","Місячна","2017-M02","47"
"Коефіцієнт життєвості","Запорізька","Місячна","2017-M03","48"
"Коефіцієнт життєвості","Запорізька","Місячна","2017-M04","47"
"Коефіцієнт життєвості","Запорізька","Місячна","2017-M05","47"
"Коефіцієнт життєвості","Запорізька","Місячна","2017-M06","47"
"Коефіцієнт життєвості","Запорізька","Місячна","2017-M07","49"
"Коефіцієнт життєвості","Запорізька","Місячна","2017-M08","50"
"Коефіцієнт життєвості","Запорізька","Місячна","2017-M09","51"
"Коефіцієнт життєвості","Запорізька","Місячна","2017-M10","51"
"Коефіцієнт життєвості","Запорізька","Місячна","2017-M11","51"
"Коефіцієнт життєвості","Запорізька","Місячна","2017-M12","51"
"Коефіцієнт життєвості","Запорізька","Місячна","2018-M01","46"
"Коефіцієнт життєвості","Запорізька","Місячна","2018-M02","45"
"Коефіцієнт життєвості","Запорізька","Місячна","2018-M03","45"
"Коефіцієнт життєвості","Запорізька","Місячна","2018-M04","44"
"Коефіцієнт життєвості","Запорізька","Місячна","2018-M05","44"
"Коефіцієнт життєвості","Запорізька","Місячна","2018-M06","44"
"Коефіцієнт життєвості","Запорізька","Місячна","2018-M07","45"
"Коефіцієнт життєвості","Запорізька","Місячна","2018-M08","46"
"Коефіцієнт життєвості","Запорізька","Місячна","2018-M09","47"
"Коефіцієнт життєвості","Запорізька","Місячна","2018-M10","47"
"Коефіцієнт життєвості","Запорізька","Місячна","2018-M11","46"
"Коефіцієнт життєвості","Запорізька","Місячна","2018-M12","46"
"Коефіцієнт життєвості","Запорізька","Місячна","2019-M01","38"
"Коефіцієнт життєвості","Запорізька","Місячна","2019-M02","39"
"Коефіцієнт життєвості","Запорізька","Місячна","2019-M03","39"
"Коефіцієнт життєвості","Запорізька","Місячна","2019-M04","39"
"Коефіцієнт життєвості","Запорізька","Місячна","2019-M05","39"
"Коефіцієнт життєвості","Запорізька","Місячна","2019-M06","39"
"Коефіцієнт життєвості","Запорізька","Місячна","2019-M07","40"
"Коефіцієнт життєвості","Запорізька","Місячна","2019-M08","42"
"Коефіцієнт життєвості","Запорізька","Місячна","2019-M09","42"
"Коефіцієнт життєвості","Запорізька","Місячна","2019-M10","42"
"Коефіцієнт життєвості","Запорізька","Місячна","2019-M11","42"
"Коефіцієнт життєвості","Запорізька","Місячна","2019-M12","41"
"Коефіцієнт життєвості","Запорізька","Місячна","2020-M01","41"
"Коефіцієнт життєвості","Запорізька","Місячна","2020-M02","39"
"Коефіцієнт життєвості","Запорізька","Місячна","2020-M03","36"
"Коефіцієнт життєвості","Запорізька","Місячна","2020-M04","36"
"Коефіцієнт життєвості","Запорізька","Місячна","2020-M05","37"
"Коефіцієнт життєвості","Запорізька","Місячна","2020-M06","37"
"Коефіцієнт життєвості","Запорізька","Місячна","2020-M07","39"
"Коефіцієнт життєвості","Запорізька","Місячна","2020-M08","39"
"Коефіцієнт життєвості","Запорізька","Місячна","2020-M09","39"
"Коефіцієнт життєвості","Запорізька","Місячна","2020-M10","39"
"Коефіцієнт життєвості","Запорізька","Місячна","2020-M11","37"
"Коефіцієнт життєвості","Запорізька","Місячна","2020-M12","36"
"Коефіцієнт життєвості","Запорізька","Місячна","2021-M01","28"
"Коефіцієнт життєвості","Запорізька","Місячна","2021-M02","30"
"Коефіцієнт життєвості","Запорізька","Місячна","2021-M03","30"
"Коефіцієнт життєвості","Запорізька","Місячна","2021-M04","28"
"Коефіцієнт життєвості","Запорізька","Місячна","2021-M05","28"
"Коефіцієнт життєвості","Запорізька","Місячна","2021-M06","29"
"Коефіцієнт життєвості","Запорізька","Місячна","2021-M07","30"
"Коефіцієнт життєвості","Запорізька","Місячна","2021-M08","31"
"Коефіцієнт життєвості","Запорізька","Місячна","2021-M09","31"
"Коефіцієнт життєвості","Запорізька","Місячна","2021-M10","29"
"Коефіцієнт життєвості","Запорізька","Місячна","2021-M11","27"
"Коефіцієнт життєвості","Запорізька","Місячна","2021-M12","27"
"Коефіцієнт життєвості","Севастополь","Місячна","2005-M01","49"
"Коефіцієнт життєвості","Севастополь","Місячна","2005-M02","54"
"Коефіцієнт життєвості","Севастополь","Місячна","2005-M03","54"
"Коефіцієнт життєвості","Севастополь","Місячна","2005-M04","55"
"Коефіцієнт життєвості","Севастополь","Місячна","2005-M05","56"
"Коефіцієнт життєвості","Севастополь","Місячна","2005-M06","57"
"Коефіцієнт життєвості","Севастополь","Місячна","2005-M07","59"
"Коефіцієнт життєвості","Севастополь","Місячна","2005-M08","61"
"Коефіцієнт життєвості","Севастополь","Місячна","2005-M09","63"
"Коефіцієнт життєвості","Севастополь","Місячна","2005-M10","62"
"Коефіцієнт життєвості","Севастополь","Місячна","2005-M11","62"
"Коефіцієнт життєвості","Севастополь","Місячна","2005-M12","63"
"Коефіцієнт життєвості","Севастополь","Місячна","2006-M01","54"
"Коефіцієнт життєвості","Севастополь","Місячна","2006-M02","56"
"Коефіцієнт життєвості","Севастополь","Місячна","2006-M03","55"
"Коефіцієнт життєвості","Севастополь","Місячна","2006-M04","57"
"Коефіцієнт життєвості","Севастополь","Місячна","2006-M05","58"
"Коефіцієнт життєвості","Севастополь","Місячна","2006-M06","59"
"Коефіцієнт життєвості","Севастополь","Місячна","2006-M07","62"
"Коефіцієнт життєвості","Севастополь","Місячна","2006-M08","63"
"Коефіцієнт життєвості","Севастополь","Місячна","2006-M09","66"
"Коефіцієнт життєвості","Севастополь","Місячна","2006-M10","67"
"Коефіцієнт життєвості","Севастополь","Місячна","2006-M11","67"
"Коефіцієнт життєвості","Севастополь","Місячна","2006-M12","67"
"Коефіцієнт життєвості","Севастополь","Місячна","2007-M01","55"
"Коефіцієнт життєвості","Севастополь","Місячна","2007-M02","60"
"Коефіцієнт життєвості","Севастополь","Місячна","2007-M03","59"
"Коефіцієнт життєвості","Севастополь","Місячна","2007-M04","62"
"Коефіцієнт життєвості","Севастополь","Місячна","2007-M05","62"
"Коефіцієнт життєвості","Севастополь","Місячна","2007-M06","62"
"Коефіцієнт життєвості","Севастополь","Місячна","2007-M07","64"
"Коефіцієнт життєвості","Севастополь","Місячна","2007-M08","65"
"Коефіцієнт життєвості","Севастополь","Місячна","2007-M09","67"
"Коефіцієнт життєвості","Севастополь","Місячна","2007-M10","69"
"Коефіцієнт життєвості","Севастополь","Місячна","2007-M11","68"
"Коефіцієнт життєвості","Севастополь","Місячна","2007-M12","68"
"Коефіцієнт життєвості","Севастополь","Місячна","2008-M01","58"
"Коефіцієнт життєвості","Севастополь","Місячна","2008-M02","60"
"Коефіцієнт життєвості","Севастополь","Місячна","2008-M03","60"
"Коефіцієнт життєвості","Севастополь","Місячна","2008-M04","61"
"Коефіцієнт життєвості","Севастополь","Місячна","2008-M05","61"
"Коефіцієнт життєвості","Севастополь","Місячна","2008-M06","62"
"Коефіцієнт життєвості","Севастополь","Місячна","2008-M07","65"
"Коефіцієнт життєвості","Севастополь","Місячна","2008-M08","66"
"Коефіцієнт життєвості","Севастополь","Місячна","2008-M09","68"
"Коефіцієнт життєвості","Севастополь","Місячна","2008-M10","69"
"Коефіцієнт життєвості","Севастополь","Місячна","2008-M11","70"
"Коефіцієнт життєвості","Севастополь","Місячна","2008-M12","70"
"Коефіцієнт життєвості","Севастополь","Місячна","2009-M01","62"
"Коефіцієнт життєвості","Севастополь","Місячна","2009-M02","65"
"Коефіцієнт життєвості","Севастополь","Місячна","2009-M03","68"
"Коефіцієнт життєвості","Севастополь","Місячна","2009-M04","67"
"Коефіцієнт життєвості","Севастополь","Місячна","2009-M05","68"
"Коефіцієнт життєвості","Севастополь","Місячна","2009-M06","68"
"Коефіцієнт життєвості","Севастополь","Місячна","2009-M07","72"
"Коефіцієнт життєвості","Севастополь","Місячна","2009-M08","74"
"Коефіцієнт життєвості","Севастополь","Місячна","2009-M09","77"
"Коефіцієнт життєвості","Севастополь","Місячна","2009-M10","78"
"Коефіцієнт життєвості","Севастополь","Місячна","2009-M11","77"
"Коефіцієнт життєвості","Севастополь","Місячна","2009-M12","77"
"Коефіцієнт життєвості","Севастополь","Місячна","2010-M01","73"
"Коефіцієнт життєвості","Севастополь","Місячна","2010-M02","74"
"Коефіцієнт життєвості","Севастополь","Місячна","2010-M03","73"
"Коефіцієнт життєвості","Севастополь","Місячна","2010-M04","72"
"Коефіцієнт життєвості","Севастополь","Місячна","2010-M05","70"
"Коефіцієнт життєвості","Севастополь","Місячна","2010-M06","73"
"Коефіцієнт життєвості","Севастополь","Місячна","2010-M07","75"
"Коефіцієнт життєвості","Севастополь","Місячна","2010-M08","72"
"Коефіцієнт життєвості","Севастополь","Місячна","2010-M09","74"
"Коефіцієнт життєвості","Севастополь","Місячна","2010-M10","74"
"Коефіцієнт життєвості","Севастополь","Місячна","2010-M11","74"
"Коефіцієнт життєвості","Севастополь","Місячна","2010-M12","75"
"Коефіцієнт життєвості","Севастополь","Місячна","2011-M01","70"
"Коефіцієнт життєвості","Севастополь","Місячна","2011-M02","70"
"Коефіцієнт життєвості","Севастополь","Місячна","2011-M03","70"
"Коефіцієнт життєвості","Севастополь","Місячна","2011-M04","69"
"Коефіцієнт життєвості","Севастополь","Місячна","2011-M05","68"
"Коефіцієнт життєвості","Севастополь","Місячна","2011-M06","67"
"Коефіцієнт життєвості","Севастополь","Місячна","2011-M07","70"
"Коефіцієнт життєвості","Севастополь","Місячна","2011-M08","73"
"Коефіцієнт життєвості","Севастополь","Місячна","2011-M09","77"
"Коефіцієнт життєвості","Севастополь","Місячна","2011-M10","77"
"Коефіцієнт життєвості","Севастополь","Місячна","2011-M11","78"
"Коефіцієнт життєвості","Севастополь","Місячна","2011-M12","79"
"Коефіцієнт життєвості","Севастополь","Місячна","2012-M01","67"
"Коефіцієнт життєвості","Севастополь","Місячна","2012-M02","76"
"Коефіцієнт життєвості","Севастополь","Місячна","2012-M03","76"
"Коефіцієнт життєвості","Севастополь","Місячна","2012-M04","76"
"Коефіцієнт життєвості","Севастополь","Місячна","2012-M05","79"
"Коефіцієнт життєвості","Севастополь","Місячна","2012-M06","79"
"Коефіцієнт життєвості","Севастополь","Місячна","2012-M07","81"
"Коефіцієнт життєвості","Севастополь","Місячна","2012-M08","83"
"Коефіцієнт життєвості","Севастополь","Місячна","2012-M09","86"
"Коефіцієнт життєвості","Севастополь","Місячна","2012-M10","87"
"Коефіцієнт життєвості","Севастополь","Місячна","2012-M11","87"
"Коефіцієнт життєвості","Севастополь","Місячна","2012-M12","87"
"Коефіцієнт життєвості","Севастополь","Місячна","2013-M01","77"
"Коефіцієнт життєвості","Севастополь","Місячна","2013-M02","81"
"Коефіцієнт життєвості","Севастополь","Місячна","2013-M03","79"
"Коефіцієнт життєвості","Севастополь","Місячна","2013-M04","78"
"Коефіцієнт життєвості","Севастополь","Місячна","2013-M05","77"
"Коефіцієнт життєвості","Севастополь","Місячна","2013-M06","79"
"Коефіцієнт життєвості","Севастополь","Місячна","2013-M07","79"
"Коефіцієнт життєвості","Севастополь","Місячна","2013-M08","81"
"Коефіцієнт життєвості","Севастополь","Місячна","2013-M09","83"
"Коефіцієнт життєвості","Севастополь","Місячна","2013-M10","85"
"Коефіцієнт життєвості","Севастополь","Місячна","2013-M11","84"
"Коефіцієнт життєвості","Севастополь","Місячна","2013-M12","84"
"Коефіцієнт життєвості","Севастополь","Місячна","2014-M01",""
"Коефіцієнт життєвості","Севастополь","Місячна","2014-M02",""
"Коефіцієнт життєвості","Севастополь","Місячна","2014-M03",""
"Коефіцієнт життєвості","Севастополь","Місячна","2014-M04",""
"Коефіцієнт життєвості","Севастополь","Місячна","2014-M05",""
"Коефіцієнт життєвості","Севастополь","Місячна","2014-M06",""
"Коефіцієнт життєвості","Севастополь","Місячна","2014-M07",""
"Коефіцієнт життєвості","Севастополь","Місячна","2014-M08",""
"Коефіцієнт життєвості","Севастополь","Місячна","2014-M09",""
"Коефіцієнт життєвості","Севастополь","Місячна","2014-M10",""
"Коефіцієнт життєвості","Севастополь","Місячна","2014-M11",""
"Коефіцієнт життєвості","Севастополь","Місячна","2014-M12",""
"Коефіцієнт життєвості","Севастополь","Місячна","2015-M01",""
"Коефіцієнт життєвості","Севастополь","Місячна","2015-M02",""
"Коефіцієнт життєвості","Севастополь","Місячна","2015-M03",""
"Коефіцієнт життєвості","Севастополь","Місячна","2015-M04",""
"Коефіцієнт життєвості","Севастополь","Місячна","2015-M05",""
"Коефіцієнт життєвості","Севастополь","Місячна","2015-M06",""
"Коефіцієнт життєвості","Севастополь","Місячна","2015-M07",""
"Коефіцієнт життєвості","Севастополь","Місячна","2015-M08",""
"Коефіцієнт життєвості","Севастополь","Місячна","2015-M09",""
"Коефіцієнт життєвості","Севастополь","Місячна","2015-M10",""
"Коефіцієнт життєвості","Севастополь","Місячна","2015-M11",""
"Коефіцієнт життєвості","Севастополь","Місячна","2015-M12",""
"Коефіцієнт життєвості","Севастополь","Місячна","2016-M01",""
"Коефіцієнт життєвості","Севастополь","Місячна","2016-M02",""
"Коефіцієнт життєвості","Севастополь","Місячна","2016-M03",""
"Коефіцієнт життєвості","Севастополь","Місячна","2016-M04",""
"Коефіцієнт життєвості","Севастополь","Місячна","2016-M05",""
"Коефіцієнт життєвості","Севастополь","Місячна","2016-M06",""
"Коефіцієнт життєвості","Севастополь","Місячна","2016-M07",""
"Коефіцієнт життєвості","Севастополь","Місячна","2016-M08",""
"Коефіцієнт життєвості","Севастополь","Місячна","2016-M09",""
"Коефіцієнт життєвості","Севастополь","Місячна","2016-M10",""
"Коефіцієнт життєвості","Севастополь","Місячна","2016-M11",""
"Коефіцієнт життєвості","Севастополь","Місячна","2016-M12",""
"Коефіцієнт життєвості","Севастополь","Місячна","2017-M01",""
"Коефіцієнт життєвості","Севастополь","Місячна","2017-M02",""
"Коефіцієнт життєвості","Севастополь","Місячна","2017-M03",""
"Коефіцієнт життєвості","Севастополь","Місячна","2017-M04",""
"Коефіцієнт життєвості","Севастополь","Місячна","2017-M05",""
"Коефіцієнт життєвості","Севастополь","Місячна","2017-M06",""
"Коефіцієнт життєвості","Севастополь","Місячна","2017-M07",""
"Коефіцієнт життєвості","Севастополь","Місячна","2017-M08",""
"Коефіцієнт життєвості","Севастополь","Місячна","2017-M09",""
"Коефіцієнт життєвості","Севастополь","Місячна","2017-M10",""
"Коефіцієнт життєвості","Севастополь","Місячна","2017-M11",""
"Коефіцієнт життєвості","Севастополь","Місячна","2017-M12",""
"Коефіцієнт життєвості","Севастополь","Місячна","2018-M01",""
"Коефіцієнт життєвості","Севастополь","Місячна","2018-M02",""
"Коефіцієнт життєвості","Севастополь","Місячна","2018-M03",""
"Коефіцієнт життєвості","Севастополь","Місячна","2018-M04",""
"Коефіцієнт життєвості","Севастополь","Місячна","2018-M05",""
"Коефіцієнт життєвості","Севастополь","Місячна","2018-M06",""
"Коефіцієнт життєвості","Севастополь","Місячна","2018-M07",""
"Коефіцієнт життєвості","Севастополь","Місячна","2018-M08",""
"Коефіцієнт життєвості","Севастополь","Місячна","2018-M09",""
"Коефіцієнт життєвості","Севастополь","Місячна","2018-M10",""
"Коефіцієнт життєвості","Севастополь","Місячна","2018-M11",""
"Коефіцієнт життєвості","Севастополь","Місячна","2018-M12",""
"Коефіцієнт життєвості","Севастополь","Місячна","2019-M01",""
"Коефіцієнт життєвості","Севастополь","Місячна","2019-M02",""
"Коефіцієнт життєвості","Севастополь","Місячна","2019-M03",""
"Коефіцієнт життєвості","Севастополь","Місячна","2019-M04",""
"Коефіцієнт життєвості","Севастополь","Місячна","2019-M05",""
"Коефіцієнт життєвості","Севастополь","Місячна","2019-M06",""
"Коефіцієнт життєвості","Севастополь","Місячна","2019-M07",""
"Коефіцієнт життєвості","Севастополь","Місячна","2019-M08",""
"Коефіцієнт життєвості","Севастополь","Місячна","2019-M09",""
"Коефіцієнт життєвості","Севастополь","Місячна","2019-M10",""
"Коефіцієнт життєвості","Севастополь","Місячна","2019-M11",""
"Коефіцієнт життєвості","Севастополь","Місячна","2019-M12",""
"Коефіцієнт життєвості","Севастополь","Місячна","2020-M01",""
"Коефіцієнт життєвості","Севастополь","Місячна","2020-M02",""
"Коефіцієнт життєвості","Севастополь","Місячна","2020-M03",""
"Коефіцієнт життєвості","Севастополь","Місячна","2020-M04",""
"Коефіцієнт життєвості","Севастополь","Місячна","2020-M05",""
"Коефіцієнт життєвості","Севастополь","Місячна","2020-M06",""
"Коефіцієнт життєвості","Севастополь","Місячна","2020-M07",""
"Коефіцієнт життєвості","Севастополь","Місячна","2020-M08",""
"Коефіцієнт життєвості","Севастополь","Місячна","2020-M09",""
"Коефіцієнт життєвості","Севастополь","Місячна","2020-M10",""
"Коефіцієнт життєвості","Севастополь","Місячна","2020-M11",""
"Коефіцієнт життєвості","Севастополь","Місячна","2020-M12",""
"Коефіцієнт життєвості","Севастополь","Місячна","2021-M01",""
"Коефіцієнт життєвості","Севастополь","Місячна","2021-M02",""
"Коефіцієнт життєвості","Севастополь","Місячна","2021-M03",""
"Коефіцієнт життєвості","Севастополь","Місячна","2021-M04",""
"Коефіцієнт життєвості","Севастополь","Місячна","2021-M05",""
"Коефіцієнт життєвості","Севастополь","Місячна","2021-M06",""
"Коефіцієнт життєвості","Севастополь","Місячна","2021-M07",""
"Коефіцієнт життєвості","Севастополь","Місячна","2021-M08",""
"Коефіцієнт життєвості","Севастополь","Місячна","2021-M09",""
"Коефіцієнт життєвості","Севастополь","Місячна","2021-M10",""
"Коефіцієнт життєвості","Севастополь","Місячна","2021-M11",""
"Коефіцієнт життєвості","Севастополь","Місячна","2021-M12",""
"Коефіцієнт життєвості","Миколаївська","Місячна","2005-M01","41"
"Коефіцієнт життєвості","Миколаївська","Місячна","2005-M02","45"
"Коефіцієнт життєвості","Миколаївська","Місячна","2005-M03","45"
"Коефіцієнт життєвості","Миколаївська","Місячна","2005-M04","47"
"Коефіцієнт життєвості","Миколаївська","Місячна","2005-M05","47"
"Коефіцієнт життєвості","Миколаївська","Місячна","2005-M06","48"
"Коефіцієнт життєвості","Миколаївська","Місячна","2005-M07","50"
"Коефіцієнт життєвості","Миколаївська","Місячна","2005-M08","52"
"Коефіцієнт життєвості","Миколаївська","Місячна","2005-M09","53"
"Коефіцієнт життєвості","Миколаївська","Місячна","2005-M10","53"
"Коефіцієнт життєвості","Миколаївська","Місячна","2005-M11","54"
"Коефіцієнт життєвості","Миколаївська","Місячна","2005-M12","54"
"Коефіцієнт життєвості","Миколаївська","Місячна","2006-M01","46"
"Коефіцієнт життєвості","Миколаївська","Місячна","2006-M02","48"
"Коефіцієнт життєвості","Миколаївська","Місячна","2006-M03","49"
"Коефіцієнт життєвості","Миколаївська","Місячна","2006-M04","52"
"Коефіцієнт життєвості","Миколаївська","Місячна","2006-M05","52"
"Коефіцієнт життєвості","Миколаївська","Місячна","2006-M06","54"
"Коефіцієнт життєвості","Миколаївська","Місячна","2006-M07","56"
"Коефіцієнт життєвості","Миколаївська","Місячна","2006-M08","58"
"Коефіцієнт життєвості","Миколаївська","Місячна","2006-M09","60"
"Коефіцієнт життєвості","Миколаївська","Місячна","2006-M10","60"
"Коефіцієнт життєвості","Миколаївська","Місячна","2006-M11","61"
"Коефіцієнт життєвості","Миколаївська","Місячна","2006-M12","61"
"Коефіцієнт життєвості","Миколаївська","Місячна","2007-M01","55"
"Коефіцієнт життєвості","Миколаївська","Місячна","2007-M02","58"
"Коефіцієнт життєвості","Миколаївська","Місячна","2007-M03","58"
"Коефіцієнт життєвості","Миколаївська","Місячна","2007-M04","57"
"Коефіцієнт життєвості","Миколаївська","Місячна","2007-M05","57"
"Коефіцієнт життєвості","Миколаївська","Місячна","2007-M06","58"
"Коефіцієнт життєвості","Миколаївська","Місячна","2007-M07","60"
"Коефіцієнт життєвості","Миколаївська","Місячна","2007-M08","61"
"Коефіцієнт життєвості","Миколаївська","Місячна","2007-M09","62"
"Коефіцієнт життєвості","Миколаївська","Місячна","2007-M10","63"
"Коефіцієнт життєвості","Миколаївська","Місячна","2007-M11","62"
"Коефіцієнт життєвості","Миколаївська","Місячна","2007-M12","62"
"Коефіцієнт життєвості","Миколаївська","Місячна","2008-M01","52"
"Коефіцієнт життєвості","Миколаївська","Місячна","2008-M02","59"
"Коефіцієнт життєвості","Миколаївська","Місячна","2008-M03","58"
"Коефіцієнт життєвості","Миколаївська","Місячна","2008-M04","57"
"Коефіцієнт життєвості","Миколаївська","Місячна","2008-M05","57"
"Коефіцієнт життєвості","Миколаївська","Місячна","2008-M06","59"
"Коефіцієнт життєвості","Миколаївська","Місячна","2008-M07","61"
"Коефіцієнт життєвості","Миколаївська","Місячна","2008-M08","64"
"Коефіцієнт життєвості","Миколаївська","Місячна","2008-M09","65"
"Коефіцієнт життєвості","Миколаївська","Місячна","2008-M10","66"
"Коефіцієнт життєвості","Миколаївська","Місячна","2008-M11","67"
"Коефіцієнт життєвості","Миколаївська","Місячна","2008-M12","67"
"Коефіцієнт життєвості","Миколаївська","Місячна","2009-M01","57"
"Коефіцієнт життєвості","Миколаївська","Місячна","2009-M02","60"
"Коефіцієнт життєвості","Миколаївська","Місячна","2009-M03","61"
"Коефіцієнт життєвості","Миколаївська","Місячна","2009-M04","62"
"Коефіцієнт життєвості","Миколаївська","Місячна","2009-M05","63"
"Коефіцієнт життєвості","Миколаївська","Місячна","2009-M06","64"
"Коефіцієнт життєвості","Миколаївська","Місячна","2009-M07","66"
"Коефіцієнт життєвості","Миколаївська","Місячна","2009-M08","69"
"Коефіцієнт життєвості","Миколаївська","Місячна","2009-M09","70"
"Коефіцієнт життєвості","Миколаївська","Місячна","2009-M10","71"
"Коефіцієнт життєвості","Миколаївська","Місячна","2009-M11","71"
"Коефіцієнт життєвості","Миколаївська","Місячна","2009-M12","70"
"Коефіцієнт життєвості","Миколаївська","Місячна","2010-M01","61"
"Коефіцієнт життєвості","Миколаївська","Місячна","2010-M02","64"
"Коефіцієнт життєвості","Миколаївська","Місячна","2010-M03","64"
"Коефіцієнт життєвості","Миколаївська","Місячна","2010-M04","64"
"Коефіцієнт життєвості","Миколаївська","Місячна","2010-M05","64"
"Коефіцієнт життєвості","Миколаївська","Місячна","2010-M06","65"
"Коефіцієнт життєвості","Миколаївська","Місячна","2010-M07","67"
"Коефіцієнт життєвості","Миколаївська","Місячна","2010-M08","67"
"Коефіцієнт життєвості","Миколаївська","Місячна","2010-M09","68"
"Коефіцієнт життєвості","Миколаївська","Місячна","2010-M10","69"
"Коефіцієнт життєвості","Миколаївська","Місячна","2010-M11","69"
"Коефіцієнт життєвості","Миколаївська","Місячна","2010-M12","69"
"Коефіцієнт життєвості","Миколаївська","Місячна","2011-M01","62"
"Коефіцієнт життєвості","Миколаївська","Місячна","2011-M02","66"
"Коефіцієнт життєвості","Миколаївська","Місячна","2011-M03","65"
"Коефіцієнт життєвості","Миколаївська","Місячна","2011-M04","66"
"Коефіцієнт життєвості","Миколаївська","Місячна","2011-M05","65"
"Коефіцієнт життєвості","Миколаївська","Місячна","2011-M06","66"
"Коефіцієнт життєвості","Миколаївська","Місячна","2011-M07","68"
"Коефіцієнт життєвості","Миколаївська","Місячна","2011-M08","71"
"Коефіцієнт життєвості","Миколаївська","Місячна","2011-M09","73"
"Коефіцієнт життєвості","Миколаївська","Місячна","2011-M10","74"
"Коефіцієнт життєвості","Миколаївська","Місячна","2011-M11","74"
"Коефіцієнт життєвості","Миколаївська","Місячна","2011-M12","75"
"Коефіцієнт життєвості","Миколаївська","Місячна","2012-M01","69"
"Коефіцієнт життєвості","Миколаївська","Місячна","2012-M02","70"
"Коефіцієнт життєвості","Миколаївська","Місячна","2012-M03","70"
"Коефіцієнт життєвості","Миколаївська","Місячна","2012-M04","69"
"Коефіцієнт життєвості","Миколаївська","Місячна","2012-M05","70"
"Коефіцієнт життєвості","Миколаївська","Місячна","2012-M06","71"
"Коефіцієнт життєвості","Миколаївська","Місячна","2012-M07","73"
"Коефіцієнт життєвості","Миколаївська","Місячна","2012-M08","76"
"Коефіцієнт життєвості","Миколаївська","Місячна","2012-M09","77"
"Коефіцієнт життєвості","Миколаївська","Місячна","2012-M10","78"
"Коефіцієнт життєвості","Миколаївська","Місячна","2012-M11","78"
"Коефіцієнт життєвості","Миколаївська","Місячна","2012-M12","78"
"Коефіцієнт життєвості","Миколаївська","Місячна","2013-M01","64"
"Коефіцієнт життєвості","Миколаївська","Місячна","2013-M02","68"
"Коефіцієнт життєвості","Миколаївська","Місячна","2013-M03","68"
"Коефіцієнт життєвості","Миколаївська","Місячна","2013-M04","66"
"Коефіцієнт життєвості","Миколаївська","Місячна","2013-M05","66"
"Коефіцієнт життєвості","Миколаївська","Місячна","2013-M06","68"
"Коефіцієнт життєвості","Миколаївська","Місячна","2013-M07","71"
"Коефіцієнт життєвості","Миколаївська","Місячна","2013-M08","73"
"Коефіцієнт життєвості","Миколаївська","Місячна","2013-M09","75"
"Коефіцієнт життєвості","Миколаївська","Місячна","2013-M10","75"
"Коефіцієнт життєвості","Миколаївська","Місячна","2013-M11","75"
"Коефіцієнт життєвості","Миколаївська","Місячна","2013-M12","75"
"Коефіцієнт життєвості","Миколаївська","Місячна","2014-M01","67"
"Коефіцієнт життєвості","Миколаївська","Місячна","2014-M02","67"
"Коефіцієнт життєвості","Миколаївська","Місячна","2014-M03","65"
"Коефіцієнт життєвості","Миколаївська","Місячна","2014-M04","66"
"Коефіцієнт життєвості","Миколаївська","Місячна","2014-M05","67"
"Коефіцієнт життєвості","Миколаївська","Місячна","2014-M06","69"
"Коефіцієнт життєвості","Миколаївська","Місячна","2014-M07","71"
"Коефіцієнт життєвості","Миколаївська","Місячна","2014-M08","73"
"Коефіцієнт життєвості","Миколаївська","Місячна","2014-M09","74"
"Коефіцієнт життєвості","Миколаївська","Місячна","2014-M10","76"
"Коефіцієнт життєвості","Миколаївська","Місячна","2014-M11","75"
"Коефіцієнт життєвості","Миколаївська","Місячна","2014-M12","74"
"Коефіцієнт життєвості","Миколаївська","Місячна","2015-M01","58"
"Коефіцієнт життєвості","Миколаївська","Місячна","2015-M02","57"
"Коефіцієнт життєвості","Миколаївська","Місячна","2015-M03","56"
"Коефіцієнт життєвості","Миколаївська","Місячна","2015-M04","58"
"Коефіцієнт життєвості","Миколаївська","Місячна","2015-M05","58"
"Коефіцієнт життєвості","Миколаївська","Місячна","2015-M06","59"
"Коефіцієнт життєвості","Миколаївська","Місячна","2015-M07","62"
"Коефіцієнт життєвості","Миколаївська","Місячна","2015-M08","64"
"Коефіцієнт життєвості","Миколаївська","Місячна","2015-M09","66"
"Коефіцієнт життєвості","Миколаївська","Місячна","2015-M10","66"
"Коефіцієнт життєвості","Миколаївська","Місячна","2015-M11","65"
"Коефіцієнт життєвості","Миколаївська","Місячна","2015-M12","65"
"Коефіцієнт життєвості","Миколаївська","Місячна","2016-M01","57"
"Коефіцієнт життєвості","Миколаївська","Місячна","2016-M02","56"
"Коефіцієнт життєвості","Миколаївська","Місячна","2016-M03","58"
"Коефіцієнт життєвості","Миколаївська","Місячна","2016-M04","58"
"Коефіцієнт життєвості","Миколаївська","Місячна","2016-M05","58"
"Коефіцієнт життєвості","Миколаївська","Місячна","2016-M06","58"
"Коефіцієнт життєвості","Миколаївська","Місячна","2016-M07","60"
"Коефіцієнт життєвості","Миколаївська","Місячна","2016-M08","61"
"Коефіцієнт життєвості","Миколаївська","Місячна","2016-M09","62"
"Коефіцієнт життєвості","Миколаївська","Місячна","2016-M10","63"
"Коефіцієнт життєвості","Миколаївська","Місячна","2016-M11","63"
"Коефіцієнт життєвості","Миколаївська","Місячна","2016-M12","62"
"Коефіцієнт життєвості","Миколаївська","Місячна","2017-M01","46"
"Коефіцієнт життєвості","Миколаївська","Місячна","2017-M02","50"
"Коефіцієнт життєвості","Миколаївська","Місячна","2017-M03","52"
"Коефіцієнт життєвості","Миколаївська","Місячна","2017-M04","52"
"Коефіцієнт життєвості","Миколаївська","Місячна","2017-M05","53"
"Коефіцієнт життєвості","Миколаївська","Місячна","2017-M06","55"
"Коефіцієнт життєвості","Миколаївська","Місячна","2017-M07","57"
"Коефіцієнт життєвості","Миколаївська","Місячна","2017-M08","58"
"Коефіцієнт життєвості","Миколаївська","Місячна","2017-M09","60"
"Коефіцієнт життєвості","Миколаївська","Місячна","2017-M10","60"
"Коефіцієнт життєвості","Миколаївська","Місячна","2017-M11","59"
"Коефіцієнт життєвості","Миколаївська","Місячна","2017-M12","59"
"Коефіцієнт життєвості","Миколаївська","Місячна","2018-M01","53"
"Коефіцієнт життєвості","Миколаївська","Місячна","2018-M02","54"
"Коефіцієнт життєвості","Миколаївська","Місячна","2018-M03","52"
"Коефіцієнт життєвості","Миколаївська","Місячна","2018-M04","51"
"Коефіцієнт життєвості","Миколаївська","Місячна","2018-M05","50"
"Коефіцієнт життєвості","Миколаївська","Місячна","2018-M06","51"
"Коефіцієнт життєвості","Миколаївська","Місячна","2018-M07","52"
"Коефіцієнт життєвості","Миколаївська","Місячна","2018-M08","54"
"Коефіцієнт життєвості","Миколаївська","Місячна","2018-M09","55"
"Коефіцієнт життєвості","Миколаївська","Місячна","2018-M10","54"
"Коефіцієнт життєвості","Миколаївська","Місячна","2018-M11","54"
"Коефіцієнт життєвості","Миколаївська","Місячна","2018-M12","53"
"Коефіцієнт життєвості","Миколаївська","Місячна","2019-M01","36"
"Коефіцієнт життєвості","Миколаївська","Місячна","2019-M02","40"
"Коефіцієнт життєвості","Миколаївська","Місячна","2019-M03","40"
"Коефіцієнт життєвості","Миколаївська","Місячна","2019-M04","41"
"Коефіцієнт життєвості","Миколаївська","Місячна","2019-M05","41"
"Коефіцієнт життєвості","Миколаївська","Місячна","2019-M06","42"
"Коефіцієнт життєвості","Миколаївська","Місячна","2019-M07","44"
"Коефіцієнт життєвості","Миколаївська","Місячна","2019-M08","46"
"Коефіцієнт життєвості","Миколаївська","Місячна","2019-M09","47"
"Коефіцієнт життєвості","Миколаївська","Місячна","2019-M10","47"
"Коефіцієнт життєвості","Миколаївська","Місячна","2019-M11","47"
"Коефіцієнт життєвості","Миколаївська","Місячна","2019-M12","47"
"Коефіцієнт життєвості","Миколаївська","Місячна","2020-M01","52"
"Коефіцієнт життєвості","Миколаївська","Місячна","2020-M02","49"
"Коефіцієнт життєвості","Миколаївська","Місячна","2020-M03","45"
"Коефіцієнт життєвості","Миколаївська","Місячна","2020-M04","43"
"Коефіцієнт життєвості","Миколаївська","Місячна","2020-M05","44"
"Коефіцієнт життєвості","Миколаївська","Місячна","2020-M06","44"
"Коефіцієнт життєвості","Миколаївська","Місячна","2020-M07","46"
"Коефіцієнт життєвості","Миколаївська","Місячна","2020-M08","46"
"Коефіцієнт життєвості","Миколаївська","Місячна","2020-M09","47"
"Коефіцієнт життєвості","Миколаївська","Місячна","2020-M10","46"
"Коефіцієнт життєвості","Миколаївська","Місячна","2020-M11","44"
"Коефіцієнт життєвості","Миколаївська","Місячна","2020-M12","43"
"Коефіцієнт життєвості","Миколаївська","Місячна","2021-M01","34"
"Коефіцієнт життєвості","Миколаївська","Місячна","2021-M02","35"
"Коефіцієнт життєвості","Миколаївська","Місячна","2021-M03","34"
"Коефіцієнт життєвості","Миколаївська","Місячна","2021-M04","31"
"Коефіцієнт життєвості","Миколаївська","Місячна","2021-M05","31"
"Коефіцієнт життєвості","Миколаївська","Місячна","2021-M06","32"
"Коефіцієнт життєвості","Миколаївська","Місячна","2021-M07","34"
"Коефіцієнт життєвості","Миколаївська","Місячна","2021-M08","36"
"Коефіцієнт життєвості","Миколаївська","Місячна","2021-M09","37"
"Коефіцієнт життєвості","Миколаївська","Місячна","2021-M10","36"
"Коефіцієнт життєвості","Миколаївська","Місячна","2021-M11","33"
"Коефіцієнт життєвості","Миколаївська","Місячна","2021-M12","33"
"Коефіцієнт життєвості","Донецька","Місячна","2005-M01","35"
"Коефіцієнт життєвості","Донецька","Місячна","2005-M02","35"
"Коефіцієнт життєвості","Донецька","Місячна","2005-M03","35"
"Коефіцієнт життєвості","Донецька","Місячна","2005-M04","36"
"Коефіцієнт життєвості","Донецька","Місячна","2005-M05","37"
"Коефіцієнт життєвості","Донецька","Місячна","2005-M06","38"
"Коефіцієнт життєвості","Донецька","Місячна","2005-M07","40"
"Коефіцієнт життєвості","Донецька","Місячна","2005-M08","41"
"Коефіцієнт життєвості","Донецька","Місячна","2005-M09","43"
"Коефіцієнт життєвості","Донецька","Місячна","2005-M10","43"
"Коефіцієнт життєвості","Донецька","Місячна","2005-M11","43"
"Коефіцієнт життєвості","Донецька","Місячна","2005-M12","43"
"Коефіцієнт життєвості","Донецька","Місячна","2006-M01","33"
"Коефіцієнт життєвості","Донецька","Місячна","2006-M02","37"
"Коефіцієнт життєвості","Донецька","Місячна","2006-M03","39"
"Коефіцієнт життєвості","Донецька","Місячна","2006-M04","41"
"Коефіцієнт життєвості","Донецька","Місячна","2006-M05","42"
"Коефіцієнт життєвості","Донецька","Місячна","2006-M06","43"
"Коефіцієнт життєвості","Донецька","Місячна","2006-M07","45"
"Коефіцієнт життєвості","Донецька","Місячна","2006-M08","47"
"Коефіцієнт життєвості","Донецька","Місячна","2006-M09","48"
"Коефіцієнт життєвості","Донецька","Місячна","2006-M10","48"
"Коефіцієнт життєвості","Донецька","Місячна","2006-M11","48"
"Коефіцієнт життєвості","Донецька","Місячна","2006-M12","48"
"Коефіцієнт життєвості","Донецька","Місячна","2007-M01","43"
"Коефіцієнт життєвості","Донецька","Місячна","2007-M02","45"
"Коефіцієнт життєвості","Донецька","Місячна","2007-M03","44"
"Коефіцієнт життєвості","Донецька","Місячна","2007-M04","44"
"Коефіцієнт життєвості","Донецька","Місячна","2007-M05","45"
"Коефіцієнт життєвості","Донецька","Місячна","2007-M06","46"
"Коефіцієнт життєвості","Донецька","Місячна","2007-M07","47"
"Коефіцієнт життєвості","Донецька","Місячна","2007-M08","49"
"Коефіцієнт життєвості","Донецька","Місячна","2007-M09","50"
"Коефіцієнт життєвості","Донецька","Місячна","2007-M10","50"
"Коефіцієнт життєвості","Донецька","Місячна","2007-M11","50"
"Коефіцієнт життєвості","Донецька","Місячна","2007-M12","49"
"Коефіцієнт життєвості","Донецька","Місячна","2008-M01","42"
"Коефіцієнт життєвості","Донецька","Місячна","2008-M02","45"
"Коефіцієнт життєвості","Донецька","Місячна","2008-M03","45"
"Коефіцієнт життєвості","Донецька","Місячна","2008-M04","46"
"Коефіцієнт життєвості","Донецька","Місячна","2008-M05","46"
"Коефіцієнт життєвості","Донецька","Місячна","2008-M06","47"
"Коефіцієнт життєвості","Донецька","Місячна","2008-M07","50"
"Коефіцієнт життєвості","Донецька","Місячна","2008-M08","51"
"Коефіцієнт життєвості","Донецька","Місячна","2008-M09","53"
"Коефіцієнт життєвості","Донецька","Місячна","2008-M10","54"
"Коефіцієнт життєвості","Донецька","Місячна","2008-M11","54"
"Коефіцієнт життєвості","Донецька","Місячна","2008-M12","54"
"Коефіцієнт життєвості","Донецька","Місячна","2009-M01","45"
"Коефіцієнт життєвості","Донецька","Місячна","2009-M02","51"
"Коефіцієнт життєвості","Донецька","Місячна","2009-M03","52"
"Коефіцієнт життєвості","Донецька","Місячна","2009-M04","53"
"Коефіцієнт життєвості","Донецька","Місячна","2009-M05","53"
"Коефіцієнт життєвості","Донецька","Місячна","2009-M06","53"
"Коефіцієнт життєвості","Донецька","Місячна","2009-M07","55"
"Коефіцієнт життєвості","Донецька","Місячна","2009-M08","57"
"Коефіцієнт життєвості","Донецька","Місячна","2009-M09","58"
"Коефіцієнт життєвості","Донецька","Місячна","2009-M10","59"
"Коефіцієнт життєвості","Донецька","Місячна","2009-M11","58"
"Коефіцієнт життєвості","Донецька","Місячна","2009-M12","58"
"Коефіцієнт життєвості","Донецька","Місячна","2010-M01","47"
"Коефіцієнт життєвості","Донецька","Місячна","2010-M02","50"
"Коефіцієнт життєвості","Донецька","Місячна","2010-M03","51"
"Коефіцієнт життєвості","Донецька","Місячна","2010-M04","52"
"Коефіцієнт життєвості","Донецька","Місячна","2010-M05","51"
"Коефіцієнт життєвості","Донецька","Місячна","2010-M06","53"
"Коефіцієнт життєвості","Донецька","Місячна","2010-M07","55"
"Коефіцієнт життєвості","Донецька","Місячна","2010-M08","54"
"Коефіцієнт життєвості","Донецька","Місячна","2010-M09","55"
"Коефіцієнт життєвості","Донецька","Місячна","2010-M10","55"
"Коефіцієнт життєвості","Донецька","Місячна","2010-M11","56"
"Коефіцієнт життєвості","Донецька","Місячна","2010-M12","56"
"Коефіцієнт життєвості","Донецька","Місячна","2011-M01","52"
"Коефіцієнт життєвості","Донецька","Місячна","2011-M02","52"
"Коефіцієнт життєвості","Донецька","Місячна","2011-M03","52"
"Коефіцієнт життєвості","Донецька","Місячна","2011-M04","51"
"Коефіцієнт життєвості","Донецька","Місячна","2011-M05","51"
"Коефіцієнт життєвості","Донецька","Місячна","2011-M06","52"
"Коефіцієнт життєвості","Донецька","Місячна","2011-M07","55"
"Коефіцієнт життєвості","Донецька","Місячна","2011-M08","57"
"Коефіцієнт життєвості","Донецька","Місячна","2011-M09","58"
"Коефіцієнт життєвості","Донецька","Місячна","2011-M10","58"
"Коефіцієнт життєвості","Донецька","Місячна","2011-M11","59"
"Коефіцієнт життєвості","Донецька","Місячна","2011-M12","59"
"Коефіцієнт життєвості","Донецька","Місячна","2012-M01","53"
"Коефіцієнт життєвості","Донецька","Місячна","2012-M02","54"
"Коефіцієнт життєвості","Донецька","Місячна","2012-M03","54"
"Коефіцієнт життєвості","Донецька","Місячна","2012-M04","54"
"Коефіцієнт життєвості","Донецька","Місячна","2012-M05","55"
"Коефіцієнт життєвості","Донецька","Місячна","2012-M06","56"
"Коефіцієнт життєвості","Донецька","Місячна","2012-M07","59"
"Коефіцієнт життєвості","Донецька","Місячна","2012-M08","60"
"Коефіцієнт життєвості","Донецька","Місячна","2012-M09","61"
"Коефіцієнт життєвості","Донецька","Місячна","2012-M10","62"
"Коефіцієнт життєвості","Донецька","Місячна","2012-M11","62"
"Коефіцієнт життєвості","Донецька","Місячна","2012-M12","61"
"Коефіцієнт життєвості","Донецька","Місячна","2013-M01","53"
"Коефіцієнт життєвості","Донецька","Місячна","2013-M02","56"
"Коефіцієнт життєвості","Донецька","Місячна","2013-M03","55"
"Коефіцієнт життєвості","Донецька","Місячна","2013-M04","55"
"Коефіцієнт життєвості","Донецька","Місячна","2013-M05","55"
"Коефіцієнт життєвості","Донецька","Місячна","2013-M06","56"
"Коефіцієнт життєвості","Донецька","Місячна","2013-M07","58"
"Коефіцієнт життєвості","Донецька","Місячна","2013-M08","59"
"Коефіцієнт життєвості","Донецька","Місячна","2013-M09","60"
"Коефіцієнт життєвості","Донецька","Місячна","2013-M10","60"
"Коефіцієнт життєвості","Донецька","Місячна","2013-M11","60"
"Коефіцієнт життєвості","Донецька","Місячна","2013-M12","59"
"Коефіцієнт життєвості","Донецька","Місячна","2014-M01","51"
"Коефіцієнт життєвості","Донецька","Місячна","2014-M02","51"
"Коефіцієнт життєвості","Донецька","Місячна","2014-M03","52"
"Коефіцієнт життєвості","Донецька","Місячна","2014-M04","53"
"Коефіцієнт життєвості","Донецька","Місячна","2014-M05","53"
"Коефіцієнт життєвості","Донецька","Місячна","2014-M06","54"
"Коефіцієнт життєвості","Донецька","Місячна","2014-M07","55"
"Коефіцієнт життєвості","Донецька","Місячна","2014-M08","55"
"Коефіцієнт життєвості","Донецька","Місячна","2014-M09","54"
"Коефіцієнт життєвості","Донецька","Місячна","2014-M10","52"
"Коефіцієнт життєвості","Донецька","Місячна","2014-M11","51"
"Коефіцієнт життєвості","Донецька","Місячна","2014-M12","50"
"Коефіцієнт життєвості","Донецька","Місячна","2015-M01","45"
"Коефіцієнт життєвості","Донецька","Місячна","2015-M02","44"
"Коефіцієнт життєвості","Донецька","Місячна","2015-M03","40"
"Коефіцієнт життєвості","Донецька","Місячна","2015-M04","38"
"Коефіцієнт життєвості","Донецька","Місячна","2015-M05","37"
"Коефіцієнт життєвості","Донецька","Місячна","2015-M06","38"
"Коефіцієнт життєвості","Донецька","Місячна","2015-M07","39"
"Коефіцієнт життєвості","Донецька","Місячна","2015-M08","40"
"Коефіцієнт життєвості","Донецька","Місячна","2015-M09","41"
"Коефіцієнт життєвості","Донецька","Місячна","2015-M10","42"
"Коефіцієнт життєвості","Донецька","Місячна","2015-M11","42"
"Коефіцієнт життєвості","Донецька","Місячна","2015-M12","42"
"Коефіцієнт життєвості","Донецька","Місячна","2016-M01","36"
"Коефіцієнт життєвості","Донецька","Місячна","2016-M02","40"
"Коефіцієнт життєвості","Донецька","Місячна","2016-M03","46"
"Коефіцієнт життєвості","Донецька","Місячна","2016-M04","47"
"Коефіцієнт життєвості","Донецька","Місячна","2016-M05","48"
"Коефіцієнт життєвості","Донецька","Місячна","2016-M06","49"
"Коефіцієнт життєвості","Донецька","Місячна","2016-M07","51"
"Коефіцієнт життєвості","Донецька","Місячна","2016-M08","52"
"Коефіцієнт життєвості","Донецька","Місячна","2016-M09","53"
"Коефіцієнт життєвості","Донецька","Місячна","2016-M10","53"
"Коефіцієнт життєвості","Донецька","Місячна","2016-M11","53"
"Коефіцієнт життєвості","Донецька","Місячна","2016-M12","52"
"Коефіцієнт життєвості","Донецька","Місячна","2017-M01","43"
"Коефіцієнт життєвості","Донецька","Місячна","2017-M02","44"
"Коефіцієнт життєвості","Донецька","Місячна","2017-M03","45"
"Коефіцієнт життєвості","Донецька","Місячна","2017-M04","44"
"Коефіцієнт життєвості","Донецька","Місячна","2017-M05","43"
"Коефіцієнт життєвості","Донецька","Місячна","2017-M06","44"
"Коефіцієнт життєвості","Донецька","Місячна","2017-M07","46"
"Коефіцієнт життєвості","Донецька","Місячна","2017-M08","47"
"Коефіцієнт життєвості","Донецька","Місячна","2017-M09","48"
"Коефіцієнт життєвості","Донецька","Місячна","2017-M10","48"
"Коефіцієнт життєвості","Донецька","Місячна","2017-M11","48"
"Коефіцієнт життєвості","Донецька","Місячна","2017-M12","47"
"Коефіцієнт життєвості","Донецька","Місячна","2018-M01","39"
"Коефіцієнт життєвості","Донецька","Місячна","2018-M02","38"
"Коефіцієнт життєвості","Донецька","Місячна","2018-M03","38"
"Коефіцієнт життєвості","Донецька","Місячна","2018-M04","37"
"Коефіцієнт життєвості","Донецька","Місячна","2018-M05","37"
"Коефіцієнт життєвості","Донецька","Місячна","2018-M06","37"
"Коефіцієнт життєвості","Донецька","Місячна","2018-M07","38"
"Коефіцієнт життєвості","Донецька","Місячна","2018-M08","39"
"Коефіцієнт життєвості","Донецька","Місячна","2018-M09","40"
"Коефіцієнт життєвості","Донецька","Місячна","2018-M10","40"
"Коефіцієнт життєвості","Донецька","Місячна","2018-M11","40"
"Коефіцієнт життєвості","Донецька","Місячна","2018-M12","40"
"Коефіцієнт життєвості","Донецька","Місячна","2019-M01","32"
"Коефіцієнт життєвості","Донецька","Місячна","2019-M02","32"
"Коефіцієнт життєвості","Донецька","Місячна","2019-M03","32"
"Коефіцієнт життєвості","Донецька","Місячна","2019-M04","33"
"Коефіцієнт життєвості","Донецька","Місячна","2019-M05","33"
"Коефіцієнт життєвості","Донецька","Місячна","2019-M06","34"
"Коефіцієнт життєвості","Донецька","Місячна","2019-M07","35"
"Коефіцієнт життєвості","Донецька","Місячна","2019-M08","36"
"Коефіцієнт життєвості","Донецька","Місячна","2019-M09","36"
"Коефіцієнт життєвості","Донецька","Місячна","2019-M10","36"
"Коефіцієнт життєвості","Донецька","Місячна","2019-M11","36"
"Коефіцієнт життєвості","Донецька","Місячна","2019-M12","36"
"Коефіцієнт життєвості","Донецька","Місячна","2020-M01","33"
"Коефіцієнт життєвості","Донецька","Місячна","2020-M02","31"
"Коефіцієнт життєвості","Донецька","Місячна","2020-M03","29"
"Коефіцієнт життєвості","Донецька","Місячна","2020-M04","29"
"Коефіцієнт життєвості","Донецька","Місячна","2020-M05","30"
"Коефіцієнт життєвості","Донецька","Місячна","2020-M06","30"
"Коефіцієнт життєвості","Донецька","Місячна","2020-M07","31"
"Коефіцієнт життєвості","Донецька","Місячна","2020-M08","32"
"Коефіцієнт життєвості","Донецька","Місячна","2020-M09","32"
"Коефіцієнт життєвості","Донецька","Місячна","2020-M10","31"
"Коефіцієнт життєвості","Донецька","Місячна","2020-M11","30"
"Коефіцієнт життєвості","Донецька","Місячна","2020-M12","30"
"Коефіцієнт життєвості","Донецька","Місячна","2021-M01","24"
"Коефіцієнт життєвості","Донецька","Місячна","2021-M02","24"
"Коефіцієнт життєвості","Донецька","Місячна","2021-M03","24"
"Коефіцієнт життєвості","Донецька","Місячна","2021-M04","23"
"Коефіцієнт життєвості","Донецька","Місячна","2021-M05","23"
"Коефіцієнт життєвості","Донецька","Місячна","2021-M06","23"
"Коефіцієнт життєвості","Донецька","Місячна","2021-M07","24"
"Коефіцієнт життєвості","Донецька","Місячна","2021-M08","25"
"Коефіцієнт життєвості","Донецька","Місячна","2021-M09","25"
"Коефіцієнт життєвості","Донецька","Місячна","2021-M10","24"
"Коефіцієнт життєвості","Донецька","Місячна","2021-M11","22"
"Коефіцієнт життєвості","Донецька","Місячна","2021-M12","22"
"Коефіцієнт життєвості","Рівненська","Місячна","2005-M01","77"
"Коефіцієнт життєвості","Рівненська","Місячна","2005-M02","76"
"Коефіцієнт життєвості","Рівненська","Місячна","2005-M03","75"
"Коефіцієнт життєвості","Рівненська","Місячна","2005-M04","79"
"Коефіцієнт життєвості","Рівненська","Місячна","2005-M05","79"
"Коефіцієнт життєвості","Рівненська","Місячна","2005-M06","81"
"Коефіцієнт життєвості","Рівненська","Місячна","2005-M07","84"
"Коефіцієнт життєвості","Рівненська","Місячна","2005-M08","87"
"Коефіцієнт життєвості","Рівненська","Місячна","2005-M09","88"
"Коефіцієнт життєвості","Рівненська","Місячна","2005-M10","89"
"Коефіцієнт життєвості","Рівненська","Місячна","2005-M11","88"
"Коефіцієнт життєвості","Рівненська","Місячна","2005-M12","88"
"Коефіцієнт життєвості","Рівненська","Місячна","2006-M01","72"
"Коефіцієнт життєвості","Рівненська","Місячна","2006-M02","83"
"Коефіцієнт життєвості","Рівненська","Місячна","2006-M03","85"
"Коефіцієнт життєвості","Рівненська","Місячна","2006-M04","88"
"Коефіцієнт життєвості","Рівненська","Місячна","2006-M05","90"
"Коефіцієнт життєвості","Рівненська","Місячна","2006-M06","91"
"Коефіцієнт життєвості","Рівненська","Місячна","2006-M07","94"
"Коефіцієнт життєвості","Рівненська","Місячна","2006-M08","98"
"Коефіцієнт життєвості","Рівненська","Місячна","2006-M09","99"
"Коефіцієнт життєвості","Рівненська","Місячна","2006-M10","99"
"Коефіцієнт життєвості","Рівненська","Місячна","2006-M11","99"
"Коефіцієнт життєвості","Рівненська","Місячна","2006-M12","98"
"Коефіцієнт життєвості","Рівненська","Місячна","2007-M01","89"
"Коефіцієнт життєвості","Рівненська","Місячна","2007-M02","90"
"Коефіцієнт життєвості","Рівненська","Місячна","2007-M03","91"
"Коефіцієнт життєвості","Рівненська","Місячна","2007-M04","90"
"Коефіцієнт життєвості","Рівненська","Місячна","2007-M05","92"
"Коефіцієнт життєвості","Рівненська","Місячна","2007-M06","94"
"Коефіцієнт життєвості","Рівненська","Місячна","2007-M07","97"
"Коефіцієнт життєвості","Рівненська","Місячна","2007-M08","100"
"Коефіцієнт життєвості","Рівненська","Місячна","2007-M09","100"
"Коефіцієнт життєвості","Рівненська","Місячна","2007-M10","100"
"Коефіцієнт життєвості","Рівненська","Місячна","2007-M11","99"
"Коефіцієнт життєвості","Рівненська","Місячна","2007-M12","98"
"Коефіцієнт життєвості","Рівненська","Місячна","2008-M01","92"
"Коефіцієнт життєвості","Рівненська","Місячна","2008-M02","90"
"Коефіцієнт життєвості","Рівненська","Місячна","2008-M03","90"
"Коефіцієнт життєвості","Рівненська","Місячна","2008-M04","87"
"Коефіцієнт життєвості","Рівненська","Місячна","2008-M05","90"
"Коефіцієнт життєвості","Рівненська","Місячна","2008-M06","91"
"Коефіцієнт життєвості","Рівненська","Місячна","2008-M07","97"
"Коефіцієнт життєвості","Рівненська","Місячна","2008-M08","101"
"Коефіцієнт життєвості","Рівненська","Місячна","2008-M09","102"
"Коефіцієнт життєвості","Рівненська","Місячна","2008-M10","105"
"Коефіцієнт життєвості","Рівненська","Місячна","2008-M11","105"
"Коефіцієнт життєвості","Рівненська","Місячна","2008-M12","105"
"Коефіцієнт життєвості","Рівненська","Місячна","2009-M01","96"
"Коефіцієнт життєвості","Рівненська","Місячна","2009-M02","104"
"Коефіцієнт життєвості","Рівненська","Місячна","2009-M03","102"
"Коефіцієнт життєвості","Рівненська","Місячна","2009-M04","103"
"Коефіцієнт життєвості","Рівненська","Місячна","2009-M05","105"
"Коефіцієнт життєвості","Рівненська","Місячна","2009-M06","106"
"Коефіцієнт життєвості","Рівненська","Місячна","2009-M07","110"
"Коефіцієнт життєвості","Рівненська","Місячна","2009-M08","112"
"Коефіцієнт життєвості","Рівненська","Місячна","2009-M09","114"
"Коефіцієнт життєвості","Рівненська","Місячна","2009-M10","115"
"Коефіцієнт життєвості","Рівненська","Місячна","2009-M11","115"
"Коефіцієнт життєвості","Рівненська","Місячна","2009-M12","114"
"Коефіцієнт життєвості","Рівненська","Місячна","2010-M01","104"
"Коефіцієнт життєвості","Рівненська","Місячна","2010-M02","101"
"Коефіцієнт життєвості","Рівненська","Місячна","2010-M03","104"
"Коефіцієнт життєвості","Рівненська","Місячна","2010-M04","107"
"Коефіцієнт життєвості","Рівненська","Місячна","2010-M05","107"
"Коефіцієнт життєвості","Рівненська","Місячна","2010-M06","108"
"Коефіцієнт життєвості","Рівненська","Місячна","2010-M07","112"
"Коефіцієнт життєвості","Рівненська","Місячна","2010-M08","114"
"Коефіцієнт життєвості","Рівненська","Місячна","2010-M09","116"
"Коефіцієнт життєвості","Рівненська","Місячна","2010-M10","115"
"Коефіцієнт життєвості","Рівненська","Місячна","2010-M11","116"
"Коефіцієнт життєвості","Рівненська","Місячна","2010-M12","114"
"Коефіцієнт життєвості","Рівненська","Місячна","2011-M01","112"
"Коефіцієнт життєвості","Рівненська","Місячна","2011-M02","112"
"Коефіцієнт життєвості","Рівненська","Місячна","2011-M03","111"
"Коефіцієнт життєвості","Рівненська","Місячна","2011-M04","110"
"Коефіцієнт життєвості","Рівненська","Місячна","2011-M05","108"
"Коефіцієнт життєвості","Рівненська","Місячна","2011-M06","111"
"Коефіцієнт життєвості","Рівненська","Місячна","2011-M07","115"
"Коефіцієнт життєвості","Рівненська","Місячна","2011-M08","119"
"Коефіцієнт життєвості","Рівненська","Місячна","2011-M09","122"
"Коефіцієнт життєвості","Рівненська","Місячна","2011-M10","124"
"Коефіцієнт життєвості","Рівненська","Місячна","2011-M11","125"
"Коефіцієнт життєвості","Рівненська","Місячна","2011-M12","125"
"Коефіцієнт життєвості","Рівненська","Місячна","2012-M01","117"
"Коефіцієнт життєвості","Рівненська","Місячна","2012-M02","118"
"Коефіцієнт життєвості","Рівненська","Місячна","2012-M03","115"
"Коефіцієнт життєвості","Рівненська","Місячна","2012-M04","114"
"Коефіцієнт життєвості","Рівненська","Місячна","2012-M05","117"
"Коефіцієнт життєвості","Рівненська","Місячна","2012-M06","118"
"Коефіцієнт життєвості","Рівненська","Місячна","2012-M07","123"
"Коефіцієнт життєвості","Рівненська","Місячна","2012-M08","128"
"Коефіцієнт життєвості","Рівненська","Місячна","2012-M09","130"
"Коефіцієнт життєвості","Рівненська","Місячна","2012-M10","131"
"Коефіцієнт життєвості","Рівненська","Місячна","2012-M11","130"
"Коефіцієнт життєвості","Рівненська","Місячна","2012-M12","128"
"Коефіцієнт життєвості","Рівненська","Місячна","2013-M01","122"
"Коефіцієнт життєвості","Рівненська","Місячна","2013-M02","115"
"Коефіцієнт життєвості","Рівненська","Місячна","2013-M03","112"
"Коефіцієнт життєвості","Рівненська","Місячна","2013-M04","108"
"Коефіцієнт життєвості","Рівненська","Місячна","2013-M05","107"
"Коефіцієнт життєвості","Рівненська","Місячна","2013-M06","109"
"Коефіцієнт життєвості","Рівненська","Місячна","2013-M07","115"
"Коефіцієнт життєвості","Рівненська","Місячна","2013-M08","118"
"Коефіцієнт життєвості","Рівненська","Місячна","2013-M09","120"
"Коефіцієнт життєвості","Рівненська","Місячна","2013-M10","122"
"Коефіцієнт життєвості","Рівненська","Місячна","2013-M11","121"
"Коефіцієнт життєвості","Рівненська","Місячна","2013-M12","120"
"Коефіцієнт життєвості","Рівненська","Місячна","2014-M01","107"
"Коефіцієнт життєвості","Рівненська","Місячна","2014-M02","109"
"Коефіцієнт життєвості","Рівненська","Місячна","2014-M03","103"
"Коефіцієнт життєвості","Рівненська","Місячна","2014-M04","105"
"Коефіцієнт життєвості","Рівненська","Місячна","2014-M05","107"
"Коефіцієнт життєвості","Рівненська","Місячна","2014-M06","110"
"Коефіцієнт життєвості","Рівненська","Місячна","2014-M07","116"
"Коефіцієнт життєвості","Рівненська","Місячна","2014-M08","118"
"Коефіцієнт життєвості","Рівненська","Місячна","2014-M09","118"
"Коефіцієнт життєвості","Рівненська","Місячна","2014-M10","120"
"Коефіцієнт життєвості","Рівненська","Місячна","2014-M11","118"
"Коефіцієнт життєвості","Рівненська","Місячна","2014-M12","117"
"Коефіцієнт життєвості","Рівненська","Місячна","2015-M01","104"
"Коефіцієнт життєвості","Рівненська","Місячна","2015-M02","100"
"Коефіцієнт життєвості","Рівненська","Місячна","2015-M03","98"
"Коефіцієнт життєвості","Рівненська","Місячна","2015-M04","99"
"Коефіцієнт життєвості","Рівненська","Місячна","2015-M05","99"
"Коефіцієнт життєвості","Рівненська","Місячна","2015-M06","100"
"Коефіцієнт життєвості","Рівненська","Місячна","2015-M07","106"
"Коефіцієнт життєвості","Рівненська","Місячна","2015-M08","108"
"Коефіцієнт життєвості","Рівненська","Місячна","2015-M09","111"
"Коефіцієнт життєвості","Рівненська","Місячна","2015-M10","112"
"Коефіцієнт життєвості","Рівненська","Місячна","2015-M11","110"
"Коефіцієнт життєвості","Рівненська","Місячна","2015-M12","110"
"Коефіцієнт життєвості","Рівненська","Місячна","2016-M01","87"
"Коефіцієнт життєвості","Рівненська","Місячна","2016-M02","93"
"Коефіцієнт життєвості","Рівненська","Місячна","2016-M03","98"
"Коефіцієнт життєвості","Рівненська","Місячна","2016-M04","99"
"Коефіцієнт життєвості","Рівненська","Місячна","2016-M05","99"
"Коефіцієнт життєвості","Рівненська","Місячна","2016-M06","100"
"Коефіцієнт життєвості","Рівненська","Місячна","2016-M07","103"
"Коефіцієнт життєвості","Рівненська","Місячна","2016-M08","108"
"Коефіцієнт життєвості","Рівненська","Місячна","2016-M09","109"
"Коефіцієнт життєвості","Рівненська","Місячна","2016-M10","109"
"Коефіцієнт життєвості","Рівненська","Місячна","2016-M11","109"
"Коефіцієнт життєвості","Рівненська","Місячна","2016-M12","108"
"Коефіцієнт життєвості","Рівненська","Місячна","2017-M01","78"
"Коефіцієнт життєвості","Рівненська","Місячна","2017-M02","85"
"Коефіцієнт життєвості","Рівненська","Місячна","2017-M03","89"
"Коефіцієнт життєвості","Рівненська","Місячна","2017-M04","88"
"Коефіцієнт життєвості","Рівненська","Місячна","2017-M05","90"
"Коефіцієнт життєвості","Рівненська","Місячна","2017-M06","93"
"Коефіцієнт життєвості","Рівненська","Місячна","2017-M07","97"
"Коефіцієнт життєвості","Рівненська","Місячна","2017-M08","101"
"Коефіцієнт життєвості","Рівненська","Місячна","2017-M09","101"
"Коефіцієнт життєвості","Рівненська","Місячна","2017-M10","101"
"Коефіцієнт життєвості","Рівненська","Місячна","2017-M11","100"
"Коефіцієнт життєвості","Рівненська","Місячна","2017-M12","98"
"Коефіцієнт життєвості","Рівненська","Місячна","2018-M01","85"
"Коефіцієнт життєвості","Рівненська","Місячна","2018-M02","87"
"Коефіцієнт життєвості","Рівненська","Місячна","2018-M03","86"
"Коефіцієнт життєвості","Рівненська","Місячна","2018-M04","84"
"Коефіцієнт життєвості","Рівненська","Місячна","2018-M05","86"
"Коефіцієнт життєвості","Рівненська","Місячна","2018-M06","88"
"Коефіцієнт життєвості","Рівненська","Місячна","2018-M07","91"
"Коефіцієнт життєвості","Рівненська","Місячна","2018-M08","94"
"Коефіцієнт життєвості","Рівненська","Місячна","2018-M09","95"
"Коефіцієнт життєвості","Рівненська","Місячна","2018-M10","96"
"Коефіцієнт життєвості","Рівненська","Місячна","2018-M11","94"
"Коефіцієнт життєвості","Рівненська","Місячна","2018-M12","92"
"Коефіцієнт життєвості","Рівненська","Місячна","2019-M01","75"
"Коефіцієнт життєвості","Рівненська","Місячна","2019-M02","76"
"Коефіцієнт життєвості","Рівненська","Місячна","2019-M03","77"
"Коефіцієнт життєвості","Рівненська","Місячна","2019-M04","78"
"Коефіцієнт життєвості","Рівненська","Місячна","2019-M05","79"
"Коефіцієнт життєвості","Рівненська","Місячна","2019-M06","80"
"Коефіцієнт життєвості","Рівненська","Місячна","2019-M07","83"
"Коефіцієнт життєвості","Рівненська","Місячна","2019-M08","86"
"Коефіцієнт життєвості","Рівненська","Місячна","2019-M09","87"
"Коефіцієнт життєвості","Рівненська","Місячна","2019-M10","88"
"Коефіцієнт життєвості","Рівненська","Місячна","2019-M11","88"
"Коефіцієнт життєвості","Рівненська","Місячна","2019-M12","87"
"Коефіцієнт життєвості","Рівненська","Місячна","2020-M01","84"
"Коефіцієнт життєвості","Рівненська","Місячна","2020-M02","85"
"Коефіцієнт життєвості","Рівненська","Місячна","2020-M03","79"
"Коефіцієнт життєвості","Рівненська","Місячна","2020-M04","77"
"Коефіцієнт життєвості","Рівненська","Місячна","2020-M05","77"
"Коефіцієнт життєвості","Рівненська","Місячна","2020-M06","78"
"Коефіцієнт життєвості","Рівненська","Місячна","2020-M07","81"
"Коефіцієнт життєвості","Рівненська","Місячна","2020-M08","82"
"Коефіцієнт життєвості","Рівненська","Місячна","2020-M09","84"
"Коефіцієнт життєвості","Рівненська","Місячна","2020-M10","84"
"Коефіцієнт життєвості","Рівненська","Місячна","2020-M11","80"
"Коефіцієнт життєвості","Рівненська","Місячна","2020-M12","78"
"Коефіцієнт життєвості","Рівненська","Місячна","2021-M01","65"
"Коефіцієнт життєвості","Рівненська","Місячна","2021-M02","71"
"Коефіцієнт життєвості","Рівненська","Місячна","2021-M03","72"
"Коефіцієнт життєвості","Рівненська","Місячна","2021-M04","68"
"Коефіцієнт життєвості","Рівненська","Місячна","2021-M05","66"
"Коефіцієнт життєвості","Рівненська","Місячна","2021-M06","67"
"Коефіцієнт життєвості","Рівненська","Місячна","2021-M07","70"
"Коефіцієнт життєвості","Рівненська","Місячна","2021-M08","72"
"Коефіцієнт життєвості","Рівненська","Місячна","2021-M09","74"
"Коефіцієнт життєвості","Рівненська","Місячна","2021-M10","73"
"Коефіцієнт життєвості","Рівненська","Місячна","2021-M11","69"
"Коефіцієнт життєвості","Рівненська","Місячна","2021-M12","69"
"Коефіцієнт життєвості","Автономна Республіка Крим","Місячна","2005-M01","48"
"Коефіцієнт життєвості","Автономна Республіка Крим","Місячна","2005-M02","47"
"Коефіцієнт життєвості","Автономна Республіка Крим","Місячна","2005-M03","48"
"Коефіцієнт життєвості","Автономна Республіка Крим","Місячна","2005-M04","50"
"Коефіцієнт життєвості","Автономна Республіка Крим","Місячна","2005-M05","50"
"Коефіцієнт життєвості","Автономна Республіка Крим","Місячна","2005-M06","52"
"Коефіцієнт життєвості","Автономна Республіка Крим","Місячна","2005-M07","54"
"Коефіцієнт життєвості","Автономна Республіка Крим","Місячна","2005-M08","55"
"Коефіцієнт життєвості","Автономна Республіка Крим","Місячна","2005-M09","57"
"Коефіцієнт життєвості","Автономна Республіка Крим","Місячна","2005-M10","58"
"Коефіцієнт життєвості","Автономна Республіка Крим","Місячна","2005-M11","58"
"Коефіцієнт життєвості","Автономна Республіка Крим","Місячна","2005-M12","58"
"Коефіцієнт життєвості","Автономна Республіка Крим","Місячна","2006-M01","40"
"Коефіцієнт життєвості","Автономна Республіка Крим","Місячна","2006-M02","48"
"Коефіцієнт життєвості","Автономна Республіка Крим","Місячна","2006-M03","52"
"Коефіцієнт життєвості","Автономна Республіка Крим","Місячна","2006-M04","55"
"Коефіцієнт життєвості","Автономна Республіка Крим","Місячна","2006-M05","57"
"Коефіцієнт життєвості","Автономна Республіка Крим","Місячна","2006-M06","58"
"Коефіцієнт життєвості","Автономна Республіка Крим","Місячна","2006-M07","61"
"Коефіцієнт життєвості","Автономна Республіка Крим","Місячна","2006-M08","62"
"Коефіцієнт життєвості","Автономна Республіка Крим","Місячна","2006-M09","65"
"Коефіцієнт життєвості","Автономна Республіка Крим","Місячна","2006-M10","66"
"Коефіцієнт життєвості","Автономна Республіка Крим","Місячна","2006-M11","65"
"Коефіцієнт життєвості","Автономна Республіка Крим","Місячна","2006-M12","66"
"Коефіцієнт життєвості","Автономна Республіка Крим","Місячна","2007-M01","52"
"Коефіцієнт життєвості","Автономна Республіка Крим","Місячна","2007-M02","60"
"Коефіцієнт життєвості","Автономна Республіка Крим","Місячна","2007-M03","60"
"Коефіцієнт життєвості","Автономна Республіка Крим","Місячна","2007-M04","61"
"Коефіцієнт життєвості","Автономна Республіка Крим","Місячна","2007-M05","62"
"Коефіцієнт життєвості","Автономна Республіка Крим","Місячна","2007-M06","65"
"Коефіцієнт життєвості","Автономна Республіка Крим","Місячна","2007-M07","66"
"Коефіцієнт життєвості","Автономна Республіка Крим","Місячна","2007-M08","68"
"Коефіцієнт життєвості","Автономна Республіка Крим","Місячна","2007-M09","69"
"Коефіцієнт життєвості","Автономна Республіка Крим","Місячна","2007-M10","70"
"Коефіцієнт життєвості","Автономна Республіка Крим","Місячна","2007-M11","70"
"Коефіцієнт життєвості","Автономна Республіка Крим","Місячна","2007-M12","69"
"Коефіцієнт життєвості","Автономна Республіка Крим","Місячна","2008-M01","54"
"Коефіцієнт життєвості","Автономна Республіка Крим","Місячна","2008-M02","58"
"Коефіцієнт життєвості","Автономна Республіка Крим","Місячна","2008-M03","60"
"Коефіцієнт життєвості","Автономна Республіка Крим","Місячна","2008-M04","61"
"Коефіцієнт життєвості","Автономна Республіка Крим","Місячна","2008-M05","63"
"Коефіцієнт життєвості","Автономна Республіка Крим","Місячна","2008-M06","65"
"Коефіцієнт життєвості","Автономна Республіка Крим","Місячна","2008-M07","68"
"Коефіцієнт життєвості","Автономна Республіка Крим","Місячна","2008-M08","71"
"Коефіцієнт життєвості","Автономна Республіка Крим","Місячна","2008-M09","74"
"Коефіцієнт життєвості","Автономна Республіка Крим","Місячна","2008-M10","76"
"Коефіцієнт життєвості","Автономна Республіка Крим","Місячна","2008-M11","76"
"Коефіцієнт життєвості","Автономна Республіка Крим","Місячна","2008-M12","76"
"Коефіцієнт життєвості","Автономна Республіка Крим","Місячна","2009-M01","68"
"Коефіцієнт життєвості","Автономна Республіка Крим","Місячна","2009-M02","74"
"Коефіцієнт життєвості","Автономна Республіка Крим","Місячна","2009-M03","74"
"Коефіцієнт життєвості","Автономна Республіка Крим","Місячна","2009-M04","74"
"Коефіцієнт життєвості","Автономна Республіка Крим","Місячна","2009-M05","75"
"Коефіцієнт життєвості","Автономна Республіка Крим","Місячна","2009-M06","76"
"Коефіцієнт життєвості","Автономна Республіка Крим","Місячна","2009-M07","78"
"Коефіцієнт життєвості","Автономна Республіка Крим","Місячна","2009-M08","80"
"Коефіцієнт життєвості","Автономна Республіка Крим","Місячна","2009-M09","83"
"Коефіцієнт життєвості","Автономна Республіка Крим","Місячна","2009-M10","84"
"Коефіцієнт життєвості","Автономна Республіка Крим","Місячна","2009-M11","83"
"Коефіцієнт життєвості","Автономна Республіка Крим","Місячна","2009-M12","83"
"Коефіцієнт життєвості","Автономна Республіка Крим","Місячна","2010-M01","72"
"Коефіцієнт життєвості","Автономна Республіка Крим","Місячна","2010-M02","75"
"Коефіцієнт життєвості","Автономна Республіка Крим","Місячна","2010-M03","75"
"Коефіцієнт життєвості","Автономна Республіка Крим","Місячна","2010-M04","76"
"Коефіцієнт життєвості","Автономна Республіка Крим","Місячна","2010-M05","75"
"Коефіцієнт життєвості","Автономна Республіка Крим","Місячна","2010-M06","77"
"Коефіцієнт життєвості","Автономна Республіка Крим","Місячна","2010-M07","80"
"Коефіцієнт життєвості","Автономна Республіка Крим","Місячна","2010-M08","79"
"Коефіцієнт життєвості","Автономна Республіка Крим","Місячна","2010-M09","80"
"Коефіцієнт життєвості","Автономна Республіка Крим","Місячна","2010-M10","81"
"Коефіцієнт життєвості","Автономна Республіка Крим","Місячна","2010-M11","81"
"Коефіцієнт життєвості","Автономна Республіка Крим","Місячна","2010-M12","82"
"Коефіцієнт життєвості","Автономна Республіка Крим","Місячна","2011-M01","77"
"Коефіцієнт життєвості","Автономна Республіка Крим","Місячна","2011-M02","78"
"Коефіцієнт життєвості","Автономна Республіка Крим","Місячна","2011-M03","75"
"Коефіцієнт життєвості","Автономна Республіка Крим","Місячна","2011-M04","74"
"Коефіцієнт життєвості","Автономна Республіка Крим","Місячна","2011-M05","73"
"Коефіцієнт життєвості","Автономна Республіка Крим","Місячна","2011-M06","73"
"Коефіцієнт життєвості","Автономна Республіка Крим","Місячна","2011-M07","77"
"Коефіцієнт життєвості","Автономна Республіка Крим","Місячна","2011-M08","80"
"Коефіцієнт життєвості","Автономна Республіка Крим","Місячна","2011-M09","83"
"Коефіцієнт життєвості","Автономна Республіка Крим","Місячна","2011-M10","84"
"Коефіцієнт життєвості","Автономна Республіка Крим","Місячна","2011-M11","85"
"Коефіцієнт життєвості","Автономна Республіка Крим","Місячна","2011-M12","85"
"Коефіцієнт життєвості","Автономна Республіка Крим","Місячна","2012-M01","79"
"Коефіцієнт життєвості","Автономна Республіка Крим","Місячна","2012-M02","82"
"Коефіцієнт життєвості","Автономна Республіка Крим","Місячна","2012-M03","81"
"Коефіцієнт життєвості","Автономна Республіка Крим","Місячна","2012-M04","80"
"Коефіцієнт життєвості","Автономна Республіка Крим","Місячна","2012-M05","82"
"Коефіцієнт життєвості","Автономна Республіка Крим","Місячна","2012-M06","84"
"Коефіцієнт життєвості","Автономна Республіка Крим","Місячна","2012-M07","87"
"Коефіцієнт життєвості","Автономна Республіка Крим","Місячна","2012-M08","89"
"Коефіцієнт життєвості","Автономна Республіка Крим","Місячна","2012-M09","91"
"Коефіцієнт життєвості","Автономна Республіка Крим","Місячна","2012-M10","93"
"Коефіцієнт життєвості","Автономна Республіка Крим","Місячна","2012-M11","93"
"Коефіцієнт життєвості","Автономна Республіка Крим","Місячна","2012-M12","92"
"Коефіцієнт життєвості","Автономна Республіка Крим","Місячна","2013-M01","80"
"Коефіцієнт життєвості","Автономна Республіка Крим","Місячна","2013-M02","85"
"Коефіцієнт життєвості","Автономна Республіка Крим","Місячна","2013-M03","82"
"Коефіцієнт життєвості","Автономна Республіка Крим","Місячна","2013-M04","82"
"Коефіцієнт життєвості","Автономна Республіка Крим","Місячна","2013-M05","81"
"Коефіцієнт життєвості","Автономна Республіка Крим","Місячна","2013-M06","82"
"Коефіцієнт життєвості","Автономна Республіка Крим","Місячна","2013-M07","85"
"Коефіцієнт життєвості","Автономна Республіка Крим","Місячна","2013-M08","88"
"Коефіцієнт життєвості","Автономна Республіка Крим","Місячна","2013-M09","90"
"Коефіцієнт життєвості","Автономна Республіка Крим","Місячна","2013-M10","90"
"Коефіцієнт життєвості","Автономна Республіка Крим","Місячна","2013-M11","90"
"Коефіцієнт життєвості","Автономна Республіка Крим","Місячна","2013-M12","89"
"Коефіцієнт життєвості","Автономна Республіка Крим","Місячна","2014-M01",""
"Коефіцієнт життєвості","Автономна Республіка Крим","Місячна","2014-M02",""
"Коефіцієнт життєвості","Автономна Республіка Крим","Місячна","2014-M03",""
"Коефіцієнт життєвості","Автономна Республіка Крим","Місячна","2014-M04",""
"Коефіцієнт життєвості","Автономна Республіка Крим","Місячна","2014-M05",""
"Коефіцієнт життєвості","Автономна Республіка Крим","Місячна","2014-M06",""
"Коефіцієнт життєвості","Автономна Республіка Крим","Місячна","2014-M07",""
"Коефіцієнт життєвості","Автономна Республіка Крим","Місячна","2014-M08",""
"Коефіцієнт життєвості","Автономна Республіка Крим","Місячна","2014-M09",""
"Коефіцієнт життєвості","Автономна Республіка Крим","Місячна","2014-M10",""
"Коефіцієнт життєвості","Автономна Республіка Крим","Місячна","2014-M11",""
"Коефіцієнт життєвості","Автономна Республіка Крим","Місячна","2014-M12",""
"Коефіцієнт життєвості","Автономна Республіка Крим","Місячна","2015-M01",""
"Коефіцієнт життєвості","Автономна Республіка Крим","Місячна","2015-M02",""
"Коефіцієнт життєвості","Автономна Республіка Крим","Місячна","2015-M03",""
"Коефіцієнт життєвості","Автономна Республіка Крим","Місячна","2015-M04",""
"Коефіцієнт життєвості","Автономна Республіка Крим","Місячна","2015-M05",""
"Коефіцієнт життєвості","Автономна Республіка Крим","Місячна","2015-M06",""
"Коефіцієнт життєвості","Автономна Республіка Крим","Місячна","2015-M07",""
"Коефіцієнт життєвості","Автономна Республіка Крим","Місячна","2015-M08",""
"Коефіцієнт життєвості","Автономна Республіка Крим","Місячна","2015-M09",""
"Коефіцієнт життєвості","Автономна Республіка Крим","Місячна","2015-M10",""
"Коефіцієнт життєвості","Автономна Республіка Крим","Місячна","2015-M11",""
"Коефіцієнт життєвості","Автономна Республіка Крим","Місячна","2015-M12",""
"Коефіцієнт життєвості","Автономна Республіка Крим","Місячна","2016-M01",""
"Коефіцієнт життєвості","Автономна Республіка Крим","Місячна","2016-M02",""
"Коефіцієнт життєвості","Автономна Республіка Крим","Місячна","2016-M03",""
"Коефіцієнт життєвості","Автономна Республіка Крим","Місячна","2016-M04",""
"Коефіцієнт життєвості","Автономна Республіка Крим","Місячна","2016-M05",""
"Коефіцієнт життєвості","Автономна Республіка Крим","Місячна","2016-M06",""
"Коефіцієнт життєвості","Автономна Республіка Крим","Місячна","2016-M07",""
"Коефіцієнт життєвості","Автономна Республіка Крим","Місячна","2016-M08",""
"Коефіцієнт життєвості","Автономна Республіка Крим","Місячна","2016-M09",""
"Коефіцієнт життєвості","Автономна Республіка Крим","Місячна","2016-M10",""
"Коефіцієнт життєвості","Автономна Республіка Крим","Місячна","2016-M11",""
"Коефіцієнт життєвості","Автономна Республіка Крим","Місячна","2016-M12",""
"Коефіцієнт життєвості","Автономна Республіка Крим","Місячна","2017-M01",""
"Коефіцієнт життєвості","Автономна Республіка Крим","Місячна","2017-M02",""
"Коефіцієнт життєвості","Автономна Республіка Крим","Місячна","2017-M03",""
"Коефіцієнт життєвості","Автономна Республіка Крим","Місячна","2017-M04",""
"Коефіцієнт життєвості","Автономна Республіка Крим","Місячна","2017-M05",""
"Коефіцієнт життєвості","Автономна Республіка Крим","Місячна","2017-M06",""
"Коефіцієнт життєвості","Автономна Республіка Крим","Місячна","2017-M07",""
"Коефіцієнт життєвості","Автономна Республіка Крим","Місячна","2017-M08",""
"Коефіцієнт життєвості","Автономна Республіка Крим","Місячна","2017-M09",""
"Коефіцієнт життєвості","Автономна Республіка Крим","Місячна","2017-M10",""
"Коефіцієнт життєвості","Автономна Республіка Крим","Місячна","2017-M11",""
"Коефіцієнт життєвості","Автономна Республіка Крим","Місячна","2017-M12",""
"Коефіцієнт життєвості","Автономна Республіка Крим","Місячна","2018-M01",""
"Коефіцієнт життєвості","Автономна Республіка Крим","Місячна","2018-M02",""
"Коефіцієнт життєвості","Автономна Республіка Крим","Місячна","2018-M03",""
"Коефіцієнт життєвості","Автономна Республіка Крим","Місячна","2018-M04",""
"Коефіцієнт життєвості","Автономна Республіка Крим","Місячна","2018-M05",""
"Коефіцієнт життєвості","Автономна Республіка Крим","Місячна","2018-M06",""
"Коефіцієнт життєвості","Автономна Республіка Крим","Місячна","2018-M07",""
"Коефіцієнт життєвості","Автономна Республіка Крим","Місячна","2018-M08",""
"Коефіцієнт життєвості","Автономна Республіка Крим","Місячна","2018-M09",""
"Коефіцієнт життєвості","Автономна Республіка Крим","Місячна","2018-M10",""
"Коефіцієнт життєвості","Автономна Республіка Крим","Місячна","2018-M11",""
"Коефіцієнт життєвості","Автономна Республіка Крим","Місячна","2018-M12",""
"Коефіцієнт життєвості","Автономна Республіка Крим","Місячна","2019-M01",""
"Коефіцієнт життєвості","Автономна Республіка Крим","Місячна","2019-M02",""
"Коефіцієнт життєвості","Автономна Республіка Крим","Місячна","2019-M03",""
"Коефіцієнт життєвості","Автономна Республіка Крим","Місячна","2019-M04",""
"Коефіцієнт життєвості","Автономна Республіка Крим","Місячна","2019-M05",""
"Коефіцієнт життєвості","Автономна Республіка Крим","Місячна","2019-M06",""
"Коефіцієнт життєвості","Автономна Республіка Крим","Місячна","2019-M07",""
"Коефіцієнт життєвості","Автономна Республіка Крим","Місячна","2019-M08",""
"Коефіцієнт життєвості","Автономна Республіка Крим","Місячна","2019-M09",""
"Коефіцієнт життєвості","Автономна Республіка Крим","Місячна","2019-M10",""
"Коефіцієнт життєвості","Автономна Республіка Крим","Місячна","2019-M11",""
"Коефіцієнт життєвості","Автономна Республіка Крим","Місячна","2019-M12",""
"Коефіцієнт життєвості","Автономна Республіка Крим","Місячна","2020-M01",""
"Коефіцієнт життєвості","Автономна Республіка Крим","Місячна","2020-M02",""
"Коефіцієнт життєвості","Автономна Республіка Крим","Місячна","2020-M03",""
"Коефіцієнт життєвості","Автономна Республіка Крим","Місячна","2020-M04",""
"Коефіцієнт життєвості","Автономна Республіка Крим","Місячна","2020-M05",""
"Коефіцієнт життєвості","Автономна Республіка Крим","Місячна","2020-M06",""
"Коефіцієнт життєвості","Автономна Республіка Крим","Місячна","2020-M07",""
"Коефіцієнт життєвості","Автономна Республіка Крим","Місячна","2020-M08",""
"Коефіцієнт життєвості","Автономна Республіка Крим","Місячна","2020-M09",""
"Коефіцієнт життєвості","Автономна Республіка Крим","Місячна","2020-M10",""
"Коефіцієнт життєвості","Автономна Республіка Крим","Місячна","2020-M11",""
"Коефіцієнт життєвості","Автономна Республіка Крим","Місячна","2020-M12",""
"Коефіцієнт життєвості","Автономна Республіка Крим","Місячна","2021-M01",""
"Коефіцієнт життєвості","Автономна Республіка Крим","Місячна","2021-M02",""
"Коефіцієнт життєвості","Автономна Республіка Крим","Місячна","2021-M03",""
"Коефіцієнт життєвості","Автономна Республіка Крим","Місячна","2021-M04",""
"Коефіцієнт життєвості","Автономна Республіка Крим","Місячна","2021-M05",""
"Коефіцієнт життєвості","Автономна Республіка Крим","Місячна","2021-M06",""
"Коефіцієнт життєвості","Автономна Республіка Крим","Місячна","2021-M07",""
"Коефіцієнт життєвості","Автономна Республіка Крим","Місячна","2021-M08",""
"Коефіцієнт життєвості","Автономна Республіка Крим","Місячна","2021-M09",""
"Коефіцієнт життєвості","Автономна Республіка Крим","Місячна","2021-M10",""
"Коефіцієнт життєвості","Автономна Республіка Крим","Місячна","2021-M11",""
"Коефіцієнт життєвості","Автономна Республіка Крим","Місячна","2021-M12",""
"Коефіцієнт життєвості","Тернопільська","Місячна","2005-M01","54"
"Коефіцієнт життєвості","Тернопільська","Місячна","2005-M02","56"
"Коефіцієнт життєвості","Тернопільська","Місячна","2005-M03","58"
"Коефіцієнт життєвості","Тернопільська","Місячна","2005-M04","59"
"Коефіцієнт життєвості","Тернопільська","Місячна","2005-M05","60"
"Коефіцієнт життєвості","Тернопільська","Місячна","2005-M06","61"
"Коефіцієнт життєвості","Тернопільська","Місячна","2005-M07","64"
"Коефіцієнт життєвості","Тернопільська","Місячна","2005-M08","65"
"Коефіцієнт життєвості","Тернопільська","Місячна","2005-M09","67"
"Коефіцієнт життєвості","Тернопільська","Місячна","2005-M10","66"
"Коефіцієнт життєвості","Тернопільська","Місячна","2005-M11","66"
"Коефіцієнт життєвості","Тернопільська","Місячна","2005-M12","66"
"Коефіцієнт життєвості","Тернопільська","Місячна","2006-M01","52"
"Коефіцієнт життєвості","Тернопільська","Місячна","2006-M02","58"
"Коефіцієнт життєвості","Тернопільська","Місячна","2006-M03","60"
"Коефіцієнт життєвості","Тернопільська","Місячна","2006-M04","61"
"Коефіцієнт життєвості","Тернопільська","Місячна","2006-M05","63"
"Коефіцієнт життєвості","Тернопільська","Місячна","2006-M06","65"
"Коефіцієнт життєвості","Тернопільська","Місячна","2006-M07","68"
"Коефіцієнт життєвості","Тернопільська","Місячна","2006-M08","69"
"Коефіцієнт життєвості","Тернопільська","Місячна","2006-M09","71"
"Коефіцієнт життєвості","Тернопільська","Місячна","2006-M10","71"
"Коефіцієнт життєвості","Тернопільська","Місячна","2006-M11","70"
"Коефіцієнт життєвості","Тернопільська","Місячна","2006-M12","70"
"Коефіцієнт життєвості","Тернопільська","Місячна","2007-M01","59"
"Коефіцієнт життєвості","Тернопільська","Місячна","2007-M02","61"
"Коефіцієнт життєвості","Тернопільська","Місячна","2007-M03","64"
"Коефіцієнт життєвості","Тернопільська","Місячна","2007-M04","63"
"Коефіцієнт життєвості","Тернопільська","Місячна","2007-M05","64"
"Коефіцієнт життєвості","Тернопільська","Місячна","2007-M06","66"
"Коефіцієнт життєвості","Тернопільська","Місячна","2007-M07","68"
"Коефіцієнт життєвості","Тернопільська","Місячна","2007-M08","70"
"Коефіцієнт життєвості","Тернопільська","Місячна","2007-M09","71"
"Коефіцієнт життєвості","Тернопільська","Місячна","2007-M10","71"
"Коефіцієнт життєвості","Тернопільська","Місячна","2007-M11","70"
"Коефіцієнт життєвості","Тернопільська","Місячна","2007-M12","69"
"Коефіцієнт життєвості","Тернопільська","Місячна","2008-M01","63"
"Коефіцієнт життєвості","Тернопільська","Місячна","2008-M02","66"
"Коефіцієнт життєвості","Тернопільська","Місячна","2008-M03","66"
"Коефіцієнт життєвості","Тернопільська","Місячна","2008-M04","65"
"Коефіцієнт життєвості","Тернопільська","Місячна","2008-M05","68"
"Коефіцієнт життєвості","Тернопільська","Місячна","2008-M06","70"
"Коефіцієнт життєвості","Тернопільська","Місячна","2008-M07","72"
"Коефіцієнт життєвості","Тернопільська","Місячна","2008-M08","75"
"Коефіцієнт життєвості","Тернопільська","Місячна","2008-M09","76"
"Коефіцієнт життєвості","Тернопільська","Місячна","2008-M10","77"
"Коефіцієнт життєвості","Тернопільська","Місячна","2008-M11","77"
"Коефіцієнт життєвості","Тернопільська","Місячна","2008-M12","76"
"Коефіцієнт життєвості","Тернопільська","Місячна","2009-M01","62"
"Коефіцієнт життєвості","Тернопільська","Місячна","2009-M02","70"
"Коефіцієнт життєвості","Тернопільська","Місячна","2009-M03","71"
"Коефіцієнт життєвості","Тернопільська","Місячна","2009-M04","71"
"Коефіцієнт життєвості","Тернопільська","Місячна","2009-M05","72"
"Коефіцієнт життєвості","Тернопільська","Місячна","2009-M06","73"
"Коефіцієнт життєвості","Тернопільська","Місячна","2009-M07","76"
"Коефіцієнт життєвості","Тернопільська","Місячна","2009-M08","78"
"Коефіцієнт життєвості","Тернопільська","Місячна","2009-M09","80"
"Коефіцієнт життєвості","Тернопільська","Місячна","2009-M10","80"
"Коефіцієнт життєвості","Тернопільська","Місячна","2009-M11","80"
"Коефіцієнт життєвості","Тернопільська","Місячна","2009-M12","79"
"Коефіцієнт життєвості","Тернопільська","Місячна","2010-M01","64"
"Коефіцієнт життєвості","Тернопільська","Місячна","2010-M02","66"
"Коефіцієнт життєвості","Тернопільська","Місячна","2010-M03","70"
"Коефіцієнт життєвості","Тернопільська","Місячна","2010-M04","71"
"Коефіцієнт життєвості","Тернопільська","Місячна","2010-M05","73"
"Коефіцієнт життєвості","Тернопільська","Місячна","2010-M06","74"
"Коефіцієнт життєвості","Тернопільська","Місячна","2010-M07","76"
"Коефіцієнт життєвості","Тернопільська","Місячна","2010-M08","77"
"Коефіцієнт життєвості","Тернопільська","Місячна","2010-M09","78"
"Коефіцієнт життєвості","Тернопільська","Місячна","2010-M10","78"
"Коефіцієнт життєвості","Тернопільська","Місячна","2010-M11","77"
"Коефіцієнт життєвості","Тернопільська","Місячна","2010-M12","76"
"Коефіцієнт життєвості","Тернопільська","Місячна","2011-M01","67"
"Коефіцієнт життєвості","Тернопільська","Місячна","2011-M02","70"
"Коефіцієнт життєвості","Тернопільська","Місячна","2011-M03","70"
"Коефіцієнт життєвості","Тернопільська","Місячна","2011-M04","70"
"Коефіцієнт життєвості","Тернопільська","Місячна","2011-M05","70"
"Коефіцієнт життєвості","Тернопільська","Місячна","2011-M06","72"
"Коефіцієнт життєвості","Тернопільська","Місячна","2011-M07","76"
"Коефіцієнт життєвості","Тернопільська","Місячна","2011-M08","79"
"Коефіцієнт життєвості","Тернопільська","Місячна","2011-M09","81"
"Коефіцієнт життєвості","Тернопільська","Місячна","2011-M10","82"
"Коефіцієнт життєвості","Тернопільська","Місячна","2011-M11","81"
"Коефіцієнт життєвості","Тернопільська","Місячна","2011-M12","81"
"Коефіцієнт життєвості","Тернопільська","Місячна","2012-M01","73"
"Коефіцієнт життєвості","Тернопільська","Місячна","2012-M02","76"
"Коефіцієнт життєвості","Тернопільська","Місячна","2012-M03","75"
"Коефіцієнт життєвості","Тернопільська","Місячна","2012-M04","73"
"Коефіцієнт життєвості","Тернопільська","Місячна","2012-M05","75"
"Коефіцієнт життєвості","Тернопільська","Місячна","2012-M06","77"
"Коефіцієнт життєвості","Тернопільська","Місячна","2012-M07","80"
"Коефіцієнт життєвості","Тернопільська","Місячна","2012-M08","82"
"Коефіцієнт життєвості","Тернопільська","Місячна","2012-M09","84"
"Коефіцієнт життєвості","Тернопільська","Місячна","2012-M10","84"
"Коефіцієнт життєвості","Тернопільська","Місячна","2012-M11","84"
"Коефіцієнт життєвості","Тернопільська","Місячна","2012-M12","82"
"Коефіцієнт життєвості","Тернопільська","Місячна","2013-M01","74"
"Коефіцієнт життєвості","Тернопільська","Місячна","2013-M02","73"
"Коефіцієнт життєвості","Тернопільська","Місячна","2013-M03","72"
"Коефіцієнт життєвості","Тернопільська","Місячна","2013-M04","72"
"Коефіцієнт життєвості","Тернопільська","Місячна","2013-M05","74"
"Коефіцієнт життєвості","Тернопільська","Місячна","2013-M06","74"
"Коефіцієнт життєвості","Тернопільська","Місячна","2013-M07","78"
"Коефіцієнт життєвості","Тернопільська","Місячна","2013-M08","80"
"Коефіцієнт життєвості","Тернопільська","Місячна","2013-M09","81"
"Коефіцієнт життєвості","Тернопільська","Місячна","2013-M10","82"
"Коефіцієнт життєвості","Тернопільська","Місячна","2013-M11","81"
"Коефіцієнт життєвості","Тернопільська","Місячна","2013-M12","80"
"Коефіцієнт життєвості","Тернопільська","Місячна","2014-M01","66"
"Коефіцієнт життєвості","Тернопільська","Місячна","2014-M02","69"
"Коефіцієнт життєвості","Тернопільська","Місячна","2014-M03","66"
"Коефіцієнт життєвості","Тернопільська","Місячна","2014-M04","67"
"Коефіцієнт життєвості","Тернопільська","Місячна","2014-M05","70"
"Коефіцієнт життєвості","Тернопільська","Місячна","2014-M06","73"
"Коефіцієнт життєвості","Тернопільська","Місячна","2014-M07","76"
"Коефіцієнт життєвості","Тернопільська","Місячна","2014-M08","77"
"Коефіцієнт життєвості","Тернопільська","Місячна","2014-M09","78"
"Коефіцієнт життєвості","Тернопільська","Місячна","2014-M10","79"
"Коефіцієнт життєвості","Тернопільська","Місячна","2014-M11","78"
"Коефіцієнт життєвості","Тернопільська","Місячна","2014-M12","77"
"Коефіцієнт життєвості","Тернопільська","Місячна","2015-M01","71"
"Коефіцієнт життєвості","Тернопільська","Місячна","2015-M02","70"
"Коефіцієнт життєвості","Тернопільська","Місячна","2015-M03","66"
"Коефіцієнт життєвості","Тернопільська","Місячна","2015-M04","65"
"Коефіцієнт життєвості","Тернопільська","Місячна","2015-M05","65"
"Коефіцієнт життєвості","Тернопільська","Місячна","2015-M06","66"
"Коефіцієнт життєвості","Тернопільська","Місячна","2015-M07","69"
"Коефіцієнт життєвості","Тернопільська","Місячна","2015-M08","70"
"Коефіцієнт життєвості","Тернопільська","Місячна","2015-M09","72"
"Коефіцієнт життєвості","Тернопільська","Місячна","2015-M10","72"
"Коефіцієнт життєвості","Тернопільська","Місячна","2015-M11","71"
"Коефіцієнт життєвості","Тернопільська","Місячна","2015-M12","71"
"Коефіцієнт життєвості","Тернопільська","Місячна","2016-M01","55"
"Коефіцієнт життєвості","Тернопільська","Місячна","2016-M02","58"
"Коефіцієнт життєвості","Тернопільська","Місячна","2016-M03","62"
"Коефіцієнт життєвості","Тернопільська","Місячна","2016-M04","63"
"Коефіцієнт життєвості","Тернопільська","Місячна","2016-M05","62"
"Коефіцієнт життєвості","Тернопільська","Місячна","2016-M06","64"
"Коефіцієнт життєвості","Тернопільська","Місячна","2016-M07","65"
"Коефіцієнт життєвості","Тернопільська","Місячна","2016-M08","67"
"Коефіцієнт життєвості","Тернопільська","Місячна","2016-M09","69"
"Коефіцієнт життєвості","Тернопільська","Місячна","2016-M10","68"
"Коефіцієнт життєвості","Тернопільська","Місячна","2016-M11","68"
"Коефіцієнт життєвості","Тернопільська","Місячна","2016-M12","67"
"Коефіцієнт життєвості","Тернопільська","Місячна","2017-M01","51"
"Коефіцієнт життєвості","Тернопільська","Місячна","2017-M02","56"
"Коефіцієнт життєвості","Тернопільська","Місячна","2017-M03","60"
"Коефіцієнт життєвості","Тернопільська","Місячна","2017-M04","58"
"Коефіцієнт життєвості","Тернопільська","Місячна","2017-M05","60"
"Коефіцієнт життєвості","Тернопільська","Місячна","2017-M06","60"
"Коефіцієнт життєвості","Тернопільська","Місячна","2017-M07","63"
"Коефіцієнт життєвості","Тернопільська","Місячна","2017-M08","64"
"Коефіцієнт життєвості","Тернопільська","Місячна","2017-M09","64"
"Коефіцієнт життєвості","Тернопільська","Місячна","2017-M10","64"
"Коефіцієнт життєвості","Тернопільська","Місячна","2017-M11","64"
"Коефіцієнт життєвості","Тернопільська","Місячна","2017-M12","63"
"Коефіцієнт життєвості","Тернопільська","Місячна","2018-M01","53"
"Коефіцієнт життєвості","Тернопільська","Місячна","2018-M02","53"
"Коефіцієнт життєвості","Тернопільська","Місячна","2018-M03","51"
"Коефіцієнт життєвості","Тернопільська","Місячна","2018-M04","51"
"Коефіцієнт життєвості","Тернопільська","Місячна","2018-M05","53"
"Коефіцієнт життєвості","Тернопільська","Місячна","2018-M06","54"
"Коефіцієнт життєвості","Тернопільська","Місячна","2018-M07","56"
"Коефіцієнт життєвості","Тернопільська","Місячна","2018-M08","57"
"Коефіцієнт життєвості","Тернопільська","Місячна","2018-M09","58"
"Коефіцієнт життєвості","Тернопільська","Місячна","2018-M10","59"
"Коефіцієнт життєвості","Тернопільська","Місячна","2018-M11","58"
"Коефіцієнт життєвості","Тернопільська","Місячна","2018-M12","57"
"Коефіцієнт життєвості","Тернопільська","Місячна","2019-M01","40"
"Коефіцієнт життєвості","Тернопільська","Місячна","2019-M02","42"
"Коефіцієнт життєвості","Тернопільська","Місячна","2019-M03","44"
"Коефіцієнт життєвості","Тернопільська","Місячна","2019-M04","46"
"Коефіцієнт життєвості","Тернопільська","Місячна","2019-M05","46"
"Коефіцієнт життєвості","Тернопільська","Місячна","2019-M06","48"
"Коефіцієнт життєвості","Тернопільська","Місячна","2019-M07","50"
"Коефіцієнт життєвості","Тернопільська","Місячна","2019-M08","52"
"Коефіцієнт життєвості","Тернопільська","Місячна","2019-M09","54"
"Коефіцієнт життєвості","Тернопільська","Місячна","2019-M10","54"
"Коефіцієнт життєвості","Тернопільська","Місячна","2019-M11","54"
"Коефіцієнт життєвості","Тернопільська","Місячна","2019-M12","54"
"Коефіцієнт життєвості","Тернопільська","Місячна","2020-M01","53"
"Коефіцієнт життєвості","Тернопільська","Місячна","2020-M02","52"
"Коефіцієнт життєвості","Тернопільська","Місячна","2020-M03","48"
"Коефіцієнт життєвості","Тернопільська","Місячна","2020-M04","49"
"Коефіцієнт життєвості","Тернопільська","Місячна","2020-M05","51"
"Коефіцієнт життєвості","Тернопільська","Місячна","2020-M06","51"
"Коефіцієнт життєвості","Тернопільська","Місячна","2020-M07","53"
"Коефіцієнт життєвості","Тернопільська","Місячна","2020-M08","53"
"Коефіцієнт життєвості","Тернопільська","Місячна","2020-M09","53"
"Коефіцієнт життєвості","Тернопільська","Місячна","2020-M10","53"
"Коефіцієнт життєвості","Тернопільська","Місячна","2020-M11","51"
"Коефіцієнт життєвості","Тернопільська","Місячна","2020-M12","50"
"Коефіцієнт життєвості","Тернопільська","Місячна","2021-M01","43"
"Коефіцієнт життєвості","Тернопільська","Місячна","2021-M02","44"
"Коефіцієнт життєвості","Тернопільська","Місячна","2021-M03","43"
"Коефіцієнт життєвості","Тернопільська","Місячна","2021-M04","41"
"Коефіцієнт життєвості","Тернопільська","Місячна","2021-M05","41"
"Коефіцієнт життєвості","Тернопільська","Місячна","2021-M06","42"
"Коефіцієнт життєвості","Тернопільська","Місячна","2021-M07","44"
"Коефіцієнт життєвості","Тернопільська","Місячна","2021-M08","45"
"Коефіцієнт життєвості","Тернопільська","Місячна","2021-M09","47"
"Коефіцієнт життєвості","Тернопільська","Місячна","2021-M10","46"
"Коефіцієнт життєвості","Тернопільська","Місячна","2021-M11","44"
"Коефіцієнт життєвості","Тернопільська","Місячна","2021-M12","43"
"Коефіцієнт життєвості","Черкаська","Місячна","2005-M01","35"
"Коефіцієнт життєвості","Черкаська","Місячна","2005-M02","35"
"Коефіцієнт життєвості","Черкаська","Місячна","2005-M03","35"
"Коефіцієнт життєвості","Черкаська","Місячна","2005-M04","36"
"Коефіцієнт життєвості","Черкаська","Місячна","2005-M05","36"
"Коефіцієнт життєвості","Черкаська","Місячна","2005-M06","37"
"Коефіцієнт життєвості","Черкаська","Місячна","2005-M07","39"
"Коефіцієнт життєвості","Черкаська","Місячна","2005-M08","40"
"Коефіцієнт життєвості","Черкаська","Місячна","2005-M09","41"
"Коефіцієнт життєвості","Черкаська","Місячна","2005-M10","41"
"Коефіцієнт життєвості","Черкаська","Місячна","2005-M11","42"
"Коефіцієнт життєвості","Черкаська","Місячна","2005-M12","42"
"Коефіцієнт життєвості","Черкаська","Місячна","2006-M01","34"
"Коефіцієнт життєвості","Черкаська","Місячна","2006-M02","39"
"Коефіцієнт життєвості","Черкаська","Місячна","2006-M03","42"
"Коефіцієнт життєвості","Черкаська","Місячна","2006-M04","43"
"Коефіцієнт життєвості","Черкаська","Місячна","2006-M05","43"
"Коефіцієнт життєвості","Черкаська","Місячна","2006-M06","44"
"Коефіцієнт життєвості","Черкаська","Місячна","2006-M07","46"
"Коефіцієнт життєвості","Черкаська","Місячна","2006-M08","47"
"Коефіцієнт життєвості","Черкаська","Місячна","2006-M09","48"
"Коефіцієнт життєвості","Черкаська","Місячна","2006-M10","48"
"Коефіцієнт життєвості","Черкаська","Місячна","2006-M11","48"
"Коефіцієнт життєвості","Черкаська","Місячна","2006-M12","48"
"Коефіцієнт життєвості","Черкаська","Місячна","2007-M01","43"
"Коефіцієнт життєвості","Черкаська","Місячна","2007-M02","44"
"Коефіцієнт життєвості","Черкаська","Місячна","2007-M03","44"
"Коефіцієнт життєвості","Черкаська","Місячна","2007-M04","45"
"Коефіцієнт життєвості","Черкаська","Місячна","2007-M05","45"
"Коефіцієнт життєвості","Черкаська","Місячна","2007-M06","46"
"Коефіцієнт життєвості","Черкаська","Місячна","2007-M07","48"
"Коефіцієнт життєвості","Черкаська","Місячна","2007-M08","49"
"Коефіцієнт життєвості","Черкаська","Місячна","2007-M09","50"
"Коефіцієнт життєвості","Черкаська","Місячна","2007-M10","50"
"Коефіцієнт життєвості","Черкаська","Місячна","2007-M11","49"
"Коефіцієнт життєвості","Черкаська","Місячна","2007-M12","49"
"Коефіцієнт життєвості","Черкаська","Місячна","2008-M01","45"
"Коефіцієнт життєвості","Черкаська","Місячна","2008-M02","46"
"Коефіцієнт життєвості","Черкаська","Місячна","2008-M03","45"
"Коефіцієнт життєвості","Черкаська","Місячна","2008-M04","45"
"Коефіцієнт життєвості","Черкаська","Місячна","2008-M05","46"
"Коефіцієнт життєвості","Черкаська","Місячна","2008-M06","47"
"Коефіцієнт життєвості","Черкаська","Місячна","2008-M07","49"
"Коефіцієнт життєвості","Черкаська","Місячна","2008-M08","51"
"Коефіцієнт життєвості","Черкаська","Місячна","2008-M09","52"
"Коефіцієнт життєвості","Черкаська","Місячна","2008-M10","53"
"Коефіцієнт життєвості","Черкаська","Місячна","2008-M11","53"
"Коефіцієнт життєвості","Черкаська","Місячна","2008-M12","53"
"Коефіцієнт життєвості","Черкаська","Місячна","2009-M01","46"
"Коефіцієнт життєвості","Черкаська","Місячна","2009-M02","52"
"Коефіцієнт життєвості","Черкаська","Місячна","2009-M03","53"
"Коефіцієнт життєвості","Черкаська","Місячна","2009-M04","52"
"Коефіцієнт життєвості","Черкаська","Місячна","2009-M05","53"
"Коефіцієнт життєвості","Черкаська","Місячна","2009-M06","53"
"Коефіцієнт життєвості","Черкаська","Місячна","2009-M07","55"
"Коефіцієнт життєвості","Черкаська","Місячна","2009-M08","57"
"Коефіцієнт життєвості","Черкаська","Місячна","2009-M09","58"
"Коефіцієнт життєвості","Черкаська","Місячна","2009-M10","58"
"Коефіцієнт життєвості","Черкаська","Місячна","2009-M11","58"
"Коефіцієнт життєвості","Черкаська","Місячна","2009-M12","57"
"Коефіцієнт життєвості","Черкаська","Місячна","2010-M01","52"
"Коефіцієнт життєвості","Черкаська","Місячна","2010-M02","52"
"Коефіцієнт життєвості","Черкаська","Місячна","2010-M03","53"
"Коефіцієнт життєвості","Черкаська","Місячна","2010-M04","53"
"Коефіцієнт життєвості","Черкаська","Місячна","2010-M05","53"
"Коефіцієнт життєвості","Черкаська","Місячна","2010-M06","55"
"Коефіцієнт життєвості","Черкаська","Місячна","2010-M07","56"
"Коефіцієнт життєвості","Черкаська","Місячна","2010-M08","56"
"Коефіцієнт життєвості","Черкаська","Місячна","2010-M09","57"
"Коефіцієнт життєвості","Черкаська","Місячна","2010-M10","57"
"Коефіцієнт життєвості","Черкаська","Місячна","2010-M11","57"
"Коефіцієнт життєвості","Черкаська","Місячна","2010-M12","57"
"Коефіцієнт життєвості","Черкаська","Місячна","2011-M01","54"
"Коефіцієнт життєвості","Черкаська","Місячна","2011-M02","56"
"Коефіцієнт життєвості","Черкаська","Місячна","2011-M03","55"
"Коефіцієнт життєвості","Черкаська","Місячна","2011-M04","54"
"Коефіцієнт життєвості","Черкаська","Місячна","2011-M05","53"
"Коефіцієнт життєвості","Черкаська","Місячна","2011-M06","54"
"Коефіцієнт життєвості","Черкаська","Місячна","2011-M07","56"
"Коефіцієнт життєвості","Черкаська","Місячна","2011-M08","58"
"Коефіцієнт життєвості","Черкаська","Місячна","2011-M09","59"
"Коефіцієнт життєвості","Черкаська","Місячна","2011-M10","60"
"Коефіцієнт життєвості","Черкаська","Місячна","2011-M11","60"
"Коефіцієнт життєвості","Черкаська","Місячна","2011-M12","60"
"Коефіцієнт життєвості","Черкаська","Місячна","2012-M01","56"
"Коефіцієнт життєвості","Черкаська","Місячна","2012-M02","57"
"Коефіцієнт життєвості","Черкаська","Місячна","2012-M03","58"
"Коефіцієнт життєвості","Черкаська","Місячна","2012-M04","57"
"Коефіцієнт життєвості","Черкаська","Місячна","2012-M05","58"
"Коефіцієнт життєвості","Черкаська","Місячна","2012-M06","57"
"Коефіцієнт життєвості","Черкаська","Місячна","2012-M07","59"
"Коефіцієнт життєвості","Черкаська","Місячна","2012-M08","61"
"Коефіцієнт життєвості","Черкаська","Місячна","2012-M09","62"
"Коефіцієнт життєвості","Черкаська","Місячна","2012-M10","62"
"Коефіцієнт життєвості","Черкаська","Місячна","2012-M11","63"
"Коефіцієнт життєвості","Черкаська","Місячна","2012-M12","62"
"Коефіцієнт життєвості","Черкаська","Місячна","2013-M01","51"
"Коефіцієнт життєвості","Черкаська","Місячна","2013-M02","53"
"Коефіцієнт життєвості","Черкаська","Місячна","2013-M03","52"
"Коефіцієнт життєвості","Черкаська","Місячна","2013-M04","51"
"Коефіцієнт життєвості","Черкаська","Місячна","2013-M05","52"
"Коефіцієнт життєвості","Черкаська","Місячна","2013-M06","54"
"Коефіцієнт життєвості","Черкаська","Місячна","2013-M07","56"
"Коефіцієнт життєвості","Черкаська","Місячна","2013-M08","58"
"Коефіцієнт життєвості","Черкаська","Місячна","2013-M09","59"
"Коефіцієнт життєвості","Черкаська","Місячна","2013-M10","59"
"Коефіцієнт життєвості","Черкаська","Місячна","2013-M11","59"
"Коефіцієнт життєвості","Черкаська","Місячна","2013-M12","59"
"Коефіцієнт життєвості","Черкаська","Місячна","2014-M01","54"
"Коефіцієнт життєвості","Черкаська","Місячна","2014-M02","56"
"Коефіцієнт життєвості","Черкаська","Місячна","2014-M03","54"
"Коефіцієнт життєвості","Черкаська","Місячна","2014-M04","53"
"Коефіцієнт життєвості","Черкаська","Місячна","2014-M05","55"
"Коефіцієнт життєвості","Черкаська","Місячна","2014-M06","57"
"Коефіцієнт життєвості","Черкаська","Місячна","2014-M07","59"
"Коефіцієнт життєвості","Черкаська","Місячна","2014-M08","60"
"Коефіцієнт життєвості","Черкаська","Місячна","2014-M09","61"
"Коефіцієнт життєвості","Черкаська","Місячна","2014-M10","61"
"Коефіцієнт життєвості","Черкаська","Місячна","2014-M11","61"
"Коефіцієнт життєвості","Черкаська","Місячна","2014-M12","59"
"Коефіцієнт життєвості","Черкаська","Місячна","2015-M01","51"
"Коефіцієнт життєвості","Черкаська","Місячна","2015-M02","53"
"Коефіцієнт життєвості","Черкаська","Місячна","2015-M03","53"
"Коефіцієнт життєвості","Черкаська","Місячна","2015-M04","53"
"Коефіцієнт життєвості","Черкаська","Місячна","2015-M05","53"
"Коефіцієнт життєвості","Черкаська","Місячна","2015-M06","54"
"Коефіцієнт життєвості","Черкаська","Місячна","2015-M07","56"
"Коефіцієнт життєвості","Черкаська","Місячна","2015-M08","57"
"Коефіцієнт життєвості","Черкаська","Місячна","2015-M09","58"
"Коефіцієнт життєвості","Черкаська","Місячна","2015-M10","58"
"Коефіцієнт життєвості","Черкаська","Місячна","2015-M11","58"
"Коефіцієнт життєвості","Черкаська","Місячна","2015-M12","57"
"Коефіцієнт життєвості","Черкаська","Місячна","2016-M01","45"
"Коефіцієнт життєвості","Черкаська","Місячна","2016-M02","47"
"Коефіцієнт життєвості","Черкаська","Місячна","2016-M03","49"
"Коефіцієнт життєвості","Черкаська","Місячна","2016-M04","50"
"Коефіцієнт життєвості","Черкаська","Місячна","2016-M05","49"
"Коефіцієнт життєвості","Черкаська","Місячна","2016-M06","49"
"Коефіцієнт життєвості","Черкаська","Місячна","2016-M07","51"
"Коефіцієнт життєвості","Черкаська","Місячна","2016-M08","53"
"Коефіцієнт життєвості","Черкаська","Місячна","2016-M09","53"
"Коефіцієнт життєвості","Черкаська","Місячна","2016-M10","54"
"Коефіцієнт життєвості","Черкаська","Місячна","2016-M11","53"
"Коефіцієнт життєвості","Черкаська","Місячна","2016-M12","52"
"Коефіцієнт життєвості","Черкаська","Місячна","2017-M01","40"
"Коефіцієнт життєвості","Черкаська","Місячна","2017-M02","43"
"Коефіцієнт життєвості","Черкаська","Місячна","2017-M03","44"
"Коефіцієнт життєвості","Черкаська","Місячна","2017-M04","43"
"Коефіцієнт життєвості","Черкаська","Місячна","2017-M05","44"
"Коефіцієнт життєвості","Черкаська","Місячна","2017-M06","44"
"Коефіцієнт життєвості","Черкаська","Місячна","2017-M07","46"
"Коефіцієнт життєвості","Черкаська","Місячна","2017-M08","48"
"Коефіцієнт життєвості","Черкаська","Місячна","2017-M09","48"
"Коефіцієнт життєвості","Черкаська","Місячна","2017-M10","48"
"Коефіцієнт життєвості","Черкаська","Місячна","2017-M11","48"
"Коефіцієнт життєвості","Черкаська","Місячна","2017-M12","48"
"Коефіцієнт життєвості","Черкаська","Місячна","2018-M01","38"
"Коефіцієнт життєвості","Черкаська","Місячна","2018-M02","40"
"Коефіцієнт життєвості","Черкаська","Місячна","2018-M03","40"
"Коефіцієнт життєвості","Черкаська","Місячна","2018-M04","40"
"Коефіцієнт життєвості","Черкаська","Місячна","2018-M05","40"
"Коефіцієнт життєвості","Черкаська","Місячна","2018-M06","41"
"Коефіцієнт життєвості","Черкаська","Місячна","2018-M07","42"
"Коефіцієнт життєвості","Черкаська","Місячна","2018-M08","43"
"Коефіцієнт життєвості","Черкаська","Місячна","2018-M09","44"
"Коефіцієнт життєвості","Черкаська","Місячна","2018-M10","44"
"Коефіцієнт життєвості","Черкаська","Місячна","2018-M11","44"
"Коефіцієнт життєвості","Черкаська","Місячна","2018-M12","43"
"Коефіцієнт життєвості","Черкаська","Місячна","2019-M01","30"
"Коефіцієнт життєвості","Черкаська","Місячна","2019-M02","33"
"Коефіцієнт життєвості","Черкаська","Місячна","2019-M03","35"
"Коефіцієнт життєвості","Черкаська","Місячна","2019-M04","35"
"Коефіцієнт життєвості","Черкаська","Місячна","2019-M05","35"
"Коефіцієнт життєвості","Черкаська","Місячна","2019-M06","36"
"Коефіцієнт життєвості","Черкаська","Місячна","2019-M07","37"
"Коефіцієнт життєвості","Черкаська","Місячна","2019-M08","38"
"Коефіцієнт життєвості","Черкаська","Місячна","2019-M09","39"
"Коефіцієнт життєвості","Черкаська","Місячна","2019-M10","39"
"Коефіцієнт життєвості","Черкаська","Місячна","2019-M11","39"
"Коефіцієнт життєвості","Черкаська","Місячна","2019-M12","39"
"Коефіцієнт життєвості","Черкаська","Місячна","2020-M01","38"
"Коефіцієнт життєвості","Черкаська","Місячна","2020-M02","36"
"Коефіцієнт життєвості","Черкаська","Місячна","2020-M03","33"
"Коефіцієнт життєвості","Черкаська","Місячна","2020-M04","34"
"Коефіцієнт життєвості","Черкаська","Місячна","2020-M05","34"
"Коефіцієнт життєвості","Черкаська","Місячна","2020-M06","34"
"Коефіцієнт життєвості","Черкаська","Місячна","2020-M07","36"
"Коефіцієнт життєвості","Черкаська","Місячна","2020-M08","37"
"Коефіцієнт життєвості","Черкаська","Місячна","2020-M09","38"
"Коефіцієнт життєвості","Черкаська","Місячна","2020-M10","37"
"Коефіцієнт життєвості","Черкаська","Місячна","2020-M11","36"
"Коефіцієнт життєвості","Черкаська","Місячна","2020-M12","35"
"Коефіцієнт життєвості","Черкаська","Місячна","2021-M01","28"
"Коефіцієнт життєвості","Черкаська","Місячна","2021-M02","30"
"Коефіцієнт життєвості","Черкаська","Місячна","2021-M03","30"
"Коефіцієнт життєвості","Черкаська","Місячна","2021-M04","29"
"Коефіцієнт життєвості","Черкаська","Місячна","2021-M05","29"
"Коефіцієнт життєвості","Черкаська","Місячна","2021-M06","30"
"Коефіцієнт життєвості","Черкаська","Місячна","2021-M07","31"
"Коефіцієнт життєвості","Черкаська","Місячна","2021-M08","32"
"Коефіцієнт життєвості","Черкаська","Місячна","2021-M09","32"
"Коефіцієнт життєвості","Черкаська","Місячна","2021-M10","32"
"Коефіцієнт життєвості","Черкаська","Місячна","2021-M11","30"
"Коефіцієнт життєвості","Черкаська","Місячна","2021-M12","30"
"Коефіцієнт життєвості","Житомирська","Місячна","2005-M01","46"
"Коефіцієнт життєвості","Житомирська","Місячна","2005-M02","44"
"Коефіцієнт життєвості","Житомирська","Місячна","2005-M03","44"
"Коефіцієнт життєвості","Житомирська","Місячна","2005-M04","45"
"Коефіцієнт життєвості","Житомирська","Місячна","2005-M05","46"
"Коефіцієнт життєвості","Житомирська","Місячна","2005-M06","47"
"Коефіцієнт життєвості","Житомирська","Місячна","2005-M07","49"
"Коефіцієнт життєвості","Житомирська","Місячна","2005-M08","51"
"Коефіцієнт життєвості","Житомирська","Місячна","2005-M09","52"
"Коефіцієнт життєвості","Житомирська","Місячна","2005-M10","52"
"Коефіцієнт життєвості","Житомирська","Місячна","2005-M11","52"
"Коефіцієнт життєвості","Житомирська","Місячна","2005-M12","52"
"Коефіцієнт життєвості","Житомирська","Місячна","2006-M01","40"
"Коефіцієнт життєвості","Житомирська","Місячна","2006-M02","46"
"Коефіцієнт життєвості","Житомирська","Місячна","2006-M03","47"
"Коефіцієнт життєвості","Житомирська","Місячна","2006-M04","48"
"Коефіцієнт життєвості","Житомирська","Місячна","2006-M05","50"
"Коефіцієнт життєвості","Житомирська","Місячна","2006-M06","51"
"Коефіцієнт життєвості","Житомирська","Місячна","2006-M07","53"
"Коефіцієнт життєвості","Житомирська","Місячна","2006-M08","56"
"Коефіцієнт життєвості","Житомирська","Місячна","2006-M09","57"
"Коефіцієнт життєвості","Житомирська","Місячна","2006-M10","56"
"Коефіцієнт життєвості","Житомирська","Місячна","2006-M11","56"
"Коефіцієнт життєвості","Житомирська","Місячна","2006-M12","56"
"Коефіцієнт життєвості","Житомирська","Місячна","2007-M01","50"
"Коефіцієнт життєвості","Житомирська","Місячна","2007-M02","55"
"Коефіцієнт життєвості","Житомирська","Місячна","2007-M03","54"
"Коефіцієнт життєвості","Житомирська","Місячна","2007-M04","54"
"Коефіцієнт життєвості","Житомирська","Місячна","2007-M05","55"
"Коефіцієнт життєвості","Житомирська","Місячна","2007-M06","57"
"Коефіцієнт життєвості","Житомирська","Місячна","2007-M07","59"
"Коефіцієнт життєвості","Житомирська","Місячна","2007-M08","60"
"Коефіцієнт життєвості","Житомирська","Місячна","2007-M09","61"
"Коефіцієнт життєвості","Житомирська","Місячна","2007-M10","60"
"Коефіцієнт життєвості","Житомирська","Місячна","2007-M11","60"
"Коефіцієнт життєвості","Житомирська","Місячна","2007-M12","59"
"Коефіцієнт життєвості","Житомирська","Місячна","2008-M01","51"
"Коефіцієнт життєвості","Житомирська","Місячна","2008-M02","52"
"Коефіцієнт життєвості","Житомирська","Місячна","2008-M03","51"
"Коефіцієнт життєвості","Житомирська","Місячна","2008-M04","51"
"Коефіцієнт життєвості","Житомирська","Місячна","2008-M05","53"
"Коефіцієнт життєвості","Житомирська","Місячна","2008-M06","54"
"Коефіцієнт життєвості","Житомирська","Місячна","2008-M07","57"
"Коефіцієнт життєвості","Житомирська","Місячна","2008-M08","59"
"Коефіцієнт життєвості","Житомирська","Місячна","2008-M09","61"
"Коефіцієнт життєвості","Житомирська","Місячна","2008-M10","62"
"Коефіцієнт життєвості","Житомирська","Місячна","2008-M11","62"
"Коефіцієнт життєвості","Житомирська","Місячна","2008-M12","62"
"Коефіцієнт життєвості","Житомирська","Місячна","2009-M01","58"
"Коефіцієнт життєвості","Житомирська","Місячна","2009-M02","63"
"Коефіцієнт життєвості","Житомирська","Місячна","2009-M03","62"
"Коефіцієнт життєвості","Житомирська","Місячна","2009-M04","62"
"Коефіцієнт життєвості","Житомирська","Місячна","2009-M05","64"
"Коефіцієнт життєвості","Житомирська","Місячна","2009-M06","65"
"Коефіцієнт життєвості","Житомирська","Місячна","2009-M07","66"
"Коефіцієнт життєвості","Житомирська","Місячна","2009-M08","68"
"Коефіцієнт життєвості","Житомирська","Місячна","2009-M09","70"
"Коефіцієнт життєвості","Житомирська","Місячна","2009-M10","70"
"Коефіцієнт життєвості","Житомирська","Місячна","2009-M11","70"
"Коефіцієнт життєвості","Житомирська","Місячна","2009-M12","69"
"Коефіцієнт життєвості","Житомирська","Місячна","2010-M01","60"
"Коефіцієнт життєвості","Житомирська","Місячна","2010-M02","63"
"Коефіцієнт життєвості","Житомирська","Місячна","2010-M03","64"
"Коефіцієнт життєвості","Житомирська","Місячна","2010-M04","65"
"Коефіцієнт життєвості","Житомирська","Місячна","2010-M05","66"
"Коефіцієнт життєвості","Житомирська","Місячна","2010-M06","68"
"Коефіцієнт життєвості","Житомирська","Місячна","2010-M07","69"
"Коефіцієнт життєвості","Житомирська","Місячна","2010-M08","70"
"Коефіцієнт життєвості","Житомирська","Місячна","2010-M09","70"
"Коефіцієнт життєвості","Житомирська","Місячна","2010-M10","70"
"Коефіцієнт життєвості","Житомирська","Місячна","2010-M11","70"
"Коефіцієнт життєвості","Житомирська","Місячна","2010-M12","69"
"Коефіцієнт життєвості","Житомирська","Місячна","2011-M01","65"
"Коефіцієнт життєвості","Житомирська","Місячна","2011-M02","67"
"Коефіцієнт життєвості","Житомирська","Місячна","2011-M03","66"
"Коефіцієнт життєвості","Житомирська","Місячна","2011-M04","65"
"Коефіцієнт життєвості","Житомирська","Місячна","2011-M05","65"
"Коефіцієнт життєвості","Житомирська","Місячна","2011-M06","66"
"Коефіцієнт життєвості","Житомирська","Місячна","2011-M07","69"
"Коефіцієнт життєвості","Житомирська","Місячна","2011-M08","72"
"Коефіцієнт життєвості","Житомирська","Місячна","2011-M09","74"
"Коефіцієнт життєвості","Житомирська","Місячна","2011-M10","74"
"Коефіцієнт життєвості","Житомирська","Місячна","2011-M11","74"
"Коефіцієнт життєвості","Житомирська","Місячна","2011-M12","74"
"Коефіцієнт життєвості","Житомирська","Місячна","2012-M01","65"
"Коефіцієнт життєвості","Житомирська","Місячна","2012-M02","65"
"Коефіцієнт життєвості","Житомирська","Місячна","2012-M03","66"
"Коефіцієнт життєвості","Житомирська","Місячна","2012-M04","66"
"Коефіцієнт життєвості","Житомирська","Місячна","2012-M05","69"
"Коефіцієнт життєвості","Житомирська","Місячна","2012-M06","70"
"Коефіцієнт життєвості","Житомирська","Місячна","2012-M07","72"
"Коефіцієнт життєвості","Житомирська","Місячна","2012-M08","74"
"Коефіцієнт життєвості","Житомирська","Місячна","2012-M09","76"
"Коефіцієнт життєвості","Житомирська","Місячна","2012-M10","75"
"Коефіцієнт життєвості","Житомирська","Місячна","2012-M11","76"
"Коефіцієнт життєвості","Житомирська","Місячна","2012-M12","75"
"Коефіцієнт життєвості","Житомирська","Місячна","2013-M01","67"
"Коефіцієнт життєвості","Житомирська","Місячна","2013-M02","69"
"Коефіцієнт життєвості","Житомирська","Місячна","2013-M03","66"
"Коефіцієнт життєвості","Житомирська","Місячна","2013-M04","65"
"Коефіцієнт життєвості","Житомирська","Місячна","2013-M05","66"
"Коефіцієнт життєвості","Житомирська","Місячна","2013-M06","67"
"Коефіцієнт життєвості","Житомирська","Місячна","2013-M07","70"
"Коефіцієнт життєвості","Житомирська","Місячна","2013-M08","72"
"Коефіцієнт життєвості","Житомирська","Місячна","2013-M09","73"
"Коефіцієнт життєвості","Житомирська","Місячна","2013-M10","73"
"Коефіцієнт життєвості","Житомирська","Місячна","2013-M11","73"
"Коефіцієнт життєвості","Житомирська","Місячна","2013-M12","72"
"Коефіцієнт життєвості","Житомирська","Місячна","2014-M01","65"
"Коефіцієнт життєвості","Житомирська","Місячна","2014-M02","68"
"Коефіцієнт життєвості","Житомирська","Місячна","2014-M03","66"
"Коефіцієнт життєвості","Житомирська","Місячна","2014-M04","65"
"Коефіцієнт життєвості","Житомирська","Місячна","2014-M05","66"
"Коефіцієнт життєвості","Житомирська","Місячна","2014-M06","69"
"Коефіцієнт життєвості","Житомирська","Місячна","2014-M07","71"
"Коефіцієнт життєвості","Житомирська","Місячна","2014-M08","72"
"Коефіцієнт життєвості","Житомирська","Місячна","2014-M09","73"
"Коефіцієнт життєвості","Житомирська","Місячна","2014-M10","73"
"Коефіцієнт життєвості","Житомирська","Місячна","2014-M11","72"
"Коефіцієнт життєвості","Житомирська","Місячна","2014-M12","71"
"Коефіцієнт життєвості","Житомирська","Місячна","2015-M01","62"
"Коефіцієнт життєвості","Житомирська","Місячна","2015-M02","61"
"Коефіцієнт життєвості","Житомирська","Місячна","2015-M03","58"
"Коефіцієнт життєвості","Житомирська","Місячна","2015-M04","58"
"Коефіцієнт життєвості","Житомирська","Місячна","2015-M05","58"
"Коефіцієнт життєвості","Житомирська","Місячна","2015-M06","60"
"Коефіцієнт життєвості","Житомирська","Місячна","2015-M07","63"
"Коефіцієнт життєвості","Житомирська","Місячна","2015-M08","64"
"Коефіцієнт життєвості","Житомирська","Місячна","2015-M09","66"
"Коефіцієнт життєвості","Житомирська","Місячна","2015-M10","66"
"Коефіцієнт життєвості","Житомирська","Місячна","2015-M11","66"
"Коефіцієнт життєвості","Житомирська","Місячна","2015-M12","66"
"Коефіцієнт життєвості","Житомирська","Місячна","2016-M01","52"
"Коефіцієнт життєвості","Житомирська","Місячна","2016-M02","56"
"Коефіцієнт життєвості","Житомирська","Місячна","2016-M03","59"
"Коефіцієнт життєвості","Житомирська","Місячна","2016-M04","60"
"Коефіцієнт життєвості","Житомирська","Місячна","2016-M05","60"
"Коефіцієнт життєвості","Житомирська","Місячна","2016-M06","60"
"Коефіцієнт життєвості","Житомирська","Місячна","2016-M07","63"
"Коефіцієнт життєвості","Житомирська","Місячна","2016-M08","65"
"Коефіцієнт життєвості","Житомирська","Місячна","2016-M09","66"
"Коефіцієнт життєвості","Житомирська","Місячна","2016-M10","66"
"Коефіцієнт життєвості","Житомирська","Місячна","2016-M11","65"
"Коефіцієнт життєвості","Житомирська","Місячна","2016-M12","65"
"Коефіцієнт життєвості","Житомирська","Місячна","2017-M01","51"
"Коефіцієнт життєвості","Житомирська","Місячна","2017-M02","55"
"Коефіцієнт життєвості","Житомирська","Місячна","2017-M03","56"
"Коефіцієнт життєвості","Житомирська","Місячна","2017-M04","54"
"Коефіцієнт життєвості","Житомирська","Місячна","2017-M05","55"
"Коефіцієнт життєвості","Житомирська","Місячна","2017-M06","56"
"Коефіцієнт життєвості","Житомирська","Місячна","2017-M07","57"
"Коефіцієнт життєвості","Житомирська","Місячна","2017-M08","59"
"Коефіцієнт життєвості","Житомирська","Місячна","2017-M09","59"
"Коефіцієнт життєвості","Житомирська","Місячна","2017-M10","60"
"Коефіцієнт життєвості","Житомирська","Місячна","2017-M11","59"
"Коефіцієнт життєвості","Житомирська","Місячна","2017-M12","58"
"Коефіцієнт життєвості","Житомирська","Місячна","2018-M01","52"
"Коефіцієнт життєвості","Житомирська","Місячна","2018-M02","53"
"Коефіцієнт життєвості","Житомирська","Місячна","2018-M03","50"
"Коефіцієнт життєвості","Житомирська","Місячна","2018-M04","51"
"Коефіцієнт життєвості","Житомирська","Місячна","2018-M05","51"
"Коефіцієнт життєвості","Житомирська","Місячна","2018-M06","52"
"Коефіцієнт життєвості","Житомирська","Місячна","2018-M07","53"
"Коефіцієнт життєвості","Житомирська","Місячна","2018-M08","55"
"Коефіцієнт життєвості","Житомирська","Місячна","2018-M09","55"
"Коефіцієнт життєвості","Житомирська","Місячна","2018-M10","55"
"Коефіцієнт життєвості","Житомирська","Місячна","2018-M11","54"
"Коефіцієнт життєвості","Житомирська","Місячна","2018-M12","52"
"Коефіцієнт життєвості","Житомирська","Місячна","2019-M01","42"
"Коефіцієнт життєвості","Житомирська","Місячна","2019-M02","43"
"Коефіцієнт життєвості","Житомирська","Місячна","2019-M03","44"
"Коефіцієнт життєвості","Житомирська","Місячна","2019-M04","44"
"Коефіцієнт життєвості","Житомирська","Місячна","2019-M05","45"
"Коефіцієнт життєвості","Житомирська","Місячна","2019-M06","46"
"Коефіцієнт життєвості","Житомирська","Місячна","2019-M07","47"
"Коефіцієнт життєвості","Житомирська","Місячна","2019-M08","48"
"Коефіцієнт життєвості","Житомирська","Місячна","2019-M09","49"
"Коефіцієнт життєвості","Житомирська","Місячна","2019-M10","49"
"Коефіцієнт життєвості","Житомирська","Місячна","2019-M11","49"
"Коефіцієнт життєвості","Житомирська","Місячна","2019-M12","48"
"Коефіцієнт життєвості","Житомирська","Місячна","2020-M01","48"
"Коефіцієнт життєвості","Житомирська","Місячна","2020-M02","46"
"Коефіцієнт життєвості","Житомирська","Місячна","2020-M03","43"
"Коефіцієнт життєвості","Житомирська","Місячна","2020-M04","43"
"Коефіцієнт життєвості","Житомирська","Місячна","2020-M05","44"
"Коефіцієнт життєвості","Житомирська","Місячна","2020-M06","44"
"Коефіцієнт життєвості","Житомирська","Місячна","2020-M07","46"
"Коефіцієнт життєвості","Житомирська","Місячна","2020-M08","46"
"Коефіцієнт життєвості","Житомирська","Місячна","2020-M09","47"
"Коефіцієнт життєвості","Житомирська","Місячна","2020-M10","46"
"Коефіцієнт життєвості","Житомирська","Місячна","2020-M11","44"
"Коефіцієнт життєвості","Житомирська","Місячна","2020-M12","43"
"Коефіцієнт життєвості","Житомирська","Місячна","2021-M01","39"
"Коефіцієнт життєвості","Житомирська","Місячна","2021-M02","39"
"Коефіцієнт життєвості","Житомирська","Місячна","2021-M03","36"
"Коефіцієнт життєвості","Житомирська","Місячна","2021-M04","34"
"Коефіцієнт життєвості","Житомирська","Місячна","2021-M05","35"
"Коефіцієнт життєвості","Житомирська","Місячна","2021-M06","36"
"Коефіцієнт життєвості","Житомирська","Місячна","2021-M07","38"
"Коефіцієнт життєвості","Житомирська","Місячна","2021-M08","39"
"Коефіцієнт життєвості","Житомирська","Місячна","2021-M09","39"
"Коефіцієнт життєвості","Житомирська","Місячна","2021-M10","38"
"Коефіцієнт життєвості","Житомирська","Місячна","2021-M11","37"
"Коефіцієнт життєвості","Житомирська","Місячна","2021-M12","36"
"Коефіцієнт життєвості","Херсонська","Місячна","2005-M01","47"
"Коефіцієнт життєвості","Херсонська","Місячна","2005-M02","49"
"Коефіцієнт життєвості","Херсонська","Місячна","2005-M03","48"
"Коефіцієнт життєвості","Херсонська","Місячна","2005-M04","49"
"Коефіцієнт життєвості","Херсонська","Місячна","2005-M05","49"
"Коефіцієнт життєвості","Херсонська","Місячна","2005-M06","51"
"Коефіцієнт життєвості","Херсонська","Місячна","2005-M07","53"
"Коефіцієнт життєвості","Херсонська","Місячна","2005-M08","54"
"Коефіцієнт життєвості","Херсонська","Місячна","2005-M09","55"
"Коефіцієнт життєвості","Херсонська","Місячна","2005-M10","55"
"Коефіцієнт життєвості","Херсонська","Місячна","2005-M11","55"
"Коефіцієнт життєвості","Херсонська","Місячна","2005-M12","55"
"Коефіцієнт життєвості","Херсонська","Місячна","2006-M01","44"
"Коефіцієнт життєвості","Херсонська","Місячна","2006-M02","51"
"Коефіцієнт життєвості","Херсонська","Місячна","2006-M03","53"
"Коефіцієнт життєвості","Херсонська","Місячна","2006-M04","55"
"Коефіцієнт життєвості","Херсонська","Місячна","2006-M05","56"
"Коефіцієнт життєвості","Херсонська","Місячна","2006-M06","57"
"Коефіцієнт життєвості","Херсонська","Місячна","2006-M07","60"
"Коефіцієнт життєвості","Херсонська","Місячна","2006-M08","62"
"Коефіцієнт життєвості","Херсонська","Місячна","2006-M09","63"
"Коефіцієнт життєвості","Херсонська","Місячна","2006-M10","64"
"Коефіцієнт життєвості","Херсонська","Місячна","2006-M11","64"
"Коефіцієнт життєвості","Херсонська","Місячна","2006-M12","64"
"Коефіцієнт життєвості","Херсонська","Місячна","2007-M01","57"
"Коефіцієнт життєвості","Херсонська","Місячна","2007-M02","61"
"Коефіцієнт життєвості","Херсонська","Місячна","2007-M03","58"
"Коефіцієнт життєвості","Херсонська","Місячна","2007-M04","58"
"Коефіцієнт життєвості","Херсонська","Місячна","2007-M05","58"
"Коефіцієнт життєвості","Херсонська","Місячна","2007-M06","59"
"Коефіцієнт життєвості","Херсонська","Місячна","2007-M07","61"
"Коефіцієнт життєвості","Херсонська","Місячна","2007-M08","63"
"Коефіцієнт життєвості","Херсонська","Місячна","2007-M09","65"
"Коефіцієнт життєвості","Херсонська","Місячна","2007-M10","65"
"Коефіцієнт життєвості","Херсонська","Місячна","2007-M11","64"
"Коефіцієнт життєвості","Херсонська","Місячна","2007-M12","64"
"Коефіцієнт життєвості","Херсонська","Місячна","2008-M01","52"
"Коефіцієнт життєвості","Херсонська","Місячна","2008-M02","55"
"Коефіцієнт життєвості","Херсонська","Місячна","2008-M03","56"
"Коефіцієнт життєвості","Херсонська","Місячна","2008-M04","56"
"Коефіцієнт життєвості","Херсонська","Місячна","2008-M05","58"
"Коефіцієнт життєвості","Херсонська","Місячна","2008-M06","60"
"Коефіцієнт життєвості","Херсонська","Місячна","2008-M07","63"
"Коефіцієнт життєвості","Херсонська","Місячна","2008-M08","64"
"Коефіцієнт життєвості","Херсонська","Місячна","2008-M09","67"
"Коефіцієнт життєвості","Херсонська","Місячна","2008-M10","68"
"Коефіцієнт життєвості","Херсонська","Місячна","2008-M11","69"
"Коефіцієнт життєвості","Херсонська","Місячна","2008-M12","69"
"Коефіцієнт життєвості","Херсонська","Місячна","2009-M01","61"
"Коефіцієнт життєвості","Херсонська","Місячна","2009-M02","65"
"Коефіцієнт життєвості","Херсонська","Місячна","2009-M03","66"
"Коефіцієнт життєвості","Херсонська","Місячна","2009-M04","66"
"Коефіцієнт життєвості","Херсонська","Місячна","2009-M05","66"
"Коефіцієнт життєвості","Херсонська","Місячна","2009-M06","67"
"Коефіцієнт життєвості","Херсонська","Місячна","2009-M07","69"
"Коефіцієнт життєвості","Херсонська","Місячна","2009-M08","72"
"Коефіцієнт життєвості","Херсонська","Місячна","2009-M09","74"
"Коефіцієнт життєвості","Херсонська","Місячна","2009-M10","74"
"Коефіцієнт життєвості","Херсонська","Місячна","2009-M11","74"
"Коефіцієнт життєвості","Херсонська","Місячна","2009-M12","73"
"Коефіцієнт життєвості","Херсонська","Місячна","2010-M01","63"
"Коефіцієнт життєвості","Херсонська","Місячна","2010-M02","67"
"Коефіцієнт життєвості","Херсонська","Місячна","2010-M03","67"
"Коефіцієнт життєвості","Херсонська","Місячна","2010-M04","68"
"Коефіцієнт життєвості","Херсонська","Місячна","2010-M05","68"
"Коефіцієнт життєвості","Херсонська","Місячна","2010-M06","70"
"Коефіцієнт життєвості","Херсонська","Місячна","2010-M07","74"
"Коефіцієнт життєвості","Херсонська","Місячна","2010-M08","74"
"Коефіцієнт життєвості","Херсонська","Місячна","2010-M09","75"
"Коефіцієнт життєвості","Херсонська","Місячна","2010-M10","76"
"Коефіцієнт життєвості","Херсонська","Місячна","2010-M11","76"
"Коефіцієнт життєвості","Херсонська","Місячна","2010-M12","75"
"Коефіцієнт життєвості","Херсонська","Місячна","2011-M01","67"
"Коефіцієнт життєвості","Херсонська","Місячна","2011-M02","68"
"Коефіцієнт життєвості","Херсонська","Місячна","2011-M03","66"
"Коефіцієнт життєвості","Херсонська","Місячна","2011-M04","65"
"Коефіцієнт життєвості","Херсонська","Місячна","2011-M05","64"
"Коефіцієнт життєвості","Херсонська","Місячна","2011-M06","66"
"Коефіцієнт життєвості","Херсонська","Місячна","2011-M07","68"
"Коефіцієнт життєвості","Херсонська","Місячна","2011-M08","72"
"Коефіцієнт життєвості","Херсонська","Місячна","2011-M09","74"
"Коефіцієнт життєвості","Херсонська","Місячна","2011-M10","75"
"Коефіцієнт життєвості","Херсонська","Місячна","2011-M11","76"
"Коефіцієнт життєвості","Херсонська","Місячна","2011-M12","76"
"Коефіцієнт життєвості","Херсонська","Місячна","2012-M01","70"
"Коефіцієнт життєвості","Херсонська","Місячна","2012-M02","70"
"Коефіцієнт життєвості","Херсонська","Місячна","2012-M03","71"
"Коефіцієнт життєвості","Херсонська","Місячна","2012-M04","72"
"Коефіцієнт життєвості","Херсонська","Місячна","2012-M05","73"
"Коефіцієнт життєвості","Херсонська","Місячна","2012-M06","74"
"Коефіцієнт життєвості","Херсонська","Місячна","2012-M07","76"
"Коефіцієнт життєвості","Херсонська","Місячна","2012-M08","78"
"Коефіцієнт життєвості","Херсонська","Місячна","2012-M09","79"
"Коефіцієнт життєвості","Херсонська","Місячна","2012-M10","80"
"Коефіцієнт життєвості","Херсонська","Місячна","2012-M11","80"
"Коефіцієнт життєвості","Херсонська","Місячна","2012-M12","79"
"Коефіцієнт життєвості","Херсонська","Місячна","2013-M01","68"
"Коефіцієнт життєвості","Херсонська","Місячна","2013-M02","69"
"Коефіцієнт життєвості","Херсонська","Місячна","2013-M03","69"
"Коефіцієнт життєвості","Херсонська","Місячна","2013-M04","69"
"Коефіцієнт життєвості","Херсонська","Місячна","2013-M05","69"
"Коефіцієнт життєвості","Херсонська","Місячна","2013-M06","70"
"Коефіцієнт життєвості","Херсонська","Місячна","2013-M07","73"
"Коефіцієнт життєвості","Херсонська","Місячна","2013-M08","75"
"Коефіцієнт життєвості","Херсонська","Місячна","2013-M09","77"
"Коефіцієнт життєвості","Херсонська","Місячна","2013-M10","78"
"Коефіцієнт життєвості","Херсонська","Місячна","2013-M11","77"
"Коефіцієнт життєвості","Херсонська","Місячна","2013-M12","77"
"Коефіцієнт життєвості","Херсонська","Місячна","2014-M01","65"
"Коефіцієнт життєвості","Херсонська","Місячна","2014-M02","67"
"Коефіцієнт життєвості","Херсонська","Місячна","2014-M03","68"
"Коефіцієнт життєвості","Херсонська","Місячна","2014-M04","69"
"Коефіцієнт життєвості","Херсонська","Місячна","2014-M05","71"
"Коефіцієнт життєвості","Херсонська","Місячна","2014-M06","73"
"Коефіцієнт життєвості","Херсонська","Місячна","2014-M07","75"
"Коефіцієнт життєвості","Херсонська","Місячна","2014-M08","75"
"Коефіцієнт життєвості","Херсонська","Місячна","2014-M09","77"
"Коефіцієнт життєвості","Херсонська","Місячна","2014-M10","78"
"Коефіцієнт життєвості","Херсонська","Місячна","2014-M11","77"
"Коефіцієнт життєвості","Херсонська","Місячна","2014-M12","76"
"Коефіцієнт життєвості","Херсонська","Місячна","2015-M01","63"
"Коефіцієнт життєвості","Херсонська","Місячна","2015-M02","65"
"Коефіцієнт життєвості","Херсонська","Місячна","2015-M03","63"
"Коефіцієнт життєвості","Херсонська","Місячна","2015-M04","63"
"Коефіцієнт життєвості","Херсонська","Місячна","2015-M05","62"
"Коефіцієнт життєвості","Херсонська","Місячна","2015-M06","64"
"Коефіцієнт життєвості","Херсонська","Місячна","2015-M07","67"
"Коефіцієнт життєвості","Херсонська","Місячна","2015-M08","68"
"Коефіцієнт життєвості","Херсонська","Місячна","2015-M09","70"
"Коефіцієнт життєвості","Херсонська","Місячна","2015-M10","71"
"Коефіцієнт життєвості","Херсонська","Місячна","2015-M11","70"
"Коефіцієнт життєвості","Херсонська","Місячна","2015-M12","69"
"Коефіцієнт життєвості","Херсонська","Місячна","2016-M01","50"
"Коефіцієнт життєвості","Херсонська","Місячна","2016-M02","54"
"Коефіцієнт життєвості","Херсонська","Місячна","2016-M03","60"
"Коефіцієнт життєвості","Херсонська","Місячна","2016-M04","61"
"Коефіцієнт життєвості","Херсонська","Місячна","2016-M05","60"
"Коефіцієнт життєвості","Херсонська","Місячна","2016-M06","61"
"Коефіцієнт життєвості","Херсонська","Місячна","2016-M07","63"
"Коефіцієнт життєвості","Херсонська","Місячна","2016-M08","65"
"Коефіцієнт життєвості","Херсонська","Місячна","2016-M09","67"
"Коефіцієнт життєвості","Херсонська","Місячна","2016-M10","66"
"Коефіцієнт життєвості","Херсонська","Місячна","2016-M11","66"
"Коефіцієнт життєвості","Херсонська","Місячна","2016-M12","65"
"Коефіцієнт життєвості","Херсонська","Місячна","2017-M01","48"
"Коефіцієнт життєвості","Херсонська","Місячна","2017-M02","51"
"Коефіцієнт життєвості","Херсонська","Місячна","2017-M03","54"
"Коефіцієнт життєвості","Херсонська","Місячна","2017-M04","55"
"Коефіцієнт життєвості","Херсонська","Місячна","2017-M05","55"
"Коефіцієнт життєвості","Херсонська","Місячна","2017-M06","57"
"Коефіцієнт життєвості","Херсонська","Місячна","2017-M07","59"
"Коефіцієнт життєвості","Херсонська","Місячна","2017-M08","61"
"Коефіцієнт життєвості","Херсонська","Місячна","2017-M09","62"
"Коефіцієнт життєвості","Херсонська","Місячна","2017-M10","63"
"Коефіцієнт життєвості","Херсонська","Місячна","2017-M11","63"
"Коефіцієнт життєвості","Херсонська","Місячна","2017-M12","63"
"Коефіцієнт життєвості","Херсонська","Місячна","2018-M01","54"
"Коефіцієнт життєвості","Херсонська","Місячна","2018-M02","54"
"Коефіцієнт життєвості","Херсонська","Місячна","2018-M03","55"
"Коефіцієнт життєвості","Херсонська","Місячна","2018-M04","53"
"Коефіцієнт життєвості","Херсонська","Місячна","2018-M05","54"
"Коефіцієнт життєвості","Херсонська","Місячна","2018-M06","55"
"Коефіцієнт життєвості","Херсонська","Місячна","2018-M07","56"
"Коефіцієнт життєвості","Херсонська","Місячна","2018-M08","58"
"Коефіцієнт життєвості","Херсонська","Місячна","2018-M09","58"
"Коефіцієнт життєвості","Херсонська","Місячна","2018-M10","59"
"Коефіцієнт життєвості","Херсонська","Місячна","2018-M11","58"
"Коефіцієнт життєвості","Херсонська","Місячна","2018-M12","56"
"Коефіцієнт життєвості","Херсонська","Місячна","2019-M01","43"
"Коефіцієнт життєвості","Херсонська","Місячна","2019-M02","45"
"Коефіцієнт життєвості","Херсонська","Місячна","2019-M03","46"
"Коефіцієнт життєвості","Херсонська","Місячна","2019-M04","46"
"Коефіцієнт життєвості","Херсонська","Місячна","2019-M05","47"
"Коефіцієнт життєвості","Херсонська","Місячна","2019-M06","47"
"Коефіцієнт життєвості","Херсонська","Місячна","2019-M07","49"
"Коефіцієнт життєвості","Херсонська","Місячна","2019-M08","51"
"Коефіцієнт життєвості","Херсонська","Місячна","2019-M09","52"
"Коефіцієнт життєвості","Херсонська","Місячна","2019-M10","53"
"Коефіцієнт життєвості","Херсонська","Місячна","2019-M11","53"
"Коефіцієнт життєвості","Херсонська","Місячна","2019-M12","52"
"Коефіцієнт життєвості","Херсонська","Місячна","2020-M01","49"
"Коефіцієнт життєвості","Херсонська","Місячна","2020-M02","49"
"Коефіцієнт життєвості","Херсонська","Місячна","2020-M03","46"
"Коефіцієнт життєвості","Херсонська","Місячна","2020-M04","45"
"Коефіцієнт життєвості","Херсонська","Місячна","2020-M05","46"
"Коефіцієнт життєвості","Херсонська","Місячна","2020-M06","46"
"Коефіцієнт життєвості","Херсонська","Місячна","2020-M07","47"
"Коефіцієнт життєвості","Херсонська","Місячна","2020-M08","48"
"Коефіцієнт життєвості","Херсонська","Місячна","2020-M09","49"
"Коефіцієнт життєвості","Херсонська","Місячна","2020-M10","49"
"Коефіцієнт життєвості","Херсонська","Місячна","2020-M11","47"
"Коефіцієнт життєвості","Херсонська","Місячна","2020-M12","45"
"Коефіцієнт життєвості","Херсонська","Місячна","2021-M01","33"
"Коефіцієнт життєвості","Херсонська","Місячна","2021-M02","38"
"Коефіцієнт життєвості","Херсонська","Місячна","2021-M03","39"
"Коефіцієнт життєвості","Херсонська","Місячна","2021-M04","37"
"Коефіцієнт життєвості","Херсонська","Місячна","2021-M05","37"
"Коефіцієнт життєвості","Херсонська","Місячна","2021-M06","38"
"Коефіцієнт життєвості","Херсонська","Місячна","2021-M07","40"
"Коефіцієнт життєвості","Херсонська","Місячна","2021-M08","40"
"Коефіцієнт життєвості","Херсонська","Місячна","2021-M09","41"
"Коефіцієнт життєвості","Херсонська","Місячна","2021-M10","38"
"Коефіцієнт життєвості","Херсонська","Місячна","2021-M11","35"
"Коефіцієнт життєвості","Херсонська","Місячна","2021-M12","35"
"Коефіцієнт життєвості","Київська","Місячна","2005-M01","42"
"Коефіцієнт життєвості","Київська","Місячна","2005-M02","44"
"Коефіцієнт життєвості","Київська","Місячна","2005-M03","45"
"Коефіцієнт життєвості","Київська","Місячна","2005-M04","46"
"Коефіцієнт життєвості","Київська","Місячна","2005-M05","46"
"Коефіцієнт життєвості","Київська","Місячна","2005-M06","46"
"Коефіцієнт життєвості","Київська","Місячна","2005-M07","48"
"Коефіцієнт життєвості","Київська","Місячна","2005-M08","50"
"Коефіцієнт життєвості","Київська","Місячна","2005-M09","51"
"Коефіцієнт життєвості","Київська","Місячна","2005-M10","51"
"Коефіцієнт життєвості","Київська","Місячна","2005-M11","51"
"Коефіцієнт життєвості","Київська","Місячна","2005-M12","51"
"Коефіцієнт життєвості","Київська","Місячна","2006-M01","40"
"Коефіцієнт життєвості","Київська","Місячна","2006-M02","45"
"Коефіцієнт життєвості","Київська","Місячна","2006-M03","49"
"Коефіцієнт життєвості","Київська","Місячна","2006-M04","49"
"Коефіцієнт життєвості","Київська","Місячна","2006-M05","50"
"Коефіцієнт життєвості","Київська","Місячна","2006-M06","50"
"Коефіцієнт життєвості","Київська","Місячна","2006-M07","52"
"Коефіцієнт життєвості","Київська","Місячна","2006-M08","54"
"Коефіцієнт життєвості","Київська","Місячна","2006-M09","55"
"Коефіцієнт життєвості","Київська","Місячна","2006-M10","55"
"Коефіцієнт життєвості","Київська","Місячна","2006-M11","55"
"Коефіцієнт життєвості","Київська","Місячна","2006-M12","55"
"Коефіцієнт життєвості","Київська","Місячна","2007-M01","51"
"Коефіцієнт життєвості","Київська","Місячна","2007-M02","53"
"Коефіцієнт життєвості","Київська","Місячна","2007-M03","53"
"Коефіцієнт життєвості","Київська","Місячна","2007-M04","53"
"Коефіцієнт життєвості","Київська","Місячна","2007-M05","54"
"Коефіцієнт життєвості","Київська","Місячна","2007-M06","55"
"Коефіцієнт життєвості","Київська","Місячна","2007-M07","57"
"Коефіцієнт життєвості","Київська","Місячна","2007-M08","58"
"Коефіцієнт життєвості","Київська","Місячна","2007-M09","59"
"Коефіцієнт життєвості","Київська","Місячна","2007-M10","59"
"Коефіцієнт життєвості","Київська","Місячна","2007-M11","59"
"Коефіцієнт життєвості","Київська","Місячна","2007-M12","58"
"Коефіцієнт життєвості","Київська","Місячна","2008-M01","51"
"Коефіцієнт життєвості","Київська","Місячна","2008-M02","57"
"Коефіцієнт життєвості","Київська","Місячна","2008-M03","57"
"Коефіцієнт життєвості","Київська","Місячна","2008-M04","57"
"Коефіцієнт життєвості","Київська","Місячна","2008-M05","58"
"Коефіцієнт життєвості","Київська","Місячна","2008-M06","59"
"Коефіцієнт життєвості","Київська","Місячна","2008-M07","61"
"Коефіцієнт життєвості","Київська","Місячна","2008-M08","63"
"Коефіцієнт життєвості","Київська","Місячна","2008-M09","64"
"Коефіцієнт життєвості","Київська","Місячна","2008-M10","65"
"Коефіцієнт життєвості","Київська","Місячна","2008-M11","65"
"Коефіцієнт життєвості","Київська","Місячна","2008-M12","65"
"Коефіцієнт життєвості","Київська","Місячна","2009-M01","61"
"Коефіцієнт життєвості","Київська","Місячна","2009-M02","65"
"Коефіцієнт життєвості","Київська","Місячна","2009-M03","64"
"Коефіцієнт життєвості","Київська","Місячна","2009-M04","65"
"Коефіцієнт життєвості","Київська","Місячна","2009-M05","66"
"Коефіцієнт життєвості","Київська","Місячна","2009-M06","66"
"Коефіцієнт життєвості","Київська","Місячна","2009-M07","69"
"Коефіцієнт життєвості","Київська","Місячна","2009-M08","71"
"Коефіцієнт життєвості","Київська","Місячна","2009-M09","72"
"Коефіцієнт життєвості","Київська","Місячна","2009-M10","73"
"Коефіцієнт життєвості","Київська","Місячна","2009-M11","72"
"Коефіцієнт життєвості","Київська","Місячна","2009-M12","71"
"Коефіцієнт життєвості","Київська","Місячна","2010-M01","63"
"Коефіцієнт життєвості","Київська","Місячна","2010-M02","67"
"Коефіцієнт життєвості","Київська","Місячна","2010-M03","69"
"Коефіцієнт життєвості","Київська","Місячна","2010-M04","67"
"Коефіцієнт життєвості","Київська","Місячна","2010-M05","67"
"Коефіцієнт життєвості","Київська","Місячна","2010-M06","68"
"Коефіцієнт життєвості","Київська","Місячна","2010-M07","69"
"Коефіцієнт життєвості","Київська","Місячна","2010-M08","69"
"Коефіцієнт життєвості","Київська","Місячна","2010-M09","69"
"Коефіцієнт життєвості","Київська","Місячна","2010-M10","69"
"Коефіцієнт життєвості","Київська","Місячна","2010-M11","70"
"Коефіцієнт життєвості","Київська","Місячна","2010-M12","69"
"Коефіцієнт життєвості","Київська","Місячна","2011-M01","71"
"Коефіцієнт життєвості","Київська","Місячна","2011-M02","72"
"Коефіцієнт життєвості","Київська","Місячна","2011-M03","70"
"Коефіцієнт життєвості","Київська","Місячна","2011-M04","69"
"Коефіцієнт життєвості","Київська","Місячна","2011-M05","67"
"Коефіцієнт життєвості","Київська","Місячна","2011-M06","68"
"Коефіцієнт життєвості","Київська","Місячна","2011-M07","70"
"Коефіцієнт життєвості","Київська","Місячна","2011-M08","73"
"Коефіцієнт життєвості","Київська","Місячна","2011-M09","74"
"Коефіцієнт життєвості","Київська","Місячна","2011-M10","74"
"Коефіцієнт життєвості","Київська","Місячна","2011-M11","74"
"Коефіцієнт життєвості","Київська","Місячна","2011-M12","75"
"Коефіцієнт життєвості","Київська","Місячна","2012-M01","67"
"Коефіцієнт життєвості","Київська","Місячна","2012-M02","71"
"Коефіцієнт життєвості","Київська","Місячна","2012-M03","70"
"Коефіцієнт життєвості","Київська","Місячна","2012-M04","70"
"Коефіцієнт життєвості","Київська","Місячна","2012-M05","71"
"Коефіцієнт життєвості","Київська","Місячна","2012-M06","73"
"Коефіцієнт життєвості","Київська","Місячна","2012-M07","76"
"Коефіцієнт життєвості","Київська","Місячна","2012-M08","77"
"Коефіцієнт життєвості","Київська","Місячна","2012-M09","78"
"Коефіцієнт життєвості","Київська","Місячна","2012-M10","78"
"Коефіцієнт життєвості","Київська","Місячна","2012-M11","78"
"Коефіцієнт життєвості","Київська","Місячна","2012-M12","77"
"Коефіцієнт життєвості","Київська","Місячна","2013-M01","71"
"Коефіцієнт життєвості","Київська","Місячна","2013-M02","72"
"Коефіцієнт життєвості","Київська","Місячна","2013-M03","70"
"Коефіцієнт життєвості","Київська","Місячна","2013-M04","68"
"Коефіцієнт життєвості","Київська","Місячна","2013-M05","68"
"Коефіцієнт життєвості","Київська","Місячна","2013-M06","69"
"Коефіцієнт життєвості","Київська","Місячна","2013-M07","72"
"Коефіцієнт життєвості","Київська","Місячна","2013-M08","74"
"Коефіцієнт життєвості","Київська","Місячна","2013-M09","75"
"Коефіцієнт життєвості","Київська","Місячна","2013-M10","75"
"Коефіцієнт життєвості","Київська","Місячна","2013-M11","76"
"Коефіцієнт життєвості","Київська","Місячна","2013-M12","75"
"Коефіцієнт життєвості","Київська","Місячна","2014-M01","71"
"Коефіцієнт життєвості","Київська","Місячна","2014-M02","71"
"Коефіцієнт життєвості","Київська","Місячна","2014-M03","70"
"Коефіцієнт життєвості","Київська","Місячна","2014-M04","69"
"Коефіцієнт життєвості","Київська","Місячна","2014-M05","70"
"Коефіцієнт життєвості","Київська","Місячна","2014-M06","71"
"Коефіцієнт життєвості","Київська","Місячна","2014-M07","73"
"Коефіцієнт життєвості","Київська","Місячна","2014-M08","74"
"Коефіцієнт життєвості","Київська","Місячна","2014-M09","75"
"Коефіцієнт життєвості","Київська","Місячна","2014-M10","75"
"Коефіцієнт життєвості","Київська","Місячна","2014-M11","75"
"Коефіцієнт життєвості","Київська","Місячна","2014-M12","74"
"Коефіцієнт життєвості","Київська","Місячна","2015-M01","63"
"Коефіцієнт життєвості","Київська","Місячна","2015-M02","64"
"Коефіцієнт життєвості","Київська","Місячна","2015-M03","62"
"Коефіцієнт життєвості","Київська","Місячна","2015-M04","62"
"Коефіцієнт життєвості","Київська","Місячна","2015-M05","62"
"Коефіцієнт життєвості","Київська","Місячна","2015-M06","64"
"Коефіцієнт життєвості","Київська","Місячна","2015-M07","67"
"Коефіцієнт життєвості","Київська","Місячна","2015-M08","69"
"Коефіцієнт життєвості","Київська","Місячна","2015-M09","71"
"Коефіцієнт життєвості","Київська","Місячна","2015-M10","71"
"Коефіцієнт життєвості","Київська","Місячна","2015-M11","71"
"Коефіцієнт життєвості","Київська","Місячна","2015-M12","71"
"Коефіцієнт життєвості","Київська","Місячна","2016-M01","60"
"Коефіцієнт життєвості","Київська","Місячна","2016-M02","63"
"Коефіцієнт життєвості","Київська","Місячна","2016-M03","65"
"Коефіцієнт життєвості","Київська","Місячна","2016-M04","65"
"Коефіцієнт життєвості","Київська","Місячна","2016-M05","65"
"Коефіцієнт життєвості","Київська","Місячна","2016-M06","65"
"Коефіцієнт життєвості","Київська","Місячна","2016-M07","67"
"Коефіцієнт життєвості","Київська","Місячна","2016-M08","68"
"Коефіцієнт життєвості","Київська","Місячна","2016-M09","70"
"Коефіцієнт життєвості","Київська","Місячна","2016-M10","69"
"Коефіцієнт життєвості","Київська","Місячна","2016-M11","69"
"Коефіцієнт життєвості","Київська","Місячна","2016-M12","67"
"Коефіцієнт життєвості","Київська","Місячна","2017-M01","54"
"Коефіцієнт життєвості","Київська","Місячна","2017-M02","56"
"Коефіцієнт життєвості","Київська","Місячна","2017-M03","58"
"Коефіцієнт життєвості","Київська","Місячна","2017-M04","56"
"Коефіцієнт життєвості","Київська","Місячна","2017-M05","55"
"Коефіцієнт життєвості","Київська","Місячна","2017-M06","57"
"Коефіцієнт життєвості","Київська","Місячна","2017-M07","59"
"Коефіцієнт життєвості","Київська","Місячна","2017-M08","61"
"Коефіцієнт життєвості","Київська","Місячна","2017-M09","62"
"Коефіцієнт життєвості","Київська","Місячна","2017-M10","62"
"Коефіцієнт життєвості","Київська","Місячна","2017-M11","61"
"Коефіцієнт життєвості","Київська","Місячна","2017-M12","61"
"Коефіцієнт життєвості","Київська","Місячна","2018-M01","54"
"Коефіцієнт життєвості","Київська","Місячна","2018-M02","54"
"Коефіцієнт життєвості","Київська","Місячна","2018-M03","51"
"Коефіцієнт життєвості","Київська","Місячна","2018-M04","51"
"Коефіцієнт життєвості","Київська","Місячна","2018-M05","50"
"Коефіцієнт життєвості","Київська","Місячна","2018-M06","52"
"Коефіцієнт життєвості","Київська","Місячна","2018-M07","53"
"Коефіцієнт життєвості","Київська","Місячна","2018-M08","54"
"Коефіцієнт життєвості","Київська","Місячна","2018-M09","55"
"Коефіцієнт життєвості","Київська","Місячна","2018-M10","55"
"Коефіцієнт життєвості","Київська","Місячна","2018-M11","54"
"Коефіцієнт життєвості","Київська","Місячна","2018-M12","53"
"Коефіцієнт життєвості","Київська","Місячна","2019-M01","42"
"Коефіцієнт життєвості","Київська","Місячна","2019-M02","45"
"Коефіцієнт життєвості","Київська","Місячна","2019-M03","46"
"Коефіцієнт життєвості","Київська","Місячна","2019-M04","45"
"Коефіцієнт життєвості","Київська","Місячна","2019-M05","45"
"Коефіцієнт життєвості","Київська","Місячна","2019-M06","46"
"Коефіцієнт життєвості","Київська","Місячна","2019-M07","48"
"Коефіцієнт життєвості","Київська","Місячна","2019-M08","49"
"Коефіцієнт життєвості","Київська","Місячна","2019-M09","50"
"Коефіцієнт життєвості","Київська","Місячна","2019-M10","50"
"Коефіцієнт життєвості","Київська","Місячна","2019-M11","50"
"Коефіцієнт життєвості","Київська","Місячна","2019-M12","50"
"Коефіцієнт життєвості","Київська","Місячна","2020-M01","47"
"Коефіцієнт життєвості","Київська","Місячна","2020-M02","47"
"Коефіцієнт життєвості","Київська","Місячна","2020-M03","44"
"Коефіцієнт життєвості","Київська","Місячна","2020-M04","45"
"Коефіцієнт життєвості","Київська","Місячна","2020-M05","46"
"Коефіцієнт життєвості","Київська","Місячна","2020-M06","46"
"Коефіцієнт життєвості","Київська","Місячна","2020-M07","49"
"Коефіцієнт життєвості","Київська","Місячна","2020-M08","49"
"Коефіцієнт життєвості","Київська","Місячна","2020-M09","49"
"Коефіцієнт життєвості","Київська","Місячна","2020-M10","49"
"Коефіцієнт життєвості","Київська","Місячна","2020-M11","47"
"Коефіцієнт життєвості","Київська","Місячна","2020-M12","45"
"Коефіцієнт життєвості","Київська","Місячна","2021-M01","36"
"Коефіцієнт життєвості","Київська","Місячна","2021-M02","36"
"Коефіцієнт життєвості","Київська","Місячна","2021-M03","34"
"Коефіцієнт життєвості","Київська","Місячна","2021-M04","31"
"Коефіцієнт життєвості","Київська","Місячна","2021-M05","33"
"Коефіцієнт життєвості","Київська","Місячна","2021-M06","34"
"Коефіцієнт життєвості","Київська","Місячна","2021-M07","36"
"Коефіцієнт життєвості","Київська","Місячна","2021-M08","37"
"Коефіцієнт життєвості","Київська","Місячна","2021-M09","38"
"Коефіцієнт життєвості","Київська","Місячна","2021-M10","37"
"Коефіцієнт життєвості","Київська","Місячна","2021-M11","35"
"Коефіцієнт життєвості","Київська","Місячна","2021-M12","35"
"Коефіцієнт життєвості","Харківська","Місячна","2005-M01","41"
"Коефіцієнт життєвості","Харківська","Місячна","2005-M02","41"
"Коефіцієнт життєвості","Харківська","Місячна","2005-M03","41"
"Коефіцієнт життєвості","Харківська","Місячна","2005-M04","43"
"Коефіцієнт життєвості","Харківська","Місячна","2005-M05","42"
"Коефіцієнт життєвості","Харківська","Місячна","2005-M06","43"
"Коефіцієнт життєвості","Харківська","Місячна","2005-M07","45"
"Коефіцієнт життєвості","Харківська","Місячна","2005-M08","46"
"Коефіцієнт життєвості","Харківська","Місячна","2005-M09","47"
"Коефіцієнт життєвості","Харківська","Місячна","2005-M10","47"
"Коефіцієнт життєвості","Харківська","Місячна","2005-M11","48"
"Коефіцієнт життєвості","Харківська","Місячна","2005-M12","48"
"Коефіцієнт життєвості","Харківська","Місячна","2006-M01","37"
"Коефіцієнт життєвості","Харківська","Місячна","2006-M02","43"
"Коефіцієнт життєвості","Харківська","Місячна","2006-M03","46"
"Коефіцієнт життєвості","Харківська","Місячна","2006-M04","46"
"Коефіцієнт життєвості","Харківська","Місячна","2006-M05","47"
"Коефіцієнт життєвості","Харківська","Місячна","2006-M06","48"
"Коефіцієнт життєвості","Харківська","Місячна","2006-M07","50"
"Коефіцієнт життєвості","Харківська","Місячна","2006-M08","51"
"Коефіцієнт життєвості","Харківська","Місячна","2006-M09","53"
"Коефіцієнт життєвості","Харківська","Місячна","2006-M10","53"
"Коефіцієнт життєвості","Харківська","Місячна","2006-M11","53"
"Коефіцієнт життєвості","Харківська","Місячна","2006-M12","53"
"Коефіцієнт життєвості","Харківська","Місячна","2007-M01","49"
"Коефіцієнт життєвості","Харківська","Місячна","2007-M02","52"
"Коефіцієнт життєвості","Харківська","Місячна","2007-M03","52"
"Коефіцієнт життєвості","Харківська","Місячна","2007-M04","51"
"Коефіцієнт життєвості","Харківська","Місячна","2007-M05","51"
"Коефіцієнт життєвості","Харківська","Місячна","2007-M06","52"
"Коефіцієнт життєвості","Харківська","Місячна","2007-M07","54"
"Коефіцієнт життєвості","Харківська","Місячна","2007-M08","55"
"Коефіцієнт життєвості","Харківська","Місячна","2007-M09","56"
"Коефіцієнт життєвості","Харківська","Місячна","2007-M10","56"
"Коефіцієнт життєвості","Харківська","Місячна","2007-M11","56"
"Коефіцієнт життєвості","Харківська","Місячна","2007-M12","56"
"Коефіцієнт життєвості","Харківська","Місячна","2008-M01","47"
"Коефіцієнт життєвості","Харківська","Місячна","2008-M02","53"
"Коефіцієнт життєвості","Харківська","Місячна","2008-M03","52"
"Коефіцієнт життєвості","Харківська","Місячна","2008-M04","52"
"Коефіцієнт життєвості","Харківська","Місячна","2008-M05","53"
"Коефіцієнт життєвості","Харківська","Місячна","2008-M06","53"
"Коефіцієнт життєвості","Харківська","Місячна","2008-M07","56"
"Коефіцієнт життєвості","Харківська","Місячна","2008-M08","58"
"Коефіцієнт життєвості","Харківська","Місячна","2008-M09","59"
"Коефіцієнт життєвості","Харківська","Місячна","2008-M10","60"
"Коефіцієнт життєвості","Харківська","Місячна","2008-M11","60"
"Коефіцієнт життєвості","Харківська","Місячна","2008-M12","60"
"Коефіцієнт життєвості","Харківська","Місячна","2009-M01","54"
"Коефіцієнт життєвості","Харківська","Місячна","2009-M02","60"
"Коефіцієнт життєвості","Харківська","Місячна","2009-M03","58"
"Коефіцієнт життєвості","Харківська","Місячна","2009-M04","59"
"Коефіцієнт життєвості","Харківська","Місячна","2009-M05","59"
"Коефіцієнт життєвості","Харківська","Місячна","2009-M06","60"
"Коефіцієнт життєвості","Харківська","Місячна","2009-M07","62"
"Коефіцієнт життєвості","Харківська","Місячна","2009-M08","63"
"Коефіцієнт життєвості","Харківська","Місячна","2009-M09","64"
"Коефіцієнт життєвості","Харківська","Місячна","2009-M10","65"
"Коефіцієнт життєвості","Харківська","Місячна","2009-M11","64"
"Коефіцієнт життєвості","Харківська","Місячна","2009-M12","64"
"Коефіцієнт життєвості","Харківська","Місячна","2010-M01","53"
"Коефіцієнт життєвості","Харківська","Місячна","2010-M02","58"
"Коефіцієнт життєвості","Харківська","Місячна","2010-M03","59"
"Коефіцієнт життєвості","Харківська","Місячна","2010-M04","60"
"Коефіцієнт життєвості","Харківська","Місячна","2010-M05","60"
"Коефіцієнт життєвості","Харківська","Місячна","2010-M06","60"
"Коефіцієнт життєвості","Харківська","Місячна","2010-M07","62"
"Коефіцієнт життєвості","Харківська","Місячна","2010-M08","61"
"Коефіцієнт життєвості","Харківська","Місячна","2010-M09","62"
"Коефіцієнт життєвості","Харківська","Місячна","2010-M10","62"
"Коефіцієнт життєвості","Харківська","Місячна","2010-M11","63"
"Коефіцієнт життєвості","Харківська","Місячна","2010-M12","62"
"Коефіцієнт життєвості","Харківська","Місячна","2011-M01","60"
"Коефіцієнт життєвості","Харківська","Місячна","2011-M02","61"
"Коефіцієнт життєвості","Харківська","Місячна","2011-M03","59"
"Коефіцієнт життєвості","Харківська","Місячна","2011-M04","58"
"Коефіцієнт життєвості","Харківська","Місячна","2011-M05","58"
"Коефіцієнт життєвості","Харківська","Місячна","2011-M06","58"
"Коефіцієнт життєвості","Харківська","Місячна","2011-M07","61"
"Коефіцієнт життєвості","Харківська","Місячна","2011-M08","63"
"Коефіцієнт життєвості","Харківська","Місячна","2011-M09","64"
"Коефіцієнт життєвості","Харківська","Місячна","2011-M10","65"
"Коефіцієнт життєвості","Харківська","Місячна","2011-M11","65"
"Коефіцієнт життєвості","Харківська","Місячна","2011-M12","66"
"Коефіцієнт життєвості","Харківська","Місячна","2012-M01","60"
"Коефіцієнт життєвості","Харківська","Місячна","2012-M02","60"
"Коефіцієнт життєвості","Харківська","Місячна","2012-M03","60"
"Коефіцієнт життєвості","Харківська","Місячна","2012-M04","60"
"Коефіцієнт життєвості","Харківська","Місячна","2012-M05","61"
"Коефіцієнт життєвості","Харківська","Місячна","2012-M06","62"
"Коефіцієнт життєвості","Харківська","Місячна","2012-M07","65"
"Коефіцієнт життєвості","Харківська","Місячна","2012-M08","67"
"Коефіцієнт життєвості","Харківська","Місячна","2012-M09","68"
"Коефіцієнт життєвості","Харківська","Місячна","2012-M10","68"
"Коефіцієнт життєвості","Харківська","Місячна","2012-M11","68"
"Коефіцієнт життєвості","Харківська","Місячна","2012-M12","68"
"Коефіцієнт життєвості","Харківська","Місячна","2013-M01","59"
"Коефіцієнт життєвості","Харківська","Місячна","2013-M02","61"
"Коефіцієнт життєвості","Харківська","Місячна","2013-M03","60"
"Коефіцієнт життєвості","Харківська","Місячна","2013-M04","60"
"Коефіцієнт життєвості","Харківська","Місячна","2013-M05","60"
"Коефіцієнт життєвості","Харківська","Місячна","2013-M06","61"
"Коефіцієнт життєвості","Харківська","Місячна","2013-M07","64"
"Коефіцієнт життєвості","Харківська","Місячна","2013-M08","66"
"Коефіцієнт життєвості","Харківська","Місячна","2013-M09","67"
"Коефіцієнт життєвості","Харківська","Місячна","2013-M10","68"
"Коефіцієнт життєвості","Харківська","Місячна","2013-M11","68"
"Коефіцієнт життєвості","Харківська","Місячна","2013-M12","68"
"Коефіцієнт життєвості","Харківська","Місячна","2014-M01","63"
"Коефіцієнт життєвості","Харківська","Місячна","2014-M02","62"
"Коефіцієнт життєвості","Харківська","Місячна","2014-M03","63"
"Коефіцієнт життєвості","Харківська","Місячна","2014-M04","61"
"Коефіцієнт життєвості","Харківська","Місячна","2014-M05","61"
"Коефіцієнт життєвості","Харківська","Місячна","2014-M06","63"
"Коефіцієнт життєвості","Харківська","Місячна","2014-M07","65"
"Коефіцієнт життєвості","Харківська","Місячна","2014-M08","66"
"Коефіцієнт життєвості","Харківська","Місячна","2014-M09","67"
"Коефіцієнт життєвості","Харківська","Місячна","2014-M10","68"
"Коефіцієнт життєвості","Харківська","Місячна","2014-M11","67"
"Коефіцієнт життєвості","Харківська","Місячна","2014-M12","66"
"Коефіцієнт життєвості","Харківська","Місячна","2015-M01","53"
"Коефіцієнт життєвості","Харківська","Місячна","2015-M02","53"
"Коефіцієнт життєвості","Харківська","Місячна","2015-M03","52"
"Коефіцієнт життєвості","Харківська","Місячна","2015-M04","53"
"Коефіцієнт життєвості","Харківська","Місячна","2015-M05","53"
"Коефіцієнт життєвості","Харківська","Місячна","2015-M06","53"
"Коефіцієнт життєвості","Харківська","Місячна","2015-M07","56"
"Коефіцієнт життєвості","Харківська","Місячна","2015-M08","57"
"Коефіцієнт життєвості","Харківська","Місячна","2015-M09","58"
"Коефіцієнт життєвості","Харківська","Місячна","2015-M10","58"
"Коефіцієнт життєвості","Харківська","Місячна","2015-M11","59"
"Коефіцієнт життєвості","Харківська","Місячна","2015-M12","59"
"Коефіцієнт життєвості","Харківська","Місячна","2016-M01","44"
"Коефіцієнт життєвості","Харківська","Місячна","2016-M02","48"
"Коефіцієнт життєвості","Харківська","Місячна","2016-M03","51"
"Коефіцієнт життєвості","Харківська","Місячна","2016-M04","52"
"Коефіцієнт життєвості","Харківська","Місячна","2016-M05","52"
"Коефіцієнт життєвості","Харківська","Місячна","2016-M06","52"
"Коефіцієнт життєвості","Харківська","Місячна","2016-M07","54"
"Коефіцієнт життєвості","Харківська","Місячна","2016-M08","56"
"Коефіцієнт життєвості","Харківська","Місячна","2016-M09","57"
"Коефіцієнт життєвості","Харківська","Місячна","2016-M10","57"
"Коефіцієнт життєвості","Харківська","Місячна","2016-M11","57"
"Коефіцієнт життєвості","Харківська","Місячна","2016-M12","57"
"Коефіцієнт життєвості","Харківська","Місячна","2017-M01","48"
"Коефіцієнт життєвості","Харківська","Місячна","2017-M02","50"
"Коефіцієнт життєвості","Харківська","Місячна","2017-M03","50"
"Коефіцієнт життєвості","Харківська","Місячна","2017-M04","49"
"Коефіцієнт життєвості","Харківська","Місячна","2017-M05","48"
"Коефіцієнт життєвості","Харківська","Місячна","2017-M06","49"
"Коефіцієнт життєвості","Харківська","Місячна","2017-M07","51"
"Коефіцієнт життєвості","Харківська","Місячна","2017-M08","52"
"Коефіцієнт життєвості","Харківська","Місячна","2017-M09","53"
"Коефіцієнт життєвості","Харківська","Місячна","2017-M10","53"
"Коефіцієнт життєвості","Харківська","Місячна","2017-M11","53"
"Коефіцієнт життєвості","Харківська","Місячна","2017-M12","53"
"Коефіцієнт життєвості","Харківська","Місячна","2018-M01","48"
"Коефіцієнт життєвості","Харківська","Місячна","2018-M02","49"
"Коефіцієнт життєвості","Харківська","Місячна","2018-M03","47"
"Коефіцієнт життєвості","Харківська","Місячна","2018-M04","45"
"Коефіцієнт життєвості","Харківська","Місячна","2018-M05","44"
"Коефіцієнт життєвості","Харківська","Місячна","2018-M06","45"
"Коефіцієнт життєвості","Харківська","Місячна","2018-M07","46"
"Коефіцієнт життєвості","Харківська","Місячна","2018-M08","47"
"Коефіцієнт життєвості","Харківська","Місячна","2018-M09","48"
"Коефіцієнт життєвості","Харківська","Місячна","2018-M10","48"
"Коефіцієнт життєвості","Харківська","Місячна","2018-M11","48"
"Коефіцієнт життєвості","Харківська","Місячна","2018-M12","46"
"Коефіцієнт життєвості","Харківська","Місячна","2019-M01","40"
"Коефіцієнт життєвості","Харківська","Місячна","2019-M02","42"
"Коефіцієнт життєвості","Харківська","Місячна","2019-M03","43"
"Коефіцієнт життєвості","Харківська","Місячна","2019-M04","42"
"Коефіцієнт життєвості","Харківська","Місячна","2019-M05","42"
"Коефіцієнт життєвості","Харківська","Місячна","2019-M06","42"
"Коефіцієнт життєвості","Харківська","Місячна","2019-M07","44"
"Коефіцієнт життєвості","Харківська","Місячна","2019-M08","45"
"Коефіцієнт життєвості","Харківська","Місячна","2019-M09","45"
"Коефіцієнт життєвості","Харківська","Місячна","2019-M10","45"
"Коефіцієнт життєвості","Харківська","Місячна","2019-M11","45"
"Коефіцієнт життєвості","Харківська","Місячна","2019-M12","44"
"Коефіцієнт життєвості","Харківська","Місячна","2020-M01","42"
"Коефіцієнт життєвості","Харківська","Місячна","2020-M02","41"
"Коефіцієнт життєвості","Харківська","Місячна","2020-M03","38"
"Коефіцієнт життєвості","Харківська","Місячна","2020-M04","38"
"Коефіцієнт життєвості","Харківська","Місячна","2020-M05","38"
"Коефіцієнт життєвості","Харківська","Місячна","2020-M06","39"
"Коефіцієнт життєвості","Харківська","Місячна","2020-M07","40"
"Коефіцієнт життєвості","Харківська","Місячна","2020-M08","41"
"Коефіцієнт життєвості","Харківська","Місячна","2020-M09","41"
"Коефіцієнт життєвості","Харківська","Місячна","2020-M10","40"
"Коефіцієнт життєвості","Харківська","Місячна","2020-M11","38"
"Коефіцієнт життєвості","Харківська","Місячна","2020-M12","38"
"Коефіцієнт життєвості","Харківська","Місячна","2021-M01","30"
"Коефіцієнт життєвості","Харківська","Місячна","2021-M02","32"
"Коефіцієнт життєвості","Харківська","Місячна","2021-M03","31"
"Коефіцієнт життєвості","Харківська","Місячна","2021-M04","28"
"Коефіцієнт життєвості","Харківська","Місячна","2021-M05","28"
"Коефіцієнт життєвості","Харківська","Місячна","2021-M06","29"
"Коефіцієнт життєвості","Харківська","Місячна","2021-M07","30"
"Коефіцієнт життєвості","Харківська","Місячна","2021-M08","32"
"Коефіцієнт життєвості","Харківська","Місячна","2021-M09","32"
"Коефіцієнт життєвості","Харківська","Місячна","2021-M10","30"
"Коефіцієнт життєвості","Харківська","Місячна","2021-M11","28"
"Коефіцієнт життєвості","Харківська","Місячна","2021-M12","28"
"Коефіцієнт життєвості","Україна","Місячна","2005-M01","45"
"Коефіцієнт життєвості","Україна","Місячна","2005-M02","46"
"Коефіцієнт життєвості","Україна","Місячна","2005-M03","46"
"Коефіцієнт життєвості","Україна","Місячна","2005-M04","48"
"Коефіцієнт життєвості","Україна","Місячна","2005-M05","48"
"Коефіцієнт життєвості","Україна","Місячна","2005-M06","49"
"Коефіцієнт життєвості","Україна","Місячна","2005-M07","52"
"Коефіцієнт життєвості","Україна","Місячна","2005-M08","53"
"Коефіцієнт життєвості","Україна","Місячна","2005-M09","54"
"Коефіцієнт життєвості","Україна","Місячна","2005-M10","55"
"Коефіцієнт життєвості","Україна","Місячна","2005-M11","54"
"Коефіцієнт життєвості","Україна","Місячна","2005-M12","54"
"Коефіцієнт життєвості","Україна","Місячна","2006-M01","43"
"Коефіцієнт життєвості","Україна","Місячна","2006-M02","48"
"Коефіцієнт життєвості","Україна","Місячна","2006-M03","51"
"Коефіцієнт життєвості","Україна","Місячна","2006-M04","52"
"Коефіцієнт життєвості","Україна","Місячна","2006-M05","54"
"Коефіцієнт життєвості","Україна","Місячна","2006-M06","55"
"Коефіцієнт життєвості","Україна","Місячна","2006-M07","57"
"Коефіцієнт життєвості","Україна","Місячна","2006-M08","59"
"Коефіцієнт життєвості","Україна","Місячна","2006-M09","60"
"Коефіцієнт життєвості","Україна","Місячна","2006-M10","61"
"Коефіцієнт життєвості","Україна","Місячна","2006-M11","61"
"Коефіцієнт життєвості","Україна","Місячна","2006-M12","61"
"Коефіцієнт життєвості","Україна","Місячна","2007-M01","53"
"Коефіцієнт життєвості","Україна","Місячна","2007-M02","56"
"Коефіцієнт життєвості","Україна","Місячна","2007-M03","56"
"Коефіцієнт життєвості","Україна","Місячна","2007-M04","56"
"Коефіцієнт життєвості","Україна","Місячна","2007-M05","56"
"Коефіцієнт життєвості","Україна","Місячна","2007-M06","58"
"Коефіцієнт життєвості","Україна","Місячна","2007-M07","60"
"Коефіцієнт життєвості","Україна","Місячна","2007-M08","62"
"Коефіцієнт життєвості","Україна","Місячна","2007-M09","63"
"Коефіцієнт життєвості","Україна","Місячна","2007-M10","63"
"Коефіцієнт життєвості","Україна","Місячна","2007-M11","63"
"Коефіцієнт життєвості","Україна","Місячна","2007-M12","62"
"Коефіцієнт життєвості","Україна","Місячна","2008-M01","53"
"Коефіцієнт життєвості","Україна","Місячна","2008-M02","57"
"Коефіцієнт життєвості","Україна","Місячна","2008-M03","57"
"Коефіцієнт життєвості","Україна","Місячна","2008-M04","57"
"Коефіцієнт життєвості","Україна","Місячна","2008-M05","58"
"Коефіцієнт життєвості","Україна","Місячна","2008-M06","60"
"Коефіцієнт життєвості","Україна","Місячна","2008-M07","62"
"Коефіцієнт життєвості","Україна","Місячна","2008-M08","65"
"Коефіцієнт життєвості","Україна","Місячна","2008-M09","66"
"Коефіцієнт життєвості","Україна","Місячна","2008-M10","68"
"Коефіцієнт життєвості","Україна","Місячна","2008-M11","68"
"Коефіцієнт життєвості","Україна","Місячна","2008-M12","68"
"Коефіцієнт життєвості","Україна","Місячна","2009-M01","59"
"Коефіцієнт життєвості","Україна","Місячна","2009-M02","65"
"Коефіцієнт життєвості","Україна","Місячна","2009-M03","65"
"Коефіцієнт життєвості","Україна","Місячна","2009-M04","66"
"Коефіцієнт життєвості","Україна","Місячна","2009-M05","66"
"Коефіцієнт життєвості","Україна","Місячна","2009-M06","67"
"Коефіцієнт життєвості","Україна","Місячна","2009-M07","70"
"Коефіцієнт життєвості","Україна","Місячна","2009-M08","71"
"Коефіцієнт життєвості","Україна","Місячна","2009-M09","73"
"Коефіцієнт життєвості","Україна","Місячна","2009-M10","74"
"Коефіцієнт життєвості","Україна","Місячна","2009-M11","73"
"Коефіцієнт життєвості","Україна","Місячна","2009-M12","73"
"Коефіцієнт життєвості","Україна","Місячна","2010-M01","61"
"Коефіцієнт життєвості","Україна","Місячна","2010-M02","65"
"Коефіцієнт життєвості","Україна","Місячна","2010-M03","66"
"Коефіцієнт життєвості","Україна","Місячна","2010-M04","67"
"Коефіцієнт життєвості","Україна","Місячна","2010-M05","67"
"Коефіцієнт життєвості","Україна","Місячна","2010-M06","68"
"Коефіцієнт життєвості","Україна","Місячна","2010-M07","70"
"Коефіцієнт життєвості","Україна","Місячна","2010-M08","70"
"Коефіцієнт життєвості","Україна","Місячна","2010-M09","71"
"Коефіцієнт життєвості","Україна","Місячна","2010-M10","71"
"Коефіцієнт життєвості","Україна","Місячна","2010-M11","72"
"Коефіцієнт життєвості","Україна","Місячна","2010-M12","71"
"Коефіцієнт життєвості","Україна","Місячна","2011-M01","67"
"Коефіцієнт життєвості","Україна","Місячна","2011-M02","69"
"Коефіцієнт життєвості","Україна","Місячна","2011-M03","68"
"Коефіцієнт життєвості","Україна","Місячна","2011-M04","67"
"Коефіцієнт життєвості","Україна","Місячна","2011-M05","66"
"Коефіцієнт життєвості","Україна","Місячна","2011-M06","67"
"Коефіцієнт життєвості","Україна","Місячна","2011-M07","70"
"Коефіцієнт життєвості","Україна","Місячна","2011-M08","73"
"Коефіцієнт життєвості","Україна","Місячна","2011-M09","75"
"Коефіцієнт життєвості","Україна","Місячна","2011-M10","75"
"Коефіцієнт життєвості","Україна","Місячна","2011-M11","76"
"Коефіцієнт життєвості","Україна","Місячна","2011-M12","76"
"Коефіцієнт життєвості","Україна","Місячна","2012-M01","70"
"Коефіцієнт життєвості","Україна","Місячна","2012-M02","71"
"Коефіцієнт життєвості","Україна","Місячна","2012-M03","71"
"Коефіцієнт життєвості","Україна","Місячна","2012-M04","70"
"Коефіцієнт життєвості","Україна","Місячна","2012-M05","72"
"Коефіцієнт життєвості","Україна","Місячна","2012-M06","73"
"Коефіцієнт життєвості","Україна","Місячна","2012-M07","75"
"Коефіцієнт життєвості","Україна","Місячна","2012-M08","77"
"Коефіцієнт життєвості","Україна","Місячна","2012-M09","79"
"Коефіцієнт життєвості","Україна","Місячна","2012-M10","79"
"Коефіцієнт життєвості","Україна","Місячна","2012-M11","79"
"Коефіцієнт життєвості","Україна","Місячна","2012-M12","79"
"Коефіцієнт життєвості","Україна","Місячна","2013-M01","69"
"Коефіцієнт життєвості","Україна","Місячна","2013-M02","71"
"Коефіцієнт життєвості","Україна","Місячна","2013-M03","69"
"Коефіцієнт життєвості","Україна","Місячна","2013-M04","68"
"Коефіцієнт життєвості","Україна","Місячна","2013-M05","69"
"Коефіцієнт життєвості","Україна","Місячна","2013-M06","70"
"Коефіцієнт життєвості","Україна","Місячна","2013-M07","73"
"Коефіцієнт життєвості","Україна","Місячна","2013-M08","75"
"Коефіцієнт життєвості","Україна","Місячна","2013-M09","76"
"Коефіцієнт життєвості","Україна","Місячна","2013-M10","77"
"Коефіцієнт життєвості","Україна","Місячна","2013-M11","77"
"Коефіцієнт життєвості","Україна","Місячна","2013-M12","76"
"Коефіцієнт життєвості","Україна","Місячна","2014-M01","67"
"Коефіцієнт життєвості","Україна","Місячна","2014-M02","68"
"Коефіцієнт життєвості","Україна","Місячна","2014-M03","67"
"Коефіцієнт життєвості","Україна","Місячна","2014-M04","67"
"Коефіцієнт життєвості","Україна","Місячна","2014-M05","69"
"Коефіцієнт життєвості","Україна","Місячна","2014-M06","71"
"Коефіцієнт життєвості","Україна","Місячна","2014-M07","73"
"Коефіцієнт життєвості","Україна","Місячна","2014-M08","74"
"Коефіцієнт життєвості","Україна","Місячна","2014-M09","75"
"Коефіцієнт життєвості","Україна","Місячна","2014-M10","75"
"Коефіцієнт життєвості","Україна","Місячна","2014-M11","75"
"Коефіцієнт життєвості","Україна","Місячна","2014-M12","74"
"Коефіцієнт життєвості","Україна","Місячна","2015-M01","63"
"Коефіцієнт життєвості","Україна","Місячна","2015-M02","64"
"Коефіцієнт життєвості","Україна","Місячна","2015-M03","62"
"Коефіцієнт життєвості","Україна","Місячна","2015-M04","62"
"Коефіцієнт життєвості","Україна","Місячна","2015-M05","62"
"Коефіцієнт життєвості","Україна","Місячна","2015-M06","63"
"Коефіцієнт життєвості","Україна","Місячна","2015-M07","66"
"Коефіцієнт життєвості","Україна","Місячна","2015-M08","68"
"Коефіцієнт життєвості","Україна","Місячна","2015-M09","70"
"Коефіцієнт життєвості","Україна","Місячна","2015-M10","70"
"Коефіцієнт життєвості","Україна","Місячна","2015-M11","70"
"Коефіцієнт життєвості","Україна","Місячна","2015-M12","69"
"Коефіцієнт життєвості","Україна","Місячна","2016-M01","56"
"Коефіцієнт життєвості","Україна","Місячна","2016-M02","59"
"Коефіцієнт життєвості","Україна","Місячна","2016-M03","63"
"Коефіцієнт життєвості","Україна","Місячна","2016-M04","63"
"Коефіцієнт життєвості","Україна","Місячна","2016-M05","63"
"Коефіцієнт життєвості","Україна","Місячна","2016-M06","64"
"Коефіцієнт життєвості","Україна","Місячна","2016-M07","66"
"Коефіцієнт життєвості","Україна","Місячна","2016-M08","68"
"Коефіцієнт життєвості","Україна","Місячна","2016-M09","69"
"Коефіцієнт життєвості","Україна","Місячна","2016-M10","69"
"Коефіцієнт життєвості","Україна","Місячна","2016-M11","69"
"Коефіцієнт життєвості","Україна","Місячна","2016-M12","68"
"Коефіцієнт життєвості","Україна","Місячна","2017-M01","52"
"Коефіцієнт життєвості","Україна","Місячна","2017-M02","57"
"Коефіцієнт життєвості","Україна","Місячна","2017-M03","59"
"Коефіцієнт життєвості","Україна","Місячна","2017-M04","58"
"Коефіцієнт життєвості","Україна","Місячна","2017-M05","58"
"Коефіцієнт життєвості","Україна","Місячна","2017-M06","59"
"Коефіцієнт життєвості","Україна","Місячна","2017-M07","61"
"Коефіцієнт життєвості","Україна","Місячна","2017-M08","63"
"Коефіцієнт життєвості","Україна","Місячна","2017-M09","64"
"Коефіцієнт життєвості","Україна","Місячна","2017-M10","64"
"Коефіцієнт життєвості","Україна","Місячна","2017-M11","64"
"Коефіцієнт життєвості","Україна","Місячна","2017-M12","63"
"Коефіцієнт життєвості","Україна","Місячна","2018-M01","56"
"Коефіцієнт життєвості","Україна","Місячна","2018-M02","56"
"Коефіцієнт життєвості","Україна","Місячна","2018-M03","55"
"Коефіцієнт життєвості","Україна","Місячна","2018-M04","54"
"Коефіцієнт життєвості","Україна","Місячна","2018-M05","54"
"Коефіцієнт життєвості","Україна","Місячна","2018-M06","55"
"Коефіцієнт життєвості","Україна","Місячна","2018-M07","57"
"Коефіцієнт життєвості","Україна","Місячна","2018-M08","58"
"Коефіцієнт життєвості","Україна","Місячна","2018-M09","59"
"Коефіцієнт життєвості","Україна","Місячна","2018-M10","59"
"Коефіцієнт життєвості","Україна","Місячна","2018-M11","58"
"Коефіцієнт життєвості","Україна","Місячна","2018-M12","57"
"Коефіцієнт життєвості","Україна","Місячна","2019-M01","45"
"Коефіцієнт життєвості","Україна","Місячна","2019-M02","47"
"Коефіцієнт життєвості","Україна","Місячна","2019-M03","48"
"Коефіцієнт життєвості","Україна","Місячна","2019-M04","48"
"Коефіцієнт життєвості","Україна","Місячна","2019-M05","49"
"Коефіцієнт життєвості","Україна","Місячна","2019-M06","49"
"Коефіцієнт життєвості","Україна","Місячна","2019-M07","51"
"Коефіцієнт життєвості","Україна","Місячна","2019-M08","53"
"Коефіцієнт життєвості","Україна","Місячна","2019-M09","53"
"Коефіцієнт життєвості","Україна","Місячна","2019-M10","54"
"Коефіцієнт життєвості","Україна","Місячна","2019-M11","54"
"Коефіцієнт життєвості","Україна","Місячна","2019-M12","53"
"Коефіцієнт життєвості","Україна","Місячна","2020-M01","52"
"Коефіцієнт життєвості","Україна","Місячна","2020-M02","51"
"Коефіцієнт життєвості","Україна","Місячна","2020-M03","47"
"Коефіцієнт життєвості","Україна","Місячна","2020-M04","47"
"Коефіцієнт життєвості","Україна","Місячна","2020-M05","48"
"Коефіцієнт життєвості","Україна","Місячна","2020-M06","48"
"Коефіцієнт життєвості","Україна","Місячна","2020-M07","50"
"Коефіцієнт життєвості","Україна","Місячна","2020-M08","51"
"Коефіцієнт життєвості","Україна","Місячна","2020-M09","52"
"Коефіцієнт життєвості","Україна","Місячна","2020-M10","51"
"Коефіцієнт життєвості","Україна","Місячна","2020-M11","49"
"Коефіцієнт життєвості","Україна","Місячна","2020-M12","48"
"Коефіцієнт життєвості","Україна","Місячна","2021-M01","38"
"Коефіцієнт життєвості","Україна","Місячна","2021-M02","40"
"Коефіцієнт життєвості","Україна","Місячна","2021-M03","39"
"Коефіцієнт життєвості","Україна","Місячна","2021-M04","37"
"Коефіцієнт життєвості","Україна","Місячна","2021-M05","37"
"Коефіцієнт життєвості","Україна","Місячна","2021-M06","38"
"Коефіцієнт життєвості","Україна","Місячна","2021-M07","40"
"Коефіцієнт життєвості","Україна","Місячна","2021-M08","41"
"Коефіцієнт життєвості","Україна","Місячна","2021-M09","42"
"Коефіцієнт життєвості","Україна","Місячна","2021-M10","41"
"Коефіцієнт життєвості","Україна","Місячна","2021-M11","39"
"Коефіцієнт життєвості","Україна","Місячна","2021-M12","38"
"Коефіцієнт життєвості","Хмельницька","Місячна","2005-M01","42"
"Коефіцієнт життєвості","Хмельницька","Місячна","2005-M02","44"
"Коефіцієнт життєвості","Хмельницька","Місячна","2005-M03","43"
"Коефіцієнт життєвості","Хмельницька","Місячна","2005-M04","45"
"Коефіцієнт життєвості","Хмельницька","Місячна","2005-M05","46"
"Коефіцієнт життєвості","Хмельницька","Місячна","2005-M06","47"
"Коефіцієнт життєвості","Хмельницька","Місячна","2005-M07","49"
"Коефіцієнт життєвості","Хмельницька","Місячна","2005-M08","51"
"Коефіцієнт життєвості","Хмельницька","Місячна","2005-M09","52"
"Коефіцієнт життєвості","Хмельницька","Місячна","2005-M10","52"
"Коефіцієнт життєвості","Хмельницька","Місячна","2005-M11","52"
"Коефіцієнт життєвості","Хмельницька","Місячна","2005-M12","52"
"Коефіцієнт життєвості","Хмельницька","Місячна","2006-M01","42"
"Коефіцієнт життєвості","Хмельницька","Місячна","2006-M02","46"
"Коефіцієнт життєвості","Хмельницька","Місячна","2006-M03","49"
"Коефіцієнт життєвості","Хмельницька","Місячна","2006-M04","49"
"Коефіцієнт життєвості","Хмельницька","Місячна","2006-M05","51"
"Коефіцієнт життєвості","Хмельницька","Місячна","2006-M06","52"
"Коефіцієнт життєвості","Хмельницька","Місячна","2006-M07","54"
"Коефіцієнт життєвості","Хмельницька","Місячна","2006-M08","56"
"Коефіцієнт життєвості","Хмельницька","Місячна","2006-M09","57"
"Коефіцієнт життєвості","Хмельницька","Місячна","2006-M10","58"
"Коефіцієнт життєвості","Хмельницька","Місячна","2006-M11","57"
"Коефіцієнт життєвості","Хмельницька","Місячна","2006-M12","57"
"Коефіцієнт життєвості","Хмельницька","Місячна","2007-M01","51"
"Коефіцієнт життєвості","Хмельницька","Місячна","2007-M02","55"
"Коефіцієнт життєвості","Хмельницька","Місячна","2007-M03","53"
"Коефіцієнт життєвості","Хмельницька","Місячна","2007-M04","55"
"Коефіцієнт життєвості","Хмельницька","Місячна","2007-M05","56"
"Коефіцієнт життєвості","Хмельницька","Місячна","2007-M06","57"
"Коефіцієнт життєвості","Хмельницька","Місячна","2007-M07","59"
"Коефіцієнт життєвості","Хмельницька","Місячна","2007-M08","61"
"Коефіцієнт життєвості","Хмельницька","Місячна","2007-M09","61"
"Коефіцієнт життєвості","Хмельницька","Місячна","2007-M10","61"
"Коефіцієнт життєвості","Хмельницька","Місячна","2007-M11","61"
"Коефіцієнт життєвості","Хмельницька","Місячна","2007-M12","59"
"Коефіцієнт життєвості","Хмельницька","Місячна","2008-M01","51"
"Коефіцієнт життєвості","Хмельницька","Місячна","2008-M02","55"
"Коефіцієнт життєвості","Хмельницька","Місячна","2008-M03","54"
"Коефіцієнт життєвості","Хмельницька","Місячна","2008-M04","55"
"Коефіцієнт життєвості","Хмельницька","Місячна","2008-M05","57"
"Коефіцієнт життєвості","Хмельницька","Місячна","2008-M06","58"
"Коефіцієнт життєвості","Хмельницька","Місячна","2008-M07","61"
"Коефіцієнт життєвості","Хмельницька","Місячна","2008-M08","63"
"Коефіцієнт життєвості","Хмельницька","Місячна","2008-M09","64"
"Коефіцієнт життєвості","Хмельницька","Місячна","2008-M10","64"
"Коефіцієнт життєвості","Хмельницька","Місячна","2008-M11","65"
"Коефіцієнт життєвості","Хмельницька","Місячна","2008-M12","65"
"Коефіцієнт життєвості","Хмельницька","Місячна","2009-M01","54"
"Коефіцієнт життєвості","Хмельницька","Місячна","2009-M02","59"
"Коефіцієнт життєвості","Хмельницька","Місячна","2009-M03","60"
"Коефіцієнт життєвості","Хмельницька","Місячна","2009-M04","61"
"Коефіцієнт життєвості","Хмельницька","Місячна","2009-M05","61"
"Коефіцієнт життєвості","Хмельницька","Місячна","2009-M06","62"
"Коефіцієнт життєвості","Хмельницька","Місячна","2009-M07","65"
"Коефіцієнт життєвості","Хмельницька","Місячна","2009-M08","66"
"Коефіцієнт життєвості","Хмельницька","Місячна","2009-M09","68"
"Коефіцієнт життєвості","Хмельницька","Місячна","2009-M10","69"
"Коефіцієнт життєвості","Хмельницька","Місячна","2009-M11","68"
"Коефіцієнт життєвості","Хмельницька","Місячна","2009-M12","67"
"Коефіцієнт життєвості","Хмельницька","Місячна","2010-M01","55"
"Коефіцієнт життєвості","Хмельницька","Місячна","2010-M02","61"
"Коефіцієнт життєвості","Хмельницька","Місячна","2010-M03","64"
"Коефіцієнт життєвості","Хмельницька","Місячна","2010-M04","65"
"Коефіцієнт життєвості","Хмельницька","Місячна","2010-M05","66"
"Коефіцієнт життєвості","Хмельницька","Місячна","2010-M06","67"
"Коефіцієнт життєвості","Хмельницька","Місячна","2010-M07","69"
"Коефіцієнт життєвості","Хмельницька","Місячна","2010-M08","70"
"Коефіцієнт життєвості","Хмельницька","Місячна","2010-M09","70"
"Коефіцієнт життєвості","Хмельницька","Місячна","2010-M10","70"
"Коефіцієнт життєвості","Хмельницька","Місячна","2010-M11","70"
"Коефіцієнт життєвості","Хмельницька","Місячна","2010-M12","69"
"Коефіцієнт життєвості","Хмельницька","Місячна","2011-M01","65"
"Коефіцієнт життєвості","Хмельницька","Місячна","2011-M02","66"
"Коефіцієнт життєвості","Хмельницька","Місячна","2011-M03","65"
"Коефіцієнт життєвості","Хмельницька","Місячна","2011-M04","64"
"Коефіцієнт життєвості","Хмельницька","Місячна","2011-M05","64"
"Коефіцієнт життєвості","Хмельницька","Місячна","2011-M06","65"
"Коефіцієнт життєвості","Хмельницька","Місячна","2011-M07","68"
"Коефіцієнт життєвості","Хмельницька","Місячна","2011-M08","70"
"Коефіцієнт життєвості","Хмельницька","Місячна","2011-M09","72"
"Коефіцієнт життєвості","Хмельницька","Місячна","2011-M10","72"
"Коефіцієнт життєвості","Хмельницька","Місячна","2011-M11","72"
"Коефіцієнт життєвості","Хмельницька","Місячна","2011-M12","72"
"Коефіцієнт життєвості","Хмельницька","Місячна","2012-M01","65"
"Коефіцієнт життєвості","Хмельницька","Місячна","2012-M02","68"
"Коефіцієнт життєвості","Хмельницька","Місячна","2012-M03","69"
"Коефіцієнт життєвості","Хмельницька","Місячна","2012-M04","68"
"Коефіцієнт життєвості","Хмельницька","Місячна","2012-M05","69"
"Коефіцієнт життєвості","Хмельницька","Місячна","2012-M06","70"
"Коефіцієнт життєвості","Хмельницька","Місячна","2012-M07","72"
"Коефіцієнт життєвості","Хмельницька","Місячна","2012-M08","74"
"Коефіцієнт життєвості","Хмельницька","Місячна","2012-M09","74"
"Коефіцієнт життєвості","Хмельницька","Місячна","2012-M10","74"
"Коефіцієнт життєвості","Хмельницька","Місячна","2012-M11","74"
"Коефіцієнт життєвості","Хмельницька","Місячна","2012-M12","73"
"Коефіцієнт життєвості","Хмельницька","Місячна","2013-M01","67"
"Коефіцієнт життєвості","Хмельницька","Місячна","2013-M02","68"
"Коефіцієнт життєвості","Хмельницька","Місячна","2013-M03","66"
"Коефіцієнт життєвості","Хмельницька","Місячна","2013-M04","66"
"Коефіцієнт життєвості","Хмельницька","Місячна","2013-M05","66"
"Коефіцієнт життєвості","Хмельницька","Місячна","2013-M06","67"
"Коефіцієнт життєвості","Хмельницька","Місячна","2013-M07","70"
"Коефіцієнт життєвості","Хмельницька","Місячна","2013-M08","72"
"Коефіцієнт життєвості","Хмельницька","Місячна","2013-M09","71"
"Коефіцієнт життєвості","Хмельницька","Місячна","2013-M10","72"
"Коефіцієнт життєвості","Хмельницька","Місячна","2013-M11","71"
"Коефіцієнт життєвості","Хмельницька","Місячна","2013-M12","71"
"Коефіцієнт життєвості","Хмельницька","Місячна","2014-M01","65"
"Коефіцієнт життєвості","Хмельницька","Місячна","2014-M02","65"
"Коефіцієнт життєвості","Хмельницька","Місячна","2014-M03","63"
"Коефіцієнт життєвості","Хмельницька","Місячна","2014-M04","65"
"Коефіцієнт життєвості","Хмельницька","Місячна","2014-M05","67"
"Коефіцієнт життєвості","Хмельницька","Місячна","2014-M06","70"
"Коефіцієнт життєвості","Хмельницька","Місячна","2014-M07","72"
"Коефіцієнт життєвості","Хмельницька","Місячна","2014-M08","74"
"Коефіцієнт життєвості","Хмельницька","Місячна","2014-M09","74"
"Коефіцієнт життєвості","Хмельницька","Місячна","2014-M10","74"
"Коефіцієнт життєвості","Хмельницька","Місячна","2014-M11","73"
"Коефіцієнт життєвості","Хмельницька","Місячна","2014-M12","72"
"Коефіцієнт життєвості","Хмельницька","Місячна","2015-M01","62"
"Коефіцієнт життєвості","Хмельницька","Місячна","2015-M02","62"
"Коефіцієнт життєвості","Хмельницька","Місячна","2015-M03","60"
"Коефіцієнт життєвості","Хмельницька","Місячна","2015-M04","60"
"Коефіцієнт життєвості","Хмельницька","Місячна","2015-M05","61"
"Коефіцієнт життєвості","Хмельницька","Місячна","2015-M06","63"
"Коефіцієнт життєвості","Хмельницька","Місячна","2015-M07","66"
"Коефіцієнт життєвості","Хмельницька","Місячна","2015-M08","67"
"Коефіцієнт життєвості","Хмельницька","Місячна","2015-M09","69"
"Коефіцієнт життєвості","Хмельницька","Місячна","2015-M10","69"
"Коефіцієнт життєвості","Хмельницька","Місячна","2015-M11","68"
"Коефіцієнт життєвості","Хмельницька","Місячна","2015-M12","67"
"Коефіцієнт життєвості","Хмельницька","Місячна","2016-M01","59"
"Коефіцієнт життєвості","Хмельницька","Місячна","2016-M02","59"
"Коефіцієнт життєвості","Хмельницька","Місячна","2016-M03","62"
"Коефіцієнт життєвості","Хмельницька","Місячна","2016-M04","63"
"Коефіцієнт життєвості","Хмельницька","Місячна","2016-M05","62"
"Коефіцієнт життєвості","Хмельницька","Місячна","2016-M06","62"
"Коефіцієнт життєвості","Хмельницька","Місячна","2016-M07","64"
"Коефіцієнт життєвості","Хмельницька","Місячна","2016-M08","65"
"Коефіцієнт життєвості","Хмельницька","Місячна","2016-M09","66"
"Коефіцієнт життєвості","Хмельницька","Місячна","2016-M10","66"
"Коефіцієнт життєвості","Хмельницька","Місячна","2016-M11","65"
"Коефіцієнт життєвості","Хмельницька","Місячна","2016-M12","64"
"Коефіцієнт життєвості","Хмельницька","Місячна","2017-M01","51"
"Коефіцієнт життєвості","Хмельницька","Місячна","2017-M02","54"
"Коефіцієнт життєвості","Хмельницька","Місячна","2017-M03","56"
"Коефіцієнт життєвості","Хмельницька","Місячна","2017-M04","56"
"Коефіцієнт життєвості","Хмельницька","Місячна","2017-M05","55"
"Коефіцієнт життєвості","Хмельницька","Місячна","2017-M06","56"
"Коефіцієнт життєвості","Хмельницька","Місячна","2017-M07","58"
"Коефіцієнт життєвості","Хмельницька","Місячна","2017-M08","60"
"Коефіцієнт життєвості","Хмельницька","Місячна","2017-M09","60"
"Коефіцієнт життєвості","Хмельницька","Місячна","2017-M10","60"
"Коефіцієнт життєвості","Хмельницька","Місячна","2017-M11","60"
"Коефіцієнт життєвості","Хмельницька","Місячна","2017-M12","59"
"Коефіцієнт життєвості","Хмельницька","Місячна","2018-M01","51"
"Коефіцієнт життєвості","Хмельницька","Місячна","2018-M02","54"
"Коефіцієнт життєвості","Хмельницька","Місячна","2018-M03","52"
"Коефіцієнт життєвості","Хмельницька","Місячна","2018-M04","53"
"Коефіцієнт життєвості","Хмельницька","Місячна","2018-M05","52"
"Коефіцієнт життєвості","Хмельницька","Місячна","2018-M06","53"
"Коефіцієнт життєвості","Хмельницька","Місячна","2018-M07","54"
"Коефіцієнт життєвості","Хмельницька","Місячна","2018-M08","56"
"Коефіцієнт життєвості","Хмельницька","Місячна","2018-M09","56"
"Коефіцієнт життєвості","Хмельницька","Місячна","2018-M10","57"
"Коефіцієнт життєвості","Хмельницька","Місячна","2018-M11","56"
"Коефіцієнт життєвості","Хмельницька","Місячна","2018-M12","54"
"Коефіцієнт життєвості","Хмельницька","Місячна","2019-M01","44"
"Коефіцієнт життєвості","Хмельницька","Місячна","2019-M02","46"
"Коефіцієнт життєвості","Хмельницька","Місячна","2019-M03","46"
"Коефіцієнт життєвості","Хмельницька","Місячна","2019-M04","46"
"Коефіцієнт життєвості","Хмельницька","Місячна","2019-M05","47"
"Коефіцієнт життєвості","Хмельницька","Місячна","2019-M06","48"
"Коефіцієнт життєвості","Хмельницька","Місячна","2019-M07","49"
"Коефіцієнт життєвості","Хмельницька","Місячна","2019-M08","51"
"Коефіцієнт життєвості","Хмельницька","Місячна","2019-M09","51"
"Коефіцієнт життєвості","Хмельницька","Місячна","2019-M10","51"
"Коефіцієнт життєвості","Хмельницька","Місячна","2019-M11","52"
"Коефіцієнт життєвості","Хмельницька","Місячна","2019-M12","51"
"Коефіцієнт життєвості","Хмельницька","Місячна","2020-M01","51"
"Коефіцієнт життєвості","Хмельницька","Місячна","2020-M02","49"
"Коефіцієнт життєвості","Хмельницька","Місячна","2020-M03","47"
"Коефіцієнт життєвості","Хмельницька","Місячна","2020-M04","47"
"Коефіцієнт життєвості","Хмельницька","Місячна","2020-M05","48"
"Коефіцієнт життєвості","Хмельницька","Місячна","2020-M06","49"
"Коефіцієнт життєвості","Хмельницька","Місячна","2020-M07","51"
"Коефіцієнт життєвості","Хмельницька","Місячна","2020-M08","51"
"Коефіцієнт життєвості","Хмельницька","Місячна","2020-M09","52"
"Коефіцієнт життєвості","Хмельницька","Місячна","2020-M10","51"
"Коефіцієнт життєвості","Хмельницька","Місячна","2020-M11","48"
"Коефіцієнт життєвості","Хмельницька","Місячна","2020-M12","47"
"Коефіцієнт життєвості","Хмельницька","Місячна","2021-M01","37"
"Коефіцієнт життєвості","Хмельницька","Місячна","2021-M02","39"
"Коефіцієнт життєвості","Хмельницька","Місячна","2021-M03","37"
"Коефіцієнт життєвості","Хмельницька","Місячна","2021-M04","35"
"Коефіцієнт життєвості","Хмельницька","Місячна","2021-M05","34"
"Коефіцієнт життєвості","Хмельницька","Місячна","2021-M06","37"
"Коефіцієнт життєвості","Хмельницька","Місячна","2021-M07","39"
"Коефіцієнт життєвості","Хмельницька","Місячна","2021-M08","40"
"Коефіцієнт життєвості","Хмельницька","Місячна","2021-M09","41"
"Коефіцієнт життєвості","Хмельницька","Місячна","2021-M10","40"
"Коефіцієнт життєвості","Хмельницька","Місячна","2021-M11","38"
"Коефіцієнт життєвості","Хмельницька","Місячна","2021-M12","37"
"Коефіцієнт життєвості","Чернігівська","Місячна","2005-M01","29"
"Коефіцієнт життєвості","Чернігівська","Місячна","2005-M02","30"
"Коефіцієнт життєвості","Чернігівська","Місячна","2005-M03","30"
"Коефіцієнт життєвості","Чернігівська","Місячна","2005-M04","31"
"Коефіцієнт життєвості","Чернігівська","Місячна","2005-M05","31"
"Коефіцієнт життєвості","Чернігівська","Місячна","2005-M06","32"
"Коефіцієнт життєвості","Чернігівська","Місячна","2005-M07","33"
"Коефіцієнт життєвості","Чернігівська","Місячна","2005-M08","35"
"Коефіцієнт життєвості","Чернігівська","Місячна","2005-M09","35"
"Коефіцієнт життєвості","Чернігівська","Місячна","2005-M10","35"
"Коефіцієнт життєвості","Чернігівська","Місячна","2005-M11","35"
"Коефіцієнт життєвості","Чернігівська","Місячна","2005-M12","35"
"Коефіцієнт життєвості","Чернігівська","Місячна","2006-M01","27"
"Коефіцієнт життєвості","Чернігівська","Місячна","2006-M02","31"
"Коефіцієнт життєвості","Чернігівська","Місячна","2006-M03","33"
"Коефіцієнт життєвості","Чернігівська","Місячна","2006-M04","34"
"Коефіцієнт життєвості","Чернігівська","Місячна","2006-M05","34"
"Коефіцієнт життєвості","Чернігівська","Місячна","2006-M06","35"
"Коефіцієнт життєвості","Чернігівська","Місячна","2006-M07","36"
"Коефіцієнт життєвості","Чернігівська","Місячна","2006-M08","37"
"Коефіцієнт життєвості","Чернігівська","Місячна","2006-M09","38"
"Коефіцієнт життєвості","Чернігівська","Місячна","2006-M10","38"
"Коефіцієнт життєвості","Чернігівська","Місячна","2006-M11","38"
"Коефіцієнт життєвості","Чернігівська","Місячна","2006-M12","39"
"Коефіцієнт життєвості","Чернігівська","Місячна","2007-M01","35"
"Коефіцієнт життєвості","Чернігівська","Місячна","2007-M02","36"
"Коефіцієнт життєвості","Чернігівська","Місячна","2007-M03","35"
"Коефіцієнт життєвості","Чернігівська","Місячна","2007-M04","35"
"Коефіцієнт життєвості","Чернігівська","Місячна","2007-M05","36"
"Коефіцієнт життєвості","Чернігівська","Місячна","2007-M06","37"
"Коефіцієнт життєвості","Чернігівська","Місячна","2007-M07","38"
"Коефіцієнт життєвості","Чернігівська","Місячна","2007-M08","39"
"Коефіцієнт життєвості","Чернігівська","Місячна","2007-M09","39"
"Коефіцієнт життєвості","Чернігівська","Місячна","2007-M10","40"
"Коефіцієнт життєвості","Чернігівська","Місячна","2007-M11","39"
"Коефіцієнт життєвості","Чернігівська","Місячна","2007-M12","39"
"Коефіцієнт життєвості","Чернігівська","Місячна","2008-M01","31"
"Коефіцієнт життєвості","Чернігівська","Місячна","2008-M02","35"
"Коефіцієнт життєвості","Чернігівська","Місячна","2008-M03","36"
"Коефіцієнт життєвості","Чернігівська","Місячна","2008-M04","37"
"Коефіцієнт життєвості","Чернігівська","Місячна","2008-M05","37"
"Коефіцієнт життєвості","Чернігівська","Місячна","2008-M06","38"
"Коефіцієнт життєвості","Чернігівська","Місячна","2008-M07","39"
"Коефіцієнт життєвості","Чернігівська","Місячна","2008-M08","40"
"Коефіцієнт життєвості","Чернігівська","Місячна","2008-M09","41"
"Коефіцієнт життєвості","Чернігівська","Місячна","2008-M10","42"
"Коефіцієнт життєвості","Чернігівська","Місячна","2008-M11","42"
"Коефіцієнт життєвості","Чернігівська","Місячна","2008-M12","42"
"Коефіцієнт життєвості","Чернігівська","Місячна","2009-M01","42"
"Коефіцієнт життєвості","Чернігівська","Місячна","2009-M02","45"
"Коефіцієнт життєвості","Чернігівська","Місячна","2009-M03","45"
"Коефіцієнт життєвості","Чернігівська","Місячна","2009-M04","44"
"Коефіцієнт життєвості","Чернігівська","Місячна","2009-M05","45"
"Коефіцієнт життєвості","Чернігівська","Місячна","2009-M06","44"
"Коефіцієнт життєвості","Чернігівська","Місячна","2009-M07","47"
"Коефіцієнт життєвості","Чернігівська","Місячна","2009-M08","48"
"Коефіцієнт життєвості","Чернігівська","Місячна","2009-M09","48"
"Коефіцієнт життєвості","Чернігівська","Місячна","2009-M10","48"
"Коефіцієнт життєвості","Чернігівська","Місячна","2009-M11","48"
"Коефіцієнт життєвості","Чернігівська","Місячна","2009-M12","47"
"Коефіцієнт життєвості","Чернігівська","Місячна","2010-M01","40"
"Коефіцієнт життєвості","Чернігівська","Місячна","2010-M02","43"
"Коефіцієнт життєвості","Чернігівська","Місячна","2010-M03","44"
"Коефіцієнт життєвості","Чернігівська","Місячна","2010-M04","45"
"Коефіцієнт життєвості","Чернігівська","Місячна","2010-M05","45"
"Коефіцієнт життєвості","Чернігівська","Місячна","2010-M06","45"
"Коефіцієнт життєвості","Чернігівська","Місячна","2010-M07","46"
"Коефіцієнт життєвості","Чернігівська","Місячна","2010-M08","46"
"Коефіцієнт життєвості","Чернігівська","Місячна","2010-M09","47"
"Коефіцієнт життєвості","Чернігівська","Місячна","2010-M10","47"
"Коефіцієнт життєвості","Чернігівська","Місячна","2010-M11","47"
"Коефіцієнт життєвості","Чернігівська","Місячна","2010-M12","47"
"Коефіцієнт життєвості","Чернігівська","Місячна","2011-M01","41"
"Коефіцієнт життєвості","Чернігівська","Місячна","2011-M02","43"
"Коефіцієнт життєвості","Чернігівська","Місячна","2011-M03","45"
"Коефіцієнт життєвості","Чернігівська","Місячна","2011-M04","44"
"Коефіцієнт життєвості","Чернігівська","Місячна","2011-M05","44"
"Коефіцієнт життєвості","Чернігівська","Місячна","2011-M06","45"
"Коефіцієнт життєвості","Чернігівська","Місячна","2011-M07","47"
"Коефіцієнт життєвості","Чернігівська","Місячна","2011-M08","48"
"Коефіцієнт життєвості","Чернігівська","Місячна","2011-M09","49"
"Коефіцієнт життєвості","Чернігівська","Місячна","2011-M10","49"
"Коефіцієнт життєвості","Чернігівська","Місячна","2011-M11","50"
"Коефіцієнт життєвості","Чернігівська","Місячна","2011-M12","50"
"Коефіцієнт життєвості","Чернігівська","Місячна","2012-M01","44"
"Коефіцієнт життєвості","Чернігівська","Місячна","2012-M02","45"
"Коефіцієнт життєвості","Чернігівська","Місячна","2012-M03","46"
"Коефіцієнт життєвості","Чернігівська","Місячна","2012-M04","46"
"Коефіцієнт життєвості","Чернігівська","Місячна","2012-M05","47"
"Коефіцієнт життєвості","Чернігівська","Місячна","2012-M06","48"
"Коефіцієнт життєвості","Чернігівська","Місячна","2012-M07","49"
"Коефіцієнт життєвості","Чернігівська","Місячна","2012-M08","50"
"Коефіцієнт життєвості","Чернігівська","Місячна","2012-M09","51"
"Коефіцієнт життєвості","Чернігівська","Місячна","2012-M10","51"
"Коефіцієнт життєвості","Чернігівська","Місячна","2012-M11","51"
"Коефіцієнт життєвості","Чернігівська","Місячна","2012-M12","51"
"Коефіцієнт життєвості","Чернігівська","Місячна","2013-M01","47"
"Коефіцієнт життєвості","Чернігівська","Місячна","2013-M02","48"
"Коефіцієнт життєвості","Чернігівська","Місячна","2013-M03","46"
"Коефіцієнт життєвості","Чернігівська","Місячна","2013-M04","45"
"Коефіцієнт життєвості","Чернігівська","Місячна","2013-M05","45"
"Коефіцієнт життєвості","Чернігівська","Місячна","2013-M06","46"
"Коефіцієнт життєвості","Чернігівська","Місячна","2013-M07","47"
"Коефіцієнт життєвості","Чернігівська","Місячна","2013-M08","49"
"Коефіцієнт життєвості","Чернігівська","Місячна","2013-M09","49"
"Коефіцієнт життєвості","Чернігівська","Місячна","2013-M10","50"
"Коефіцієнт життєвості","Чернігівська","Місячна","2013-M11","50"
"Коефіцієнт життєвості","Чернігівська","Місячна","2013-M12","49"
"Коефіцієнт життєвості","Чернігівська","Місячна","2014-M01","45"
"Коефіцієнт життєвості","Чернігівська","Місячна","2014-M02","44"
"Коефіцієнт життєвості","Чернігівська","Місячна","2014-M03","43"
"Коефіцієнт життєвості","Чернігівська","Місячна","2014-M04","43"
"Коефіцієнт життєвості","Чернігівська","Місячна","2014-M05","45"
"Коефіцієнт життєвості","Чернігівська","Місячна","2014-M06","46"
"Коефіцієнт життєвості","Чернігівська","Місячна","2014-M07","47"
"Коефіцієнт життєвості","Чернігівська","Місячна","2014-M08","48"
"Коефіцієнт життєвості","Чернігівська","Місячна","2014-M09","48"
"Коефіцієнт життєвості","Чернігівська","Місячна","2014-M10","48"
"Коефіцієнт життєвості","Чернігівська","Місячна","2014-M11","48"
"Коефіцієнт життєвості","Чернігівська","Місячна","2014-M12","47"
"Коефіцієнт життєвості","Чернігівська","Місячна","2015-M01","41"
"Коефіцієнт життєвості","Чернігівська","Місячна","2015-M02","42"
"Коефіцієнт життєвості","Чернігівська","Місячна","2015-M03","41"
"Коефіцієнт життєвості","Чернігівська","Місячна","2015-M04","41"
"Коефіцієнт життєвості","Чернігівська","Місячна","2015-M05","42"
"Коефіцієнт життєвості","Чернігівська","Місячна","2015-M06","42"
"Коефіцієнт життєвості","Чернігівська","Місячна","2015-M07","44"
"Коефіцієнт життєвості","Чернігівська","Місячна","2015-M08","46"
"Коефіцієнт життєвості","Чернігівська","Місячна","2015-M09","47"
"Коефіцієнт життєвості","Чернігівська","Місячна","2015-M10","46"
"Коефіцієнт життєвості","Чернігівська","Місячна","2015-M11","46"
"Коефіцієнт життєвості","Чернігівська","Місячна","2015-M12","46"
"Коефіцієнт життєвості","Чернігівська","Місячна","2016-M01","40"
"Коефіцієнт життєвості","Чернігівська","Місячна","2016-M02","39"
"Коефіцієнт життєвості","Чернігівська","Місячна","2016-M03","42"
"Коефіцієнт життєвості","Чернігівська","Місячна","2016-M04","42"
"Коефіцієнт життєвості","Чернігівська","Місячна","2016-M05","42"
"Коефіцієнт життєвості","Чернігівська","Місячна","2016-M06","42"
"Коефіцієнт життєвості","Чернігівська","Місячна","2016-M07","44"
"Коефіцієнт життєвості","Чернігівська","Місячна","2016-M08","45"
"Коефіцієнт життєвості","Чернігівська","Місячна","2016-M09","45"
"Коефіцієнт життєвості","Чернігівська","Місячна","2016-M10","45"
"Коефіцієнт життєвості","Чернігівська","Місячна","2016-M11","45"
"Коефіцієнт життєвості","Чернігівська","Місячна","2016-M12","44"
"Коефіцієнт життєвості","Чернігівська","Місячна","2017-M01","30"
"Коефіцієнт життєвості","Чернігівська","Місячна","2017-M02","35"
"Коефіцієнт життєвості","Чернігівська","Місячна","2017-M03","36"
"Коефіцієнт життєвості","Чернігівська","Місячна","2017-M04","35"
"Коефіцієнт життєвості","Чернігівська","Місячна","2017-M05","35"
"Коефіцієнт життєвості","Чернігівська","Місячна","2017-M06","37"
"Коефіцієнт життєвості","Чернігівська","Місячна","2017-M07","38"
"Коефіцієнт життєвості","Чернігівська","Місячна","2017-M08","40"
"Коефіцієнт життєвості","Чернігівська","Місячна","2017-M09","40"
"Коефіцієнт життєвості","Чернігівська","Місячна","2017-M10","40"
"Коефіцієнт життєвості","Чернігівська","Місячна","2017-M11","41"
"Коефіцієнт життєвості","Чернігівська","Місячна","2017-M12","40"
"Коефіцієнт життєвості","Чернігівська","Місячна","2018-M01","34"
"Коефіцієнт життєвості","Чернігівська","Місячна","2018-M02","34"
"Коефіцієнт життєвості","Чернігівська","Місячна","2018-M03","34"
"Коефіцієнт життєвості","Чернігівська","Місячна","2018-M04","34"
"Коефіцієнт життєвості","Чернігівська","Місячна","2018-M05","34"
"Коефіцієнт життєвості","Чернігівська","Місячна","2018-M06","35"
"Коефіцієнт життєвості","Чернігівська","Місячна","2018-M07","35"
"Коефіцієнт життєвості","Чернігівська","Місячна","2018-M08","36"
"Коефіцієнт життєвості","Чернігівська","Місячна","2018-M09","37"
"Коефіцієнт життєвості","Чернігівська","Місячна","2018-M10","37"
"Коефіцієнт життєвості","Чернігівська","Місячна","2018-M11","36"
"Коефіцієнт життєвості","Чернігівська","Місячна","2018-M12","36"
"Коефіцієнт життєвості","Чернігівська","Місячна","2019-M01","26"
"Коефіцієнт життєвості","Чернігівська","Місячна","2019-M02","27"
"Коефіцієнт життєвості","Чернігівська","Місячна","2019-M03","29"
"Коефіцієнт життєвості","Чернігівська","Місячна","2019-M04","29"
"Коефіцієнт життєвості","Чернігівська","Місячна","2019-M05","30"
"Коефіцієнт життєвості","Чернігівська","Місячна","2019-M06","31"
"Коефіцієнт життєвості","Чернігівська","Місячна","2019-M07","32"
"Коефіцієнт життєвості","Чернігівська","Місячна","2019-M08","33"
"Коефіцієнт життєвості","Чернігівська","Місячна","2019-M09","33"
"Коефіцієнт життєвості","Чернігівська","Місячна","2019-M10","33"
"Коефіцієнт життєвості","Чернігівська","Місячна","2019-M11","33"
"Коефіцієнт життєвості","Чернігівська","Місячна","2019-M12","33"
"Коефіцієнт життєвості","Чернігівська","Місячна","2020-M01","34"
"Коефіцієнт життєвості","Чернігівська","Місячна","2020-M02","34"
"Коефіцієнт життєвості","Чернігівська","Місячна","2020-M03","31"
"Коефіцієнт життєвості","Чернігівська","Місячна","2020-M04","31"
"Коефіцієнт життєвості","Чернігівська","Місячна","2020-M05","32"
"Коефіцієнт життєвості","Чернігівська","Місячна","2020-M06","32"
"Коефіцієнт життєвості","Чернігівська","Місячна","2020-M07","33"
"Коефіцієнт життєвості","Чернігівська","Місячна","2020-M08","33"
"Коефіцієнт життєвості","Чернігівська","Місячна","2020-M09","33"
"Коефіцієнт життєвості","Чернігівська","Місячна","2020-M10","33"
"Коефіцієнт життєвості","Чернігівська","Місячна","2020-M11","31"
"Коефіцієнт життєвості","Чернігівська","Місячна","2020-M12","30"
"Коефіцієнт життєвості","Чернігівська","Місячна","2021-M01","22"
"Коефіцієнт життєвості","Чернігівська","Місячна","2021-M02","25"
"Коефіцієнт життєвості","Чернігівська","Місячна","2021-M03","25"
"Коефіцієнт життєвості","Чернігівська","Місячна","2021-M04","24"
"Коефіцієнт життєвості","Чернігівська","Місячна","2021-M05","23"
"Коефіцієнт життєвості","Чернігівська","Місячна","2021-M06","24"
"Коефіцієнт життєвості","Чернігівська","Місячна","2021-M07","26"
"Коефіцієнт життєвості","Чернігівська","Місячна","2021-M08","27"
"Коефіцієнт життєвості","Чернігівська","Місячна","2021-M09","27"
"Коефіцієнт життєвості","Чернігівська","Місячна","2021-M10","27"
"Коефіцієнт життєвості","Чернігівська","Місячна","2021-M11","26"
"Коефіцієнт життєвості","Чернігівська","Місячна","2021-M12","25"
