"Показник","Територіальний розріз","Періодичність","Період","Значення cпостереження"
"Кількість померлих","Україна","Місячна","2005-M01","70462"
"Кількість померлих","Україна","Місячна","2005-M02","140589"
"Кількість померлих","Україна","Місячна","2005-M03","217756"
"Кількість померлих","Україна","Місячна","2005-M04","285868"
"Кількість померлих","Україна","Місячна","2005-M05","354916"
"Кількість померлих","Україна","Місячна","2005-M06","413403"
"Кількість померлих","Україна","Місячна","2005-M07","470594"
"Кількість померлих","Україна","Місячна","2005-M08","530603"
"Кількість померлих","Україна","Місячна","2005-M09","586393"
"Кількість померлих","Україна","Місячна","2005-M10","649076"
"Кількість померлих","Україна","Місячна","2005-M11","715462"
"Кількість померлих","Україна","Місячна","2005-M12","781961"
"Кількість померлих","Україна","Місячна","2006-M01","77309"
"Кількість померлих","Україна","Місячна","2006-M02","142838"
"Кількість померлих","Україна","Місячна","2006-M03","209089"
"Кількість померлих","Україна","Місячна","2006-M04","270178"
"Кількість померлих","Україна","Місячна","2006-M05","337600"
"Кількість померлих","Україна","Місячна","2006-M06","397249"
"Кількість померлих","Україна","Місячна","2006-M07","453681"
"Кількість померлих","Україна","Місячна","2006-M08","511340"
"Кількість померлих","Україна","Місячна","2006-M09","567121"
"Кількість померлих","Україна","Місячна","2006-M10","631403"
"Кількість померлих","Україна","Місячна","2006-M11","696363"
"Кількість померлих","Україна","Місячна","2006-M12","758092"
"Кількість померлих","Україна","Місячна","2007-M01","69837"
"Кількість померлих","Україна","Місячна","2007-M02","132957"
"Кількість померлих","Україна","Місячна","2007-M03","202422"
"Кількість померлих","Україна","Місячна","2007-M04","264721"
"Кількість померлих","Україна","Місячна","2007-M05","332341"
"Кількість померлих","Україна","Місячна","2007-M06","386456"
"Кількість померлих","Україна","Місячна","2007-M07","449286"
"Кількість померлих","Україна","Місячна","2007-M08","507593"
"Кількість померлих","Україна","Місячна","2007-M09","562778"
"Кількість померлих","Україна","Місячна","2007-M10","630291"
"Кількість померлих","Україна","Місячна","2007-M11","697823"
"Кількість померлих","Україна","Місячна","2007-M12","762877"
"Кількість померлих","Україна","Місячна","2008-M01","78929"
"Кількість померлих","Україна","Місячна","2008-M02","142950"
"Кількість померлих","Україна","Місячна","2008-M03","207253"
"Кількість померлих","Україна","Місячна","2008-M04","269004"
"Кількість померлих","Україна","Місячна","2008-M05","335932"
"Кількість померлих","Україна","Місячна","2008-M06","392033"
"Кількість померлих","Україна","Місячна","2008-M07","453540"
"Кількість померлих","Україна","Місячна","2008-M08","509608"
"Кількість померлих","Україна","Місячна","2008-M09","567189"
"Кількість померлих","Україна","Місячна","2008-M10","629984"
"Кількість померлих","Україна","Місячна","2008-M11","689513"
"Кількість померлих","Україна","Місячна","2008-M12","754460"
"Кількість померлих","Україна","Місячна","2009-M01","70788"
"Кількість померлих","Україна","Місячна","2009-M02","127980"
"Кількість померлих","Україна","Місячна","2009-M03","193043"
"Кількість померлих","Україна","Місячна","2009-M04","255029"
"Кількість померлих","Україна","Місячна","2009-M05","313471"
"Кількість померлих","Україна","Місячна","2009-M06","369657"
"Кількість померлих","Україна","Місячна","2009-M07","427005"
"Кількість померлих","Україна","Місячна","2009-M08","477056"
"Кількість померлих","Україна","Місячна","2009-M09","529026"
"Кількість померлих","Україна","Місячна","2009-M10","586854"
"Кількість померлих","Україна","Місячна","2009-M11","643956"
"Кількість померлих","Україна","Місячна","2009-M12","706739"
"Кількість померлих","Україна","Місячна","2010-M01","63895"
"Кількість померлих","Україна","Місячна","2010-M02","121613"
"Кількість померлих","Україна","Місячна","2010-M03","182996"
"Кількість померлих","Україна","Місячна","2010-M04","240577"
"Кількість померлих","Україна","Місячна","2010-M05","295889"
"Кількість померлих","Україна","Місячна","2010-M06","352175"
"Кількість померлих","Україна","Місячна","2010-M07","408941"
"Кількість померлих","Україна","Місячна","2010-M08","472077"
"Кількість померлих","Україна","Місячна","2010-M09","525871"
"Кількість померлих","Україна","Місячна","2010-M10","582864"
"Кількість померлих","Україна","Місячна","2010-M11","638389"
"Кількість померлих","Україна","Місячна","2010-M12","698235"
"Кількість померлих","Україна","Місячна","2011-M01","61034"
"Кількість померлих","Україна","Місячна","2011-M02","116360"
"Кількість померлих","Україна","Місячна","2011-M03","179625"
"Кількість померлих","Україна","Місячна","2011-M04","234961"
"Кількість померлих","Україна","Місячна","2011-M05","292756"
"Кількість померлих","Україна","Місячна","2011-M06","344267"
"Кількість померлих","Україна","Місячна","2011-M07","397533"
"Кількість померлих","Україна","Місячна","2011-M08","448878"
"Кількість померлих","Україна","Місячна","2011-M09","498323"
"Кількість померлих","Україна","Місячна","2011-M10","552845"
"Кількість померлих","Україна","Місячна","2011-M11","609569"
"Кількість померлих","Україна","Місячна","2011-M12","664588"
"Кількість померлих","Україна","Місячна","2012-M01","59381"
"Кількість померлих","Україна","Місячна","2012-M02","118738"
"Кількість померлих","Україна","Місячна","2012-M03","176878"
"Кількість померлих","Україна","Місячна","2012-M04","233298"
"Кількість померлих","Україна","Місячна","2012-M05","290076"
"Кількість померлих","Україна","Місячна","2012-M06","340428"
"Кількість померлих","Україна","Місячна","2012-M07","395628"
"Кількість померлих","Україна","Місячна","2012-M08","447690"
"Кількість померлих","Україна","Місячна","2012-M09","495220"
"Кількість померлих","Україна","Місячна","2012-M10","552149"
"Кількість померлих","Україна","Місячна","2012-M11","606633"
"Кількість померлих","Україна","Місячна","2012-M12","663139"
"Кількість померлих","Україна","Місячна","2013-M01","62739"
"Кількість померлих","Україна","Місячна","2013-M02","114391"
"Кількість померлих","Україна","Місячна","2013-M03","171850"
"Кількість померлих","Україна","Місячна","2013-M04","230964"
"Кількість померлих","Україна","Місячна","2013-M05","287555"
"Кількість померлих","Україна","Місячна","2013-M06","335685"
"Кількість померлих","Україна","Місячна","2013-M07","389664"
"Кількість померлих","Україна","Місячна","2013-M08","439755"
"Кількість померлих","Україна","Місячна","2013-M09","490519"
"Кількість померлих","Україна","Місячна","2013-M10","551184"
"Кількість померлих","Україна","Місячна","2013-M11","604313"
"Кількість померлих","Україна","Місячна","2013-M12","662368"
"Кількість померлих","Україна","Місячна","2014-M01","58396"
"Кількість померлих","Україна","Місячна","2014-M02","113522"
"Кількість померлих","Україна","Місячна","2014-M03","170524"
"Кількість померлих","Україна","Місячна","2014-M04","226858"
"Кількість померлих","Україна","Місячна","2014-M05","280847"
"Кількість померлих","Україна","Місячна","2014-M06","324577"
"Кількість померлих","Україна","Місячна","2014-M07","373656"
"Кількість померлих","Україна","Місячна","2014-M08","420049"
"Кількість померлих","Україна","Місячна","2014-M09","469812"
"Кількість померлих","Україна","Місячна","2014-M10","525227"
"Кількість померлих","Україна","Місячна","2014-M11","575160"
"Кількість померлих","Україна","Місячна","2014-M12","632296"
"Кількість померлих","Україна","Місячна","2015-M01","55287"
"Кількість померлих","Україна","Місячна","2015-M02","105715"
"Кількість померлих","Україна","Місячна","2015-M03","162774"
"Кількість померлих","Україна","Місячна","2015-M04","217288"
"Кількість померлих","Україна","Місячна","2015-M05","267358"
"Кількість померлих","Україна","Місячна","2015-M06","313209"
"Кількість померлих","Україна","Місячна","2015-M07","361500"
"Кількість померлих","Україна","Місячна","2015-M08","404367"
"Кількість померлих","Україна","Місячна","2015-M09","448009"
"Кількість померлих","Україна","Місячна","2015-M10","496928"
"Кількість померлих","Україна","Місячна","2015-M11","544015"
"Кількість померлих","Україна","Місячна","2015-M12","594796"
"Кількість померлих","Україна","Місячна","2016-M01","56236"
"Кількість померлих","Україна","Місячна","2016-M02","105032"
"Кількість померлих","Україна","Місячна","2016-M03","155399"
"Кількість померлих","Україна","Місячна","2016-M04","202909"
"Кількість померлих","Україна","Місячна","2016-M05","252626"
"Кількість померлих","Україна","Місячна","2016-M06","299807"
"Кількість померлих","Україна","Місячна","2016-M07","344292"
"Кількість померлих","Україна","Місячна","2016-M08","389163"
"Кількість померлих","Україна","Місячна","2016-M09","431923"
"Кількість померлих","Україна","Місячна","2016-M10","479917"
"Кількість померлих","Україна","Місячна","2016-M11","529766"
"Кількість померлих","Україна","Місячна","2016-M12","583631"
"Кількість померлих","Україна","Місячна","2017-M01","58151"
"Кількість померлих","Україна","Місячна","2017-M02","105507"
"Кількість померлих","Україна","Місячна","2017-M03","155244"
"Кількість померлих","Україна","Місячна","2017-M04","202294"
"Кількість померлих","Україна","Місячна","2017-M05","253568"
"Кількість померлих","Україна","Місячна","2017-M06","298133"
"Кількість померлих","Україна","Місячна","2017-M07","340699"
"Кількість померлих","Україна","Місячна","2017-M08","386505"
"Кількість померлих","Україна","Місячна","2017-M09","428471"
"Кількість померлих","Україна","Місячна","2017-M10","477525"
"Кількість померлих","Україна","Місячна","2017-M11","525857"
"Кількість померлих","Україна","Місячна","2017-M12","574123"
"Кількість померлих","Україна","Місячна","2018-M01","53851"
"Кількість померлих","Україна","Місячна","2018-M02","100939"
"Кількість померлих","Україна","Місячна","2018-M03","155027"
"Кількість померлих","Україна","Місячна","2018-M04","203594"
"Кількість померлих","Україна","Місячна","2018-M05","254221"
"Кількість померлих","Україна","Місячна","2018-M06","298017"
"Кількість померлих","Україна","Місячна","2018-M07","344367"
"Кількість померлих","Україна","Місячна","2018-M08","389612"
"Кількість померлих","Україна","Місячна","2018-M09","431482"
"Кількість померлих","Україна","Місячна","2018-M10","484481"
"Кількість померлих","Україна","Місячна","2018-M11","535104"
"Кількість померлих","Україна","Місячна","2018-M12","587665"
"Кількість померлих","Україна","Місячна","2019-M01","62196"
"Кількість померлих","Україна","Місячна","2019-M02","110087"
"Кількість померлих","Україна","Місячна","2019-M03","159264"
"Кількість померлих","Україна","Місячна","2019-M04","207143"
"Кількість померлих","Україна","Місячна","2019-M05","260934"
"Кількість померлих","Україна","Місячна","2019-M06","304330"
"Кількість померлих","Україна","Місячна","2019-M07","352260"
"Кількість померлих","Україна","Місячна","2019-M08","394619"
"Кількість померлих","Україна","Місячна","2019-M09","436533"
"Кількість померлих","Україна","Місячна","2019-M10","486778"
"Кількість померлих","Україна","Місячна","2019-M11","533764"
"Кількість померлих","Україна","Місячна","2019-M12","581114"
"Кількість померлих","Україна","Місячна","2020-M01","53610"
"Кількість померлих","Україна","Місячна","2020-M02","100738"
"Кількість померлих","Україна","Місячна","2020-M03","149064"
"Кількість померлих","Україна","Місячна","2020-M04","195287"
"Кількість померлих","Україна","Місячна","2020-M05","239967"
"Кількість померлих","Україна","Місячна","2020-M06","287010"
"Кількість померлих","Україна","Місячна","2020-M07","334307"
"Кількість померлих","Україна","Місячна","2020-M08","378315"
"Кількість померлих","Україна","Місячна","2020-M09","426687"
"Кількість померлих","Україна","Місячна","2020-M10","485734"
"Кількість померлих","Україна","Місячна","2020-M11","549172"
"Кількість померлих","Україна","Місячна","2020-M12","616835"
"Кількість померлих","Україна","Місячна","2021-M01","57721"
"Кількість померлих","Україна","Місячна","2021-M02","109112"
"Кількість померлих","Україна","Місячна","2021-M03","174050"
"Кількість померлих","Україна","Місячна","2021-M04","242671"
"Кількість померлих","Україна","Місячна","2021-M05","299964"
"Кількість померлих","Україна","Місячна","2021-M06","349041"
"Кількість померлих","Україна","Місячна","2021-M07","395892"
"Кількість померлих","Україна","Місячна","2021-M08","439430"
"Кількість померлих","Україна","Місячна","2021-M09","487855"
"Кількість померлих","Україна","Місячна","2021-M10","562137"
"Кількість померлих","Україна","Місячна","2021-M11","649999"
"Кількість померлих","Україна","Місячна","2021-M12","714263"
"Кількість померлих","Україна","Місячна","2022-M01","57248"
"Кількість померлих","Україна","Місячна","2022-M02",""
"Кількість померлих","Україна","Місячна","2022-M03",""
"Кількість померлих","Україна","Місячна","2022-M04",""
"Кількість померлих","Україна","Місячна","2022-M05",""
"Кількість померлих","Україна","Місячна","2022-M06",""
"Кількість померлих","Україна","Місячна","2022-M07",""
"Кількість померлих","Україна","Місячна","2022-M08",""
"Кількість померлих","Україна","Місячна","2022-M09",""
"Кількість померлих","Україна","Місячна","2022-M10",""
"Кількість померлих","Україна","Місячна","2022-M11",""
"Кількість померлих","Україна","Місячна","2022-M12",""
"Кількість померлих","Автономна Республіка Крим","Місячна","2005-M01","2897"
"Кількість померлих","Автономна Республіка Крим","Місячна","2005-M02","5631"
"Кількість померлих","Автономна Республіка Крим","Місячна","2005-M03","8606"
"Кількість померлих","Автономна Республіка Крим","Місячна","2005-M04","11383"
"Кількість померлих","Автономна Республіка Крим","Місячна","2005-M05","14170"
"Кількість померлих","Автономна Республіка Крим","Місячна","2005-M06","16428"
"Кількість померлих","Автономна Республіка Крим","Місячна","2005-M07","18759"
"Кількість померлих","Автономна Республіка Крим","Місячна","2005-M08","21206"
"Кількість померлих","Автономна Республіка Крим","Місячна","2005-M09","23425"
"Кількість померлих","Автономна Республіка Крим","Місячна","2005-M10","25814"
"Кількість померлих","Автономна Республіка Крим","Місячна","2005-M11","28504"
"Кількість померлих","Автономна Республіка Крим","Місячна","2005-M12","31181"
"Кількість померлих","Автономна Республіка Крим","Місячна","2006-M01","3165"
"Кількість померлих","Автономна Республіка Крим","Місячна","2006-M02","5915"
"Кількість померлих","Автономна Республіка Крим","Місячна","2006-M03","8583"
"Кількість померлих","Автономна Республіка Крим","Місячна","2006-M04","10999"
"Кількість померлих","Автономна Республіка Крим","Місячна","2006-M05","13646"
"Кількість померлих","Автономна Республіка Крим","Місячна","2006-M06","16058"
"Кількість померлих","Автономна Республіка Крим","Місячна","2006-M07","18394"
"Кількість померлих","Автономна Республіка Крим","Місячна","2006-M08","20859"
"Кількість померлих","Автономна Республіка Крим","Місячна","2006-M09","22956"
"Кількість померлих","Автономна Республіка Крим","Місячна","2006-M10","25412"
"Кількість померлих","Автономна Республіка Крим","Місячна","2006-M11","28119"
"Кількість померлих","Автономна Республіка Крим","Місячна","2006-M12","30579"
"Кількість померлих","Автономна Республіка Крим","Місячна","2007-M01","2978"
"Кількість померлих","Автономна Республіка Крим","Місячна","2007-M02","5423"
"Кількість померлих","Автономна Республіка Крим","Місячна","2007-M03","8250"
"Кількість померлих","Автономна Республіка Крим","Місячна","2007-M04","10886"
"Кількість померлих","Автономна Республіка Крим","Місячна","2007-M05","13488"
"Кількість померлих","Автономна Республіка Крим","Місячна","2007-M06","15669"
"Кількість померлих","Автономна Республіка Крим","Місячна","2007-M07","18402"
"Кількість померлих","Автономна Республіка Крим","Місячна","2007-M08","20933"
"Кількість померлих","Автономна Республіка Крим","Місячна","2007-M09","23204"
"Кількість померлих","Автономна Республіка Крим","Місячна","2007-M10","25778"
"Кількість померлих","Автономна Республіка Крим","Місячна","2007-M11","28602"
"Кількість померлих","Автономна Республіка Крим","Місячна","2007-M12","31253"
"Кількість померлих","Автономна Республіка Крим","Місячна","2008-M01","3319"
"Кількість померлих","Автономна Республіка Крим","Місячна","2008-M02","6121"
"Кількість померлих","Автономна Республіка Крим","Місячна","2008-M03","8694"
"Кількість померлих","Автономна Республіка Крим","Місячна","2008-M04","11172"
"Кількість померлих","Автономна Республіка Крим","Місячна","2008-M05","13803"
"Кількість померлих","Автономна Республіка Крим","Місячна","2008-M06","16012"
"Кількість померлих","Автономна Республіка Крим","Місячна","2008-M07","18519"
"Кількість померлих","Автономна Республіка Крим","Місячна","2008-M08","20938"
"Кількість померлих","Автономна Республіка Крим","Місячна","2008-M09","23112"
"Кількість померлих","Автономна Республіка Крим","Місячна","2008-M10","25584"
"Кількість померлих","Автономна Республіка Крим","Місячна","2008-M11","28007"
"Кількість померлих","Автономна Республіка Крим","Місячна","2008-M12","30635"
"Кількість померлих","Автономна Республіка Крим","Місячна","2009-M01","2918"
"Кількість померлих","Автономна Республіка Крим","Місячна","2009-M02","5116"
"Кількість померлих","Автономна Республіка Крим","Місячна","2009-M03","7695"
"Кількість померлих","Автономна Республіка Крим","Місячна","2009-M04","10184"
"Кількість померлих","Автономна Республіка Крим","Місячна","2009-M05","12491"
"Кількість померлих","Автономна Республіка Крим","Місячна","2009-M06","14756"
"Кількість померлих","Автономна Республіка Крим","Місячна","2009-M07","17227"
"Кількість померлих","Автономна Республіка Крим","Місячна","2009-M08","19349"
"Кількість померлих","Автономна Республіка Крим","Місячна","2009-M09","21461"
"Кількість померлих","Автономна Республіка Крим","Місячна","2009-M10","23674"
"Кількість померлих","Автономна Республіка Крим","Місячна","2009-M11","25975"
"Кількість померлих","Автономна Республіка Крим","Місячна","2009-M12","28501"
"Кількість померлих","Автономна Республіка Крим","Місячна","2010-M01","2453"
"Кількість померлих","Автономна Республіка Крим","Місячна","2010-M02","4698"
"Кількість померлих","Автономна Республіка Крим","Місячна","2010-M03","7198"
"Кількість померлих","Автономна Республіка Крим","Місячна","2010-M04","9542"
"Кількість померлих","Автономна Республіка Крим","Місячна","2010-M05","11801"
"Кількість померлих","Автономна Республіка Крим","Місячна","2010-M06","14096"
"Кількість померлих","Автономна Республіка Крим","Місячна","2010-M07","16397"
"Кількість померлих","Автономна Республіка Крим","Місячна","2010-M08","19344"
"Кількість померлих","Автономна Республіка Крим","Місячна","2010-M09","21490"
"Кількість померлих","Автономна Республіка Крим","Місячна","2010-M10","23732"
"Кількість померлих","Автономна Республіка Крим","Місячна","2010-M11","26143"
"Кількість померлих","Автономна Республіка Крим","Місячна","2010-M12","28475"
"Кількість померлих","Автономна Республіка Крим","Місячна","2011-M01","2422"
"Кількість померлих","Автономна Республіка Крим","Місячна","2011-M02","4784"
"Кількість померлих","Автономна Республіка Крим","Місячна","2011-M03","7498"
"Кількість померлих","Автономна Республіка Крим","Місячна","2011-M04","9860"
"Кількість померлих","Автономна Республіка Крим","Місячна","2011-M05","12248"
"Кількість померлих","Автономна Республіка Крим","Місячна","2011-M06","14436"
"Кількість померлих","Автономна Республіка Крим","Місячна","2011-M07","16676"
"Кількість померлих","Автономна Республіка Крим","Місячна","2011-M08","18874"
"Кількість померлих","Автономна Республіка Крим","Місячна","2011-M09","20901"
"Кількість померлих","Автономна Республіка Крим","Місячна","2011-M10","23037"
"Кількість померлих","Автономна Республіка Крим","Місячна","2011-M11","25352"
"Кількість померлих","Автономна Республіка Крим","Місячна","2011-M12","27539"
"Кількість померлих","Автономна Республіка Крим","Місячна","2012-M01","2418"
"Кількість померлих","Автономна Республіка Крим","Місячна","2012-M02","4866"
"Кількість померлих","Автономна Республіка Крим","Місячна","2012-M03","7241"
"Кількість померлих","Автономна Республіка Крим","Місячна","2012-M04","9596"
"Кількість померлих","Автономна Республіка Крим","Місячна","2012-M05","11817"
"Кількість померлих","Автономна Республіка Крим","Місячна","2012-M06","13896"
"Кількість померлих","Автономна Республіка Крим","Місячна","2012-M07","16044"
"Кількість померлих","Автономна Республіка Крим","Місячна","2012-M08","18265"
"Кількість померлих","Автономна Республіка Крим","Місячна","2012-M09","20230"
"Кількість померлих","Автономна Республіка Крим","Місячна","2012-M10","22425"
"Кількість померлих","Автономна Республіка Крим","Місячна","2012-M11","24646"
"Кількість померлих","Автономна Республіка Крим","Місячна","2012-M12","26945"
"Кількість померлих","Автономна Республіка Крим","Місячна","2013-M01","2541"
"Кількість померлих","Автономна Республіка Крим","Місячна","2013-M02","4557"
"Кількість померлих","Автономна Республіка Крим","Місячна","2013-M03","6826"
"Кількість померлих","Автономна Республіка Крим","Місячна","2013-M04","9202"
"Кількість померлих","Автономна Республіка Крим","Місячна","2013-M05","11497"
"Кількість померлих","Автономна Республіка Крим","Місячна","2013-M06","13442"
"Кількість померлих","Автономна Республіка Крим","Місячна","2013-M07","15730"
"Кількість померлих","Автономна Республіка Крим","Місячна","2013-M08","17820"
"Кількість померлих","Автономна Республіка Крим","Місячна","2013-M09","19892"
"Кількість померлих","Автономна Республіка Крим","Місячна","2013-M10","22390"
"Кількість померлих","Автономна Республіка Крим","Місячна","2013-M11","24574"
"Кількість померлих","Автономна Республіка Крим","Місячна","2013-M12","27028"
"Кількість померлих","Автономна Республіка Крим","Місячна","2014-M01",""
"Кількість померлих","Автономна Республіка Крим","Місячна","2014-M02",""
"Кількість померлих","Автономна Республіка Крим","Місячна","2014-M03",""
"Кількість померлих","Автономна Республіка Крим","Місячна","2014-M04",""
"Кількість померлих","Автономна Республіка Крим","Місячна","2014-M05",""
"Кількість померлих","Автономна Республіка Крим","Місячна","2014-M06",""
"Кількість померлих","Автономна Республіка Крим","Місячна","2014-M07",""
"Кількість померлих","Автономна Республіка Крим","Місячна","2014-M08",""
"Кількість померлих","Автономна Республіка Крим","Місячна","2014-M09",""
"Кількість померлих","Автономна Республіка Крим","Місячна","2014-M10",""
"Кількість померлих","Автономна Республіка Крим","Місячна","2014-M11",""
"Кількість померлих","Автономна Республіка Крим","Місячна","2014-M12",""
"Кількість померлих","Автономна Республіка Крим","Місячна","2015-M01",""
"Кількість померлих","Автономна Республіка Крим","Місячна","2015-M02",""
"Кількість померлих","Автономна Республіка Крим","Місячна","2015-M03",""
"Кількість померлих","Автономна Республіка Крим","Місячна","2015-M04",""
"Кількість померлих","Автономна Республіка Крим","Місячна","2015-M05",""
"Кількість померлих","Автономна Республіка Крим","Місячна","2015-M06",""
"Кількість померлих","Автономна Республіка Крим","Місячна","2015-M07",""
"Кількість померлих","Автономна Республіка Крим","Місячна","2015-M08",""
"Кількість померлих","Автономна Республіка Крим","Місячна","2015-M09",""
"Кількість померлих","Автономна Республіка Крим","Місячна","2015-M10",""
"Кількість померлих","Автономна Республіка Крим","Місячна","2015-M11",""
"Кількість померлих","Автономна Республіка Крим","Місячна","2015-M12",""
"Кількість померлих","Автономна Республіка Крим","Місячна","2016-M01",""
"Кількість померлих","Автономна Республіка Крим","Місячна","2016-M02",""
"Кількість померлих","Автономна Республіка Крим","Місячна","2016-M03",""
"Кількість померлих","Автономна Республіка Крим","Місячна","2016-M04",""
"Кількість померлих","Автономна Республіка Крим","Місячна","2016-M05",""
"Кількість померлих","Автономна Республіка Крим","Місячна","2016-M06",""
"Кількість померлих","Автономна Республіка Крим","Місячна","2016-M07",""
"Кількість померлих","Автономна Республіка Крим","Місячна","2016-M08",""
"Кількість померлих","Автономна Республіка Крим","Місячна","2016-M09",""
"Кількість померлих","Автономна Республіка Крим","Місячна","2016-M10",""
"Кількість померлих","Автономна Республіка Крим","Місячна","2016-M11",""
"Кількість померлих","Автономна Республіка Крим","Місячна","2016-M12",""
"Кількість померлих","Автономна Республіка Крим","Місячна","2017-M01",""
"Кількість померлих","Автономна Республіка Крим","Місячна","2017-M02",""
"Кількість померлих","Автономна Республіка Крим","Місячна","2017-M03",""
"Кількість померлих","Автономна Республіка Крим","Місячна","2017-M04",""
"Кількість померлих","Автономна Республіка Крим","Місячна","2017-M05",""
"Кількість померлих","Автономна Республіка Крим","Місячна","2017-M06",""
"Кількість померлих","Автономна Республіка Крим","Місячна","2017-M07",""
"Кількість померлих","Автономна Республіка Крим","Місячна","2017-M08",""
"Кількість померлих","Автономна Республіка Крим","Місячна","2017-M09",""
"Кількість померлих","Автономна Республіка Крим","Місячна","2017-M10",""
"Кількість померлих","Автономна Республіка Крим","Місячна","2017-M11",""
"Кількість померлих","Автономна Республіка Крим","Місячна","2017-M12",""
"Кількість померлих","Автономна Республіка Крим","Місячна","2018-M01",""
"Кількість померлих","Автономна Республіка Крим","Місячна","2018-M02",""
"Кількість померлих","Автономна Республіка Крим","Місячна","2018-M03",""
"Кількість померлих","Автономна Республіка Крим","Місячна","2018-M04",""
"Кількість померлих","Автономна Республіка Крим","Місячна","2018-M05",""
"Кількість померлих","Автономна Республіка Крим","Місячна","2018-M06",""
"Кількість померлих","Автономна Республіка Крим","Місячна","2018-M07",""
"Кількість померлих","Автономна Республіка Крим","Місячна","2018-M08",""
"Кількість померлих","Автономна Республіка Крим","Місячна","2018-M09",""
"Кількість померлих","Автономна Республіка Крим","Місячна","2018-M10",""
"Кількість померлих","Автономна Республіка Крим","Місячна","2018-M11",""
"Кількість померлих","Автономна Республіка Крим","Місячна","2018-M12",""
"Кількість померлих","Автономна Республіка Крим","Місячна","2019-M01",""
"Кількість померлих","Автономна Республіка Крим","Місячна","2019-M02",""
"Кількість померлих","Автономна Республіка Крим","Місячна","2019-M03",""
"Кількість померлих","Автономна Республіка Крим","Місячна","2019-M04",""
"Кількість померлих","Автономна Республіка Крим","Місячна","2019-M05",""
"Кількість померлих","Автономна Республіка Крим","Місячна","2019-M06",""
"Кількість померлих","Автономна Республіка Крим","Місячна","2019-M07",""
"Кількість померлих","Автономна Республіка Крим","Місячна","2019-M08",""
"Кількість померлих","Автономна Республіка Крим","Місячна","2019-M09",""
"Кількість померлих","Автономна Республіка Крим","Місячна","2019-M10",""
"Кількість померлих","Автономна Республіка Крим","Місячна","2019-M11",""
"Кількість померлих","Автономна Республіка Крим","Місячна","2019-M12",""
"Кількість померлих","Автономна Республіка Крим","Місячна","2020-M01",""
"Кількість померлих","Автономна Республіка Крим","Місячна","2020-M02",""
"Кількість померлих","Автономна Республіка Крим","Місячна","2020-M03",""
"Кількість померлих","Автономна Республіка Крим","Місячна","2020-M04",""
"Кількість померлих","Автономна Республіка Крим","Місячна","2020-M05",""
"Кількість померлих","Автономна Республіка Крим","Місячна","2020-M06",""
"Кількість померлих","Автономна Республіка Крим","Місячна","2020-M07",""
"Кількість померлих","Автономна Республіка Крим","Місячна","2020-M08",""
"Кількість померлих","Автономна Республіка Крим","Місячна","2020-M09",""
"Кількість померлих","Автономна Республіка Крим","Місячна","2020-M10",""
"Кількість померлих","Автономна Республіка Крим","Місячна","2020-M11",""
"Кількість померлих","Автономна Республіка Крим","Місячна","2020-M12",""
"Кількість померлих","Автономна Республіка Крим","Місячна","2021-M01",""
"Кількість померлих","Автономна Республіка Крим","Місячна","2021-M02",""
"Кількість померлих","Автономна Республіка Крим","Місячна","2021-M03",""
"Кількість померлих","Автономна Республіка Крим","Місячна","2021-M04",""
"Кількість померлих","Автономна Республіка Крим","Місячна","2021-M05",""
"Кількість померлих","Автономна Республіка Крим","Місячна","2021-M06",""
"Кількість померлих","Автономна Республіка Крим","Місячна","2021-M07",""
"Кількість померлих","Автономна Республіка Крим","Місячна","2021-M08",""
"Кількість померлих","Автономна Республіка Крим","Місячна","2021-M09",""
"Кількість померлих","Автономна Республіка Крим","Місячна","2021-M10",""
"Кількість померлих","Автономна Республіка Крим","Місячна","2021-M11",""
"Кількість померлих","Автономна Республіка Крим","Місячна","2021-M12",""
"Кількість померлих","Автономна Республіка Крим","Місячна","2022-M01",""
"Кількість померлих","Автономна Республіка Крим","Місячна","2022-M02",""
"Кількість померлих","Автономна Республіка Крим","Місячна","2022-M03",""
"Кількість померлих","Автономна Республіка Крим","Місячна","2022-M04",""
"Кількість померлих","Автономна Республіка Крим","Місячна","2022-M05",""
"Кількість померлих","Автономна Республіка Крим","Місячна","2022-M06",""
"Кількість померлих","Автономна Республіка Крим","Місячна","2022-M07",""
"Кількість померлих","Автономна Республіка Крим","Місячна","2022-M08",""
"Кількість померлих","Автономна Республіка Крим","Місячна","2022-M09",""
"Кількість померлих","Автономна Республіка Крим","Місячна","2022-M10",""
"Кількість померлих","Автономна Республіка Крим","Місячна","2022-M11",""
"Кількість померлих","Автономна Республіка Крим","Місячна","2022-M12",""
"Кількість померлих","Вінницька","Місячна","2005-M01","2732"
"Кількість померлих","Вінницька","Місячна","2005-M02","5626"
"Кількість померлих","Вінницька","Місячна","2005-M03","8787"
"Кількість померлих","Вінницька","Місячна","2005-M04","11471"
"Кількість померлих","Вінницька","Місячна","2005-M05","14131"
"Кількість померлих","Вінницька","Місячна","2005-M06","16416"
"Кількість померлих","Вінницька","Місячна","2005-M07","18661"
"Кількість померлих","Вінницька","Місячна","2005-M08","21070"
"Кількість померлих","Вінницька","Місячна","2005-M09","23221"
"Кількість померлих","Вінницька","Місячна","2005-M10","25611"
"Кількість померлих","Вінницька","Місячна","2005-M11","28285"
"Кількість померлих","Вінницька","Місячна","2005-M12","30957"
"Кількість померлих","Вінницька","Місячна","2006-M01","3056"
"Кількість померлих","Вінницька","Місячна","2006-M02","5669"
"Кількість померлих","Вінницька","Місячна","2006-M03","8282"
"Кількість померлих","Вінницька","Місячна","2006-M04","10681"
"Кількість померлих","Вінницька","Місячна","2006-M05","13281"
"Кількість померлих","Вінницька","Місячна","2006-M06","15568"
"Кількість померлих","Вінницька","Місячна","2006-M07","17734"
"Кількість померлих","Вінницька","Місячна","2006-M08","19836"
"Кількість померлих","Вінницька","Місячна","2006-M09","21984"
"Кількість померлих","Вінницька","Місячна","2006-M10","24452"
"Кількість померлих","Вінницька","Місячна","2006-M11","27002"
"Кількість померлих","Вінницька","Місячна","2006-M12","29315"
"Кількість померлих","Вінницька","Місячна","2007-M01","2699"
"Кількість померлих","Вінницька","Місячна","2007-M02","5052"
"Кількість померлих","Вінницька","Місячна","2007-M03","7845"
"Кількість померлих","Вінницька","Місячна","2007-M04","10240"
"Кількість померлих","Вінницька","Місячна","2007-M05","12768"
"Кількість померлих","Вінницька","Місячна","2007-M06","14815"
"Кількість померлих","Вінницька","Місячна","2007-M07","17297"
"Кількість померлих","Вінницька","Місячна","2007-M08","19398"
"Кількість померлих","Вінницька","Місячна","2007-M09","21488"
"Кількість померлих","Вінницька","Місячна","2007-M10","24198"
"Кількість померлих","Вінницька","Місячна","2007-M11","26859"
"Кількість померлих","Вінницька","Місячна","2007-M12","29428"
"Кількість померлих","Вінницька","Місячна","2008-M01","3076"
"Кількість померлих","Вінницька","Місячна","2008-M02","5458"
"Кількість померлих","Вінницька","Місячна","2008-M03","7965"
"Кількість померлих","Вінницька","Місячна","2008-M04","10189"
"Кількість померлих","Вінницька","Місячна","2008-M05","12831"
"Кількість померлих","Вінницька","Місячна","2008-M06","14989"
"Кількість померлих","Вінницька","Місячна","2008-M07","17188"
"Кількість померлих","Вінницька","Місячна","2008-M08","19154"
"Кількість померлих","Вінницька","Місячна","2008-M09","21292"
"Кількість померлих","Вінницька","Місячна","2008-M10","23678"
"Кількість померлих","Вінницька","Місячна","2008-M11","26035"
"Кількість померлих","Вінницька","Місячна","2008-M12","28492"
"Кількість померлих","Вінницька","Місячна","2009-M01","2583"
"Кількість померлих","Вінницька","Місячна","2009-M02","4732"
"Кількість померлих","Вінницька","Місячна","2009-M03","7180"
"Кількість померлих","Вінницька","Місячна","2009-M04","9604"
"Кількість померлих","Вінницька","Місячна","2009-M05","11862"
"Кількість померлих","Вінницька","Місячна","2009-M06","14000"
"Кількість померлих","Вінницька","Місячна","2009-M07","16092"
"Кількість померлих","Вінницька","Місячна","2009-M08","18032"
"Кількість померлих","Вінницька","Місячна","2009-M09","20005"
"Кількість померлих","Вінницька","Місячна","2009-M10","22289"
"Кількість померлих","Вінницька","Місячна","2009-M11","24560"
"Кількість померлих","Вінницька","Місячна","2009-M12","26873"
"Кількість померлих","Вінницька","Місячна","2010-M01","2539"
"Кількість померлих","Вінницька","Місячна","2010-M02","4706"
"Кількість померлих","Вінницька","Місячна","2010-M03","7064"
"Кількість померлих","Вінницька","Місячна","2010-M04","9252"
"Кількість померлих","Вінницька","Місячна","2010-M05","11362"
"Кількість померлих","Вінницька","Місячна","2010-M06","13417"
"Кількість померлих","Вінницька","Місячна","2010-M07","15572"
"Кількість померлих","Вінницька","Місячна","2010-M08","17589"
"Кількість померлих","Вінницька","Місячна","2010-M09","19763"
"Кількість померлих","Вінницька","Місячна","2010-M10","22012"
"Кількість померлих","Вінницька","Місячна","2010-M11","24191"
"Кількість померлих","Вінницька","Місячна","2010-M12","26528"
"Кількість померлих","Вінницька","Місячна","2011-M01","2399"
"Кількість померлих","Вінницька","Місячна","2011-M02","4407"
"Кількість померлих","Вінницька","Місячна","2011-M03","6818"
"Кількість померлих","Вінницька","Місячна","2011-M04","8866"
"Кількість померлих","Вінницька","Місячна","2011-M05","11057"
"Кількість померлих","Вінницька","Місячна","2011-M06","13062"
"Кількість померлих","Вінницька","Місячна","2011-M07","14989"
"Кількість померлих","Вінницька","Місячна","2011-M08","16919"
"Кількість померлих","Вінницька","Місячна","2011-M09","18738"
"Кількість померлих","Вінницька","Місячна","2011-M10","20886"
"Кількість померлих","Вінницька","Місячна","2011-M11","23189"
"Кількість померлих","Вінницька","Місячна","2011-M12","25376"
"Кількість померлих","Вінницька","Місячна","2012-M01","2195"
"Кількість померлих","Вінницька","Місячна","2012-M02","4445"
"Кількість померлих","Вінницька","Місячна","2012-M03","6725"
"Кількість померлих","Вінницька","Місячна","2012-M04","8928"
"Кількість померлих","Вінницька","Місячна","2012-M05","11088"
"Кількість померлих","Вінницька","Місячна","2012-M06","12941"
"Кількість померлих","Вінницька","Місячна","2012-M07","14975"
"Кількість померлих","Вінницька","Місячна","2012-M08","16896"
"Кількість померлих","Вінницька","Місячна","2012-M09","18678"
"Кількість померлих","Вінницька","Місячна","2012-M10","20865"
"Кількість померлих","Вінницька","Місячна","2012-M11","23017"
"Кількість померлих","Вінницька","Місячна","2012-M12","25158"
"Кількість померлих","Вінницька","Місячна","2013-M01","2487"
"Кількість померлих","Вінницька","Місячна","2013-M02","4527"
"Кількість померлих","Вінницька","Місячна","2013-M03","6634"
"Кількість померлих","Вінницька","Місячна","2013-M04","8897"
"Кількість померлих","Вінницька","Місячна","2013-M05","11067"
"Кількість померлих","Вінницька","Місячна","2013-M06","12971"
"Кількість померлих","Вінницька","Місячна","2013-M07","14995"
"Кількість померлих","Вінницька","Місячна","2013-M08","16879"
"Кількість померлих","Вінницька","Місячна","2013-M09","18802"
"Кількість померлих","Вінницька","Місячна","2013-M10","21216"
"Кількість померлих","Вінницька","Місячна","2013-M11","23239"
"Кількість померлих","Вінницька","Місячна","2013-M12","25453"
"Кількість померлих","Вінницька","Місячна","2014-M01","2348"
"Кількість померлих","Вінницька","Місячна","2014-M02","4573"
"Кількість померлих","Вінницька","Місячна","2014-M03","6885"
"Кількість померлих","Вінницька","Місячна","2014-M04","9137"
"Кількість померлих","Вінницька","Місячна","2014-M05","11286"
"Кількість померлих","Вінницька","Місячна","2014-M06","13057"
"Кількість померлих","Вінницька","Місячна","2014-M07","15124"
"Кількість померлих","Вінницька","Місячна","2014-M08","16990"
"Кількість померлих","Вінницька","Місячна","2014-M09","19041"
"Кількість померлих","Вінницька","Місячна","2014-M10","21290"
"Кількість померлих","Вінницька","Місячна","2014-M11","23397"
"Кількість померлих","Вінницька","Місячна","2014-M12","25567"
"Кількість померлих","Вінницька","Місячна","2015-M01","2443"
"Кількість померлих","Вінницька","Місячна","2015-M02","4586"
"Кількість померлих","Вінницька","Місячна","2015-M03","6990"
"Кількість померлих","Вінницька","Місячна","2015-M04","9442"
"Кількість померлих","Вінницька","Місячна","2015-M05","11566"
"Кількість померлих","Вінницька","Місячна","2015-M06","13498"
"Кількість померлих","Вінницька","Місячна","2015-M07","15521"
"Кількість померлих","Вінницька","Місячна","2015-M08","17218"
"Кількість померлих","Вінницька","Місячна","2015-M09","19102"
"Кількість померлих","Вінницька","Місячна","2015-M10","21184"
"Кількість померлих","Вінницька","Місячна","2015-M11","23237"
"Кількість померлих","Вінницька","Місячна","2015-M12","25523"
"Кількість померлих","Вінницька","Місячна","2016-M01","2422"
"Кількість померлих","Вінницька","Місячна","2016-M02","4439"
"Кількість померлих","Вінницька","Місячна","2016-M03","6566"
"Кількість померлих","Вінницька","Місячна","2016-M04","8589"
"Кількість померлих","Вінницька","Місячна","2016-M05","10654"
"Кількість померлих","Вінницька","Місячна","2016-M06","12732"
"Кількість померлих","Вінницька","Місячна","2016-M07","14528"
"Кількість померлих","Вінницька","Місячна","2016-M08","16454"
"Кількість померлих","Вінницька","Місячна","2016-M09","18305"
"Кількість померлих","Вінницька","Місячна","2016-M10","20398"
"Кількість померлих","Вінницька","Місячна","2016-M11","22521"
"Кількість померлих","Вінницька","Місячна","2016-M12","24617"
"Кількість померлих","Вінницька","Місячна","2017-M01","2487"
"Кількість померлих","Вінницька","Місячна","2017-M02","4548"
"Кількість померлих","Вінницька","Місячна","2017-M03","6600"
"Кількість померлих","Вінницька","Місячна","2017-M04","8558"
"Кількість померлих","Вінницька","Місячна","2017-M05","10751"
"Кількість померлих","Вінницька","Місячна","2017-M06","12680"
"Кількість померлих","Вінницька","Місячна","2017-M07","14446"
"Кількість померлих","Вінницька","Місячна","2017-M08","16268"
"Кількість померлих","Вінницька","Місячна","2017-M09","17963"
"Кількість померлих","Вінницька","Місячна","2017-M10","19998"
"Кількість померлих","Вінницька","Місячна","2017-M11","22088"
"Кількість померлих","Вінницька","Місячна","2017-M12","24066"
"Кількість померлих","Вінницька","Місячна","2018-M01","2334"
"Кількість померлих","Вінницька","Місячна","2018-M02","4329"
"Кількість померлих","Вінницька","Місячна","2018-M03","6571"
"Кількість померлих","Вінницька","Місячна","2018-M04","8562"
"Кількість померлих","Вінницька","Місячна","2018-M05","10614"
"Кількість померлих","Вінницька","Місячна","2018-M06","12364"
"Кількість померлих","Вінницька","Місячна","2018-M07","14272"
"Кількість померлих","Вінницька","Місячна","2018-M08","16143"
"Кількість померлих","Вінницька","Місячна","2018-M09","17891"
"Кількість померлих","Вінницька","Місячна","2018-M10","20120"
"Кількість померлих","Вінницька","Місячна","2018-M11","22249"
"Кількість померлих","Вінницька","Місячна","2018-M12","24341"
"Кількість померлих","Вінницька","Місячна","2019-M01","2769"
"Кількість померлих","Вінницька","Місячна","2019-M02","4799"
"Кількість померлих","Вінницька","Місячна","2019-M03","6855"
"Кількість померлих","Вінницька","Місячна","2019-M04","8729"
"Кількість померлих","Вінницька","Місячна","2019-M05","10990"
"Кількість померлих","Вінницька","Місячна","2019-M06","12697"
"Кількість померлих","Вінницька","Місячна","2019-M07","14706"
"Кількість померлих","Вінницька","Місячна","2019-M08","16435"
"Кількість померлих","Вінницька","Місячна","2019-M09","18164"
"Кількість померлих","Вінницька","Місячна","2019-M10","20325"
"Кількість померлих","Вінницька","Місячна","2019-M11","22193"
"Кількість померлих","Вінницька","Місячна","2019-M12","24132"
"Кількість померлих","Вінницька","Місячна","2020-M01","2286"
"Кількість померлих","Вінницька","Місячна","2020-M02","4252"
"Кількість померлих","Вінницька","Місячна","2020-M03","6226"
"Кількість померлих","Вінницька","Місячна","2020-M04","8164"
"Кількість померлих","Вінницька","Місячна","2020-M05","10012"
"Кількість померлих","Вінницька","Місячна","2020-M06","11982"
"Кількість померлих","Вінницька","Місячна","2020-M07","13991"
"Кількість померлих","Вінницька","Місячна","2020-M08","15758"
"Кількість померлих","Вінницька","Місячна","2020-M09","17766"
"Кількість померлих","Вінницька","Місячна","2020-M10","20133"
"Кількість померлих","Вінницька","Місячна","2020-M11","22785"
"Кількість померлих","Вінницька","Місячна","2020-M12","25379"
"Кількість померлих","Вінницька","Місячна","2021-M01","2260"
"Кількість померлих","Вінницька","Місячна","2021-M02","4415"
"Кількість померлих","Вінницька","Місячна","2021-M03","7375"
"Кількість померлих","Вінницька","Місячна","2021-M04","10133"
"Кількість померлих","Вінницька","Місячна","2021-M05","12299"
"Кількість померлих","Вінницька","Місячна","2021-M06","14235"
"Кількість померлих","Вінницька","Місячна","2021-M07","16096"
"Кількість померлих","Вінницька","Місячна","2021-M08","17758"
"Кількість померлих","Вінницька","Місячна","2021-M09","19621"
"Кількість померлих","Вінницька","Місячна","2021-M10","21990"
"Кількість померлих","Вінницька","Місячна","2021-M11","25008"
"Кількість померлих","Вінницька","Місячна","2021-M12","27679"
"Кількість померлих","Вінницька","Місячна","2022-M01","2588"
"Кількість померлих","Вінницька","Місячна","2022-M02",""
"Кількість померлих","Вінницька","Місячна","2022-M03",""
"Кількість померлих","Вінницька","Місячна","2022-M04",""
"Кількість померлих","Вінницька","Місячна","2022-M05",""
"Кількість померлих","Вінницька","Місячна","2022-M06",""
"Кількість померлих","Вінницька","Місячна","2022-M07",""
"Кількість померлих","Вінницька","Місячна","2022-M08",""
"Кількість померлих","Вінницька","Місячна","2022-M09",""
"Кількість померлих","Вінницька","Місячна","2022-M10",""
"Кількість померлих","Вінницька","Місячна","2022-M11",""
"Кількість померлих","Вінницька","Місячна","2022-M12",""
"Кількість померлих","Волинська","Місячна","2005-M01","1466"
"Кількість померлих","Волинська","Місячна","2005-M02","2807"
"Кількість померлих","Волинська","Місячна","2005-M03","4416"
"Кількість померлих","Волинська","Місячна","2005-M04","5693"
"Кількість померлих","Волинська","Місячна","2005-M05","7161"
"Кількість померлих","Волинська","Місячна","2005-M06","8388"
"Кількість померлих","Волинська","Місячна","2005-M07","9546"
"Кількість померлих","Волинська","Місячна","2005-M08","10731"
"Кількість померлих","Волинська","Місячна","2005-M09","11931"
"Кількість померлих","Волинська","Місячна","2005-M10","13254"
"Кількість померлих","Волинська","Місячна","2005-M11","14585"
"Кількість померлих","Волинська","Місячна","2005-M12","16012"
"Кількість померлих","Волинська","Місячна","2006-M01","1570"
"Кількість померлих","Волинська","Місячна","2006-M02","2916"
"Кількість померлих","Волинська","Місячна","2006-M03","4235"
"Кількість померлих","Волинська","Місячна","2006-M04","5491"
"Кількість померлих","Волинська","Місячна","2006-M05","6840"
"Кількість померлих","Волинська","Місячна","2006-M06","8087"
"Кількість померлих","Волинська","Місячна","2006-M07","9238"
"Кількість померлих","Волинська","Місячна","2006-M08","10371"
"Кількість померлих","Волинська","Місячна","2006-M09","11543"
"Кількість померлих","Волинська","Місячна","2006-M10","12955"
"Кількість померлих","Волинська","Місячна","2006-M11","14325"
"Кількість померлих","Волинська","Місячна","2006-M12","15615"
"Кількість померлих","Волинська","Місячна","2007-M01","1474"
"Кількість померлих","Волинська","Місячна","2007-M02","2677"
"Кількість померлих","Волинська","Місячна","2007-M03","4123"
"Кількість померлих","Волинська","Місячна","2007-M04","5413"
"Кількість померлих","Волинська","Місячна","2007-M05","6682"
"Кількість померлих","Волинська","Місячна","2007-M06","7828"
"Кількість померлих","Волинська","Місячна","2007-M07","9114"
"Кількість померлих","Волинська","Місячна","2007-M08","10204"
"Кількість померлих","Волинська","Місячна","2007-M09","11407"
"Кількість померлих","Волинська","Місячна","2007-M10","12762"
"Кількість померлих","Волинська","Місячна","2007-M11","14121"
"Кількість померлих","Волинська","Місячна","2007-M12","15471"
"Кількість померлих","Волинська","Місячна","2008-M01","1630"
"Кількість померлих","Волинська","Місячна","2008-M02","2803"
"Кількість померлих","Волинська","Місячна","2008-M03","4145"
"Кількість померлих","Волинська","Місячна","2008-M04","5410"
"Кількість померлих","Волинська","Місячна","2008-M05","6839"
"Кількість померлих","Волинська","Місячна","2008-M06","8043"
"Кількість померлих","Волинська","Місячна","2008-M07","9298"
"Кількість померлих","Волинська","Місячна","2008-M08","10409"
"Кількість померлих","Волинська","Місячна","2008-M09","11661"
"Кількість померлих","Волинська","Місячна","2008-M10","12956"
"Кількість померлих","Волинська","Місячна","2008-M11","14244"
"Кількість померлих","Волинська","Місячна","2008-M12","15594"
"Кількість померлих","Волинська","Місячна","2009-M01","1427"
"Кількість померлих","Волинська","Місячна","2009-M02","2589"
"Кількість померлих","Волинська","Місячна","2009-M03","3990"
"Кількість померлих","Волинська","Місячна","2009-M04","5251"
"Кількість померлих","Волинська","Місячна","2009-M05","6476"
"Кількість померлих","Волинська","Місячна","2009-M06","7624"
"Кількість померлих","Волинська","Місячна","2009-M07","8763"
"Кількість померлих","Волинська","Місячна","2009-M08","9840"
"Кількість померлих","Волинська","Місячна","2009-M09","10901"
"Кількість померлих","Волинська","Місячна","2009-M10","12105"
"Кількість померлих","Волинська","Місячна","2009-M11","13328"
"Кількість померлих","Волинська","Місячна","2009-M12","14628"
"Кількість померлих","Волинська","Місячна","2010-M01","1370"
"Кількість померлих","Волинська","Місячна","2010-M02","2541"
"Кількість померлих","Волинська","Місячна","2010-M03","3808"
"Кількість померлих","Волинська","Місячна","2010-M04","4971"
"Кількість померлих","Волинська","Місячна","2010-M05","6158"
"Кількість померлих","Волинська","Місячна","2010-M06","7285"
"Кількість померлих","Волинська","Місячна","2010-M07","8404"
"Кількість померлих","Волинська","Місячна","2010-M08","9498"
"Кількість померлих","Волинська","Місячна","2010-M09","10635"
"Кількість померлих","Волинська","Місячна","2010-M10","11884"
"Кількість померлих","Волинська","Місячна","2010-M11","13044"
"Кількість померлих","Волинська","Місячна","2010-M12","14362"
"Кількість померлих","Волинська","Місячна","2011-M01","1343"
"Кількість померлих","Волинська","Місячна","2011-M02","2497"
"Кількість померлих","Волинська","Місячна","2011-M03","3793"
"Кількість померлих","Волинська","Місячна","2011-M04","4838"
"Кількість померлих","Волинська","Місячна","2011-M05","6130"
"Кількість померлих","Волинська","Місячна","2011-M06","7253"
"Кількість померлих","Волинська","Місячна","2011-M07","8315"
"Кількість померлих","Волинська","Місячна","2011-M08","9377"
"Кількість померлих","Волинська","Місячна","2011-M09","10389"
"Кількість померлих","Волинська","Місячна","2011-M10","11516"
"Кількість померлих","Волинська","Місячна","2011-M11","12673"
"Кількість померлих","Волинська","Місячна","2011-M12","13842"
"Кількість померлих","Волинська","Місячна","2012-M01","1214"
"Кількість померлих","Волинська","Місячна","2012-M02","2375"
"Кількість померлих","Волинська","Місячна","2012-M03","3567"
"Кількість померлих","Волинська","Місячна","2012-M04","4848"
"Кількість померлих","Волинська","Місячна","2012-M05","6049"
"Кількість померлих","Волинська","Місячна","2012-M06","7078"
"Кількість померлих","Волинська","Місячна","2012-M07","8285"
"Кількість померлих","Волинська","Місячна","2012-M08","9293"
"Кількість померлих","Волинська","Місячна","2012-M09","10271"
"Кількість померлих","Волинська","Місячна","2012-M10","11410"
"Кількість померлих","Волинська","Місячна","2012-M11","12545"
"Кількість померлих","Волинська","Місячна","2012-M12","13710"
"Кількість померлих","Волинська","Місячна","2013-M01","1255"
"Кількість померлих","Волинська","Місячна","2013-M02","2346"
"Кількість померлих","Волинська","Місячна","2013-M03","3544"
"Кількість померлих","Волинська","Місячна","2013-M04","4798"
"Кількість померлих","Волинська","Місячна","2013-M05","6019"
"Кількість померлих","Волинська","Місячна","2013-M06","7090"
"Кількість померлих","Волинська","Місячна","2013-M07","8195"
"Кількість померлих","Волинська","Місячна","2013-M08","9173"
"Кількість померлих","Волинська","Місячна","2013-M09","10154"
"Кількість померлих","Волинська","Місячна","2013-M10","11348"
"Кількість померлих","Волинська","Місячна","2013-M11","12470"
"Кількість померлих","Волинська","Місячна","2013-M12","13666"
"Кількість померлих","Волинська","Місячна","2014-M01","1237"
"Кількість померлих","Волинська","Місячна","2014-M02","2384"
"Кількість померлих","Волинська","Місячна","2014-M03","3595"
"Кількість померлих","Волинська","Місячна","2014-M04","4889"
"Кількість померлих","Волинська","Місячна","2014-M05","6050"
"Кількість померлих","Волинська","Місячна","2014-M06","7109"
"Кількість померлих","Волинська","Місячна","2014-M07","8279"
"Кількість померлих","Волинська","Місячна","2014-M08","9277"
"Кількість померлих","Волинська","Місячна","2014-M09","10300"
"Кількість померлих","Волинська","Місячна","2014-M10","11464"
"Кількість померлих","Волинська","Місячна","2014-M11","12476"
"Кількість померлих","Волинська","Місячна","2014-M12","13748"
"Кількість померлих","Волинська","Місячна","2015-M01","1280"
"Кількість померлих","Волинська","Місячна","2015-M02","2448"
"Кількість померлих","Волинська","Місячна","2015-M03","3762"
"Кількість померлих","Волинська","Місячна","2015-M04","5070"
"Кількість померлих","Волинська","Місячна","2015-M05","6275"
"Кількість померлих","Волинська","Місячна","2015-M06","7294"
"Кількість померлих","Волинська","Місячна","2015-M07","8424"
"Кількість померлих","Волинська","Місячна","2015-M08","9435"
"Кількість померлих","Волинська","Місячна","2015-M09","10395"
"Кількість померлих","Волинська","Місячна","2015-M10","11530"
"Кількість померлих","Волинська","Місячна","2015-M11","12602"
"Кількість померлих","Волинська","Місячна","2015-M12","13747"
"Кількість померлих","Волинська","Місячна","2016-M01","1332"
"Кількість померлих","Волинська","Місячна","2016-M02","2444"
"Кількість померлих","Волинська","Місячна","2016-M03","3653"
"Кількість померлих","Волинська","Місячна","2016-M04","4740"
"Кількість померлих","Волинська","Місячна","2016-M05","5971"
"Кількість померлих","Волинська","Місячна","2016-M06","7082"
"Кількість померлих","Волинська","Місячна","2016-M07","8098"
"Кількість померлих","Волинська","Місячна","2016-M08","9144"
"Кількість померлих","Волинська","Місячна","2016-M09","10067"
"Кількість померлих","Волинська","Місячна","2016-M10","11188"
"Кількість померлих","Волинська","Місячна","2016-M11","12311"
"Кількість померлих","Волинська","Місячна","2016-M12","13492"
"Кількість померлих","Волинська","Місячна","2017-M01","1466"
"Кількість померлих","Волинська","Місячна","2017-M02","2555"
"Кількість померлих","Волинська","Місячна","2017-M03","3711"
"Кількість померлих","Волинська","Місячна","2017-M04","4834"
"Кількість померлих","Волинська","Місячна","2017-M05","6030"
"Кількість померлих","Волинська","Місячна","2017-M06","7045"
"Кількість померлих","Волинська","Місячна","2017-M07","8033"
"Кількість померлих","Волинська","Місячна","2017-M08","9113"
"Кількість померлих","Волинська","Місячна","2017-M09","10112"
"Кількість померлих","Волинська","Місячна","2017-M10","11325"
"Кількість померлих","Волинська","Місячна","2017-M11","12485"
"Кількість померлих","Волинська","Місячна","2017-M12","13588"
"Кількість померлих","Волинська","Місячна","2018-M01","1334"
"Кількість померлих","Волинська","Місячна","2018-M02","2446"
"Кількість померлих","Волинська","Місячна","2018-M03","3727"
"Кількість померлих","Волинська","Місячна","2018-M04","4869"
"Кількість померлих","Волинська","Місячна","2018-M05","6030"
"Кількість померлих","Волинська","Місячна","2018-M06","7084"
"Кількість померлих","Волинська","Місячна","2018-M07","8152"
"Кількість померлих","Волинська","Місячна","2018-M08","9174"
"Кількість померлих","Волинська","Місячна","2018-M09","10142"
"Кількість померлих","Волинська","Місячна","2018-M10","11356"
"Кількість померлих","Волинська","Місячна","2018-M11","12469"
"Кількість померлих","Волинська","Місячна","2018-M12","13710"
"Кількість померлих","Волинська","Місячна","2019-M01","1429"
"Кількість померлих","Волинська","Місячна","2019-M02","2543"
"Кількість померлих","Волинська","Місячна","2019-M03","3722"
"Кількість померлих","Волинська","Місячна","2019-M04","4815"
"Кількість померлих","Волинська","Місячна","2019-M05","6116"
"Кількість померлих","Волинська","Місячна","2019-M06","7140"
"Кількість померлих","Волинська","Місячна","2019-M07","8244"
"Кількість померлих","Волинська","Місячна","2019-M08","9159"
"Кількість померлих","Волинська","Місячна","2019-M09","10091"
"Кількість померлих","Волинська","Місячна","2019-M10","11184"
"Кількість померлих","Волинська","Місячна","2019-M11","12254"
"Кількість померлих","Волинська","Місячна","2019-M12","13332"
"Кількість померлих","Волинська","Місячна","2020-M01","1262"
"Кількість померлих","Волинська","Місячна","2020-M02","2345"
"Кількість померлих","Волинська","Місячна","2020-M03","3510"
"Кількість померлих","Волинська","Місячна","2020-M04","4551"
"Кількість померлих","Волинська","Місячна","2020-M05","5630"
"Кількість померлих","Волинська","Місячна","2020-M06","6814"
"Кількість померлих","Волинська","Місячна","2020-M07","7940"
"Кількість померлих","Волинська","Місячна","2020-M08","8983"
"Кількість померлих","Волинська","Місячна","2020-M09","10105"
"Кількість померлих","Волинська","Місячна","2020-M10","11541"
"Кількість померлих","Волинська","Місячна","2020-M11","12922"
"Кількість померлих","Волинська","Місячна","2020-M12","14344"
"Кількість померлих","Волинська","Місячна","2021-M01","1164"
"Кількість померлих","Волинська","Місячна","2021-M02","2293"
"Кількість померлих","Волинська","Місячна","2021-M03","3627"
"Кількість померлих","Волинська","Місячна","2021-M04","5041"
"Кількість померлих","Волинська","Місячна","2021-M05","6395"
"Кількість померлих","Волинська","Місячна","2021-M06","7575"
"Кількість померлих","Волинська","Місячна","2021-M07","8658"
"Кількість померлих","Волинська","Місячна","2021-M08","9538"
"Кількість померлих","Волинська","Місячна","2021-M09","10617"
"Кількість померлих","Волинська","Місячна","2021-M10","12098"
"Кількість померлих","Волинська","Місячна","2021-M11","14031"
"Кількість померлих","Волинська","Місячна","2021-M12","15493"
"Кількість померлих","Волинська","Місячна","2022-M01","1242"
"Кількість померлих","Волинська","Місячна","2022-M02",""
"Кількість померлих","Волинська","Місячна","2022-M03",""
"Кількість померлих","Волинська","Місячна","2022-M04",""
"Кількість померлих","Волинська","Місячна","2022-M05",""
"Кількість померлих","Волинська","Місячна","2022-M06",""
"Кількість померлих","Волинська","Місячна","2022-M07",""
"Кількість померлих","Волинська","Місячна","2022-M08",""
"Кількість померлих","Волинська","Місячна","2022-M09",""
"Кількість померлих","Волинська","Місячна","2022-M10",""
"Кількість померлих","Волинська","Місячна","2022-M11",""
"Кількість померлих","Волинська","Місячна","2022-M12",""
"Кількість померлих","Дніпропетровська","Місячна","2005-M01","5568"
"Кількість померлих","Дніпропетровська","Місячна","2005-M02","10924"
"Кількість померлих","Дніпропетровська","Місячна","2005-M03","16889"
"Кількість померлих","Дніпропетровська","Місячна","2005-M04","22359"
"Кількість померлих","Дніпропетровська","Місячна","2005-M05","27813"
"Кількість померлих","Дніпропетровська","Місячна","2005-M06","32380"
"Кількість померлих","Дніпропетровська","Місячна","2005-M07","36982"
"Кількість померлих","Дніпропетровська","Місячна","2005-M08","41957"
"Кількість померлих","Дніпропетровська","Місячна","2005-M09","46279"
"Кількість померлих","Дніпропетровська","Місячна","2005-M10","51165"
"Кількість померлих","Дніпропетровська","Місячна","2005-M11","56249"
"Кількість померлих","Дніпропетровська","Місячна","2005-M12","61206"
"Кількість померлих","Дніпропетровська","Місячна","2006-M01","6023"
"Кількість померлих","Дніпропетровська","Місячна","2006-M02","11050"
"Кількість померлих","Дніпропетровська","Місячна","2006-M03","16253"
"Кількість померлих","Дніпропетровська","Місячна","2006-M04","20915"
"Кількість померлих","Дніпропетровська","Місячна","2006-M05","26305"
"Кількість померлих","Дніпропетровська","Місячна","2006-M06","30988"
"Кількість померлих","Дніпропетровська","Місячна","2006-M07","35400"
"Кількість померлих","Дніпропетровська","Місячна","2006-M08","39945"
"Кількість померлих","Дніпропетровська","Місячна","2006-M09","44475"
"Кількість померлих","Дніпропетровська","Місячна","2006-M10","49494"
"Кількість померлих","Дніпропетровська","Місячна","2006-M11","54696"
"Кількість померлих","Дніпропетровська","Місячна","2006-M12","59439"
"Кількість померлих","Дніпропетровська","Місячна","2007-M01","5517"
"Кількість померлих","Дніпропетровська","Місячна","2007-M02","10318"
"Кількість померлих","Дніпропетровська","Місячна","2007-M03","15857"
"Кількість померлих","Дніпропетровська","Місячна","2007-M04","20714"
"Кількість померлих","Дніпропетровська","Місячна","2007-M05","26183"
"Кількість померлих","Дніпропетровська","Місячна","2007-M06","30638"
"Кількість померлих","Дніпропетровська","Місячна","2007-M07","35530"
"Кількість померлих","Дніпропетровська","Місячна","2007-M08","40228"
"Кількість померлих","Дніпропетровська","Місячна","2007-M09","44453"
"Кількість померлих","Дніпропетровська","Місячна","2007-M10","49678"
"Кількість померлих","Дніпропетровська","Місячна","2007-M11","54910"
"Кількість померлих","Дніпропетровська","Місячна","2007-M12","59850"
"Кількість померлих","Дніпропетровська","Місячна","2008-M01","6206"
"Кількість померлих","Дніпропетровська","Місячна","2008-M02","11410"
"Кількість померлих","Дніпропетровська","Місячна","2008-M03","16393"
"Кількість померлих","Дніпропетровська","Місячна","2008-M04","21254"
"Кількість померлих","Дніпропетровська","Місячна","2008-M05","26728"
"Кількість померлих","Дніпропетровська","Місячна","2008-M06","31133"
"Кількість померлих","Дніпропетровська","Місячна","2008-M07","36177"
"Кількість померлих","Дніпропетровська","Місячна","2008-M08","40588"
"Кількість померлих","Дніпропетровська","Місячна","2008-M09","45229"
"Кількість померлих","Дніпропетровська","Місячна","2008-M10","50231"
"Кількість померлих","Дніпропетровська","Місячна","2008-M11","54924"
"Кількість померлих","Дніпропетровська","Місячна","2008-M12","59781"
"Кількість померлих","Дніпропетровська","Місячна","2009-M01","5660"
"Кількість померлих","Дніпропетровська","Місячна","2009-M02","10029"
"Кількість померлих","Дніпропетровська","Місячна","2009-M03","14883"
"Кількість померлих","Дніпропетровська","Місячна","2009-M04","19633"
"Кількість померлих","Дніпропетровська","Місячна","2009-M05","24242"
"Кількість померлих","Дніпропетровська","Місячна","2009-M06","28615"
"Кількість померлих","Дніпропетровська","Місячна","2009-M07","33279"
"Кількість померлих","Дніпропетровська","Місячна","2009-M08","37174"
"Кількість померлих","Дніпропетровська","Місячна","2009-M09","41305"
"Кількість померлих","Дніпропетровська","Місячна","2009-M10","45794"
"Кількість померлих","Дніпропетровська","Місячна","2009-M11","50141"
"Кількість померлих","Дніпропетровська","Місячна","2009-M12","54973"
"Кількість померлих","Дніпропетровська","Місячна","2010-M01","4873"
"Кількість померлих","Дніпропетровська","Місячна","2010-M02","9264"
"Кількість померлих","Дніпропетровська","Місячна","2010-M03","14091"
"Кількість померлих","Дніпропетровська","Місячна","2010-M04","18679"
"Кількість померлих","Дніпропетровська","Місячна","2010-M05","23048"
"Кількість померлих","Дніпропетровська","Місячна","2010-M06","27525"
"Кількість померлих","Дніпропетровська","Місячна","2010-M07","31944"
"Кількість померлих","Дніпропетровська","Місячна","2010-M08","37176"
"Кількість померлих","Дніпропетровська","Місячна","2010-M09","41458"
"Кількість померлих","Дніпропетровська","Місячна","2010-M10","45778"
"Кількість померлих","Дніпропетровська","Місячна","2010-M11","50011"
"Кількість померлих","Дніпропетровська","Місячна","2010-M12","54542"
"Кількість померлих","Дніпропетровська","Місячна","2011-M01","4745"
"Кількість померлих","Дніпропетровська","Місячна","2011-M02","9014"
"Кількість померлих","Дніпропетровська","Місячна","2011-M03","13929"
"Кількість померлих","Дніпропетровська","Місячна","2011-M04","18284"
"Кількість померлих","Дніпропетровська","Місячна","2011-M05","22928"
"Кількість померлих","Дніпропетровська","Місячна","2011-M06","26986"
"Кількість померлих","Дніпропетровська","Місячна","2011-M07","31201"
"Кількість померлих","Дніпропетровська","Місячна","2011-M08","35286"
"Кількість померлих","Дніпропетровська","Місячна","2011-M09","39163"
"Кількість померлих","Дніпропетровська","Місячна","2011-M10","43454"
"Кількість померлих","Дніпропетровська","Місячна","2011-M11","47908"
"Кількість померлих","Дніпропетровська","Місячна","2011-M12","52106"
"Кількість померлих","Дніпропетровська","Місячна","2012-M01","4578"
"Кількість померлих","Дніпропетровська","Місячна","2012-M02","9040"
"Кількість померлих","Дніпропетровська","Місячна","2012-M03","13521"
"Кількість померлих","Дніпропетровська","Місячна","2012-M04","17863"
"Кількість померлих","Дніпропетровська","Місячна","2012-M05","22360"
"Кількість померлих","Дніпропетровська","Місячна","2012-M06","26238"
"Кількість померлих","Дніпропетровська","Місячна","2012-M07","30712"
"Кількість померлих","Дніпропетровська","Місячна","2012-M08","34784"
"Кількість померлих","Дніпропетровська","Місячна","2012-M09","38440"
"Кількість померлих","Дніпропетровська","Місячна","2012-M10","42911"
"Кількість померлих","Дніпропетровська","Місячна","2012-M11","47098"
"Кількість померлих","Дніпропетровська","Місячна","2012-M12","51486"
"Кількість померлих","Дніпропетровська","Місячна","2013-M01","4802"
"Кількість померлих","Дніпропетровська","Місячна","2013-M02","8694"
"Кількість померлих","Дніпропетровська","Місячна","2013-M03","13155"
"Кількість померлих","Дніпропетровська","Місячна","2013-M04","17822"
"Кількість померлих","Дніпропетровська","Місячна","2013-M05","22184"
"Кількість померлих","Дніпропетровська","Місячна","2013-M06","25855"
"Кількість померлих","Дніпропетровська","Місячна","2013-M07","30021"
"Кількість померлих","Дніпропетровська","Місячна","2013-M08","33996"
"Кількість померлих","Дніпропетровська","Місячна","2013-M09","37981"
"Кількість померлих","Дніпропетровська","Місячна","2013-M10","42596"
"Кількість померлих","Дніпропетровська","Місячна","2013-M11","46792"
"Кількість померлих","Дніпропетровська","Місячна","2013-M12","51141"
"Кількість померлих","Дніпропетровська","Місячна","2014-M01","4617"
"Кількість померлих","Дніпропетровська","Місячна","2014-M02","9015"
"Кількість померлих","Дніпропетровська","Місячна","2014-M03","13655"
"Кількість померлих","Дніпропетровська","Місячна","2014-M04","18332"
"Кількість померлих","Дніпропетровська","Місячна","2014-M05","22773"
"Кількість померлих","Дніпропетровська","Місячна","2014-M06","26510"
"Кількість померлих","Дніпропетровська","Місячна","2014-M07","30749"
"Кількість померлих","Дніпропетровська","Місячна","2014-M08","34921"
"Кількість померлих","Дніпропетровська","Місячна","2014-M09","39150"
"Кількість померлих","Дніпропетровська","Місячна","2014-M10","43794"
"Кількість померлих","Дніпропетровська","Місячна","2014-M11","47901"
"Кількість померлих","Дніпропетровська","Місячна","2014-M12","52722"
"Кількість померлих","Дніпропетровська","Місячна","2015-M01","4934"
"Кількість померлих","Дніпропетровська","Місячна","2015-M02","9523"
"Кількість померлих","Дніпропетровська","Місячна","2015-M03","14597"
"Кількість померлих","Дніпропетровська","Місячна","2015-M04","19432"
"Кількість померлих","Дніпропетровська","Місячна","2015-M05","24068"
"Кількість померлих","Дніпропетровська","Місячна","2015-M06","28228"
"Кількість померлих","Дніпропетровська","Місячна","2015-M07","32565"
"Кількість померлих","Дніпропетровська","Місячна","2015-M08","36496"
"Кількість померлих","Дніпропетровська","Місячна","2015-M09","40567"
"Кількість померлих","Дніпропетровська","Місячна","2015-M10","44875"
"Кількість померлих","Дніпропетровська","Місячна","2015-M11","49258"
"Кількість померлих","Дніпропетровська","Місячна","2015-M12","53827"
"Кількість померлих","Дніпропетровська","Місячна","2016-M01","5042"
"Кількість померлих","Дніпропетровська","Місячна","2016-M02","9695"
"Кількість померлих","Дніпропетровська","Місячна","2016-M03","14223"
"Кількість померлих","Дніпропетровська","Місячна","2016-M04","18499"
"Кількість померлих","Дніпропетровська","Місячна","2016-M05","22982"
"Кількість померлих","Дніпропетровська","Місячна","2016-M06","27055"
"Кількість померлих","Дніпропетровська","Місячна","2016-M07","31094"
"Кількість померлих","Дніпропетровська","Місячна","2016-M08","35269"
"Кількість померлих","Дніпропетровська","Місячна","2016-M09","39177"
"Кількість померлих","Дніпропетровська","Місячна","2016-M10","43479"
"Кількість померлих","Дніпропетровська","Місячна","2016-M11","47934"
"Кількість померлих","Дніпропетровська","Місячна","2016-M12","53127"
"Кількість померлих","Дніпропетровська","Місячна","2017-M01","4907"
"Кількість померлих","Дніпропетровська","Місячна","2017-M02","9161"
"Кількість померлих","Дніпропетровська","Місячна","2017-M03","13638"
"Кількість померлих","Дніпропетровська","Місячна","2017-M04","17974"
"Кількість померлих","Дніпропетровська","Місячна","2017-M05","22597"
"Кількість померлих","Дніпропетровська","Місячна","2017-M06","26716"
"Кількість померлих","Дніпропетровська","Місячна","2017-M07","30573"
"Кількість померлих","Дніпропетровська","Місячна","2017-M08","34768"
"Кількість померлих","Дніпропетровська","Місячна","2017-M09","38272"
"Кількість померлих","Дніпропетровська","Місячна","2017-M10","42478"
"Кількість померлих","Дніпропетровська","Місячна","2017-M11","46654"
"Кількість померлих","Дніпропетровська","Місячна","2017-M12","50906"
"Кількість померлих","Дніпропетровська","Місячна","2018-M01","4745"
"Кількість померлих","Дніпропетровська","Місячна","2018-M02","9052"
"Кількість померлих","Дніпропетровська","Місячна","2018-M03","13789"
"Кількість померлих","Дніпропетровська","Місячна","2018-M04","18111"
"Кількість померлих","Дніпропетровська","Місячна","2018-M05","22658"
"Кількість померлих","Дніпропетровська","Місячна","2018-M06","26619"
"Кількість померлих","Дніпропетровська","Місячна","2018-M07","30652"
"Кількість померлих","Дніпропетровська","Місячна","2018-M08","34604"
"Кількість померлих","Дніпропетровська","Місячна","2018-M09","38250"
"Кількість померлих","Дніпропетровська","Місячна","2018-M10","42894"
"Кількість померлих","Дніпропетровська","Місячна","2018-M11","47514"
"Кількість померлих","Дніпропетровська","Місячна","2018-M12","52336"
"Кількість померлих","Дніпропетровська","Місячна","2019-M01","5489"
"Кількість померлих","Дніпропетровська","Місячна","2019-M02","9635"
"Кількість померлих","Дніпропетровська","Місячна","2019-M03","13936"
"Кількість померлих","Дніпропетровська","Місячна","2019-M04","18209"
"Кількість померлих","Дніпропетровська","Місячна","2019-M05","22818"
"Кількість померлих","Дніпропетровська","Місячна","2019-M06","26562"
"Кількість померлих","Дніпропетровська","Місячна","2019-M07","30853"
"Кількість померлих","Дніпропетровська","Місячна","2019-M08","34517"
"Кількість померлих","Дніпропетровська","Місячна","2019-M09","38220"
"Кількість померлих","Дніпропетровська","Місячна","2019-M10","42639"
"Кількість померлих","Дніпропетровська","Місячна","2019-M11","46812"
"Кількість померлих","Дніпропетровська","Місячна","2019-M12","50929"
"Кількість померлих","Дніпропетровська","Місячна","2020-M01","4843"
"Кількість померлих","Дніпропетровська","Місячна","2020-M02","9128"
"Кількість померлих","Дніпропетровська","Місячна","2020-M03","13416"
"Кількість померлих","Дніпропетровська","Місячна","2020-M04","17589"
"Кількість померлих","Дніпропетровська","Місячна","2020-M05","21595"
"Кількість померлих","Дніпропетровська","Місячна","2020-M06","25693"
"Кількість померлих","Дніпропетровська","Місячна","2020-M07","29768"
"Кількість померлих","Дніпропетровська","Місячна","2020-M08","33617"
"Кількість померлих","Дніпропетровська","Місячна","2020-M09","37774"
"Кількість померлих","Дніпропетровська","Місячна","2020-M10","43318"
"Кількість померлих","Дніпропетровська","Місячна","2020-M11","49222"
"Кількість померлих","Дніпропетровська","Місячна","2020-M12","55290"
"Кількість померлих","Дніпропетровська","Місячна","2021-M01","5027"
"Кількість померлих","Дніпропетровська","Місячна","2021-M02","9523"
"Кількість померлих","Дніпропетровська","Місячна","2021-M03","15027"
"Кількість померлих","Дніпропетровська","Місячна","2021-M04","21355"
"Кількість померлих","Дніпропетровська","Місячна","2021-M05","26808"
"Кількість померлих","Дніпропетровська","Місячна","2021-M06","31211"
"Кількість померлих","Дніпропетровська","Місячна","2021-M07","35381"
"Кількість померлих","Дніпропетровська","Місячна","2021-M08","39453"
"Кількість померлих","Дніпропетровська","Місячна","2021-M09","43516"
"Кількість померлих","Дніпропетровська","Місячна","2021-M10","50901"
"Кількість померлих","Дніпропетровська","Місячна","2021-M11","59300"
"Кількість померлих","Дніпропетровська","Місячна","2021-M12","64775"
"Кількість померлих","Дніпропетровська","Місячна","2022-M01","5019"
"Кількість померлих","Дніпропетровська","Місячна","2022-M02",""
"Кількість померлих","Дніпропетровська","Місячна","2022-M03",""
"Кількість померлих","Дніпропетровська","Місячна","2022-M04",""
"Кількість померлих","Дніпропетровська","Місячна","2022-M05",""
"Кількість померлих","Дніпропетровська","Місячна","2022-M06",""
"Кількість померлих","Дніпропетровська","Місячна","2022-M07",""
"Кількість померлих","Дніпропетровська","Місячна","2022-M08",""
"Кількість померлих","Дніпропетровська","Місячна","2022-M09",""
"Кількість померлих","Дніпропетровська","Місячна","2022-M10",""
"Кількість померлих","Дніпропетровська","Місячна","2022-M11",""
"Кількість померлих","Дніпропетровська","Місячна","2022-M12",""
"Кількість померлих","Донецька","Місячна","2005-M01","7655"
"Кількість померлих","Донецька","Місячна","2005-M02","15608"
"Кількість померлих","Донецька","Місячна","2005-M03","24034"
"Кількість померлих","Донецька","Місячна","2005-M04","31124"
"Кількість померлих","Донецька","Місячна","2005-M05","38513"
"Кількість померлих","Донецька","Місячна","2005-M06","44597"
"Кількість померлих","Донецька","Місячна","2005-M07","50588"
"Кількість померлих","Донецька","Місячна","2005-M08","56939"
"Кількість померлих","Донецька","Місячна","2005-M09","62814"
"Кількість померлих","Донецька","Місячна","2005-M10","69540"
"Кількість померлих","Донецька","Місячна","2005-M11","76477"
"Кількість померлих","Донецька","Місячна","2005-M12","83663"
"Кількість померлих","Донецька","Місячна","2006-M01","8822"
"Кількість померлих","Донецька","Місячна","2006-M02","16019"
"Кількість померлих","Донецька","Місячна","2006-M03","23073"
"Кількість померлих","Донецька","Місячна","2006-M04","29371"
"Кількість померлих","Донецька","Місячна","2006-M05","36535"
"Кількість померлих","Донецька","Місячна","2006-M06","42715"
"Кількість померлих","Донецька","Місячна","2006-M07","48630"
"Кількість померлих","Донецька","Місячна","2006-M08","55130"
"Кількість померлих","Донецька","Місячна","2006-M09","60995"
"Кількість померлих","Донецька","Місячна","2006-M10","67808"
"Кількість померлих","Донецька","Місячна","2006-M11","74622"
"Кількість померлих","Донецька","Місячна","2006-M12","81271"
"Кількість померлих","Донецька","Місячна","2007-M01","7598"
"Кількість померлих","Донецька","Місячна","2007-M02","14166"
"Кількість померлих","Донецька","Місячна","2007-M03","21734"
"Кількість померлих","Донецька","Місячна","2007-M04","28412"
"Кількість померлих","Донецька","Місячна","2007-M05","35793"
"Кількість померлих","Донецька","Місячна","2007-M06","41533"
"Кількість померлих","Донецька","Місячна","2007-M07","48349"
"Кількість померлих","Донецька","Місячна","2007-M08","54838"
"Кількість померлих","Донецька","Місячна","2007-M09","60597"
"Кількість померлих","Донецька","Місячна","2007-M10","67764"
"Кількість померлих","Донецька","Місячна","2007-M11","75025"
"Кількість померлих","Донецька","Місячна","2007-M12","82109"
"Кількість померлих","Донецька","Місячна","2008-M01","8926"
"Кількість померлих","Донецька","Місячна","2008-M02","15884"
"Кількість померлих","Донецька","Місячна","2008-M03","22869"
"Кількість померлих","Донецька","Місячна","2008-M04","29407"
"Кількість померлих","Донецька","Місячна","2008-M05","36646"
"Кількість померлих","Донецька","Місячна","2008-M06","42456"
"Кількість померлих","Донецька","Місячна","2008-M07","49326"
"Кількість померлих","Донецька","Місячна","2008-M08","55511"
"Кількість померлих","Донецька","Місячна","2008-M09","61683"
"Кількість померлих","Донецька","Місячна","2008-M10","68448"
"Кількість померлих","Донецька","Місячна","2008-M11","74612"
"Кількість померлих","Донецька","Місячна","2008-M12","81948"
"Кількість померлих","Донецька","Місячна","2009-M01","7823"
"Кількість померлих","Донецька","Місячна","2009-M02","13937"
"Кількість померлих","Донецька","Місячна","2009-M03","20685"
"Кількість померлих","Донецька","Місячна","2009-M04","27250"
"Кількість померлих","Донецька","Місячна","2009-M05","33525"
"Кількість померлих","Донецька","Місячна","2009-M06","39615"
"Кількість померлих","Донецька","Місячна","2009-M07","45774"
"Кількість померлих","Донецька","Місячна","2009-M08","51091"
"Кількість померлих","Донецька","Місячна","2009-M09","56430"
"Кількість померлих","Донецька","Місячна","2009-M10","62504"
"Кількість померлих","Донецька","Місячна","2009-M11","68512"
"Кількість померлих","Донецька","Місячна","2009-M12","75251"
"Кількість померлих","Донецька","Місячна","2010-M01","6827"
"Кількість померлих","Донецька","Місячна","2010-M02","12957"
"Кількість померлих","Донецька","Місячна","2010-M03","19443"
"Кількість померлих","Донецька","Місячна","2010-M04","25513"
"Кількість померлих","Донецька","Місячна","2010-M05","31504"
"Кількість померлих","Донецька","Місячна","2010-M06","37335"
"Кількість померлих","Донецька","Місячна","2010-M07","43224"
"Кількість померлих","Донецька","Місячна","2010-M08","50627"
"Кількість померлих","Донецька","Місячна","2010-M09","56195"
"Кількість померлих","Донецька","Місячна","2010-M10","62148"
"Кількість померлих","Донецька","Місячна","2010-M11","67958"
"Кількість померлих","Донецька","Місячна","2010-M12","73916"
"Кількість померлих","Донецька","Місячна","2011-M01","6636"
"Кількість померлих","Донецька","Місячна","2011-M02","12717"
"Кількість померлих","Донецька","Місячна","2011-M03","19530"
"Кількість померлих","Донецька","Місячна","2011-M04","25497"
"Кількість померлих","Донецька","Місячна","2011-M05","31547"
"Кількість померлих","Донецька","Місячна","2011-M06","36896"
"Кількість померлих","Донецька","Місячна","2011-M07","42592"
"Кількість померлих","Донецька","Місячна","2011-M08","48315"
"Кількість померлих","Донецька","Місячна","2011-M09","53607"
"Кількість померлих","Донецька","Місячна","2011-M10","59413"
"Кількість померлих","Донецька","Місячна","2011-M11","65226"
"Кількість померлих","Донецька","Місячна","2011-M12","71042"
"Кількість померлих","Донецька","Місячна","2012-M01","6481"
"Кількість померлих","Донецька","Місячна","2012-M02","12915"
"Кількість померлих","Донецька","Місячна","2012-M03","19085"
"Кількість померлих","Донецька","Місячна","2012-M04","25068"
"Кількість померлих","Донецька","Місячна","2012-M05","31015"
"Кількість померлих","Донецька","Місячна","2012-M06","36429"
"Кількість померлих","Донецька","Місячна","2012-M07","42060"
"Кількість померлих","Донецька","Місячна","2012-M08","47666"
"Кількість померлих","Донецька","Місячна","2012-M09","52644"
"Кількість померлих","Донецька","Місячна","2012-M10","58708"
"Кількість померлих","Донецька","Місячна","2012-M11","64411"
"Кількість померлих","Донецька","Місячна","2012-M12","70496"
"Кількість померлих","Донецька","Місячна","2013-M01","6561"
"Кількість померлих","Донецька","Місячна","2013-M02","11966"
"Кількість померлих","Донецька","Місячна","2013-M03","17757"
"Кількість померлих","Донецька","Місячна","2013-M04","23760"
"Кількість померлих","Донецька","Місячна","2013-M05","29650"
"Кількість померлих","Донецька","Місячна","2013-M06","34488"
"Кількість померлих","Донецька","Місячна","2013-M07","40298"
"Кількість померлих","Донецька","Місячна","2013-M08","45658"
"Кількість померлих","Донецька","Місячна","2013-M09","51004"
"Кількість померлих","Донецька","Місячна","2013-M10","57550"
"Кількість померлих","Донецька","Місячна","2013-M11","63222"
"Кількість померлих","Донецька","Місячна","2013-M12","69345"
"Кількість померлих","Донецька","Місячна","2014-M01","6607"
"Кількість померлих","Донецька","Місячна","2014-M02","13048"
"Кількість померлих","Донецька","Місячна","2014-M03","19237"
"Кількість померлих","Донецька","Місячна","2014-M04","25280"
"Кількість померлих","Донецька","Місячна","2014-M05","31284"
"Кількість померлих","Донецька","Місячна","2014-M06","36230"
"Кількість померлих","Донецька","Місячна","2014-M07","40263"
"Кількість померлих","Донецька","Місячна","2014-M08","45137"
"Кількість померлих","Донецька","Місячна","2014-M09","51958"
"Кількість померлих","Донецька","Місячна","2014-M10","59504"
"Кількість померлих","Донецька","Місячна","2014-M11","65037"
"Кількість померлих","Донецька","Місячна","2014-M12","71423"
"Кількість померлих","Донецька","Місячна","2015-M01","3376"
"Кількість померлих","Донецька","Місячна","2015-M02","6755"
"Кількість померлих","Донецька","Місячна","2015-M03","10966"
"Кількість померлих","Донецька","Місячна","2015-M04","15084"
"Кількість померлих","Донецька","Місячна","2015-M05","18613"
"Кількість померлих","Донецька","Місячна","2015-M06","21706"
"Кількість померлих","Донецька","Місячна","2015-M07","24936"
"Кількість померлих","Донецька","Місячна","2015-M08","27787"
"Кількість померлих","Донецька","Місячна","2015-M09","30665"
"Кількість померлих","Донецька","Місячна","2015-M10","33811"
"Кількість померлих","Донецька","Місячна","2015-M11","36883"
"Кількість померлих","Донецька","Місячна","2015-M12","39763"
"Кількість померлих","Донецька","Місячна","2016-M01","3521"
"Кількість померлих","Донецька","Місячна","2016-M02","6369"
"Кількість померлих","Донецька","Місячна","2016-M03","9612"
"Кількість померлих","Донецька","Місячна","2016-M04","12707"
"Кількість померлих","Донецька","Місячна","2016-M05","15808"
"Кількість померлих","Донецька","Місячна","2016-M06","18779"
"Кількість померлих","Донецька","Місячна","2016-M07","21734"
"Кількість померлих","Донецька","Місячна","2016-M08","24610"
"Кількість померлих","Донецька","Місячна","2016-M09","27366"
"Кількість померлих","Донецька","Місячна","2016-M10","30305"
"Кількість померлих","Донецька","Місячна","2016-M11","33464"
"Кількість померлих","Донецька","Місячна","2016-M12","36808"
"Кількість померлих","Донецька","Місячна","2017-M01","3366"
"Кількість померлих","Донецька","Місячна","2017-M02","6375"
"Кількість померлих","Донецька","Місячна","2017-M03","9535"
"Кількість померлих","Донецька","Місячна","2017-M04","12484"
"Кількість померлих","Донецька","Місячна","2017-M05","15815"
"Кількість померлих","Донецька","Місячна","2017-M06","18673"
"Кількість померлих","Донецька","Місячна","2017-M07","21601"
"Кількість померлих","Донецька","Місячна","2017-M08","24702"
"Кількість померлих","Донецька","Місячна","2017-M09","27542"
"Кількість померлих","Донецька","Місячна","2017-M10","30888"
"Кількість померлих","Донецька","Місячна","2017-M11","34151"
"Кількість померлих","Донецька","Місячна","2017-M12","37419"
"Кількість померлих","Донецька","Місячна","2018-M01","3430"
"Кількість померлих","Донецька","Місячна","2018-M02","6622"
"Кількість померлих","Донецька","Місячна","2018-M03","10078"
"Кількість померлих","Донецька","Місячна","2018-M04","13462"
"Кількість померлих","Донецька","Місячна","2018-M05","16854"
"Кількість померлих","Донецька","Місячна","2018-M06","20150"
"Кількість померлих","Донецька","Місячна","2018-M07","23543"
"Кількість померлих","Донецька","Місячна","2018-M08","26719"
"Кількість померлих","Донецька","Місячна","2018-M09","29671"
"Кількість померлих","Донецька","Місячна","2018-M10","33255"
"Кількість померлих","Донецька","Місячна","2018-M11","36800"
"Кількість померлих","Донецька","Місячна","2018-M12","40174"
"Кількість померлих","Донецька","Місячна","2019-M01","3924"
"Кількість померлих","Донецька","Місячна","2019-M02","7298"
"Кількість померлих","Донецька","Місячна","2019-M03","10858"
"Кількість померлих","Донецька","Місячна","2019-M04","14280"
"Кількість померлих","Донецька","Місячна","2019-M05","18010"
"Кількість померлих","Донецька","Місячна","2019-M06","21025"
"Кількість померлих","Донецька","Місячна","2019-M07","24497"
"Кількість померлих","Донецька","Місячна","2019-M08","27590"
"Кількість померлих","Донецька","Місячна","2019-M09","30676"
"Кількість померлих","Донецька","Місячна","2019-M10","34386"
"Кількість померлих","Донецька","Місячна","2019-M11","38019"
"Кількість померлих","Донецька","Місячна","2019-M12","41087"
"Кількість померлих","Донецька","Місячна","2020-M01","3629"
"Кількість померлих","Донецька","Місячна","2020-M02","7000"
"Кількість померлих","Донецька","Місячна","2020-M03","10174"
"Кількість померлих","Донецька","Місячна","2020-M04","12688"
"Кількість померлих","Донецька","Місячна","2020-M05","15126"
"Кількість померлих","Донецька","Місячна","2020-M06","17671"
"Кількість померлих","Донецька","Місячна","2020-M07","20350"
"Кількість померлих","Донецька","Місячна","2020-M08","22913"
"Кількість померлих","Донецька","Місячна","2020-M09","25736"
"Кількість померлих","Донецька","Місячна","2020-M10","29649"
"Кількість померлих","Донецька","Місячна","2020-M11","33287"
"Кількість померлих","Донецька","Місячна","2020-M12","37131"
"Кількість померлих","Донецька","Місячна","2021-M01","3481"
"Кількість померлих","Донецька","Місячна","2021-M02","6536"
"Кількість померлих","Донецька","Місячна","2021-M03","10333"
"Кількість померлих","Донецька","Місячна","2021-M04","14433"
"Кількість померлих","Донецька","Місячна","2021-M05","18040"
"Кількість померлих","Донецька","Місячна","2021-M06","21183"
"Кількість померлих","Донецька","Місячна","2021-M07","24409"
"Кількість померлих","Донецька","Місячна","2021-M08","27225"
"Кількість померлих","Донецька","Місячна","2021-M09","30336"
"Кількість померлих","Донецька","Місячна","2021-M10","35619"
"Кількість померлих","Донецька","Місячна","2021-M11","41832"
"Кількість померлих","Донецька","Місячна","2021-M12","45754"
"Кількість померлих","Донецька","Місячна","2022-M01","3365"
"Кількість померлих","Донецька","Місячна","2022-M02",""
"Кількість померлих","Донецька","Місячна","2022-M03",""
"Кількість померлих","Донецька","Місячна","2022-M04",""
"Кількість померлих","Донецька","Місячна","2022-M05",""
"Кількість померлих","Донецька","Місячна","2022-M06",""
"Кількість померлих","Донецька","Місячна","2022-M07",""
"Кількість померлих","Донецька","Місячна","2022-M08",""
"Кількість померлих","Донецька","Місячна","2022-M09",""
"Кількість померлих","Донецька","Місячна","2022-M10",""
"Кількість померлих","Донецька","Місячна","2022-M11",""
"Кількість померлих","Донецька","Місячна","2022-M12",""
"Кількість померлих","Житомирська","Місячна","2005-M01","2196"
"Кількість померлих","Житомирська","Місячна","2005-M02","4464"
"Кількість померлих","Житомирська","Місячна","2005-M03","7034"
"Кількість померлих","Житомирська","Місячна","2005-M04","9286"
"Кількість померлих","Житомирська","Місячна","2005-M05","11424"
"Кількість померлих","Житомирська","Місячна","2005-M06","13258"
"Кількість померлих","Житомирська","Місячна","2005-M07","15117"
"Кількість померлих","Житомирська","Місячна","2005-M08","16903"
"Кількість померлих","Житомирська","Місячна","2005-M09","18604"
"Кількість померлих","Житомирська","Місячна","2005-M10","20672"
"Кількість померлих","Житомирська","Місячна","2005-M11","22782"
"Кількість померлих","Житомирська","Місячна","2005-M12","24942"
"Кількість померлих","Житомирська","Місячна","2006-M01","2462"
"Кількість померлих","Житомирська","Місячна","2006-M02","4555"
"Кількість померлих","Житомирська","Місячна","2006-M03","6788"
"Кількість померлих","Житомирська","Місячна","2006-M04","8855"
"Кількість померлих","Житомирська","Місячна","2006-M05","10989"
"Кількість померлих","Житомирська","Місячна","2006-M06","12879"
"Кількість померлих","Житомирська","Місячна","2006-M07","14634"
"Кількість померлих","Житомирська","Місячна","2006-M08","16350"
"Кількість померлих","Житомирська","Місячна","2006-M09","18115"
"Кількість померлих","Житомирська","Місячна","2006-M10","20177"
"Кількість померлих","Житомирська","Місячна","2006-M11","22233"
"Кількість померлих","Житомирська","Місячна","2006-M12","24200"
"Кількість померлих","Житомирська","Місячна","2007-M01","2211"
"Кількість померлих","Житомирська","Місячна","2007-M02","4081"
"Кількість померлих","Житомирська","Місячна","2007-M03","6277"
"Кількість померлих","Житомирська","Місячна","2007-M04","8265"
"Кількість померлих","Житомирська","Місячна","2007-M05","10372"
"Кількість померлих","Житомирська","Місячна","2007-M06","12060"
"Кількість померлих","Житомирська","Місячна","2007-M07","13993"
"Кількість померлих","Житомирська","Місячна","2007-M08","15818"
"Кількість померлих","Житомирська","Місячна","2007-M09","17664"
"Кількість померлих","Житомирська","Місячна","2007-M10","19893"
"Кількість померлих","Житомирська","Місячна","2007-M11","22062"
"Кількість померлих","Житомирська","Місячна","2007-M12","24201"
"Кількість померлих","Житомирська","Місячна","2008-M01","2416"
"Кількість померлих","Житомирська","Місячна","2008-M02","4564"
"Кількість померлих","Житомирська","Місячна","2008-M03","6679"
"Кількість померлих","Житомирська","Місячна","2008-M04","8585"
"Кількість померлих","Житомирська","Місячна","2008-M05","10723"
"Кількість померлих","Житомирська","Місячна","2008-M06","12476"
"Кількість померлих","Житомирська","Місячна","2008-M07","14408"
"Кількість померлих","Житомирська","Місячна","2008-M08","16082"
"Кількість померлих","Житомирська","Місячна","2008-M09","17874"
"Кількість померлих","Житомирська","Місячна","2008-M10","19834"
"Кількість померлих","Житомирська","Місячна","2008-M11","21702"
"Кількість померлих","Житомирська","Місячна","2008-M12","23760"
"Кількість померлих","Житомирська","Місячна","2009-M01","2226"
"Кількість померлих","Житомирська","Місячна","2009-M02","3983"
"Кількість померлих","Житомирська","Місячна","2009-M03","6057"
"Кількість померлих","Житомирська","Місячна","2009-M04","8036"
"Кількість померлих","Житомирська","Місячна","2009-M05","9853"
"Кількість померлих","Житомирська","Місячна","2009-M06","11564"
"Кількість померлих","Житомирська","Місячна","2009-M07","13335"
"Кількість померлих","Житомирська","Місячна","2009-M08","14859"
"Кількість померлих","Житомирська","Місячна","2009-M09","16473"
"Кількість померлих","Житомирська","Місячна","2009-M10","18197"
"Кількість померлих","Житомирська","Місячна","2009-M11","19981"
"Кількість померлих","Житомирська","Місячна","2009-M12","21971"
"Кількість померлих","Житомирська","Місячна","2010-M01","1954"
"Кількість померлих","Житомирська","Місячна","2010-M02","3753"
"Кількість померлих","Житомирська","Місячна","2010-M03","5669"
"Кількість померлих","Житомирська","Місячна","2010-M04","7399"
"Кількість померлих","Житомирська","Місячна","2010-M05","9069"
"Кількість померлих","Житомирська","Місячна","2010-M06","10732"
"Кількість померлих","Житомирська","Місячна","2010-M07","12459"
"Кількість померлих","Житомирська","Місячна","2010-M08","14036"
"Кількість померлих","Житомирська","Місячна","2010-M09","15758"
"Кількість померлих","Житомирська","Місячна","2010-M10","17485"
"Кількість померлих","Житомирська","Місячна","2010-M11","19313"
"Кількість померлих","Житомирська","Місячна","2010-M12","21227"
"Кількість померлих","Житомирська","Місячна","2011-M01","1864"
"Кількість померлих","Житомирська","Місячна","2011-M02","3494"
"Кількість померлих","Житомирська","Місячна","2011-M03","5466"
"Кількість померлих","Житомирська","Місячна","2011-M04","7207"
"Кількість померлих","Житомирська","Місячна","2011-M05","8947"
"Кількість померлих","Житомирська","Місячна","2011-M06","10512"
"Кількість померлих","Житомирська","Місячна","2011-M07","12160"
"Кількість померлих","Житомирська","Місячна","2011-M08","13784"
"Кількість померлих","Житомирська","Місячна","2011-M09","15266"
"Кількість померлих","Житомирська","Місячна","2011-M10","16901"
"Кількість померлих","Житомирська","Місячна","2011-M11","18665"
"Кількість померлих","Житомирська","Місячна","2011-M12","20417"
"Кількість померлих","Житомирська","Місячна","2012-M01","1828"
"Кількість померлих","Житомирська","Місячна","2012-M02","3766"
"Кількість померлих","Житомирська","Місячна","2012-M03","5602"
"Кількість померлих","Житомирська","Місячна","2012-M04","7395"
"Кількість померлих","Житомирська","Місячна","2012-M05","9193"
"Кількість померлих","Житомирська","Місячна","2012-M06","10674"
"Кількість померлих","Житомирська","Місячна","2012-M07","12417"
"Кількість померлих","Житомирська","Місячна","2012-M08","13974"
"Кількість померлих","Житомирська","Місячна","2012-M09","15447"
"Кількість померлих","Житомирська","Місячна","2012-M10","17317"
"Кількість померлих","Житомирська","Місячна","2012-M11","18911"
"Кількість померлих","Житомирська","Місячна","2012-M12","20685"
"Кількість померлих","Житомирська","Місячна","2013-M01","2008"
"Кількість померлих","Житомирська","Місячна","2013-M02","3619"
"Кількість померлих","Житомирська","Місячна","2013-M03","5481"
"Кількість померлих","Житомирська","Місячна","2013-M04","7418"
"Кількість померлих","Житомирська","Місячна","2013-M05","9166"
"Кількість померлих","Житомирська","Місячна","2013-M06","10693"
"Кількість померлих","Житомирська","Місячна","2013-M07","12369"
"Кількість померлих","Житомирська","Місячна","2013-M08","13824"
"Кількість померлих","Житомирська","Місячна","2013-M09","15390"
"Кількість померлих","Житомирська","Місячна","2013-M10","17389"
"Кількість померлих","Житомирська","Місячна","2013-M11","18992"
"Кількість померлих","Житомирська","Місячна","2013-M12","20859"
"Кількість померлих","Житомирська","Місячна","2014-M01","1970"
"Кількість померлих","Житомирська","Місячна","2014-M02","3720"
"Кількість померлих","Житомирська","Місячна","2014-M03","5618"
"Кількість померлих","Житомирська","Місячна","2014-M04","7508"
"Кількість померлих","Житомирська","Місячна","2014-M05","9268"
"Кількість померлих","Житомирська","Місячна","2014-M06","10762"
"Кількість померлих","Житомирська","Місячна","2014-M07","12435"
"Кількість померлих","Житомирська","Місячна","2014-M08","13985"
"Кількість померлих","Житомирська","Місячна","2014-M09","15635"
"Кількість померлих","Житомирська","Місячна","2014-M10","17462"
"Кількість померлих","Житомирська","Місячна","2014-M11","19161"
"Кількість померлих","Житомирська","Місячна","2014-M12","21185"
"Кількість померлих","Житомирська","Місячна","2015-M01","1890"
"Кількість померлих","Житомирська","Місячна","2015-M02","3713"
"Кількість померлих","Житомирська","Місячна","2015-M03","5780"
"Кількість померлих","Житомирська","Місячна","2015-M04","7750"
"Кількість померлих","Житомирська","Місячна","2015-M05","9438"
"Кількість померлих","Житомирська","Місячна","2015-M06","10981"
"Кількість померлих","Житомирська","Місячна","2015-M07","12690"
"Кількість померлих","Житомирська","Місячна","2015-M08","14181"
"Кількість померлих","Житомирська","Місячна","2015-M09","15665"
"Кількість померлих","Житомирська","Місячна","2015-M10","17401"
"Кількість померлих","Житомирська","Місячна","2015-M11","19085"
"Кількість померлих","Житомирська","Місячна","2015-M12","20862"
"Кількість померлих","Житомирська","Місячна","2016-M01","1950"
"Кількість померлих","Житомирська","Місячна","2016-M02","3629"
"Кількість померлих","Житомирська","Місячна","2016-M03","5424"
"Кількість померлих","Житомирська","Місячна","2016-M04","7074"
"Кількість померлих","Житомирська","Місячна","2016-M05","8887"
"Кількість померлих","Житомирська","Місячна","2016-M06","10528"
"Кількість померлих","Житомирська","Місячна","2016-M07","11993"
"Кількість померлих","Житомирська","Місячна","2016-M08","13509"
"Кількість померлих","Житомирська","Місячна","2016-M09","14912"
"Кількість померлих","Житомирська","Місячна","2016-M10","16579"
"Кількість померлих","Житомирська","Місячна","2016-M11","18301"
"Кількість померлих","Житомирська","Місячна","2016-M12","20108"
"Кількість померлих","Житомирська","Місячна","2017-M01","2068"
"Кількість померлих","Житомирська","Місячна","2017-M02","3653"
"Кількість померлих","Житомирська","Місячна","2017-M03","5384"
"Кількість померлих","Житомирська","Місячна","2017-M04","7052"
"Кількість померлих","Житомирська","Місячна","2017-M05","8822"
"Кількість померлих","Житомирська","Місячна","2017-M06","10373"
"Кількість померлих","Житомирська","Місячна","2017-M07","11910"
"Кількість померлих","Житомирська","Місячна","2017-M08","13485"
"Кількість померлих","Житомирська","Місячна","2017-M09","14937"
"Кількість померлих","Житомирська","Місячна","2017-M10","16609"
"Кількість померлих","Житомирська","Місячна","2017-M11","18325"
"Кількість померлих","Житомирська","Місячна","2017-M12","20000"
"Кількість померлих","Житомирська","Місячна","2018-M01","1841"
"Кількість померлих","Житомирська","Місячна","2018-M02","3476"
"Кількість померлих","Житомирська","Місячна","2018-M03","5391"
"Кількість померлих","Житомирська","Місячна","2018-M04","6976"
"Кількість померлих","Житомирська","Місячна","2018-M05","8850"
"Кількість померлих","Житомирська","Місячна","2018-M06","10278"
"Кількість померлих","Житомирська","Місячна","2018-M07","11926"
"Кількість померлих","Житомирська","Місячна","2018-M08","13394"
"Кількість померлих","Житомирська","Місячна","2018-M09","14835"
"Кількість померлих","Житомирська","Місячна","2018-M10","16655"
"Кількість померлих","Житомирська","Місячна","2018-M11","18394"
"Кількість померлих","Житомирська","Місячна","2018-M12","20227"
"Кількість померлих","Житомирська","Місячна","2019-M01","2199"
"Кількість померлих","Житомирська","Місячна","2019-M02","3810"
"Кількість померлих","Житомирська","Місячна","2019-M03","5481"
"Кількість померлих","Житомирська","Місячна","2019-M04","7129"
"Кількість померлих","Житомирська","Місячна","2019-M05","9027"
"Кількість померлих","Житомирська","Місячна","2019-M06","10467"
"Кількість померлих","Житомирська","Місячна","2019-M07","12114"
"Кількість померлих","Житомирська","Місячна","2019-M08","13549"
"Кількість померлих","Житомирська","Місячна","2019-M09","15026"
"Кількість померлих","Житомирська","Місячна","2019-M10","16723"
"Кількість померлих","Житомирська","Місячна","2019-M11","18303"
"Кількість померлих","Житомирська","Місячна","2019-M12","19933"
"Кількість померлих","Житомирська","Місячна","2020-M01","1880"
"Кількість померлих","Житомирська","Місячна","2020-M02","3456"
"Кількість померлих","Житомирська","Місячна","2020-M03","5111"
"Кількість померлих","Житомирська","Місячна","2020-M04","6751"
"Кількість померлих","Житомирська","Місячна","2020-M05","8314"
"Кількість померлих","Житомирська","Місячна","2020-M06","9996"
"Кількість померлих","Житомирська","Місячна","2020-M07","11588"
"Кількість померлих","Житомирська","Місячна","2020-M08","13034"
"Кількість померлих","Житомирська","Місячна","2020-M09","14636"
"Кількість померлих","Житомирська","Місячна","2020-M10","16701"
"Кількість померлих","Житомирська","Місячна","2020-M11","18985"
"Кількість померлих","Житомирська","Місячна","2020-M12","21212"
"Кількість померлих","Житомирська","Місячна","2021-M01","1919"
"Кількість померлих","Житомирська","Місячна","2021-M02","3673"
"Кількість померлих","Житомирська","Місячна","2021-M03","6074"
"Кількість померлих","Житомирська","Місячна","2021-M04","8457"
"Кількість померлих","Житомирська","Місячна","2021-M05","10299"
"Кількість померлих","Житомирська","Місячна","2021-M06","11984"
"Кількість померлих","Житомирська","Місячна","2021-M07","13535"
"Кількість померлих","Житомирська","Місячна","2021-M08","14946"
"Кількість померлих","Житомирська","Місячна","2021-M09","16630"
"Кількість померлих","Житомирська","Місячна","2021-M10","18926"
"Кількість померлих","Житомирська","Місячна","2021-M11","21552"
"Кількість померлих","Житомирська","Місячна","2021-M12","23679"
"Кількість померлих","Житомирська","Місячна","2022-M01","1830"
"Кількість померлих","Житомирська","Місячна","2022-M02",""
"Кількість померлих","Житомирська","Місячна","2022-M03",""
"Кількість померлих","Житомирська","Місячна","2022-M04",""
"Кількість померлих","Житомирська","Місячна","2022-M05",""
"Кількість померлих","Житомирська","Місячна","2022-M06",""
"Кількість померлих","Житомирська","Місячна","2022-M07",""
"Кількість померлих","Житомирська","Місячна","2022-M08",""
"Кількість померлих","Житомирська","Місячна","2022-M09",""
"Кількість померлих","Житомирська","Місячна","2022-M10",""
"Кількість померлих","Житомирська","Місячна","2022-M11",""
"Кількість померлих","Житомирська","Місячна","2022-M12",""
"Кількість померлих","Закарпатська","Місячна","2005-M01","1554"
"Кількість померлих","Закарпатська","Місячна","2005-M02","3026"
"Кількість померлих","Закарпатська","Місячна","2005-M03","4640"
"Кількість померлих","Закарпатська","Місячна","2005-M04","6022"
"Кількість померлих","Закарпатська","Місячна","2005-M05","7483"
"Кількість померлих","Закарпатська","Місячна","2005-M06","8743"
"Кількість померлих","Закарпатська","Місячна","2005-M07","9965"
"Кількість померлих","Закарпатська","Місячна","2005-M08","11234"
"Кількість померлих","Закарпатська","Місячна","2005-M09","12346"
"Кількість померлих","Закарпатська","Місячна","2005-M10","13593"
"Кількість померлих","Закарпатська","Місячна","2005-M11","15006"
"Кількість померлих","Закарпатська","Місячна","2005-M12","16456"
"Кількість померлих","Закарпатська","Місячна","2006-M01","1558"
"Кількість померлих","Закарпатська","Місячна","2006-M02","2868"
"Кількість померлих","Закарпатська","Місячна","2006-M03","4301"
"Кількість померлих","Закарпатська","Місячна","2006-M04","5631"
"Кількість померлих","Закарпатська","Місячна","2006-M05","7034"
"Кількість померлих","Закарпатська","Місячна","2006-M06","8338"
"Кількість померлих","Закарпатська","Місячна","2006-M07","9558"
"Кількість померлих","Закарпатська","Місячна","2006-M08","10739"
"Кількість померлих","Закарпатська","Місячна","2006-M09","11945"
"Кількість померлих","Закарпатська","Місячна","2006-M10","13239"
"Кількість померлих","Закарпатська","Місячна","2006-M11","14590"
"Кількість померлих","Закарпатська","Місячна","2006-M12","15899"
"Кількість померлих","Закарпатська","Місячна","2007-M01","1554"
"Кількість померлих","Закарпатська","Місячна","2007-M02","3038"
"Кількість померлих","Закарпатська","Місячна","2007-M03","4489"
"Кількість померлих","Закарпатська","Місячна","2007-M04","5799"
"Кількість померлих","Закарпатська","Місячна","2007-M05","7167"
"Кількість померлих","Закарпатська","Місячна","2007-M06","8401"
"Кількість померлих","Закарпатська","Місячна","2007-M07","9789"
"Кількість померлих","Закарпатська","Місячна","2007-M08","11016"
"Кількість померлих","Закарпатська","Місячна","2007-M09","12228"
"Кількість померлих","Закарпатська","Місячна","2007-M10","13657"
"Кількість померлих","Закарпатська","Місячна","2007-M11","15058"
"Кількість померлих","Закарпатська","Місячна","2007-M12","16488"
"Кількість померлих","Закарпатська","Місячна","2008-M01","1630"
"Кількість померлих","Закарпатська","Місячна","2008-M02","2934"
"Кількість померлих","Закарпатська","Місячна","2008-M03","4334"
"Кількість померлих","Закарпатська","Місячна","2008-M04","5653"
"Кількість померлих","Закарпатська","Місячна","2008-M05","7079"
"Кількість померлих","Закарпатська","Місячна","2008-M06","8398"
"Кількість померлих","Закарпатська","Місячна","2008-M07","9618"
"Кількість померлих","Закарпатська","Місячна","2008-M08","10879"
"Кількість померлих","Закарпатська","Місячна","2008-M09","12118"
"Кількість померлих","Закарпатська","Місячна","2008-M10","13421"
"Кількість померлих","Закарпатська","Місячна","2008-M11","14728"
"Кількість померлих","Закарпатська","Місячна","2008-M12","16155"
"Кількість померлих","Закарпатська","Місячна","2009-M01","1680"
"Кількість померлих","Закарпатська","Місячна","2009-M02","2978"
"Кількість померлих","Закарпатська","Місячна","2009-M03","4475"
"Кількість померлих","Закарпатська","Місячна","2009-M04","5783"
"Кількість померлих","Закарпатська","Місячна","2009-M05","7102"
"Кількість померлих","Закарпатська","Місячна","2009-M06","8285"
"Кількість померлих","Закарпатська","Місячна","2009-M07","9504"
"Кількість померлих","Закарпатська","Місячна","2009-M08","10610"
"Кількість померлих","Закарпатська","Місячна","2009-M09","11673"
"Кількість померлих","Закарпатська","Місячна","2009-M10","12929"
"Кількість померлих","Закарпатська","Місячна","2009-M11","14261"
"Кількість померлих","Закарпатська","Місячна","2009-M12","15587"
"Кількість померлих","Закарпатська","Місячна","2010-M01","1409"
"Кількість померлих","Закарпатська","Місячна","2010-M02","2615"
"Кількість померлих","Закарпатська","Місячна","2010-M03","3945"
"Кількість померлих","Закарпатська","Місячна","2010-M04","5190"
"Кількість померлих","Закарпатська","Місячна","2010-M05","6329"
"Кількість померлих","Закарпатська","Місячна","2010-M06","7555"
"Кількість померлих","Закарпатська","Місячна","2010-M07","8794"
"Кількість померлих","Закарпатська","Місячна","2010-M08","9947"
"Кількість померлих","Закарпатська","Місячна","2010-M09","11067"
"Кількість померлих","Закарпатська","Місячна","2010-M10","12369"
"Кількість померлих","Закарпатська","Місячна","2010-M11","13552"
"Кількість померлих","Закарпатська","Місячна","2010-M12","14947"
"Кількість померлих","Закарпатська","Місячна","2011-M01","1428"
"Кількість померлих","Закарпатська","Місячна","2011-M02","2674"
"Кількість померлих","Закарпатська","Місячна","2011-M03","4016"
"Кількість померлих","Закарпатська","Місячна","2011-M04","5332"
"Кількість померлих","Закарпатська","Місячна","2011-M05","6606"
"Кількість померлих","Закарпатська","Місячна","2011-M06","7679"
"Кількість померлих","Закарпатська","Місячна","2011-M07","8823"
"Кількість померлих","Закарпатська","Місячна","2011-M08","9908"
"Кількість померлих","Закарпатська","Місячна","2011-M09","10972"
"Кількість померлих","Закарпатська","Місячна","2011-M10","12206"
"Кількість померлих","Закарпатська","Місячна","2011-M11","13382"
"Кількість померлих","Закарпатська","Місячна","2011-M12","14588"
"Кількість померлих","Закарпатська","Місячна","2012-M01","1368"
"Кількість померлих","Закарпатська","Місячна","2012-M02","2640"
"Кількість померлих","Закарпатська","Місячна","2012-M03","3956"
"Кількість померлих","Закарпатська","Місячна","2012-M04","5289"
"Кількість померлих","Закарпатська","Місячна","2012-M05","6546"
"Кількість померлих","Закарпатська","Місячна","2012-M06","7641"
"Кількість померлих","Закарпатська","Місячна","2012-M07","8847"
"Кількість померлих","Закарпатська","Місячна","2012-M08","9952"
"Кількість померлих","Закарпатська","Місячна","2012-M09","11026"
"Кількість померлих","Закарпатська","Місячна","2012-M10","12254"
"Кількість померлих","Закарпатська","Місячна","2012-M11","13557"
"Кількість померлих","Закарпатська","Місячна","2012-M12","14813"
"Кількість померлих","Закарпатська","Місячна","2013-M01","1448"
"Кількість померлих","Закарпатська","Місячна","2013-M02","2649"
"Кількість померлих","Закарпатська","Місячна","2013-M03","3920"
"Кількість померлих","Закарпатська","Місячна","2013-M04","5231"
"Кількість померлих","Закарпатська","Місячна","2013-M05","6458"
"Кількість померлих","Закарпатська","Місячна","2013-M06","7615"
"Кількість померлих","Закарпатська","Місячна","2013-M07","8828"
"Кількість померлих","Закарпатська","Місячна","2013-M08","9937"
"Кількість померлих","Закарпатська","Місячна","2013-M09","11006"
"Кількість померлих","Закарпатська","Місячна","2013-M10","12305"
"Кількість померлих","Закарпатська","Місячна","2013-M11","13534"
"Кількість померлих","Закарпатська","Місячна","2013-M12","14801"
"Кількість померлих","Закарпатська","Місячна","2014-M01","1384"
"Кількість померлих","Закарпатська","Місячна","2014-M02","2533"
"Кількість померлих","Закарпатська","Місячна","2014-M03","3822"
"Кількість померлих","Закарпатська","Місячна","2014-M04","5142"
"Кількість померлих","Закарпатська","Місячна","2014-M05","6400"
"Кількість померлих","Закарпатська","Місячна","2014-M06","7544"
"Кількість померлих","Закарпатська","Місячна","2014-M07","8742"
"Кількість померлих","Закарпатська","Місячна","2014-M08","9745"
"Кількість померлих","Закарпатська","Місячна","2014-M09","10917"
"Кількість померлих","Закарпатська","Місячна","2014-M10","12192"
"Кількість померлих","Закарпатська","Місячна","2014-M11","13413"
"Кількість померлих","Закарпатська","Місячна","2014-M12","14808"
"Кількість померлих","Закарпатська","Місячна","2015-M01","1526"
"Кількість померлих","Закарпатська","Місячна","2015-M02","2988"
"Кількість померлих","Закарпатська","Місячна","2015-M03","4530"
"Кількість померлих","Закарпатська","Місячна","2015-M04","5924"
"Кількість померлих","Закарпатська","Місячна","2015-M05","7206"
"Кількість померлих","Закарпатська","Місячна","2015-M06","8360"
"Кількість померлих","Закарпатська","Місячна","2015-M07","9520"
"Кількість померлих","Закарпатська","Місячна","2015-M08","10584"
"Кількість померлих","Закарпатська","Місячна","2015-M09","11665"
"Кількість померлих","Закарпатська","Місячна","2015-M10","12885"
"Кількість померлих","Закарпатська","Місячна","2015-M11","14164"
"Кількість померлих","Закарпатська","Місячна","2015-M12","15549"
"Кількість померлих","Закарпатська","Місячна","2016-M01","1569"
"Кількість померлих","Закарпатська","Місячна","2016-M02","2911"
"Кількість померлих","Закарпатська","Місячна","2016-M03","4228"
"Кількість померлих","Закарпатська","Місячна","2016-M04","5402"
"Кількість померлих","Закарпатська","Місячна","2016-M05","6703"
"Кількість померлих","Закарпатська","Місячна","2016-M06","7877"
"Кількість померлих","Закарпатська","Місячна","2016-M07","8965"
"Кількість померлих","Закарпатська","Місячна","2016-M08","10129"
"Кількість померлих","Закарпатська","Місячна","2016-M09","11272"
"Кількість померлих","Закарпатська","Місячна","2016-M10","12530"
"Кількість померлих","Закарпатська","Місячна","2016-M11","13880"
"Кількість померлих","Закарпатська","Місячна","2016-M12","15399"
"Кількість померлих","Закарпатська","Місячна","2017-M01","1757"
"Кількість померлих","Закарпатська","Місячна","2017-M02","3010"
"Кількість померлих","Закарпатська","Місячна","2017-M03","4336"
"Кількість померлих","Закарпатська","Місячна","2017-M04","5515"
"Кількість померлих","Закарпатська","Місячна","2017-M05","6808"
"Кількість померлих","Закарпатська","Місячна","2017-M06","7947"
"Кількість померлих","Закарпатська","Місячна","2017-M07","9019"
"Кількість померлих","Закарпатська","Місячна","2017-M08","10249"
"Кількість померлих","Закарпатська","Місячна","2017-M09","11368"
"Кількість померлих","Закарпатська","Місячна","2017-M10","12559"
"Кількість померлих","Закарпатська","Місячна","2017-M11","13794"
"Кількість померлих","Закарпатська","Місячна","2017-M12","15077"
"Кількість померлих","Закарпатська","Місячна","2018-M01","1445"
"Кількість померлих","Закарпатська","Місячна","2018-M02","2720"
"Кількість померлих","Закарпатська","Місячна","2018-M03","4182"
"Кількість померлих","Закарпатська","Місячна","2018-M04","5446"
"Кількість померлих","Закарпатська","Місячна","2018-M05","6753"
"Кількість померлих","Закарпатська","Місячна","2018-M06","7878"
"Кількість померлих","Закарпатська","Місячна","2018-M07","9089"
"Кількість померлих","Закарпатська","Місячна","2018-M08","10252"
"Кількість померлих","Закарпатська","Місячна","2018-M09","11346"
"Кількість померлих","Закарпатська","Місячна","2018-M10","12697"
"Кількість померлих","Закарпатська","Місячна","2018-M11","13964"
"Кількість померлих","Закарпатська","Місячна","2018-M12","15320"
"Кількість померлих","Закарпатська","Місячна","2019-M01","1614"
"Кількість померлих","Закарпатська","Місячна","2019-M02","2920"
"Кількість померлих","Закарпатська","Місячна","2019-M03","4269"
"Кількість померлих","Закарпатська","Місячна","2019-M04","5520"
"Кількість померлих","Закарпатська","Місячна","2019-M05","6973"
"Кількість померлих","Закарпатська","Місячна","2019-M06","8182"
"Кількість померлих","Закарпатська","Місячна","2019-M07","9470"
"Кількість померлих","Закарпатська","Місячна","2019-M08","10596"
"Кількість померлих","Закарпатська","Місячна","2019-M09","11697"
"Кількість померлих","Закарпатська","Місячна","2019-M10","12994"
"Кількість померлих","Закарпатська","Місячна","2019-M11","14210"
"Кількість померлих","Закарпатська","Місячна","2019-M12","15527"
"Кількість померлих","Закарпатська","Місячна","2020-M01","1471"
"Кількість померлих","Закарпатська","Місячна","2020-M02","2743"
"Кількість померлих","Закарпатська","Місячна","2020-M03","4093"
"Кількість померлих","Закарпатська","Місячна","2020-M04","5296"
"Кількість померлих","Закарпатська","Місячна","2020-M05","6541"
"Кількість померлих","Закарпатська","Місячна","2020-M06","7906"
"Кількість померлих","Закарпатська","Місячна","2020-M07","9401"
"Кількість померлих","Закарпатська","Місячна","2020-M08","10686"
"Кількість померлих","Закарпатська","Місячна","2020-M09","12008"
"Кількість померлих","Закарпатська","Місячна","2020-M10","13466"
"Кількість померлих","Закарпатська","Місячна","2020-M11","15125"
"Кількість померлих","Закарпатська","Місячна","2020-M12","16756"
"Кількість померлих","Закарпатська","Місячна","2021-M01","1477"
"Кількість померлих","Закарпатська","Місячна","2021-M02","3058"
"Кількість померлих","Закарпатська","Місячна","2021-M03","5367"
"Кількість померлих","Закарпатська","Місячна","2021-M04","6943"
"Кількість померлих","Закарпатська","Місячна","2021-M05","8287"
"Кількість померлих","Закарпатська","Місячна","2021-M06","9643"
"Кількість померлих","Закарпатська","Місячна","2021-M07","10826"
"Кількість померлих","Закарпатська","Місячна","2021-M08","11909"
"Кількість померлих","Закарпатська","Місячна","2021-M09","13175"
"Кількість померлих","Закарпатська","Місячна","2021-M10","14598"
"Кількість померлих","Закарпатська","Місячна","2021-M11","16513"
"Кількість померлих","Закарпатська","Місячна","2021-M12","18448"
"Кількість померлих","Закарпатська","Місячна","2022-M01","1688"
"Кількість померлих","Закарпатська","Місячна","2022-M02",""
"Кількість померлих","Закарпатська","Місячна","2022-M03",""
"Кількість померлих","Закарпатська","Місячна","2022-M04",""
"Кількість померлих","Закарпатська","Місячна","2022-M05",""
"Кількість померлих","Закарпатська","Місячна","2022-M06",""
"Кількість померлих","Закарпатська","Місячна","2022-M07",""
"Кількість померлих","Закарпатська","Місячна","2022-M08",""
"Кількість померлих","Закарпатська","Місячна","2022-M09",""
"Кількість померлих","Закарпатська","Місячна","2022-M10",""
"Кількість померлих","Закарпатська","Місячна","2022-M11",""
"Кількість померлих","Закарпатська","Місячна","2022-M12",""
"Кількість померлих","Запорізька","Місячна","2005-M01","2758"
"Кількість померлих","Запорізька","Місячна","2005-M02","5451"
"Кількість померлих","Запорізька","Місячна","2005-M03","8433"
"Кількість померлих","Запорізька","Місячна","2005-M04","11124"
"Кількість померлих","Запорізька","Місячна","2005-M05","13843"
"Кількість померлих","Запорізька","Місячна","2005-M06","16253"
"Кількість померлих","Запорізька","Місячна","2005-M07","18502"
"Кількість померлих","Запорізька","Місячна","2005-M08","20907"
"Кількість померлих","Запорізька","Місячна","2005-M09","23163"
"Кількість померлих","Запорізька","Місячна","2005-M10","25579"
"Кількість померлих","Запорізька","Місячна","2005-M11","28277"
"Кількість померлих","Запорізька","Місячна","2005-M12","30810"
"Кількість померлих","Запорізька","Місячна","2006-M01","3073"
"Кількість померлих","Запорізька","Місячна","2006-M02","5699"
"Кількість померлих","Запорізька","Місячна","2006-M03","8364"
"Кількість померлих","Запорізька","Місячна","2006-M04","10841"
"Кількість померлих","Запорізька","Місячна","2006-M05","13596"
"Кількість померлих","Запорізька","Місячна","2006-M06","15875"
"Кількість померлих","Запорізька","Місячна","2006-M07","18200"
"Кількість померлих","Запорізька","Місячна","2006-M08","20715"
"Кількість померлих","Запорізька","Місячна","2006-M09","22957"
"Кількість померлих","Запорізька","Місячна","2006-M10","25476"
"Кількість померлих","Запорізька","Місячна","2006-M11","28045"
"Кількість померлих","Запорізька","Місячна","2006-M12","30514"
"Кількість померлих","Запорізька","Місячна","2007-M01","2747"
"Кількість померлих","Запорізька","Місячна","2007-M02","5248"
"Кількість померлих","Запорізька","Місячна","2007-M03","7930"
"Кількість померлих","Запорізька","Місячна","2007-M04","10433"
"Кількість померлих","Запорізька","Місячна","2007-M05","13230"
"Кількість померлих","Запорізька","Місячна","2007-M06","15482"
"Кількість померлих","Запорізька","Місячна","2007-M07","18009"
"Кількість померлих","Запорізька","Місячна","2007-M08","20530"
"Кількість померлих","Запорізька","Місячна","2007-M09","22754"
"Кількість померлих","Запорізька","Місячна","2007-M10","25397"
"Кількість померлих","Запорізька","Місячна","2007-M11","28211"
"Кількість померлих","Запорізька","Місячна","2007-M12","30747"
"Кількість померлих","Запорізька","Місячна","2008-M01","3185"
"Кількість померлих","Запорізька","Місячна","2008-M02","5663"
"Кількість померлих","Запорізька","Місячна","2008-M03","8279"
"Кількість померлих","Запорізька","Місячна","2008-M04","10867"
"Кількість померлих","Запорізька","Місячна","2008-M05","13557"
"Кількість померлих","Запорізька","Місячна","2008-M06","15818"
"Кількість померлих","Запорізька","Місячна","2008-M07","18320"
"Кількість померлих","Запорізька","Місячна","2008-M08","20603"
"Кількість померлих","Запорізька","Місячна","2008-M09","22802"
"Кількість померлих","Запорізька","Місячна","2008-M10","25314"
"Кількість померлих","Запорізька","Місячна","2008-M11","27676"
"Кількість померлих","Запорізька","Місячна","2008-M12","30127"
"Кількість померлих","Запорізька","Місячна","2009-M01","2941"
"Кількість померлих","Запорізька","Місячна","2009-M02","5356"
"Кількість померлих","Запорізька","Місячна","2009-M03","7897"
"Кількість померлих","Запорізька","Місячна","2009-M04","10333"
"Кількість померлих","Запорізька","Місячна","2009-M05","12660"
"Кількість померлих","Запорізька","Місячна","2009-M06","14902"
"Кількість померлих","Запорізька","Місячна","2009-M07","17228"
"Кількість померлих","Запорізька","Місячна","2009-M08","19233"
"Кількість померлих","Запорізька","Місячна","2009-M09","21371"
"Кількість померлих","Запорізька","Місячна","2009-M10","23560"
"Кількість померлих","Запорізька","Місячна","2009-M11","25683"
"Кількість померлих","Запорізька","Місячна","2009-M12","28154"
"Кількість померлих","Запорізька","Місячна","2010-M01","2722"
"Кількість померлих","Запорізька","Місячна","2010-M02","5027"
"Кількість померлих","Запорізька","Місячна","2010-M03","7540"
"Кількість померлих","Запорізька","Місячна","2010-M04","9911"
"Кількість померлих","Запорізька","Місячна","2010-M05","12192"
"Кількість померлих","Запорізька","Місячна","2010-M06","14428"
"Кількість померлих","Запорізька","Місячна","2010-M07","16752"
"Кількість померлих","Запорізька","Місячна","2010-M08","19619"
"Кількість померлих","Запорізька","Місячна","2010-M09","21721"
"Кількість померлих","Запорізька","Місячна","2010-M10","23997"
"Кількість померлих","Запорізька","Місячна","2010-M11","26239"
"Кількість померлих","Запорізька","Місячна","2010-M12","28553"
"Кількість померлих","Запорізька","Місячна","2011-M01","2472"
"Кількість померлих","Запорізька","Місячна","2011-M02","4710"
"Кількість померлих","Запорізька","Місячна","2011-M03","7373"
"Кількість померлих","Запорізька","Місячна","2011-M04","9520"
"Кількість померлих","Запорізька","Місячна","2011-M05","11878"
"Кількість померлих","Запорізька","Місячна","2011-M06","13930"
"Кількість померлих","Запорізька","Місячна","2011-M07","16149"
"Кількість померлих","Запорізька","Місячна","2011-M08","18291"
"Кількість померлих","Запорізька","Місячна","2011-M09","20337"
"Кількість померлих","Запорізька","Місячна","2011-M10","22537"
"Кількість померлих","Запорізька","Місячна","2011-M11","24830"
"Кількість померлих","Запорізька","Місячна","2011-M12","27033"
"Кількість померлих","Запорізька","Місячна","2012-M01","2378"
"Кількість померлих","Запорізька","Місячна","2012-M02","4771"
"Кількість померлих","Запорізька","Місячна","2012-M03","7005"
"Кількість померлих","Запорізька","Місячна","2012-M04","9152"
"Кількість померлих","Запорізька","Місячна","2012-M05","11337"
"Кількість померлих","Запорізька","Місячна","2012-M06","13545"
"Кількість померлих","Запорізька","Місячна","2012-M07","15830"
"Кількість померлих","Запорізька","Місячна","2012-M08","18004"
"Кількість померлих","Запорізька","Місячна","2012-M09","19917"
"Кількість померлих","Запорізька","Місячна","2012-M10","22039"
"Кількість померлих","Запорізька","Місячна","2012-M11","24186"
"Кількість померлих","Запорізька","Місячна","2012-M12","26406"
"Кількість померлих","Запорізька","Місячна","2013-M01","2506"
"Кількість померлих","Запорізька","Місячна","2013-M02","4475"
"Кількість померлих","Запорізька","Місячна","2013-M03","6809"
"Кількість померлих","Запорізька","Місячна","2013-M04","9144"
"Кількість померлих","Запорізька","Місячна","2013-M05","11403"
"Кількість померлих","Запорізька","Місячна","2013-M06","13260"
"Кількість померлих","Запорізька","Місячна","2013-M07","15368"
"Кількість померлих","Запорізька","Місячна","2013-M08","17454"
"Кількість померлих","Запорізька","Місячна","2013-M09","19503"
"Кількість померлих","Запорізька","Місячна","2013-M10","21932"
"Кількість померлих","Запорізька","Місячна","2013-M11","24072"
"Кількість померлих","Запорізька","Місячна","2013-M12","26498"
"Кількість померлих","Запорізька","Місячна","2014-M01","2436"
"Кількість померлих","Запорізька","Місячна","2014-M02","4767"
"Кількість померлих","Запорізька","Місячна","2014-M03","7309"
"Кількість померлих","Запорізька","Місячна","2014-M04","9581"
"Кількість померлих","Запорізька","Місячна","2014-M05","11870"
"Кількість померлих","Запорізька","Місячна","2014-M06","13817"
"Кількість померлих","Запорізька","Місячна","2014-M07","16128"
"Кількість померлих","Запорізька","Місячна","2014-M08","18342"
"Кількість померлих","Запорізька","Місячна","2014-M09","20524"
"Кількість померлих","Запорізька","Місячна","2014-M10","23023"
"Кількість померлих","Запорізька","Місячна","2014-M11","25209"
"Кількість померлих","Запорізька","Місячна","2014-M12","27773"
"Кількість померлих","Запорізька","Місячна","2015-M01","2607"
"Кількість померлих","Запорізька","Місячна","2015-M02","5011"
"Кількість померлих","Запорізька","Місячна","2015-M03","7602"
"Кількість померлих","Запорізька","Місячна","2015-M04","10065"
"Кількість померлих","Запорізька","Місячна","2015-M05","12358"
"Кількість померлих","Запорізька","Місячна","2015-M06","14600"
"Кількість померлих","Запорізька","Місячна","2015-M07","17034"
"Кількість померлих","Запорізька","Місячна","2015-M08","19210"
"Кількість померлих","Запорізька","Місячна","2015-M09","21205"
"Кількість померлих","Запорізька","Місячна","2015-M10","23512"
"Кількість померлих","Запорізька","Місячна","2015-M11","25657"
"Кількість померлих","Запорізька","Місячна","2015-M12","28066"
"Кількість померлих","Запорізька","Місячна","2016-M01","2678"
"Кількість померлих","Запорізька","Місячна","2016-M02","5039"
"Кількість померлих","Запорізька","Місячна","2016-M03","7525"
"Кількість померлих","Запорізька","Місячна","2016-M04","9829"
"Кількість померлих","Запорізька","Місячна","2016-M05","12141"
"Кількість померлих","Запорізька","Місячна","2016-M06","14537"
"Кількість померлих","Запорізька","Місячна","2016-M07","16685"
"Кількість померлих","Запорізька","Місячна","2016-M08","18894"
"Кількість померлих","Запорізька","Місячна","2016-M09","20905"
"Кількість померлих","Запорізька","Місячна","2016-M10","23182"
"Кількість померлих","Запорізька","Місячна","2016-M11","25533"
"Кількість померлих","Запорізька","Місячна","2016-M12","28129"
"Кількість померлих","Запорізька","Місячна","2017-M01","2848"
"Кількість померлих","Запорізька","Місячна","2017-M02","5154"
"Кількість померлих","Запорізька","Місячна","2017-M03","7474"
"Кількість померлих","Запорізька","Місячна","2017-M04","9784"
"Кількість померлих","Запорізька","Місячна","2017-M05","12244"
"Кількість померлих","Запорізька","Місячна","2017-M06","14465"
"Кількість померлих","Запорізька","Місячна","2017-M07","16501"
"Кількість померлих","Запорізька","Місячна","2017-M08","18865"
"Кількість померлих","Запорізька","Місячна","2017-M09","20887"
"Кількість померлих","Запорізька","Місячна","2017-M10","23298"
"Кількість померлих","Запорізька","Місячна","2017-M11","25508"
"Кількість померлих","Запорізька","Місячна","2017-M12","27758"
"Кількість померлих","Запорізька","Місячна","2018-M01","2498"
"Кількість померлих","Запорізька","Місячна","2018-M02","4713"
"Кількість померлих","Запорізька","Місячна","2018-M03","7305"
"Кількість померлих","Запорізька","Місячна","2018-M04","9534"
"Кількість померлих","Запорізька","Місячна","2018-M05","11927"
"Кількість померлих","Запорізька","Місячна","2018-M06","14118"
"Кількість померлих","Запорізька","Місячна","2018-M07","16332"
"Кількість померлих","Запорізька","Місячна","2018-M08","18553"
"Кількість померлих","Запорізька","Місячна","2018-M09","20496"
"Кількість померлих","Запорізька","Місячна","2018-M10","22995"
"Кількість померлих","Запорізька","Місячна","2018-M11","25466"
"Кількість померлих","Запорізька","Місячна","2018-M12","27871"
"Кількість померлих","Запорізька","Місячна","2019-M01","2892"
"Кількість померлих","Запорізька","Місячна","2019-M02","5183"
"Кількість померлих","Запорізька","Місячна","2019-M03","7467"
"Кількість померлих","Запорізька","Місячна","2019-M04","9780"
"Кількість померлих","Запорізька","Місячна","2019-M05","12313"
"Кількість померлих","Запорізька","Місячна","2019-M06","14444"
"Кількість померлих","Запорізька","Місячна","2019-M07","16713"
"Кількість померлих","Запорізька","Місячна","2019-M08","18769"
"Кількість померлих","Запорізька","Місячна","2019-M09","20775"
"Кількість померлих","Запорізька","Місячна","2019-M10","23203"
"Кількість померлих","Запорізька","Місячна","2019-M11","25499"
"Кількість померлих","Запорізька","Місячна","2019-M12","27823"
"Кількість померлих","Запорізька","Місячна","2020-M01","2646"
"Кількість померлих","Запорізька","Місячна","2020-M02","4850"
"Кількість померлих","Запорізька","Місячна","2020-M03","7154"
"Кількість померлих","Запорізька","Місячна","2020-M04","9373"
"Кількість померлих","Запорізька","Місячна","2020-M05","11440"
"Кількість померлих","Запорізька","Місячна","2020-M06","13691"
"Кількість померлих","Запорізька","Місячна","2020-M07","15943"
"Кількість померлих","Запорізька","Місячна","2020-M08","17988"
"Кількість померлих","Запорізька","Місячна","2020-M09","20124"
"Кількість померлих","Запорізька","Місячна","2020-M10","22785"
"Кількість померлих","Запорізька","Місячна","2020-M11","25903"
"Кількість померлих","Запорізька","Місячна","2020-M12","29388"
"Кількість померлих","Запорізька","Місячна","2021-M01","2916"
"Кількість померлих","Запорізька","Місячна","2021-M02","5253"
"Кількість померлих","Запорізька","Місячна","2021-M03","8072"
"Кількість померлих","Запорізька","Місячна","2021-M04","11202"
"Кількість померлих","Запорізька","Місячна","2021-M05","13980"
"Кількість померлих","Запорізька","Місячна","2021-M06","16263"
"Кількість померлих","Запорізька","Місячна","2021-M07","18547"
"Кількість померлих","Запорізька","Місячна","2021-M08","20738"
"Кількість померлих","Запорізька","Місячна","2021-M09","23096"
"Кількість померлих","Запорізька","Місячна","2021-M10","27509"
"Кількість померлих","Запорізька","Місячна","2021-M11","32658"
"Кількість померлих","Запорізька","Місячна","2021-M12","35717"
"Кількість померлих","Запорізька","Місячна","2022-M01","2702"
"Кількість померлих","Запорізька","Місячна","2022-M02",""
"Кількість померлих","Запорізька","Місячна","2022-M03",""
"Кількість померлих","Запорізька","Місячна","2022-M04",""
"Кількість померлих","Запорізька","Місячна","2022-M05",""
"Кількість померлих","Запорізька","Місячна","2022-M06",""
"Кількість померлих","Запорізька","Місячна","2022-M07",""
"Кількість померлих","Запорізька","Місячна","2022-M08",""
"Кількість померлих","Запорізька","Місячна","2022-M09",""
"Кількість померлих","Запорізька","Місячна","2022-M10",""
"Кількість померлих","Запорізька","Місячна","2022-M11",""
"Кількість померлих","Запорізька","Місячна","2022-M12",""
"Кількість померлих","Івано-Франківська","Місячна","2005-M01","1694"
"Кількість померлих","Івано-Франківська","Місячна","2005-M02","3347"
"Кількість померлих","Івано-Франківська","Місячна","2005-M03","5192"
"Кількість померлих","Івано-Франківська","Місячна","2005-M04","6890"
"Кількість померлих","Івано-Франківська","Місячна","2005-M05","8554"
"Кількість померлих","Івано-Франківська","Місячна","2005-M06","9998"
"Кількість померлих","Івано-Франківська","Місячна","2005-M07","11352"
"Кількість померлих","Івано-Франківська","Місячна","2005-M08","12782"
"Кількість померлих","Івано-Франківська","Місячна","2005-M09","14188"
"Кількість померлих","Івано-Франківська","Місячна","2005-M10","15699"
"Кількість померлих","Івано-Франківська","Місячна","2005-M11","17243"
"Кількість померлих","Івано-Франківська","Місячна","2005-M12","18814"
"Кількість померлих","Івано-Франківська","Місячна","2006-M01","1757"
"Кількість померлих","Івано-Франківська","Місячна","2006-M02","3352"
"Кількість померлих","Івано-Франківська","Місячна","2006-M03","4990"
"Кількість померлих","Івано-Франківська","Місячна","2006-M04","6459"
"Кількість померлих","Івано-Франківська","Місячна","2006-M05","8074"
"Кількість померлих","Івано-Франківська","Місячна","2006-M06","9538"
"Кількість померлих","Івано-Франківська","Місячна","2006-M07","10937"
"Кількість померлих","Івано-Франківська","Місячна","2006-M08","12261"
"Кількість померлих","Івано-Франківська","Місячна","2006-M09","13685"
"Кількість померлих","Івано-Франківська","Місячна","2006-M10","15265"
"Кількість померлих","Івано-Франківська","Місячна","2006-M11","16825"
"Кількість померлих","Івано-Франківська","Місячна","2006-M12","18399"
"Кількість померлих","Івано-Франківська","Місячна","2007-M01","1818"
"Кількість померлих","Івано-Франківська","Місячна","2007-M02","3706"
"Кількість померлих","Івано-Франківська","Місячна","2007-M03","5343"
"Кількість померлих","Івано-Франківська","Місячна","2007-M04","6870"
"Кількість померлих","Івано-Франківська","Місячна","2007-M05","8484"
"Кількість померлих","Івано-Франківська","Місячна","2007-M06","9774"
"Кількість померлих","Івано-Франківська","Місячна","2007-M07","11253"
"Кількість померлих","Івано-Франківська","Місячна","2007-M08","12580"
"Кількість померлих","Івано-Франківська","Місячна","2007-M09","13988"
"Кількість померлих","Івано-Франківська","Місячна","2007-M10","15610"
"Кількість померлих","Івано-Франківська","Місячна","2007-M11","17222"
"Кількість померлих","Івано-Франківська","Місячна","2007-M12","18811"
"Кількість померлих","Івано-Франківська","Місячна","2008-M01","1859"
"Кількість померлих","Івано-Франківська","Місячна","2008-M02","3491"
"Кількість померлих","Івано-Франківська","Місячна","2008-M03","5163"
"Кількість померлих","Івано-Франківська","Місячна","2008-M04","6678"
"Кількість померлих","Івано-Франківська","Місячна","2008-M05","8291"
"Кількість померлих","Івано-Франківська","Місячна","2008-M06","9691"
"Кількість померлих","Івано-Франківська","Місячна","2008-M07","11123"
"Кількість померлих","Івано-Франківська","Місячна","2008-M08","12398"
"Кількість померлих","Івано-Франківська","Місячна","2008-M09","13771"
"Кількість померлих","Івано-Франківська","Місячна","2008-M10","15236"
"Кількість померлих","Івано-Франківська","Місячна","2008-M11","16760"
"Кількість померлих","Івано-Франківська","Місячна","2008-M12","18385"
"Кількість померлих","Івано-Франківська","Місячна","2009-M01","1795"
"Кількість померлих","Івано-Франківська","Місячна","2009-M02","3262"
"Кількість померлих","Івано-Франківська","Місячна","2009-M03","5000"
"Кількість померлих","Івано-Франківська","Місячна","2009-M04","6533"
"Кількість померлих","Івано-Франківська","Місячна","2009-M05","7967"
"Кількість померлих","Івано-Франківська","Місячна","2009-M06","9309"
"Кількість померлих","Івано-Франківська","Місячна","2009-M07","10639"
"Кількість померлих","Івано-Франківська","Місячна","2009-M08","11861"
"Кількість померлих","Івано-Франківська","Місячна","2009-M09","13126"
"Кількість померлих","Івано-Франківська","Місячна","2009-M10","14594"
"Кількість померлих","Івано-Франківська","Місячна","2009-M11","16072"
"Кількість померлих","Івано-Франківська","Місячна","2009-M12","17565"
"Кількість померлих","Івано-Франківська","Місячна","2010-M01","1604"
"Кількість померлих","Івано-Франківська","Місячна","2010-M02","3068"
"Кількість померлих","Івано-Франківська","Місячна","2010-M03","4631"
"Кількість померлих","Івано-Франківська","Місячна","2010-M04","6036"
"Кількість померлих","Івано-Франківська","Місячна","2010-M05","7457"
"Кількість померлих","Івано-Франківська","Місячна","2010-M06","8843"
"Кількість померлих","Івано-Франківська","Місячна","2010-M07","10270"
"Кількість померлих","Івано-Франківська","Місячна","2010-M08","11576"
"Кількість померлих","Івано-Франківська","Місячна","2010-M09","12979"
"Кількість померлих","Івано-Франківська","Місячна","2010-M10","14477"
"Кількість померлих","Івано-Франківська","Місячна","2010-M11","15922"
"Кількість померлих","Івано-Франківська","Місячна","2010-M12","17521"
"Кількість померлих","Івано-Франківська","Місячна","2011-M01","1596"
"Кількість померлих","Івано-Франківська","Місячна","2011-M02","3027"
"Кількість померлих","Івано-Франківська","Місячна","2011-M03","4633"
"Кількість померлих","Івано-Франківська","Місячна","2011-M04","5948"
"Кількість померлих","Івано-Франківська","Місячна","2011-M05","7416"
"Кількість померлих","Івано-Франківська","Місячна","2011-M06","8676"
"Кількість померлих","Івано-Франківська","Місячна","2011-M07","9952"
"Кількість померлих","Івано-Франківська","Місячна","2011-M08","11185"
"Кількість померлих","Івано-Франківська","Місячна","2011-M09","12388"
"Кількість померлих","Івано-Франківська","Місячна","2011-M10","13790"
"Кількість померлих","Івано-Франківська","Місячна","2011-M11","15218"
"Кількість померлих","Івано-Франківська","Місячна","2011-M12","16657"
"Кількість померлих","Івано-Франківська","Місячна","2012-M01","1474"
"Кількість померлих","Івано-Франківська","Місячна","2012-M02","2986"
"Кількість померлих","Івано-Франківська","Місячна","2012-M03","4470"
"Кількість померлих","Івано-Франківська","Місячна","2012-M04","5940"
"Кількість померлих","Івано-Франківська","Місячна","2012-M05","7450"
"Кількість померлих","Івано-Франківська","Місячна","2012-M06","8744"
"Кількість померлих","Івано-Франківська","Місячна","2012-M07","10141"
"Кількість померлих","Івано-Франківська","Місячна","2012-M08","11406"
"Кількість померлих","Івано-Франківська","Місячна","2012-M09","12539"
"Кількість померлих","Івано-Франківська","Місячна","2012-M10","13965"
"Кількість померлих","Івано-Франківська","Місячна","2012-M11","15405"
"Кількість померлих","Івано-Франківська","Місячна","2012-M12","16801"
"Кількість померлих","Івано-Франківська","Місячна","2013-M01","1659"
"Кількість померлих","Івано-Франківська","Місячна","2013-M02","3061"
"Кількість померлих","Івано-Франківська","Місячна","2013-M03","4556"
"Кількість померлих","Івано-Франківська","Місячна","2013-M04","6072"
"Кількість померлих","Івано-Франківська","Місячна","2013-M05","7437"
"Кількість померлих","Івано-Франківська","Місячна","2013-M06","8773"
"Кількість померлих","Івано-Франківська","Місячна","2013-M07","10200"
"Кількість померлих","Івано-Франківська","Місячна","2013-M08","11464"
"Кількість померлих","Івано-Франківська","Місячна","2013-M09","12869"
"Кількість померлих","Івано-Франківська","Місячна","2013-M10","14339"
"Кількість померлих","Івано-Франківська","Місячна","2013-M11","15750"
"Кількість померлих","Івано-Франківська","Місячна","2013-M12","17358"
"Кількість померлих","Івано-Франківська","Місячна","2014-M01","1641"
"Кількість померлих","Івано-Франківська","Місячна","2014-M02","3195"
"Кількість померлих","Івано-Франківська","Місячна","2014-M03","4832"
"Кількість померлих","Івано-Франківська","Місячна","2014-M04","6355"
"Кількість померлих","Івано-Франківська","Місячна","2014-M05","7823"
"Кількість померлих","Івано-Франківська","Місячна","2014-M06","9098"
"Кількість померлих","Івано-Франківська","Місячна","2014-M07","10537"
"Кількість померлих","Івано-Франківська","Місячна","2014-M08","11802"
"Кількість померлих","Івано-Франківська","Місячна","2014-M09","13160"
"Кількість померлих","Івано-Франківська","Місячна","2014-M10","14548"
"Кількість померлих","Івано-Франківська","Місячна","2014-M11","16024"
"Кількість померлих","Івано-Франківська","Місячна","2014-M12","17670"
"Кількість померлих","Івано-Франківська","Місячна","2015-M01","1673"
"Кількість померлих","Івано-Франківська","Місячна","2015-M02","3160"
"Кількість померлих","Івано-Франківська","Місячна","2015-M03","4945"
"Кількість померлих","Івано-Франківська","Місячна","2015-M04","6551"
"Кількість померлих","Івано-Франківська","Місячна","2015-M05","7937"
"Кількість померлих","Івано-Франківська","Місячна","2015-M06","9355"
"Кількість померлих","Івано-Франківська","Місячна","2015-M07","10744"
"Кількість померлих","Івано-Франківська","Місячна","2015-M08","11990"
"Кількість померлих","Івано-Франківська","Місячна","2015-M09","13281"
"Кількість померлих","Івано-Франківська","Місячна","2015-M10","14705"
"Кількість померлих","Івано-Франківська","Місячна","2015-M11","16144"
"Кількість померлих","Івано-Франківська","Місячна","2015-M12","17685"
"Кількість померлих","Івано-Франківська","Місячна","2016-M01","1686"
"Кількість померлих","Івано-Франківська","Місячна","2016-M02","3157"
"Кількість померлих","Івано-Франківська","Місячна","2016-M03","4616"
"Кількість померлих","Івано-Франківська","Місячна","2016-M04","6062"
"Кількість померлих","Івано-Франківська","Місячна","2016-M05","7593"
"Кількість померлих","Івано-Франківська","Місячна","2016-M06","8944"
"Кількість померлих","Івано-Франківська","Місячна","2016-M07","10171"
"Кількість померлих","Івано-Франківська","Місячна","2016-M08","11436"
"Кількість померлих","Івано-Франківська","Місячна","2016-M09","12660"
"Кількість померлих","Івано-Франківська","Місячна","2016-M10","14089"
"Кількість померлих","Івано-Франківська","Місячна","2016-M11","15616"
"Кількість померлих","Івано-Франківська","Місячна","2016-M12","17221"
"Кількість померлих","Івано-Франківська","Місячна","2017-M01","1947"
"Кількість померлих","Івано-Франківська","Місячна","2017-M02","3379"
"Кількість померлих","Івано-Франківська","Місячна","2017-M03","4881"
"Кількість померлих","Івано-Франківська","Місячна","2017-M04","6307"
"Кількість померлих","Івано-Франківська","Місячна","2017-M05","7767"
"Кількість померлих","Івано-Франківська","Місячна","2017-M06","9055"
"Кількість померлих","Івано-Франківська","Місячна","2017-M07","10284"
"Кількість померлих","Івано-Франківська","Місячна","2017-M08","11619"
"Кількість померлих","Івано-Франківська","Місячна","2017-M09","12891"
"Кількість померлих","Івано-Франківська","Місячна","2017-M10","14319"
"Кількість померлих","Івано-Франківська","Місячна","2017-M11","15778"
"Кількість померлих","Івано-Франківська","Місячна","2017-M12","17306"
"Кількість померлих","Івано-Франківська","Місячна","2018-M01","1653"
"Кількість померлих","Івано-Франківська","Місячна","2018-M02","3155"
"Кількість померлих","Івано-Франківська","Місячна","2018-M03","4784"
"Кількість померлих","Івано-Франківська","Місячна","2018-M04","6234"
"Кількість померлих","Івано-Франківська","Місячна","2018-M05","7645"
"Кількість померлих","Івано-Франківська","Місячна","2018-M06","8944"
"Кількість померлих","Івано-Франківська","Місячна","2018-M07","10246"
"Кількість померлих","Івано-Франківська","Місячна","2018-M08","11505"
"Кількість померлих","Івано-Франківська","Місячна","2018-M09","12820"
"Кількість померлих","Івано-Франківська","Місячна","2018-M10","14420"
"Кількість померлих","Івано-Франківська","Місячна","2018-M11","15894"
"Кількість померлих","Івано-Франківська","Місячна","2018-M12","17449"
"Кількість померлих","Івано-Франківська","Місячна","2019-M01","1923"
"Кількість померлих","Івано-Франківська","Місячна","2019-M02","3565"
"Кількість померлих","Івано-Франківська","Місячна","2019-M03","5116"
"Кількість померлих","Івано-Франківська","Місячна","2019-M04","6591"
"Кількість померлих","Івано-Франківська","Місячна","2019-M05","8229"
"Кількість померлих","Івано-Франківська","Місячна","2019-M06","9519"
"Кількість померлих","Івано-Франківська","Місячна","2019-M07","10930"
"Кількість померлих","Івано-Франківська","Місячна","2019-M08","12175"
"Кількість померлих","Івано-Франківська","Місячна","2019-M09","13400"
"Кількість померлих","Івано-Франківська","Місячна","2019-M10","14804"
"Кількість померлих","Івано-Франківська","Місячна","2019-M11","16096"
"Кількість померлих","Івано-Франківська","Місячна","2019-M12","17551"
"Кількість померлих","Івано-Франківська","Місячна","2020-M01","1596"
"Кількість померлих","Івано-Франківська","Місячна","2020-M02","3029"
"Кількість померлих","Івано-Франківська","Місячна","2020-M03","4525"
"Кількість померлих","Івано-Франківська","Місячна","2020-M04","6050"
"Кількість померлих","Івано-Франківська","Місячна","2020-M05","7430"
"Кількість померлих","Івано-Франківська","Місячна","2020-M06","8909"
"Кількість померлих","Івано-Франківська","Місячна","2020-M07","10436"
"Кількість померлих","Івано-Франківська","Місячна","2020-M08","11938"
"Кількість померлих","Івано-Франківська","Місячна","2020-M09","13553"
"Кількість померлих","Івано-Франківська","Місячна","2020-M10","15250"
"Кількість померлих","Івано-Франківська","Місячна","2020-M11","17217"
"Кількість померлих","Івано-Франківська","Місячна","2020-M12","19177"
"Кількість померлих","Івано-Франківська","Місячна","2021-M01","1689"
"Кількість померлих","Івано-Франківська","Місячна","2021-M02","3542"
"Кількість померлих","Івано-Франківська","Місячна","2021-M03","5987"
"Кількість померлих","Івано-Франківська","Місячна","2021-M04","7689"
"Кількість померлих","Івано-Франківська","Місячна","2021-M05","9285"
"Кількість померлих","Івано-Франківська","Місячна","2021-M06","10680"
"Кількість померлих","Івано-Франківська","Місячна","2021-M07","12038"
"Кількість померлих","Івано-Франківська","Місячна","2021-M08","13276"
"Кількість померлих","Івано-Франківська","Місячна","2021-M09","14736"
"Кількість померлих","Івано-Франківська","Місячна","2021-M10","16502"
"Кількість померлих","Івано-Франківська","Місячна","2021-M11","18683"
"Кількість померлих","Івано-Франківська","Місячна","2021-M12","20590"
"Кількість померлих","Івано-Франківська","Місячна","2022-M01","1923"
"Кількість померлих","Івано-Франківська","Місячна","2022-M02",""
"Кількість померлих","Івано-Франківська","Місячна","2022-M03",""
"Кількість померлих","Івано-Франківська","Місячна","2022-M04",""
"Кількість померлих","Івано-Франківська","Місячна","2022-M05",""
"Кількість померлих","Івано-Франківська","Місячна","2022-M06",""
"Кількість померлих","Івано-Франківська","Місячна","2022-M07",""
"Кількість померлих","Івано-Франківська","Місячна","2022-M08",""
"Кількість померлих","Івано-Франківська","Місячна","2022-M09",""
"Кількість померлих","Івано-Франківська","Місячна","2022-M10",""
"Кількість померлих","Івано-Франківська","Місячна","2022-M11",""
"Кількість померлих","Івано-Франківська","Місячна","2022-M12",""
"Кількість померлих","Київська","Місячна","2005-M01","2847"
"Кількість померлих","Київська","Місячна","2005-M02","5716"
"Кількість померлих","Київська","Місячна","2005-M03","8893"
"Кількість померлих","Київська","Місячна","2005-M04","11695"
"Кількість померлих","Київська","Місячна","2005-M05","14622"
"Кількість померлих","Київська","Місячна","2005-M06","17081"
"Кількість померлих","Київська","Місячна","2005-M07","19449"
"Кількість померлих","Київська","Місячна","2005-M08","21947"
"Кількість померлих","Київська","Місячна","2005-M09","24294"
"Кількість померлих","Київська","Місячна","2005-M10","26944"
"Кількість померлих","Київська","Місячна","2005-M11","29716"
"Кількість померлих","Київська","Місячна","2005-M12","32478"
"Кількість померлих","Київська","Місячна","2006-M01","3048"
"Кількість померлих","Київська","Місячна","2006-M02","5687"
"Кількість померлих","Київська","Місячна","2006-M03","8286"
"Кількість померлих","Київська","Місячна","2006-M04","10829"
"Кількість померлих","Київська","Місячна","2006-M05","13625"
"Кількість померлих","Київська","Місячна","2006-M06","16205"
"Кількість померлих","Київська","Місячна","2006-M07","18589"
"Кількість померлих","Київська","Місячна","2006-M08","21019"
"Кількість померлих","Київська","Місячна","2006-M09","23448"
"Кількість померлих","Київська","Місячна","2006-M10","26255"
"Кількість померлих","Київська","Місячна","2006-M11","28992"
"Кількість померлих","Київська","Місячна","2006-M12","31470"
"Кількість померлих","Київська","Місячна","2007-M01","2762"
"Кількість померлих","Київська","Місячна","2007-M02","5352"
"Кількість померлих","Київська","Місячна","2007-M03","8281"
"Кількість померлих","Київська","Місячна","2007-M04","10840"
"Кількість померлих","Київська","Місячна","2007-M05","13671"
"Кількість померлих","Київська","Місячна","2007-M06","15929"
"Кількість померлих","Київська","Місячна","2007-M07","18555"
"Кількість померлих","Київська","Місячна","2007-M08","20917"
"Кількість померлих","Київська","Місячна","2007-M09","23173"
"Кількість померлих","Київська","Місячна","2007-M10","26055"
"Кількість померлих","Київська","Місячна","2007-M11","28862"
"Кількість померлих","Київська","Місячна","2007-M12","31511"
"Кількість померлих","Київська","Місячна","2008-M01","3170"
"Кількість померлих","Київська","Місячна","2008-M02","5699"
"Кількість померлих","Київська","Місячна","2008-M03","8249"
"Кількість померлих","Київська","Місячна","2008-M04","10819"
"Кількість померлих","Київська","Місячна","2008-M05","13619"
"Кількість померлих","Київська","Місячна","2008-M06","15925"
"Кількість померлих","Київська","Місячна","2008-M07","18588"
"Кількість померлих","Київська","Місячна","2008-M08","20812"
"Кількість померлих","Київська","Місячна","2008-M09","23251"
"Кількість померлих","Київська","Місячна","2008-M10","25893"
"Кількість померлих","Київська","Місячна","2008-M11","28349"
"Кількість померлих","Київська","Місячна","2008-M12","30946"
"Кількість померлих","Київська","Місячна","2009-M01","2833"
"Кількість померлих","Київська","Місячна","2009-M02","5171"
"Кількість померлих","Київська","Місячна","2009-M03","7808"
"Кількість померлих","Київська","Місячна","2009-M04","10334"
"Кількість померлих","Київська","Місячна","2009-M05","12657"
"Кількість померлих","Київська","Місячна","2009-M06","14993"
"Кількість померлих","Київська","Місячна","2009-M07","17287"
"Кількість померлих","Київська","Місячна","2009-M08","19373"
"Кількість померлих","Київська","Місячна","2009-M09","21562"
"Кількість померлих","Київська","Місячна","2009-M10","23942"
"Кількість померлих","Київська","Місячна","2009-M11","26250"
"Кількість померлих","Київська","Місячна","2009-M12","28869"
"Кількість померлих","Київська","Місячна","2010-M01","2464"
"Кількість померлих","Київська","Місячна","2010-M02","4764"
"Кількість померлих","Київська","Місячна","2010-M03","7200"
"Кількість померлих","Київська","Місячна","2010-M04","9659"
"Кількість померлих","Київська","Місячна","2010-M05","11870"
"Кількість померлих","Київська","Місячна","2010-M06","14244"
"Кількість померлих","Київська","Місячна","2010-M07","16671"
"Кількість померлих","Київська","Місячна","2010-M08","19130"
"Кількість померлих","Київська","Місячна","2010-M09","21460"
"Кількість померлих","Київська","Місячна","2010-M10","23776"
"Кількість померлих","Київська","Місячна","2010-M11","25904"
"Кількість померлих","Київська","Місячна","2010-M12","28406"
"Кількість померлих","Київська","Місячна","2011-M01","2307"
"Кількість померлих","Київська","Місячна","2011-M02","4476"
"Кількість померлих","Київська","Місячна","2011-M03","6925"
"Кількість померлих","Київська","Місячна","2011-M04","9143"
"Кількість померлих","Київська","Місячна","2011-M05","11530"
"Кількість померлих","Київська","Місячна","2011-M06","13639"
"Кількість померлих","Київська","Місячна","2011-M07","15808"
"Кількість померлих","Київська","Місячна","2011-M08","17889"
"Кількість померлих","Київська","Місячна","2011-M09","19982"
"Кількість померлих","Київська","Місячна","2011-M10","22300"
"Кількість померлих","Київська","Місячна","2011-M11","24659"
"Кількість померлих","Київська","Місячна","2011-M12","26847"
"Кількість померлих","Київська","Місячна","2012-M01","2485"
"Кількість померлих","Київська","Місячна","2012-M02","4855"
"Кількість померлих","Київська","Місячна","2012-M03","7309"
"Кількість померлих","Київська","Місячна","2012-M04","9566"
"Кількість померлих","Київська","Місячна","2012-M05","11878"
"Кількість померлих","Київська","Місячна","2012-M06","13899"
"Кількість померлих","Київська","Місячна","2012-M07","16118"
"Кількість померлих","Київська","Місячна","2012-M08","18253"
"Кількість померлих","Київська","Місячна","2012-M09","20281"
"Кількість померлих","Київська","Місячна","2012-M10","22655"
"Кількість померлих","Київська","Місячна","2012-M11","24921"
"Кількість померлих","Київська","Місячна","2012-M12","27161"
"Кількість померлих","Київська","Місячна","2013-M01","2539"
"Кількість померлих","Київська","Місячна","2013-M02","4696"
"Кількість померлих","Київська","Місячна","2013-M03","7006"
"Кількість померлих","Київська","Місячна","2013-M04","9527"
"Кількість померлих","Київська","Місячна","2013-M05","11831"
"Кількість померлих","Київська","Місячна","2013-M06","13827"
"Кількість померлих","Київська","Місячна","2013-M07","16098"
"Кількість померлих","Київська","Місячна","2013-M08","18172"
"Кількість померлих","Київська","Місячна","2013-M09","20338"
"Кількість померлих","Київська","Місячна","2013-M10","22817"
"Кількість померлих","Київська","Місячна","2013-M11","24890"
"Кількість померлих","Київська","Місячна","2013-M12","27198"
"Кількість померлих","Київська","Місячна","2014-M01","2436"
"Кількість померлих","Київська","Місячна","2014-M02","4719"
"Кількість померлих","Київська","Місячна","2014-M03","7076"
"Кількість померлих","Київська","Місячна","2014-M04","9566"
"Кількість померлих","Київська","Місячна","2014-M05","11930"
"Кількість померлих","Київська","Місячна","2014-M06","13998"
"Кількість померлих","Київська","Місячна","2014-M07","16494"
"Кількість померлих","Київська","Місячна","2014-M08","18637"
"Кількість померлих","Київська","Місячна","2014-M09","20871"
"Кількість померлих","Київська","Місячна","2014-M10","23388"
"Кількість померлих","Київська","Місячна","2014-M11","25641"
"Кількість померлих","Київська","Місячна","2014-M12","28264"
"Кількість померлих","Київська","Місячна","2015-M01","2613"
"Кількість померлих","Київська","Місячна","2015-M02","5013"
"Кількість померлих","Київська","Місячна","2015-M03","7732"
"Кількість померлих","Київська","Місячна","2015-M04","10393"
"Кількість померлих","Київська","Місячна","2015-M05","12846"
"Кількість померлих","Київська","Місячна","2015-M06","15003"
"Кількість померлих","Київська","Місячна","2015-M07","17278"
"Кількість померлих","Київська","Місячна","2015-M08","19285"
"Кількість померлих","Київська","Місячна","2015-M09","21440"
"Кількість померлих","Київська","Місячна","2015-M10","23824"
"Кількість померлих","Київська","Місячна","2015-M11","26046"
"Кількість померлих","Київська","Місячна","2015-M12","28429"
"Кількість померлих","Київська","Місячна","2016-M01","2610"
"Кількість померлих","Київська","Місячна","2016-M02","4944"
"Кількість померлих","Київська","Місячна","2016-M03","7435"
"Кількість померлих","Київська","Місячна","2016-M04","9740"
"Кількість померлих","Київська","Місячна","2016-M05","12184"
"Кількість померлих","Київська","Місячна","2016-M06","14478"
"Кількість померлих","Київська","Місячна","2016-M07","16664"
"Кількість померлих","Київська","Місячна","2016-M08","18845"
"Кількість померлих","Київська","Місячна","2016-M09","20948"
"Кількість померлих","Київська","Місячна","2016-M10","23245"
"Кількість померлих","Київська","Місячна","2016-M11","25623"
"Кількість померлих","Київська","Місячна","2016-M12","28193"
"Кількість померлих","Київська","Місячна","2017-M01","2678"
"Кількість померлих","Київська","Місячна","2017-M02","4951"
"Кількість померлих","Київська","Місячна","2017-M03","7340"
"Кількість померлих","Київська","Місячна","2017-M04","9671"
"Кількість померлих","Київська","Місячна","2017-M05","12277"
"Кількість померлих","Київська","Місячна","2017-M06","14446"
"Кількість померлих","Київська","Місячна","2017-M07","16527"
"Кількість померлих","Київська","Місячна","2017-M08","18763"
"Кількість померлих","Київська","Місячна","2017-M09","20815"
"Кількість померлих","Київська","Місячна","2017-M10","23190"
"Кількість померлих","Київська","Місячна","2017-M11","25605"
"Кількість померлих","Київська","Місячна","2017-M12","27862"
"Кількість померлих","Київська","Місячна","2018-M01","2606"
"Кількість померлих","Київська","Місячна","2018-M02","4886"
"Кількість померлих","Київська","Місячна","2018-M03","7533"
"Кількість померлих","Київська","Місячна","2018-M04","9943"
"Кількість померлих","Київська","Місячна","2018-M05","12521"
"Кількість померлих","Київська","Місячна","2018-M06","14583"
"Кількість померлих","Київська","Місячна","2018-M07","16812"
"Кількість померлих","Київська","Місячна","2018-M08","19037"
"Кількість померлих","Київська","Місячна","2018-M09","21105"
"Кількість померлих","Київська","Місячна","2018-M10","23781"
"Кількість померлих","Київська","Місячна","2018-M11","26262"
"Кількість померлих","Київська","Місячна","2018-M12","28722"
"Кількість померлих","Київська","Місячна","2019-M01","3057"
"Кількість померлих","Київська","Місячна","2019-M02","5314"
"Кількість померлих","Київська","Місячна","2019-M03","7643"
"Кількість померлих","Київська","Місячна","2019-M04","10021"
"Кількість померлих","Київська","Місячна","2019-M05","12711"
"Кількість померлих","Київська","Місячна","2019-M06","14784"
"Кількість померлих","Київська","Місячна","2019-M07","17262"
"Кількість померлих","Київська","Місячна","2019-M08","19353"
"Кількість померлих","Київська","Місячна","2019-M09","21349"
"Кількість померлих","Київська","Місячна","2019-M10","23927"
"Кількість померлих","Київська","Місячна","2019-M11","26164"
"Кількість померлих","Київська","Місячна","2019-M12","28522"
"Кількість померлих","Київська","Місячна","2020-M01","2649"
"Кількість померлих","Київська","Місячна","2020-M02","5040"
"Кількість померлих","Київська","Місячна","2020-M03","7449"
"Кількість померлих","Київська","Місячна","2020-M04","9834"
"Кількість померлих","Київська","Місячна","2020-M05","12243"
"Кількість померлих","Київська","Місячна","2020-M06","14691"
"Кількість померлих","Київська","Місячна","2020-M07","17066"
"Кількість померлих","Київська","Місячна","2020-M08","19250"
"Кількість померлих","Київська","Місячна","2020-M09","21749"
"Кількість померлих","Київська","Місячна","2020-M10","24757"
"Кількість померлих","Київська","Місячна","2020-M11","27861"
"Кількість померлих","Київська","Місячна","2020-M12","31481"
"Кількість померлих","Київська","Місячна","2021-M01","2936"
"Кількість померлих","Київська","Місячна","2021-M02","5491"
"Кількість померлих","Київська","Місячна","2021-M03","8938"
"Кількість померлих","Київська","Місячна","2021-M04","12837"
"Кількість померлих","Київська","Місячна","2021-M05","15678"
"Кількість померлих","Київська","Місячна","2021-M06","18244"
"Кількість померлих","Київська","Місячна","2021-M07","20615"
"Кількість померлих","Київська","Місячна","2021-M08","22893"
"Кількість померлих","Київська","Місячна","2021-M09","25402"
"Кількість померлих","Київська","Місячна","2021-M10","28782"
"Кількість померлих","Київська","Місячна","2021-M11","32948"
"Кількість померлих","Київська","Місячна","2021-M12","36177"
"Кількість померлих","Київська","Місячна","2022-M01","2740"
"Кількість померлих","Київська","Місячна","2022-M02",""
"Кількість померлих","Київська","Місячна","2022-M03",""
"Кількість померлих","Київська","Місячна","2022-M04",""
"Кількість померлих","Київська","Місячна","2022-M05",""
"Кількість померлих","Київська","Місячна","2022-M06",""
"Кількість померлих","Київська","Місячна","2022-M07",""
"Кількість померлих","Київська","Місячна","2022-M08",""
"Кількість померлих","Київська","Місячна","2022-M09",""
"Кількість померлих","Київська","Місячна","2022-M10",""
"Кількість померлих","Київська","Місячна","2022-M11",""
"Кількість померлих","Київська","Місячна","2022-M12",""
"Кількість померлих","Кіровоградська","Місячна","2005-M01","1902"
"Кількість померлих","Кіровоградська","Місячна","2005-M02","3830"
"Кількість померлих","Кіровоградська","Місячна","2005-M03","5943"
"Кількість померлих","Кіровоградська","Місячна","2005-M04","7725"
"Кількість померлих","Кіровоградська","Місячна","2005-M05","9495"
"Кількість померлих","Кіровоградська","Місячна","2005-M06","10916"
"Кількість померлих","Кіровоградська","Місячна","2005-M07","12282"
"Кількість померлих","Кіровоградська","Місячна","2005-M08","13793"
"Кількість померлих","Кіровоградська","Місячна","2005-M09","15219"
"Кількість померлих","Кіровоградська","Місячна","2005-M10","16771"
"Кількість померлих","Кіровоградська","Місячна","2005-M11","18451"
"Кількість померлих","Кіровоградська","Місячна","2005-M12","20187"
"Кількість померлих","Кіровоградська","Місячна","2006-M01","1968"
"Кількість померлих","Кіровоградська","Місячна","2006-M02","3708"
"Кількість померлих","Кіровоградська","Місячна","2006-M03","5371"
"Кількість померлих","Кіровоградська","Місячна","2006-M04","6910"
"Кількість померлих","Кіровоградська","Місячна","2006-M05","8585"
"Кількість померлих","Кіровоградська","Місячна","2006-M06","10109"
"Кількість померлих","Кіровоградська","Місячна","2006-M07","11470"
"Кількість померлих","Кіровоградська","Місячна","2006-M08","12905"
"Кількість померлих","Кіровоградська","Місячна","2006-M09","14246"
"Кількість померлих","Кіровоградська","Місячна","2006-M10","15896"
"Кількість померлих","Кіровоградська","Місячна","2006-M11","17580"
"Кількість померлих","Кіровоградська","Місячна","2006-M12","19093"
"Кількість померлих","Кіровоградська","Місячна","2007-M01","1768"
"Кількість померлих","Кіровоградська","Місячна","2007-M02","3356"
"Кількість померлих","Кіровоградська","Місячна","2007-M03","5179"
"Кількість померлих","Кіровоградська","Місячна","2007-M04","6770"
"Кількість померлих","Кіровоградська","Місячна","2007-M05","8478"
"Кількість померлих","Кіровоградська","Місячна","2007-M06","9760"
"Кількість померлих","Кіровоградська","Місячна","2007-M07","11406"
"Кількість померлих","Кіровоградська","Місячна","2007-M08","12811"
"Кількість померлих","Кіровоградська","Місячна","2007-M09","14173"
"Кількість померлих","Кіровоградська","Місячна","2007-M10","15899"
"Кількість померлих","Кіровоградська","Місячна","2007-M11","17613"
"Кількість померлих","Кіровоградська","Місячна","2007-M12","19219"
"Кількість померлих","Кіровоградська","Місячна","2008-M01","2061"
"Кількість померлих","Кіровоградська","Місячна","2008-M02","3721"
"Кількість померлих","Кіровоградська","Місячна","2008-M03","5301"
"Кількість померлих","Кіровоградська","Місячна","2008-M04","6876"
"Кількість померлих","Кіровоградська","Місячна","2008-M05","8563"
"Кількість померлих","Кіровоградська","Місячна","2008-M06","10033"
"Кількість померлих","Кіровоградська","Місячна","2008-M07","11495"
"Кількість померлих","Кіровоградська","Місячна","2008-M08","12883"
"Кількість померлих","Кіровоградська","Місячна","2008-M09","14339"
"Кількість померлих","Кіровоградська","Місячна","2008-M10","16035"
"Кількість померлих","Кіровоградська","Місячна","2008-M11","17553"
"Кількість померлих","Кіровоградська","Місячна","2008-M12","19272"
"Кількість померлих","Кіровоградська","Місячна","2009-M01","1748"
"Кількість померлих","Кіровоградська","Місячна","2009-M02","3168"
"Кількість померлих","Кіровоградська","Місячна","2009-M03","4813"
"Кількість померлих","Кіровоградська","Місячна","2009-M04","6453"
"Кількість померлих","Кіровоградська","Місячна","2009-M05","7915"
"Кількість померлих","Кіровоградська","Місячна","2009-M06","9356"
"Кількість померлих","Кіровоградська","Місячна","2009-M07","10775"
"Кількість померлих","Кіровоградська","Місячна","2009-M08","12085"
"Кількість померлих","Кіровоградська","Місячна","2009-M09","13401"
"Кількість померлих","Кіровоградська","Місячна","2009-M10","14846"
"Кількість померлих","Кіровоградська","Місячна","2009-M11","16228"
"Кількість померлих","Кіровоградська","Місячна","2009-M12","17793"
"Кількість померлих","Кіровоградська","Місячна","2010-M01","1576"
"Кількість померлих","Кіровоградська","Місячна","2010-M02","3080"
"Кількість померлих","Кіровоградська","Місячна","2010-M03","4619"
"Кількість померлих","Кіровоградська","Місячна","2010-M04","6129"
"Кількість померлих","Кіровоградська","Місячна","2010-M05","7491"
"Кількість померлих","Кіровоградська","Місячна","2010-M06","8848"
"Кількість померлих","Кіровоградська","Місячна","2010-M07","10220"
"Кількість померлих","Кіровоградська","Місячна","2010-M08","11830"
"Кількість померлих","Кіровоградська","Місячна","2010-M09","13209"
"Кількість померлих","Кіровоградська","Місячна","2010-M10","14661"
"Кількість померлих","Кіровоградська","Місячна","2010-M11","16057"
"Кількість померлих","Кіровоградська","Місячна","2010-M12","17652"
"Кількість померлих","Кіровоградська","Місячна","2011-M01","1595"
"Кількість померлих","Кіровоградська","Місячна","2011-M02","2981"
"Кількість померлих","Кіровоградська","Місячна","2011-M03","4489"
"Кількість померлих","Кіровоградська","Місячна","2011-M04","5902"
"Кількість померлих","Кіровоградська","Місячна","2011-M05","7343"
"Кількість померлих","Кіровоградська","Місячна","2011-M06","8665"
"Кількість померлих","Кіровоградська","Місячна","2011-M07","10000"
"Кількість померлих","Кіровоградська","Місячна","2011-M08","11324"
"Кількість померлих","Кіровоградська","Місячна","2011-M09","12542"
"Кількість померлих","Кіровоградська","Місячна","2011-M10","13890"
"Кількість померлих","Кіровоградська","Місячна","2011-M11","15300"
"Кількість померлих","Кіровоградська","Місячна","2011-M12","16697"
"Кількість померлих","Кіровоградська","Місячна","2012-M01","1595"
"Кількість померлих","Кіровоградська","Місячна","2012-M02","3103"
"Кількість померлих","Кіровоградська","Місячна","2012-M03","4499"
"Кількість померлих","Кіровоградська","Місячна","2012-M04","5894"
"Кількість померлих","Кіровоградська","Місячна","2012-M05","7337"
"Кількість померлих","Кіровоградська","Місячна","2012-M06","8605"
"Кількість померлих","Кіровоградська","Місячна","2012-M07","9900"
"Кількість померлих","Кіровоградська","Місячна","2012-M08","11214"
"Кількість померлих","Кіровоградська","Місячна","2012-M09","12379"
"Кількість померлих","Кіровоградська","Місячна","2012-M10","13803"
"Кількість померлих","Кіровоградська","Місячна","2012-M11","15112"
"Кількість померлих","Кіровоградська","Місячна","2012-M12","16521"
"Кількість померлих","Кіровоградська","Місячна","2013-M01","1567"
"Кількість померлих","Кіровоградська","Місячна","2013-M02","2864"
"Кількість померлих","Кіровоградська","Місячна","2013-M03","4358"
"Кількість померлих","Кіровоградська","Місячна","2013-M04","5812"
"Кількість померлих","Кіровоградська","Місячна","2013-M05","7240"
"Кількість померлих","Кіровоградська","Місячна","2013-M06","8454"
"Кількість померлих","Кіровоградська","Місячна","2013-M07","9801"
"Кількість померлих","Кіровоградська","Місячна","2013-M08","10973"
"Кількість померлих","Кіровоградська","Місячна","2013-M09","12228"
"Кількість померлих","Кіровоградська","Місячна","2013-M10","13781"
"Кількість померлих","Кіровоградська","Місячна","2013-M11","15116"
"Кількість померлих","Кіровоградська","Місячна","2013-M12","16513"
"Кількість померлих","Кіровоградська","Місячна","2014-M01","1567"
"Кількість померлих","Кіровоградська","Місячна","2014-M02","2948"
"Кількість померлих","Кіровоградська","Місячна","2014-M03","4492"
"Кількість померлих","Кіровоградська","Місячна","2014-M04","5905"
"Кількість померлих","Кіровоградська","Місячна","2014-M05","7223"
"Кількість померлих","Кіровоградська","Місячна","2014-M06","8319"
"Кількість померлих","Кіровоградська","Місячна","2014-M07","9743"
"Кількість померлих","Кіровоградська","Місячна","2014-M08","11000"
"Кількість померлих","Кіровоградська","Місячна","2014-M09","12276"
"Кількість померлих","Кіровоградська","Місячна","2014-M10","13822"
"Кількість померлих","Кіровоградська","Місячна","2014-M11","15148"
"Кількість померлих","Кіровоградська","Місячна","2014-M12","16716"
"Кількість померлих","Кіровоградська","Місячна","2015-M01","1552"
"Кількість померлих","Кіровоградська","Місячна","2015-M02","2932"
"Кількість померлих","Кіровоградська","Місячна","2015-M03","4446"
"Кількість померлих","Кіровоградська","Місячна","2015-M04","5929"
"Кількість померлих","Кіровоградська","Місячна","2015-M05","7257"
"Кількість померлих","Кіровоградська","Місячна","2015-M06","8473"
"Кількість померлих","Кіровоградська","Місячна","2015-M07","9831"
"Кількість померлих","Кіровоградська","Місячна","2015-M08","11011"
"Кількість померлих","Кіровоградська","Місячна","2015-M09","12162"
"Кількість померлих","Кіровоградська","Місячна","2015-M10","13510"
"Кількість померлих","Кіровоградська","Місячна","2015-M11","14809"
"Кількість померлих","Кіровоградська","Місячна","2015-M12","16197"
"Кількість померлих","Кіровоградська","Місячна","2016-M01","1622"
"Кількість померлих","Кіровоградська","Місячна","2016-M02","3035"
"Кількість померлих","Кіровоградська","Місячна","2016-M03","4458"
"Кількість померлих","Кіровоградська","Місячна","2016-M04","5808"
"Кількість померлих","Кіровоградська","Місячна","2016-M05","7159"
"Кількість померлих","Кіровоградська","Місячна","2016-M06","8403"
"Кількість померлих","Кіровоградська","Місячна","2016-M07","9641"
"Кількість померлих","Кіровоградська","Місячна","2016-M08","10854"
"Кількість померлих","Кіровоградська","Місячна","2016-M09","12018"
"Кількість померлих","Кіровоградська","Місячна","2016-M10","13404"
"Кількість померлих","Кіровоградська","Місячна","2016-M11","14810"
"Кількість померлих","Кіровоградська","Місячна","2016-M12","16277"
"Кількість померлих","Кіровоградська","Місячна","2017-M01","1662"
"Кількість померлих","Кіровоградська","Місячна","2017-M02","3016"
"Кількість померлих","Кіровоградська","Місячна","2017-M03","4374"
"Кількість померлих","Кіровоградська","Місячна","2017-M04","5582"
"Кількість померлих","Кіровоградська","Місячна","2017-M05","6964"
"Кількість померлих","Кіровоградська","Місячна","2017-M06","8147"
"Кількість померлих","Кіровоградська","Місячна","2017-M07","9280"
"Кількість померлих","Кіровоградська","Місячна","2017-M08","10505"
"Кількість померлих","Кіровоградська","Місячна","2017-M09","11640"
"Кількість померлих","Кіровоградська","Місячна","2017-M10","12997"
"Кількість померлих","Кіровоградська","Місячна","2017-M11","14370"
"Кількість померлих","Кіровоградська","Місячна","2017-M12","15694"
"Кількість померлих","Кіровоградська","Місячна","2018-M01","1562"
"Кількість померлих","Кіровоградська","Місячна","2018-M02","2809"
"Кількість померлих","Кіровоградська","Місячна","2018-M03","4236"
"Кількість померлих","Кіровоградська","Місячна","2018-M04","5532"
"Кількість померлих","Кіровоградська","Місячна","2018-M05","6904"
"Кількість померлих","Кіровоградська","Місячна","2018-M06","8044"
"Кількість померлих","Кіровоградська","Місячна","2018-M07","9219"
"Кількість померлих","Кіровоградська","Місячна","2018-M08","10399"
"Кількість померлих","Кіровоградська","Місячна","2018-M09","11426"
"Кількість померлих","Кіровоградська","Місячна","2018-M10","12833"
"Кількість померлих","Кіровоградська","Місячна","2018-M11","14155"
"Кількість померлих","Кіровоградська","Місячна","2018-M12","15484"
"Кількість померлих","Кіровоградська","Місячна","2019-M01","1774"
"Кількість померлих","Кіровоградська","Місячна","2019-M02","3077"
"Кількість померлих","Кіровоградська","Місячна","2019-M03","4398"
"Кількість померлих","Кіровоградська","Місячна","2019-M04","5617"
"Кількість померлих","Кіровоградська","Місячна","2019-M05","7019"
"Кількість померлих","Кіровоградська","Місячна","2019-M06","8198"
"Кількість померлих","Кіровоградська","Місячна","2019-M07","9390"
"Кількість померлих","Кіровоградська","Місячна","2019-M08","10491"
"Кількість померлих","Кіровоградська","Місячна","2019-M09","11614"
"Кількість померлих","Кіровоградська","Місячна","2019-M10","12957"
"Кількість померлих","Кіровоградська","Місячна","2019-M11","14232"
"Кількість померлих","Кіровоградська","Місячна","2019-M12","15451"
"Кількість померлих","Кіровоградська","Місячна","2020-M01","1426"
"Кількість померлих","Кіровоградська","Місячна","2020-M02","2699"
"Кількість померлих","Кіровоградська","Місячна","2020-M03","4051"
"Кількість померлих","Кіровоградська","Місячна","2020-M04","5393"
"Кількість померлих","Кіровоградська","Місячна","2020-M05","6683"
"Кількість померлих","Кіровоградська","Місячна","2020-M06","7930"
"Кількість померлих","Кіровоградська","Місячна","2020-M07","9258"
"Кількість померлих","Кіровоградська","Місячна","2020-M08","10412"
"Кількість померлих","Кіровоградська","Місячна","2020-M09","11600"
"Кількість померлих","Кіровоградська","Місячна","2020-M10","13028"
"Кількість померлих","Кіровоградська","Місячна","2020-M11","14756"
"Кількість померлих","Кіровоградська","Місячна","2020-M12","16624"
"Кількість померлих","Кіровоградська","Місячна","2021-M01","1650"
"Кількість померлих","Кіровоградська","Місячна","2021-M02","2959"
"Кількість померлих","Кіровоградська","Місячна","2021-M03","4559"
"Кількість померлих","Кіровоградська","Місячна","2021-M04","6399"
"Кількість померлих","Кіровоградська","Місячна","2021-M05","8040"
"Кількість померлих","Кіровоградська","Місячна","2021-M06","9289"
"Кількість померлих","Кіровоградська","Місячна","2021-M07","10490"
"Кількість померлих","Кіровоградська","Місячна","2021-M08","11647"
"Кількість померлих","Кіровоградська","Місячна","2021-M09","12783"
"Кількість померлих","Кіровоградська","Місячна","2021-M10","14393"
"Кількість померлих","Кіровоградська","Місячна","2021-M11","16802"
"Кількість померлих","Кіровоградська","Місячна","2021-M12","19005"
"Кількість померлих","Кіровоградська","Місячна","2022-M01","1705"
"Кількість померлих","Кіровоградська","Місячна","2022-M02",""
"Кількість померлих","Кіровоградська","Місячна","2022-M03",""
"Кількість померлих","Кіровоградська","Місячна","2022-M04",""
"Кількість померлих","Кіровоградська","Місячна","2022-M05",""
"Кількість померлих","Кіровоградська","Місячна","2022-M06",""
"Кількість померлих","Кіровоградська","Місячна","2022-M07",""
"Кількість померлих","Кіровоградська","Місячна","2022-M08",""
"Кількість померлих","Кіровоградська","Місячна","2022-M09",""
"Кількість померлих","Кіровоградська","Місячна","2022-M10",""
"Кількість померлих","Кіровоградська","Місячна","2022-M11",""
"Кількість померлих","Кіровоградська","Місячна","2022-M12",""
"Кількість померлих","Луганська","Місячна","2005-M01","4033"
"Кількість померлих","Луганська","Місячна","2005-M02","8107"
"Кількість померлих","Луганська","Місячна","2005-M03","12566"
"Кількість померлих","Луганська","Місячна","2005-M04","16555"
"Кількість померлих","Луганська","Місячна","2005-M05","20406"
"Кількість померлих","Луганська","Місячна","2005-M06","23606"
"Кількість померлих","Луганська","Місячна","2005-M07","26805"
"Кількість померлих","Луганська","Місячна","2005-M08","30226"
"Кількість померлих","Луганська","Місячна","2005-M09","33456"
"Кількість померлих","Луганська","Місячна","2005-M10","36981"
"Кількість померлих","Луганська","Місячна","2005-M11","40581"
"Кількість померлих","Луганська","Місячна","2005-M12","44375"
"Кількість померлих","Луганська","Місячна","2006-M01","4626"
"Кількість померлих","Луганська","Місячна","2006-M02","8543"
"Кількість померлих","Луганська","Місячна","2006-M03","12359"
"Кількість померлих","Луганська","Місячна","2006-M04","15639"
"Кількість померлих","Луганська","Місячна","2006-M05","19465"
"Кількість померлих","Луганська","Місячна","2006-M06","22686"
"Кількість померлих","Луганська","Місячна","2006-M07","25878"
"Кількість померлих","Луганська","Місячна","2006-M08","29191"
"Кількість померлих","Луганська","Місячна","2006-M09","32113"
"Кількість померлих","Луганська","Місячна","2006-M10","35562"
"Кількість померлих","Луганська","Місячна","2006-M11","39036"
"Кількість померлих","Луганська","Місячна","2006-M12","42572"
"Кількість померлих","Луганська","Місячна","2007-M01","3977"
"Кількість померлих","Луганська","Місячна","2007-M02","7620"
"Кількість померлих","Луганська","Місячна","2007-M03","11285"
"Кількість померлих","Луганська","Місячна","2007-M04","14768"
"Кількість померлих","Луганська","Місячна","2007-M05","18522"
"Кількість померлих","Луганська","Місячна","2007-M06","21516"
"Кількість померлих","Луганська","Місячна","2007-M07","24868"
"Кількість померлих","Луганська","Місячна","2007-M08","28088"
"Кількість померлих","Луганська","Місячна","2007-M09","31084"
"Кількість померлих","Луганська","Місячна","2007-M10","34700"
"Кількість померлих","Луганська","Місячна","2007-M11","38448"
"Кількість померлих","Луганська","Місячна","2007-M12","42023"
"Кількість померлих","Луганська","Місячна","2008-M01","4706"
"Кількість померлих","Луганська","Місячна","2008-M02","8308"
"Кількість померлих","Луганська","Місячна","2008-M03","11829"
"Кількість померлих","Луганська","Місячна","2008-M04","15297"
"Кількість померлих","Луганська","Місячна","2008-M05","18877"
"Кількість померлих","Луганська","Місячна","2008-M06","21867"
"Кількість померлих","Луганська","Місячна","2008-M07","25352"
"Кількість померлих","Луганська","Місячна","2008-M08","28626"
"Кількість померлих","Луганська","Місячна","2008-M09","31671"
"Кількість померлих","Луганська","Місячна","2008-M10","35149"
"Кількість померлих","Луганська","Місячна","2008-M11","38444"
"Кількість померлих","Луганська","Місячна","2008-M12","42181"
"Кількість померлих","Луганська","Місячна","2009-M01","4026"
"Кількість померлих","Луганська","Місячна","2009-M02","7196"
"Кількість померлих","Луганська","Місячна","2009-M03","10910"
"Кількість померлих","Луганська","Місячна","2009-M04","14360"
"Кількість померлих","Луганська","Місячна","2009-M05","17682"
"Кількість померлих","Луганська","Місячна","2009-M06","20755"
"Кількість померлих","Луганська","Місячна","2009-M07","24188"
"Кількість померлих","Луганська","Місячна","2009-M08","26736"
"Кількість померлих","Луганська","Місячна","2009-M09","29624"
"Кількість померлих","Луганська","Місячна","2009-M10","32681"
"Кількість померлих","Луганська","Місячна","2009-M11","35649"
"Кількість померлих","Луганська","Місячна","2009-M12","39226"
"Кількість померлих","Луганська","Місячна","2010-M01","3679"
"Кількість померлих","Луганська","Місячна","2010-M02","6923"
"Кількість померлих","Луганська","Місячна","2010-M03","10285"
"Кількість померлих","Луганська","Місячна","2010-M04","13582"
"Кількість померлих","Луганська","Місячна","2010-M05","16514"
"Кількість померлих","Луганська","Місячна","2010-M06","19766"
"Кількість померлих","Луганська","Місячна","2010-M07","22953"
"Кількість померлих","Луганська","Місячна","2010-M08","26814"
"Кількість померлих","Луганська","Місячна","2010-M09","29664"
"Кількість померлих","Луганська","Місячна","2010-M10","32722"
"Кількість померлих","Луганська","Місячна","2010-M11","35710"
"Кількість померлих","Луганська","Місячна","2010-M12","38921"
"Кількість померлих","Луганська","Місячна","2011-M01","3250"
"Кількість померлих","Луганська","Місячна","2011-M02","6540"
"Кількість померлих","Луганська","Місячна","2011-M03","10355"
"Кількість померлих","Луганська","Місячна","2011-M04","13432"
"Кількість померлих","Луганська","Місячна","2011-M05","16596"
"Кількість померлих","Луганська","Місячна","2011-M06","19427"
"Кількість померлих","Луганська","Місячна","2011-M07","22336"
"Кількість померлих","Луганська","Місячна","2011-M08","25285"
"Кількість померлих","Луганська","Місячна","2011-M09","28072"
"Кількість померлих","Луганська","Місячна","2011-M10","30980"
"Кількість померлих","Луганська","Місячна","2011-M11","34232"
"Кількість померлих","Луганська","Місячна","2011-M12","37256"
"Кількість померлих","Луганська","Місячна","2012-M01","3272"
"Кількість померлих","Луганська","Місячна","2012-M02","6710"
"Кількість померлих","Луганська","Місячна","2012-M03","9830"
"Кількість померлих","Луганська","Місячна","2012-M04","12824"
"Кількість померлих","Луганська","Місячна","2012-M05","16038"
"Кількість померлих","Луганська","Місячна","2012-M06","18763"
"Кількість померлих","Луганська","Місячна","2012-M07","21746"
"Кількість померлих","Луганська","Місячна","2012-M08","24619"
"Кількість померлих","Луганська","Місячна","2012-M09","27198"
"Кількість померлих","Луганська","Місячна","2012-M10","30291"
"Кількість померлих","Луганська","Місячна","2012-M11","33276"
"Кількість померлих","Луганська","Місячна","2012-M12","36316"
"Кількість померлих","Луганська","Місячна","2013-M01","3510"
"Кількість померлих","Луганська","Місячна","2013-M02","6189"
"Кількість померлих","Луганська","Місячна","2013-M03","9277"
"Кількість померлих","Луганська","Місячна","2013-M04","12529"
"Кількість померлих","Луганська","Місячна","2013-M05","15534"
"Кількість померлих","Луганська","Місячна","2013-M06","18024"
"Кількість померлих","Луганська","Місячна","2013-M07","21054"
"Кількість померлих","Луганська","Місячна","2013-M08","23782"
"Кількість померлих","Луганська","Місячна","2013-M09","26561"
"Кількість померлих","Луганська","Місячна","2013-M10","29913"
"Кількість померлих","Луганська","Місячна","2013-M11","32660"
"Кількість померлих","Луганська","Місячна","2013-M12","35822"
"Кількість померлих","Луганська","Місячна","2014-M01","3359"
"Кількість померлих","Луганська","Місячна","2014-M02","6584"
"Кількість померлих","Луганська","Місячна","2014-M03","9873"
"Кількість померлих","Луганська","Місячна","2014-M04","13269"
"Кількість померлих","Луганська","Місячна","2014-M05","16090"
"Кількість померлих","Луганська","Місячна","2014-M06","16862"
"Кількість померлих","Луганська","Місячна","2014-M07","17791"
"Кількість померлих","Луганська","Місячна","2014-M08","18632"
"Кількість померлих","Луганська","Місячна","2014-M09","19568"
"Кількість померлих","Луганська","Місячна","2014-M10","20487"
"Кількість померлих","Луганська","Місячна","2014-M11","21564"
"Кількість померлих","Луганська","Місячна","2014-M12","22760"
"Кількість померлих","Луганська","Місячна","2015-M01","1228"
"Кількість померлих","Луганська","Місячна","2015-M02","2313"
"Кількість померлих","Луганська","Місячна","2015-M03","3685"
"Кількість померлих","Луганська","Місячна","2015-M04","5136"
"Кількість померлих","Луганська","Місячна","2015-M05","6538"
"Кількість померлих","Луганська","Місячна","2015-M06","7827"
"Кількість померлих","Луганська","Місячна","2015-M07","9058"
"Кількість померлих","Луганська","Місячна","2015-M08","10153"
"Кількість померлих","Луганська","Місячна","2015-M09","11255"
"Кількість померлих","Луганська","Місячна","2015-M10","12354"
"Кількість померлих","Луганська","Місячна","2015-M11","13401"
"Кількість померлих","Луганська","Місячна","2015-M12","14468"
"Кількість померлих","Луганська","Місячна","2016-M01","1217"
"Кількість померлих","Луганська","Місячна","2016-M02","2357"
"Кількість померлих","Луганська","Місячна","2016-M03","3576"
"Кількість померлих","Луганська","Місячна","2016-M04","4764"
"Кількість померлих","Луганська","Місячна","2016-M05","5977"
"Кількість померлих","Луганська","Місячна","2016-M06","7051"
"Кількість померлих","Луганська","Місячна","2016-M07","8156"
"Кількість померлих","Луганська","Місячна","2016-M08","9240"
"Кількість померлих","Луганська","Місячна","2016-M09","10306"
"Кількість померлих","Луганська","Місячна","2016-M10","11490"
"Кількість померлих","Луганська","Місячна","2016-M11","12689"
"Кількість померлих","Луганська","Місячна","2016-M12","14097"
"Кількість померлих","Луганська","Місячна","2017-M01","1277"
"Кількість померлих","Луганська","Місячна","2017-M02","2441"
"Кількість померлих","Луганська","Місячна","2017-M03","3622"
"Кількість померлих","Луганська","Місячна","2017-M04","4744"
"Кількість померлих","Луганська","Місячна","2017-M05","6006"
"Кількість померлих","Луганська","Місячна","2017-M06","7140"
"Кількість померлих","Луганська","Місячна","2017-M07","8317"
"Кількість померлих","Луганська","Місячна","2017-M08","9478"
"Кількість померлих","Луганська","Місячна","2017-M09","10599"
"Кількість померлих","Луганська","Місячна","2017-M10","11799"
"Кількість померлих","Луганська","Місячна","2017-M11","13012"
"Кількість померлих","Луганська","Місячна","2017-M12","14314"
"Кількість померлих","Луганська","Місячна","2018-M01","1313"
"Кількість померлих","Луганська","Місячна","2018-M02","2600"
"Кількість померлих","Луганська","Місячна","2018-M03","4002"
"Кількість померлих","Луганська","Місячна","2018-M04","5300"
"Кількість померлих","Луганська","Місячна","2018-M05","6762"
"Кількість померлих","Луганська","Місячна","2018-M06","8002"
"Кількість померлих","Луганська","Місячна","2018-M07","9307"
"Кількість померлих","Луганська","Місячна","2018-M08","10551"
"Кількість померлих","Луганська","Місячна","2018-M09","11710"
"Кількість померлих","Луганська","Місячна","2018-M10","13170"
"Кількість померлих","Луганська","Місячна","2018-M11","14573"
"Кількість померлих","Луганська","Місячна","2018-M12","15991"
"Кількість померлих","Луганська","Місячна","2019-M01","1551"
"Кількість померлих","Луганська","Місячна","2019-M02","2840"
"Кількість померлих","Луганська","Місячна","2019-M03","4135"
"Кількість померлих","Луганська","Місячна","2019-M04","5407"
"Кількість померлих","Луганська","Місячна","2019-M05","6864"
"Кількість померлих","Луганська","Місячна","2019-M06","8078"
"Кількість померлих","Луганська","Місячна","2019-M07","9497"
"Кількість померлих","Луганська","Місячна","2019-M08","10720"
"Кількість померлих","Луганська","Місячна","2019-M09","11900"
"Кількість померлих","Луганська","Місячна","2019-M10","13367"
"Кількість померлих","Луганська","Місячна","2019-M11","14701"
"Кількість померлих","Луганська","Місячна","2019-M12","16011"
"Кількість померлих","Луганська","Місячна","2020-M01","1365"
"Кількість померлих","Луганська","Місячна","2020-M02","2671"
"Кількість померлих","Луганська","Місячна","2020-M03","3979"
"Кількість померлих","Луганська","Місячна","2020-M04","4991"
"Кількість померлих","Луганська","Місячна","2020-M05","5913"
"Кількість померлих","Луганська","Місячна","2020-M06","6895"
"Кількість померлих","Луганська","Місячна","2020-M07","7999"
"Кількість померлих","Луганська","Місячна","2020-M08","9125"
"Кількість померлих","Луганська","Місячна","2020-M09","10481"
"Кількість померлих","Луганська","Місячна","2020-M10","12018"
"Кількість померлих","Луганська","Місячна","2020-M11","13434"
"Кількість померлих","Луганська","Місячна","2020-M12","15113"
"Кількість померлих","Луганська","Місячна","2021-M01","1446"
"Кількість померлих","Луганська","Місячна","2021-M02","2781"
"Кількість померлих","Луганська","Місячна","2021-M03","4329"
"Кількість померлих","Луганська","Місячна","2021-M04","5888"
"Кількість померлих","Луганська","Місячна","2021-M05","7384"
"Кількість померлих","Луганська","Місячна","2021-M06","8740"
"Кількість померлих","Луганська","Місячна","2021-M07","10121"
"Кількість померлих","Луганська","Місячна","2021-M08","11300"
"Кількість померлих","Луганська","Місячна","2021-M09","12777"
"Кількість померлих","Луганська","Місячна","2021-M10","14705"
"Кількість померлих","Луганська","Місячна","2021-M11","16772"
"Кількість померлих","Луганська","Місячна","2021-M12","18380"
"Кількість померлих","Луганська","Місячна","2022-M01","1357"
"Кількість померлих","Луганська","Місячна","2022-M02",""
"Кількість померлих","Луганська","Місячна","2022-M03",""
"Кількість померлих","Луганська","Місячна","2022-M04",""
"Кількість померлих","Луганська","Місячна","2022-M05",""
"Кількість померлих","Луганська","Місячна","2022-M06",""
"Кількість померлих","Луганська","Місячна","2022-M07",""
"Кількість померлих","Луганська","Місячна","2022-M08",""
"Кількість померлих","Луганська","Місячна","2022-M09",""
"Кількість померлих","Луганська","Місячна","2022-M10",""
"Кількість померлих","Луганська","Місячна","2022-M11",""
"Кількість померлих","Луганська","Місячна","2022-M12",""
"Кількість померлих","Львівська","Місячна","2005-M01","3214"
"Кількість померлих","Львівська","Місячна","2005-M02","6220"
"Кількість померлих","Львівська","Місячна","2005-M03","9691"
"Кількість померлих","Львівська","Місячна","2005-M04","12791"
"Кількість померлих","Львівська","Місячна","2005-M05","15939"
"Кількість померлих","Львівська","Місячна","2005-M06","18669"
"Кількість померлих","Львівська","Місячна","2005-M07","21183"
"Кількість померлих","Львівська","Місячна","2005-M08","23816"
"Кількість померлих","Львівська","Місячна","2005-M09","26394"
"Кількість померлих","Львівська","Місячна","2005-M10","29199"
"Кількість померлих","Львівська","Місячна","2005-M11","32206"
"Кількість померлих","Львівська","Місячна","2005-M12","35271"
"Кількість померлих","Львівська","Місячна","2006-M01","3502"
"Кількість померлих","Львівська","Місячна","2006-M02","6425"
"Кількість померлих","Львівська","Місячна","2006-M03","9493"
"Кількість померлих","Львівська","Місячна","2006-M04","12288"
"Кількість померлих","Львівська","Місячна","2006-M05","15336"
"Кількість померлих","Львівська","Місячна","2006-M06","18163"
"Кількість померлих","Львівська","Місячна","2006-M07","20767"
"Кількість померлих","Львівська","Місячна","2006-M08","23366"
"Кількість померлих","Львівська","Місячна","2006-M09","25888"
"Кількість померлих","Львівська","Місячна","2006-M10","28852"
"Кількість померлих","Львівська","Місячна","2006-M11","31849"
"Кількість померлих","Львівська","Місячна","2006-M12","34745"
"Кількість померлих","Львівська","Місячна","2007-M01","3279"
"Кількість померлих","Львівська","Місячна","2007-M02","6430"
"Кількість померлих","Львівська","Місячна","2007-M03","9523"
"Кількість померлих","Львівська","Місячна","2007-M04","12350"
"Кількість померлих","Львівська","Місячна","2007-M05","15328"
"Кількість померлих","Львівська","Місячна","2007-M06","17624"
"Кількість померлих","Львівська","Місячна","2007-M07","20515"
"Кількість померлих","Львівська","Місячна","2007-M08","22985"
"Кількість померлих","Львівська","Місячна","2007-M09","25518"
"Кількість померлих","Львівська","Місячна","2007-M10","28788"
"Кількість померлих","Львівська","Місячна","2007-M11","31819"
"Кількість померлих","Львівська","Місячна","2007-M12","34891"
"Кількість померлих","Львівська","Місячна","2008-M01","3672"
"Кількість померлих","Львівська","Місячна","2008-M02","6820"
"Кількість померлих","Львівська","Місячна","2008-M03","9854"
"Кількість померлих","Львівська","Місячна","2008-M04","12728"
"Кількість померлих","Львівська","Місячна","2008-M05","15930"
"Кількість померлих","Львівська","Місячна","2008-M06","18514"
"Кількість померлих","Львівська","Місячна","2008-M07","21227"
"Кількість померлих","Львівська","Місячна","2008-M08","23753"
"Кількість померлих","Львівська","Місячна","2008-M09","26477"
"Кількість померлих","Львівська","Місячна","2008-M10","29398"
"Кількість померлих","Львівська","Місячна","2008-M11","32089"
"Кількість померлих","Львівська","Місячна","2008-M12","35126"
"Кількість померлих","Львівська","Місячна","2009-M01","3215"
"Кількість померлих","Львівська","Місячна","2009-M02","5948"
"Кількість померлих","Львівська","Місячна","2009-M03","8910"
"Кількість померлих","Львівська","Місячна","2009-M04","11715"
"Кількість померлих","Львівська","Місячна","2009-M05","14402"
"Кількість померлих","Львівська","Місячна","2009-M06","16879"
"Кількість померлих","Львівська","Місячна","2009-M07","19543"
"Кількість померлих","Львівська","Місячна","2009-M08","21814"
"Кількість померлих","Львівська","Місячна","2009-M09","24248"
"Кількість померлих","Львівська","Місячна","2009-M10","27080"
"Кількість померлих","Львівська","Місячна","2009-M11","29894"
"Кількість померлих","Львівська","Місячна","2009-M12","32848"
"Кількість померлих","Львівська","Місячна","2010-M01","2951"
"Кількість померлих","Львівська","Місячна","2010-M02","5740"
"Кількість померлих","Львівська","Місячна","2010-M03","8639"
"Кількість померлих","Львівська","Місячна","2010-M04","11274"
"Кількість померлих","Львівська","Місячна","2010-M05","13863"
"Кількість померлих","Львівська","Місячна","2010-M06","16545"
"Кількість померлих","Львівська","Місячна","2010-M07","19187"
"Кількість померлих","Львівська","Місячна","2010-M08","21584"
"Кількість померлих","Львівська","Місячна","2010-M09","24198"
"Кількість померлих","Львівська","Місячна","2010-M10","27026"
"Кількість померлих","Львівська","Місячна","2010-M11","29710"
"Кількість померлих","Львівська","Місячна","2010-M12","32644"
"Кількість померлих","Львівська","Місячна","2011-M01","2967"
"Кількість померлих","Львівська","Місячна","2011-M02","5537"
"Кількість померлих","Львівська","Місячна","2011-M03","8511"
"Кількість померлих","Львівська","Місячна","2011-M04","11148"
"Кількість померлих","Львівська","Місячна","2011-M05","13848"
"Кількість померлих","Львівська","Місячна","2011-M06","16195"
"Кількість померлих","Львівська","Місячна","2011-M07","18663"
"Кількість померлих","Львівська","Місячна","2011-M08","20969"
"Кількість померлих","Львівська","Місячна","2011-M09","23260"
"Кількість померлих","Львівська","Місячна","2011-M10","25809"
"Кількість померлих","Львівська","Місячна","2011-M11","28472"
"Кількість померлих","Львівська","Місячна","2011-M12","31162"
"Кількість померлих","Львівська","Місячна","2012-M01","2770"
"Кількість померлих","Львівська","Місячна","2012-M02","5585"
"Кількість померлих","Львівська","Місячна","2012-M03","8451"
"Кількість померлих","Львівська","Місячна","2012-M04","11224"
"Кількість померлих","Львівська","Місячна","2012-M05","13965"
"Кількість померлих","Львівська","Місячна","2012-M06","16314"
"Кількість померлих","Львівська","Місячна","2012-M07","19020"
"Кількість померлих","Львівська","Місячна","2012-M08","21368"
"Кількість померлих","Львівська","Місячна","2012-M09","23593"
"Кількість померлих","Львівська","Місячна","2012-M10","26328"
"Кількість померлих","Львівська","Місячна","2012-M11","28936"
"Кількість померлих","Львівська","Місячна","2012-M12","31667"
"Кількість померлих","Львівська","Місячна","2013-M01","3022"
"Кількість померлих","Львівська","Місячна","2013-M02","5519"
"Кількість померлих","Львівська","Місячна","2013-M03","8245"
"Кількість померлих","Львівська","Місячна","2013-M04","11087"
"Кількість померлих","Львівська","Місячна","2013-M05","13883"
"Кількість померлих","Львівська","Місячна","2013-M06","16246"
"Кількість померлих","Львівська","Місячна","2013-M07","18746"
"Кількість померлих","Львівська","Місячна","2013-M08","21168"
"Кількість померлих","Львівська","Місячна","2013-M09","23583"
"Кількість померлих","Львівська","Місячна","2013-M10","26322"
"Кількість померлих","Львівська","Місячна","2013-M11","28814"
"Кількість померлих","Львівська","Місячна","2013-M12","31666"
"Кількість померлих","Львівська","Місячна","2014-M01","2882"
"Кількість померлих","Львівська","Місячна","2014-M02","5667"
"Кількість померлих","Львівська","Місячна","2014-M03","8599"
"Кількість померлих","Львівська","Місячна","2014-M04","11383"
"Кількість померлих","Львівська","Місячна","2014-M05","14061"
"Кількість померлих","Львівська","Місячна","2014-M06","16422"
"Кількість померлих","Львівська","Місячна","2014-M07","19032"
"Кількість померлих","Львівська","Місячна","2014-M08","21404"
"Кількість померлих","Львівська","Місячна","2014-M09","23941"
"Кількість померлих","Львівська","Місячна","2014-M10","26697"
"Кількість померлих","Львівська","Місячна","2014-M11","29382"
"Кількість померлих","Львівська","Місячна","2014-M12","32450"
"Кількість померлих","Львівська","Місячна","2015-M01","3055"
"Кількість померлих","Львівська","Місячна","2015-M02","5993"
"Кількість померлих","Львівська","Місячна","2015-M03","9245"
"Кількість померлих","Львівська","Місячна","2015-M04","12218"
"Кількість померлих","Львівська","Місячна","2015-M05","14866"
"Кількість померлих","Львівська","Місячна","2015-M06","17368"
"Кількість померлих","Львівська","Місячна","2015-M07","19896"
"Кількість померлих","Львівська","Місячна","2015-M08","22320"
"Кількість померлих","Львівська","Місячна","2015-M09","24742"
"Кількість померлих","Львівська","Місячна","2015-M10","27416"
"Кількість померлих","Львівська","Місячна","2015-M11","30010"
"Кількість померлих","Львівська","Місячна","2015-M12","32869"
"Кількість померлих","Львівська","Місячна","2016-M01","3040"
"Кількість померлих","Львівська","Місячна","2016-M02","5827"
"Кількість померлих","Львівська","Місячна","2016-M03","8572"
"Кількість померлих","Львівська","Місячна","2016-M04","11161"
"Кількість померлих","Львівська","Місячна","2016-M05","14065"
"Кількість померлих","Львівська","Місячна","2016-M06","16657"
"Кількість померлих","Львівська","Місячна","2016-M07","19095"
"Кількість померлих","Львівська","Місячна","2016-M08","21568"
"Кількість померлих","Львівська","Місячна","2016-M09","23901"
"Кількість померлих","Львівська","Місячна","2016-M10","26459"
"Кількість померлих","Львівська","Місячна","2016-M11","29247"
"Кількість померлих","Львівська","Місячна","2016-M12","32263"
"Кількість померлих","Львівська","Місячна","2017-M01","3593"
"Кількість померлих","Львівська","Місячна","2017-M02","6231"
"Кількість померлих","Львівська","Місячна","2017-M03","8961"
"Кількість померлих","Львівська","Місячна","2017-M04","11548"
"Кількість померлих","Львівська","Місячна","2017-M05","14406"
"Кількість померлих","Львівська","Місячна","2017-M06","16874"
"Кількість померлих","Львівська","Місячна","2017-M07","19097"
"Кількість померлих","Львівська","Місячна","2017-M08","21602"
"Кількість померлих","Львівська","Місячна","2017-M09","23917"
"Кількість померлих","Львівська","Місячна","2017-M10","26611"
"Кількість померлих","Львівська","Місячна","2017-M11","29374"
"Кількість померлих","Львівська","Місячна","2017-M12","32087"
"Кількість померлих","Львівська","Місячна","2018-M01","3053"
"Кількість померлих","Львівська","Місячна","2018-M02","5634"
"Кількість померлих","Львівська","Місячна","2018-M03","8700"
"Кількість померлих","Львівська","Місячна","2018-M04","11405"
"Кількість померлих","Львівська","Місячна","2018-M05","14163"
"Кількість померлих","Львівська","Місячна","2018-M06","16546"
"Кількість померлих","Львівська","Місячна","2018-M07","19156"
"Кількість померлих","Львівська","Місячна","2018-M08","21581"
"Кількість померлих","Львівська","Місячна","2018-M09","23999"
"Кількість померлих","Львівська","Місячна","2018-M10","27009"
"Кількість померлих","Львівська","Місячна","2018-M11","29801"
"Кількість померлих","Львівська","Місячна","2018-M12","32726"
"Кількість померлих","Львівська","Місячна","2019-M01","3544"
"Кількість померлих","Львівська","Місячна","2019-M02","6456"
"Кількість померлих","Львівська","Місячна","2019-M03","9213"
"Кількість померлих","Львівська","Місячна","2019-M04","11916"
"Кількість померлих","Львівська","Місячна","2019-M05","14981"
"Кількість померлих","Львівська","Місячна","2019-M06","17413"
"Кількість померлих","Львівська","Місячна","2019-M07","20048"
"Кількість померлих","Львівська","Місячна","2019-M08","22380"
"Кількість померлих","Львівська","Місячна","2019-M09","24695"
"Кількість померлих","Львівська","Місячна","2019-M10","27542"
"Кількість померлих","Львівська","Місячна","2019-M11","30167"
"Кількість померлих","Львівська","Місячна","2019-M12","32839"
"Кількість померлих","Львівська","Місячна","2020-M01","3013"
"Кількість померлих","Львівська","Місячна","2020-M02","5566"
"Кількість померлих","Львівська","Місячна","2020-M03","8260"
"Кількість померлих","Львівська","Місячна","2020-M04","11053"
"Кількість померлих","Львівська","Місячна","2020-M05","13601"
"Кількість померлих","Львівська","Місячна","2020-M06","16385"
"Кількість померлих","Львівська","Місячна","2020-M07","19382"
"Кількість померлих","Львівська","Місячна","2020-M08","22447"
"Кількість померлих","Львівська","Місячна","2020-M09","25508"
"Кількість померлих","Львівська","Місячна","2020-M10","28975"
"Кількість померлих","Львівська","Місячна","2020-M11","32644"
"Кількість померлих","Львівська","Місячна","2020-M12","36327"
"Кількість померлих","Львівська","Місячна","2021-M01","3271"
"Кількість померлих","Львівська","Місячна","2021-M02","6196"
"Кількість померлих","Львівська","Місячна","2021-M03","9851"
"Кількість померлих","Львівська","Місячна","2021-M04","13609"
"Кількість померлих","Львівська","Місячна","2021-M05","16778"
"Кількість померлих","Львівська","Місячна","2021-M06","19613"
"Кількість померлих","Львівська","Місячна","2021-M07","22125"
"Кількість померлих","Львівська","Місячна","2021-M08","24598"
"Кількість померлих","Львівська","Місячна","2021-M09","27554"
"Кількість померлих","Львівська","Місячна","2021-M10","31606"
"Кількість померлих","Львівська","Місячна","2021-M11","36270"
"Кількість померлих","Львівська","Місячна","2021-M12","39890"
"Кількість померлих","Львівська","Місячна","2022-M01","3214"
"Кількість померлих","Львівська","Місячна","2022-M02",""
"Кількість померлих","Львівська","Місячна","2022-M03",""
"Кількість померлих","Львівська","Місячна","2022-M04",""
"Кількість померлих","Львівська","Місячна","2022-M05",""
"Кількість померлих","Львівська","Місячна","2022-M06",""
"Кількість померлих","Львівська","Місячна","2022-M07",""
"Кількість померлих","Львівська","Місячна","2022-M08",""
"Кількість померлих","Львівська","Місячна","2022-M09",""
"Кількість померлих","Львівська","Місячна","2022-M10",""
"Кількість померлих","Львівська","Місячна","2022-M11",""
"Кількість померлих","Львівська","Місячна","2022-M12",""
"Кількість померлих","Миколаївська","Місячна","2005-M01","1909"
"Кількість померлих","Миколаївська","Місячна","2005-M02","3691"
"Кількість померлих","Миколаївська","Місячна","2005-M03","5761"
"Кількість померлих","Миколаївська","Місячна","2005-M04","7586"
"Кількість померлих","Миколаївська","Місячна","2005-M05","9372"
"Кількість померлих","Миколаївська","Місячна","2005-M06","10893"
"Кількість померлих","Миколаївська","Місячна","2005-M07","12375"
"Кількість померлих","Миколаївська","Місячна","2005-M08","13899"
"Кількість померлих","Миколаївська","Місячна","2005-M09","15389"
"Кількість померлих","Миколаївська","Місячна","2005-M10","16891"
"Кількість померлих","Миколаївська","Місячна","2005-M11","18674"
"Кількість померлих","Миколаївська","Місячна","2005-M12","20295"
"Кількість померлих","Миколаївська","Місячна","2006-M01","1910"
"Кількість померлих","Миколаївська","Місячна","2006-M02","3682"
"Кількість померлих","Миколаївська","Місячна","2006-M03","5451"
"Кількість померлих","Миколаївська","Місячна","2006-M04","7019"
"Кількість померлих","Миколаївська","Місячна","2006-M05","8776"
"Кількість померлих","Миколаївська","Місячна","2006-M06","10216"
"Кількість померлих","Миколаївська","Місячна","2006-M07","11604"
"Кількість померлих","Миколаївська","Місячна","2006-M08","13135"
"Кількість померлих","Миколаївська","Місячна","2006-M09","14531"
"Кількість померлих","Миколаївська","Місячна","2006-M10","16129"
"Кількість померлих","Миколаївська","Місячна","2006-M11","17776"
"Кількість померлих","Миколаївська","Місячна","2006-M12","19300"
"Кількість померлих","Миколаївська","Місячна","2007-M01","1807"
"Кількість померлих","Миколаївська","Місячна","2007-M02","3343"
"Кількість померлих","Миколаївська","Місячна","2007-M03","5145"
"Кількість померлих","Миколаївська","Місячна","2007-M04","6827"
"Кількість померлих","Миколаївська","Місячна","2007-M05","8587"
"Кількість померлих","Миколаївська","Місячна","2007-M06","10016"
"Кількість померлих","Миколаївська","Місячна","2007-M07","11789"
"Кількість померлих","Миколаївська","Місячна","2007-M08","13387"
"Кількість померлих","Миколаївська","Місячна","2007-M09","14825"
"Кількість померлих","Миколаївська","Місячна","2007-M10","16476"
"Кількість померлих","Миколаївська","Місячна","2007-M11","18271"
"Кількість померлих","Миколаївська","Місячна","2007-M12","20016"
"Кількість померлих","Миколаївська","Місячна","2008-M01","2106"
"Кількість померлих","Миколаївська","Місячна","2008-M02","3751"
"Кількість померлих","Миколаївська","Місячна","2008-M03","5471"
"Кількість померлих","Миколаївська","Місячна","2008-M04","7179"
"Кількість померлих","Миколаївська","Місячна","2008-M05","8925"
"Кількість померлих","Миколаївська","Місячна","2008-M06","10404"
"Кількість померлих","Миколаївська","Місячна","2008-M07","12051"
"Кількість померлих","Миколаївська","Місячна","2008-M08","13553"
"Кількість померлих","Миколаївська","Місячна","2008-M09","15098"
"Кількість померлих","Миколаївська","Місячна","2008-M10","16810"
"Кількість померлих","Миколаївська","Місячна","2008-M11","18350"
"Кількість померлих","Миколаївська","Місячна","2008-M12","19955"
"Кількість померлих","Миколаївська","Місячна","2009-M01","1953"
"Кількість померлих","Миколаївська","Місячна","2009-M02","3574"
"Кількість померлих","Миколаївська","Місячна","2009-M03","5291"
"Кількість померлих","Миколаївська","Місячна","2009-M04","6880"
"Кількість померлих","Миколаївська","Місячна","2009-M05","8379"
"Кількість померлих","Миколаївська","Місячна","2009-M06","9844"
"Кількість померлих","Миколаївська","Місячна","2009-M07","11352"
"Кількість померлих","Миколаївська","Місячна","2009-M08","12631"
"Кількість померлих","Миколаївська","Місячна","2009-M09","14046"
"Кількість померлих","Миколаївська","Місячна","2009-M10","15558"
"Кількість померлих","Миколаївська","Місячна","2009-M11","17031"
"Кількість померлих","Миколаївська","Місячна","2009-M12","18698"
"Кількість померлих","Миколаївська","Місячна","2010-M01","1665"
"Кількість померлих","Миколаївська","Місячна","2010-M02","3257"
"Кількість померлих","Миколаївська","Місячна","2010-M03","4852"
"Кількість померлих","Миколаївська","Місячна","2010-M04","6418"
"Кількість померлих","Миколаївська","Місячна","2010-M05","7920"
"Кількість померлих","Миколаївська","Місячна","2010-M06","9406"
"Кількість померлих","Миколаївська","Місячна","2010-M07","10946"
"Кількість померлих","Миколаївська","Місячна","2010-M08","12666"
"Кількість померлих","Миколаївська","Місячна","2010-M09","14103"
"Кількість померлих","Миколаївська","Місячна","2010-M10","15621"
"Кількість померлих","Миколаївська","Місячна","2010-M11","17119"
"Кількість померлих","Миколаївська","Місячна","2010-M12","18700"
"Кількість померлих","Миколаївська","Місячна","2011-M01","1614"
"Кількість померлих","Миколаївська","Місячна","2011-M02","3118"
"Кількість померлих","Миколаївська","Місячна","2011-M03","4790"
"Кількість померлих","Миколаївська","Місячна","2011-M04","6213"
"Кількість померлих","Миколаївська","Місячна","2011-M05","7741"
"Кількість померлих","Миколаївська","Місячна","2011-M06","9142"
"Кількість померлих","Миколаївська","Місячна","2011-M07","10561"
"Кількість померлих","Миколаївська","Місячна","2011-M08","11812"
"Кількість померлих","Миколаївська","Місячна","2011-M09","13120"
"Кількість померлих","Миколаївська","Місячна","2011-M10","14467"
"Кількість померлих","Миколаївська","Місячна","2011-M11","15976"
"Кількість померлих","Миколаївська","Місячна","2011-M12","17441"
"Кількість померлих","Миколаївська","Місячна","2012-M01","1553"
"Кількість померлих","Миколаївська","Місячна","2012-M02","3208"
"Кількість померлих","Миколаївська","Місячна","2012-M03","4743"
"Кількість померлих","Миколаївська","Місячна","2012-M04","6210"
"Кількість померлих","Миколаївська","Місячна","2012-M05","7747"
"Кількість померлих","Миколаївська","Місячна","2012-M06","9054"
"Кількість померлих","Миколаївська","Місячна","2012-M07","10551"
"Кількість померлих","Миколаївська","Місячна","2012-M08","11957"
"Кількість померлих","Миколаївська","Місячна","2012-M09","13162"
"Кількість померлих","Миколаївська","Місячна","2012-M10","14559"
"Кількість померлих","Миколаївська","Місячна","2012-M11","15963"
"Кількість померлих","Миколаївська","Місячна","2012-M12","17277"
"Кількість померлих","Миколаївська","Місячна","2013-M01","1695"
"Кількість померлих","Миколаївська","Місячна","2013-M02","3081"
"Кількість померлих","Миколаївська","Місячна","2013-M03","4578"
"Кількість померлих","Миколаївська","Місячна","2013-M04","6161"
"Кількість померлих","Миколаївська","Місячна","2013-M05","7644"
"Кількість померлих","Миколаївська","Місячна","2013-M06","8837"
"Кількість померлих","Миколаївська","Місячна","2013-M07","10268"
"Кількість померлих","Миколаївська","Місячна","2013-M08","11579"
"Кількість померлих","Миколаївська","Місячна","2013-M09","12825"
"Кількість померлих","Миколаївська","Місячна","2013-M10","14412"
"Кількість померлих","Миколаївська","Місячна","2013-M11","15880"
"Кількість померлих","Миколаївська","Місячна","2013-M12","17353"
"Кількість померлих","Миколаївська","Місячна","2014-M01","1639"
"Кількість померлих","Миколаївська","Місячна","2014-M02","3272"
"Кількість померлих","Миколаївська","Місячна","2014-M03","4868"
"Кількість померлих","Миколаївська","Місячна","2014-M04","6347"
"Кількість померлих","Миколаївська","Місячна","2014-M05","7831"
"Кількість померлих","Миколаївська","Місячна","2014-M06","9053"
"Кількість померлих","Миколаївська","Місячна","2014-M07","10510"
"Кількість померлих","Миколаївська","Місячна","2014-M08","11929"
"Кількість померлих","Миколаївська","Місячна","2014-M09","13237"
"Кількість померлих","Миколаївська","Місячна","2014-M10","14720"
"Кількість померлих","Миколаївська","Місячна","2014-M11","16154"
"Кількість померлих","Миколаївська","Місячна","2014-M12","17750"
"Кількість померлих","Миколаївська","Місячна","2015-M01","1737"
"Кількість померлих","Миколаївська","Місячна","2015-M02","3278"
"Кількість померлих","Миколаївська","Місячна","2015-M03","4974"
"Кількість померлих","Миколаївська","Місячна","2015-M04","6557"
"Кількість померлих","Миколаївська","Місячна","2015-M05","8037"
"Кількість померлих","Миколаївська","Місячна","2015-M06","9397"
"Кількість померлих","Миколаївська","Місячна","2015-M07","10740"
"Кількість померлих","Миколаївська","Місячна","2015-M08","12093"
"Кількість померлих","Миколаївська","Місячна","2015-M09","13377"
"Кількість померлих","Миколаївська","Місячна","2015-M10","14890"
"Кількість померлих","Миколаївська","Місячна","2015-M11","16316"
"Кількість померлих","Миколаївська","Місячна","2015-M12","17874"
"Кількість померлих","Миколаївська","Місячна","2016-M01","1608"
"Кількість померлих","Миколаївська","Місячна","2016-M02","3094"
"Кількість померлих","Миколаївська","Місячна","2016-M03","4642"
"Кількість померлих","Миколаївська","Місячна","2016-M04","6124"
"Кількість померлих","Миколаївська","Місячна","2016-M05","7541"
"Кількість померлих","Миколаївська","Місячна","2016-M06","8925"
"Кількість померлих","Миколаївська","Місячна","2016-M07","10246"
"Кількість померлих","Миколаївська","Місячна","2016-M08","11640"
"Кількість померлих","Миколаївська","Місячна","2016-M09","12915"
"Кількість померлих","Миколаївська","Місячна","2016-M10","14321"
"Кількість померлих","Миколаївська","Місячна","2016-M11","15834"
"Кількість померлих","Миколаївська","Місячна","2016-M12","17421"
"Кількість померлих","Миколаївська","Місячна","2017-M01","1912"
"Кількість померлих","Миколаївська","Місячна","2017-M02","3343"
"Кількість померлих","Миколаївська","Місячна","2017-M03","4797"
"Кількість померлих","Миколаївська","Місячна","2017-M04","6148"
"Кількість померлих","Миколаївська","Місячна","2017-M05","7638"
"Кількість померлих","Миколаївська","Місячна","2017-M06","8917"
"Кількість померлих","Миколаївська","Місячна","2017-M07","10153"
"Кількість померлих","Миколаївська","Місячна","2017-M08","11541"
"Кількість померлих","Миколаївська","Місячна","2017-M09","12735"
"Кількість померлих","Миколаївська","Місячна","2017-M10","14155"
"Кількість померлих","Миколаївська","Місячна","2017-M11","15602"
"Кількість померлих","Миколаївська","Місячна","2017-M12","16985"
"Кількість померлих","Миколаївська","Місячна","2018-M01","1588"
"Кількість померлих","Миколаївська","Місячна","2018-M02","2966"
"Кількість померлих","Миколаївська","Місячна","2018-M03","4538"
"Кількість померлих","Миколаївська","Місячна","2018-M04","5972"
"Кількість померлих","Миколаївська","Місячна","2018-M05","7457"
"Кількість померлих","Миколаївська","Місячна","2018-M06","8753"
"Кількість померлих","Миколаївська","Місячна","2018-M07","10131"
"Кількість померлих","Миколаївська","Місячна","2018-M08","11465"
"Кількість померлих","Миколаївська","Місячна","2018-M09","12665"
"Кількість померлих","Миколаївська","Місячна","2018-M10","14217"
"Кількість померлих","Миколаївська","Місячна","2018-M11","15683"
"Кількість померлих","Миколаївська","Місячна","2018-M12","17156"
"Кількість померлих","Миколаївська","Місячна","2019-M01","1922"
"Кількість померлих","Миколаївська","Місячна","2019-M02","3356"
"Кількість померлих","Миколаївська","Місячна","2019-M03","4841"
"Кількість померлих","Миколаївська","Місячна","2019-M04","6272"
"Кількість померлих","Миколаївська","Місячна","2019-M05","7867"
"Кількість померлих","Миколаївська","Місячна","2019-M06","9129"
"Кількість померлих","Миколаївська","Місячна","2019-M07","10501"
"Кількість померлих","Миколаївська","Місячна","2019-M08","11725"
"Кількість померлих","Миколаївська","Місячна","2019-M09","12878"
"Кількість померлих","Миколаївська","Місячна","2019-M10","14334"
"Кількість померлих","Миколаївська","Місячна","2019-M11","15682"
"Кількість померлих","Миколаївська","Місячна","2019-M12","17087"
"Кількість померлих","Миколаївська","Місячна","2020-M01","1506"
"Кількість померлих","Миколаївська","Місячна","2020-M02","2866"
"Кількість померлих","Миколаївська","Місячна","2020-M03","4240"
"Кількість померлих","Миколаївська","Місячна","2020-M04","5680"
"Кількість померлих","Миколаївська","Місячна","2020-M05","6977"
"Кількість померлих","Миколаївська","Місячна","2020-M06","8304"
"Кількість померлих","Миколаївська","Місячна","2020-M07","9675"
"Кількість померлих","Миколаївська","Місячна","2020-M08","10887"
"Кількість померлих","Миколаївська","Місячна","2020-M09","12262"
"Кількість померлих","Миколаївська","Місячна","2020-M10","13900"
"Кількість померлих","Миколаївська","Місячна","2020-M11","15639"
"Кількість померлих","Миколаївська","Місячна","2020-M12","17765"
"Кількість померлих","Миколаївська","Місячна","2021-M01","1829"
"Кількість померлих","Миколаївська","Місячна","2021-M02","3389"
"Кількість померлих","Миколаївська","Місячна","2021-M03","5293"
"Кількість померлих","Миколаївська","Місячна","2021-M04","7555"
"Кількість померлих","Миколаївська","Місячна","2021-M05","9192"
"Кількість померлих","Миколаївська","Місячна","2021-M06","10582"
"Кількість померлих","Миколаївська","Місячна","2021-M07","11942"
"Кількість померлих","Миколаївська","Місячна","2021-M08","13209"
"Кількість померлих","Миколаївська","Місячна","2021-M09","14472"
"Кількість померлих","Миколаївська","Місячна","2021-M10","16570"
"Кількість померлих","Миколаївська","Місячна","2021-M11","19428"
"Кількість померлих","Миколаївська","Місячна","2021-M12","21388"
"Кількість померлих","Миколаївська","Місячна","2022-M01","1714"
"Кількість померлих","Миколаївська","Місячна","2022-M02",""
"Кількість померлих","Миколаївська","Місячна","2022-M03",""
"Кількість померлих","Миколаївська","Місячна","2022-M04",""
"Кількість померлих","Миколаївська","Місячна","2022-M05",""
"Кількість померлих","Миколаївська","Місячна","2022-M06",""
"Кількість померлих","Миколаївська","Місячна","2022-M07",""
"Кількість померлих","Миколаївська","Місячна","2022-M08",""
"Кількість померлих","Миколаївська","Місячна","2022-M09",""
"Кількість померлих","Миколаївська","Місячна","2022-M10",""
"Кількість померлих","Миколаївська","Місячна","2022-M11",""
"Кількість померлих","Миколаївська","Місячна","2022-M12",""
"Кількість померлих","Одеська","Місячна","2005-M01","3571"
"Кількість померлих","Одеська","Місячна","2005-M02","7090"
"Кількість померлих","Одеська","Місячна","2005-M03","10957"
"Кількість померлих","Одеська","Місячна","2005-M04","14528"
"Кількість померлих","Одеська","Місячна","2005-M05","18002"
"Кількість померлих","Одеська","Місячна","2005-M06","21015"
"Кількість померлих","Одеська","Місячна","2005-M07","23920"
"Кількість померлих","Одеська","Місячна","2005-M08","27094"
"Кількість померлих","Одеська","Місячна","2005-M09","29806"
"Кількість померлих","Одеська","Місячна","2005-M10","33026"
"Кількість померлих","Одеська","Місячна","2005-M11","36555"
"Кількість померлих","Одеська","Місячна","2005-M12","40075"
"Кількість померлих","Одеська","Місячна","2006-M01","4013"
"Кількість померлих","Одеська","Місячна","2006-M02","7512"
"Кількість померлих","Одеська","Місячна","2006-M03","11125"
"Кількість померлих","Одеська","Місячна","2006-M04","14375"
"Кількість померлих","Одеська","Місячна","2006-M05","17814"
"Кількість померлих","Одеська","Місячна","2006-M06","20809"
"Кількість померлих","Одеська","Місячна","2006-M07","23663"
"Кількість померлих","Одеська","Місячна","2006-M08","26511"
"Кількість померлих","Одеська","Місячна","2006-M09","29266"
"Кількість померлих","Одеська","Місячна","2006-M10","32567"
"Кількість померлих","Одеська","Місячна","2006-M11","35942"
"Кількість померлих","Одеська","Місячна","2006-M12","39183"
"Кількість померлих","Одеська","Місячна","2007-M01","3584"
"Кількість померлих","Одеська","Місячна","2007-M02","6643"
"Кількість померлих","Одеська","Місячна","2007-M03","10036"
"Кількість померлих","Одеська","Місячна","2007-M04","13199"
"Кількість померлих","Одеська","Місячна","2007-M05","16553"
"Кількість померлих","Одеська","Місячна","2007-M06","19262"
"Кількість померлих","Одеська","Місячна","2007-M07","22902"
"Кількість померлих","Одеська","Місячна","2007-M08","25931"
"Кількість померлих","Одеська","Місячна","2007-M09","28678"
"Кількість померлих","Одеська","Місячна","2007-M10","31997"
"Кількість померлих","Одеська","Місячна","2007-M11","35424"
"Кількість померлих","Одеська","Місячна","2007-M12","38835"
"Кількість померлих","Одеська","Місячна","2008-M01","3948"
"Кількість померлих","Одеська","Місячна","2008-M02","7343"
"Кількість померлих","Одеська","Місячна","2008-M03","10652"
"Кількість померлих","Одеська","Місячна","2008-M04","13882"
"Кількість померлих","Одеська","Місячна","2008-M05","17150"
"Кількість померлих","Одеська","Місячна","2008-M06","19920"
"Кількість померлих","Одеська","Місячна","2008-M07","22924"
"Кількість померлих","Одеська","Місячна","2008-M08","25814"
"Кількість померлих","Одеська","Місячна","2008-M09","28623"
"Кількість померлих","Одеська","Місячна","2008-M10","31726"
"Кількість померлих","Одеська","Місячна","2008-M11","34714"
"Кількість померлих","Одеська","Місячна","2008-M12","37951"
"Кількість померлих","Одеська","Місячна","2009-M01","3628"
"Кількість померлих","Одеська","Місячна","2009-M02","6664"
"Кількість померлих","Одеська","Місячна","2009-M03","9999"
"Кількість померлих","Одеська","Місячна","2009-M04","13051"
"Кількість померлих","Одеська","Місячна","2009-M05","15943"
"Кількість померлих","Одеська","Місячна","2009-M06","18665"
"Кількість померлих","Одеська","Місячна","2009-M07","21521"
"Кількість померлих","Одеська","Місячна","2009-M08","24025"
"Кількість померлих","Одеська","Місячна","2009-M09","26611"
"Кількість померлих","Одеська","Місячна","2009-M10","29542"
"Кількість померлих","Одеська","Місячна","2009-M11","32528"
"Кількість померлих","Одеська","Місячна","2009-M12","35859"
"Кількість померлих","Одеська","Місячна","2010-M01","3504"
"Кількість померлих","Одеська","Місячна","2010-M02","6602"
"Кількість померлих","Одеська","Місячна","2010-M03","9832"
"Кількість померлих","Одеська","Місячна","2010-M04","12776"
"Кількість померлих","Одеська","Місячна","2010-M05","15522"
"Кількість померлих","Одеська","Місячна","2010-M06","18312"
"Кількість померлих","Одеська","Місячна","2010-M07","21197"
"Кількість померлих","Одеська","Місячна","2010-M08","24596"
"Кількість померлих","Одеська","Місячна","2010-M09","27279"
"Кількість померлих","Одеська","Місячна","2010-M10","30218"
"Кількість померлих","Одеська","Місячна","2010-M11","33088"
"Кількість померлих","Одеська","Місячна","2010-M12","36144"
"Кількість померлих","Одеська","Місячна","2011-M01","3092"
"Кількість померлих","Одеська","Місячна","2011-M02","5936"
"Кількість померлих","Одеська","Місячна","2011-M03","9203"
"Кількість померлих","Одеська","Місячна","2011-M04","12002"
"Кількість померлих","Одеська","Місячна","2011-M05","14915"
"Кількість померлих","Одеська","Місячна","2011-M06","17493"
"Кількість померлих","Одеська","Місячна","2011-M07","20186"
"Кількість померлих","Одеська","Місячна","2011-M08","22773"
"Кількість померлих","Одеська","Місячна","2011-M09","25186"
"Кількість померлих","Одеська","Місячна","2011-M10","27857"
"Кількість померлих","Одеська","Місячна","2011-M11","30804"
"Кількість померлих","Одеська","Місячна","2011-M12","33688"
"Кількість померлих","Одеська","Місячна","2012-M01","2991"
"Кількість померлих","Одеська","Місячна","2012-M02","6090"
"Кількість померлих","Одеська","Місячна","2012-M03","8992"
"Кількість померлих","Одеська","Місячна","2012-M04","11836"
"Кількість померлих","Одеська","Місячна","2012-M05","14691"
"Кількість померлих","Одеська","Місячна","2012-M06","17236"
"Кількість померлих","Одеська","Місячна","2012-M07","20142"
"Кількість померлих","Одеська","Місячна","2012-M08","22867"
"Кількість померлих","Одеська","Місячна","2012-M09","25222"
"Кількість померлих","Одеська","Місячна","2012-M10","28022"
"Кількість померлих","Одеська","Місячна","2012-M11","30780"
"Кількість померлих","Одеська","Місячна","2012-M12","33648"
"Кількість померлих","Одеська","Місячна","2013-M01","3179"
"Кількість померлих","Одеська","Місячна","2013-M02","5819"
"Кількість померлих","Одеська","Місячна","2013-M03","8870"
"Кількість померлих","Одеська","Місячна","2013-M04","11801"
"Кількість померлих","Одеська","Місячна","2013-M05","14592"
"Кількість померлих","Одеська","Місячна","2013-M06","17085"
"Кількість померлих","Одеська","Місячна","2013-M07","19763"
"Кількість померлих","Одеська","Місячна","2013-M08","22262"
"Кількість померлих","Одеська","Місячна","2013-M09","24758"
"Кількість померлих","Одеська","Місячна","2013-M10","27791"
"Кількість померлих","Одеська","Місячна","2013-M11","30468"
"Кількість померлих","Одеська","Місячна","2013-M12","33523"
"Кількість померлих","Одеська","Місячна","2014-M01","3189"
"Кількість померлих","Одеська","Місячна","2014-M02","6289"
"Кількість померлих","Одеська","Місячна","2014-M03","9282"
"Кількість померлих","Одеська","Місячна","2014-M04","12182"
"Кількість померлих","Одеська","Місячна","2014-M05","15110"
"Кількість померлих","Одеська","Місячна","2014-M06","17481"
"Кількість померлих","Одеська","Місячна","2014-M07","20331"
"Кількість померлих","Одеська","Місячна","2014-M08","23004"
"Кількість померлих","Одеська","Місячна","2014-M09","25508"
"Кількість померлих","Одеська","Місячна","2014-M10","28435"
"Кількість померлих","Одеська","Місячна","2014-M11","31181"
"Кількість померлих","Одеська","Місячна","2014-M12","34155"
"Кількість померлих","Одеська","Місячна","2015-M01","3446"
"Кількість померлих","Одеська","Місячна","2015-M02","6317"
"Кількість померлих","Одеська","Місячна","2015-M03","9638"
"Кількість померлих","Одеська","Місячна","2015-M04","12761"
"Кількість померлих","Одеська","Місячна","2015-M05","15626"
"Кількість померлих","Одеська","Місячна","2015-M06","18158"
"Кількість померлих","Одеська","Місячна","2015-M07","21113"
"Кількість померлих","Одеська","Місячна","2015-M08","23545"
"Кількість померлих","Одеська","Місячна","2015-M09","26047"
"Кількість померлих","Одеська","Місячна","2015-M10","28903"
"Кількість померлих","Одеська","Місячна","2015-M11","31512"
"Кількість померлих","Одеська","Місячна","2015-M12","34555"
"Кількість померлих","Одеська","Місячна","2016-M01","3207"
"Кількість померлих","Одеська","Місячна","2016-M02","5960"
"Кількість померлих","Одеська","Місячна","2016-M03","8840"
"Кількість померлих","Одеська","Місячна","2016-M04","11542"
"Кількість померлих","Одеська","Місячна","2016-M05","14413"
"Кількість померлих","Одеська","Місячна","2016-M06","17170"
"Кількість померлих","Одеська","Місячна","2016-M07","19754"
"Кількість померлих","Одеська","Місячна","2016-M08","22347"
"Кількість померлих","Одеська","Місячна","2016-M09","24761"
"Кількість померлих","Одеська","Місячна","2016-M10","27609"
"Кількість померлих","Одеська","Місячна","2016-M11","30479"
"Кількість померлих","Одеська","Місячна","2016-M12","33570"
"Кількість померлих","Одеська","Місячна","2017-M01","3522"
"Кількість померлих","Одеська","Місячна","2017-M02","6350"
"Кількість померлих","Одеська","Місячна","2017-M03","9278"
"Кількість померлих","Одеська","Місячна","2017-M04","11954"
"Кількість померлих","Одеська","Місячна","2017-M05","14801"
"Кількість померлих","Одеська","Місячна","2017-M06","17350"
"Кількість померлих","Одеська","Місячна","2017-M07","19762"
"Кількість померлих","Одеська","Місячна","2017-M08","22490"
"Кількість померлих","Одеська","Місячна","2017-M09","24868"
"Кількість померлих","Одеська","Місячна","2017-M10","27722"
"Кількість померлих","Одеська","Місячна","2017-M11","30507"
"Кількість померлих","Одеська","Місячна","2017-M12","33361"
"Кількість померлих","Одеська","Місячна","2018-M01","2928"
"Кількість померлих","Одеська","Місячна","2018-M02","5528"
"Кількість померлих","Одеська","Місячна","2018-M03","8765"
"Кількість померлих","Одеська","Місячна","2018-M04","11473"
"Кількість померлих","Одеська","Місячна","2018-M05","14328"
"Кількість померлих","Одеська","Місячна","2018-M06","16844"
"Кількість померлих","Одеська","Місячна","2018-M07","19447"
"Кількість померлих","Одеська","Місячна","2018-M08","22195"
"Кількість померлих","Одеська","Місячна","2018-M09","24632"
"Кількість померлих","Одеська","Місячна","2018-M10","27593"
"Кількість померлих","Одеська","Місячна","2018-M11","30523"
"Кількість померлих","Одеська","Місячна","2018-M12","33607"
"Кількість померлих","Одеська","Місячна","2019-M01","3799"
"Кількість померлих","Одеська","Місячна","2019-M02","6472"
"Кількість померлих","Одеська","Місячна","2019-M03","9265"
"Кількість померлих","Одеська","Місячна","2019-M04","12073"
"Кількість померлих","Одеська","Місячна","2019-M05","15116"
"Кількість померлих","Одеська","Місячна","2019-M06","17595"
"Кількість померлих","Одеська","Місячна","2019-M07","20285"
"Кількість померлих","Одеська","Місячна","2019-M08","22820"
"Кількість померлих","Одеська","Місячна","2019-M09","25080"
"Кількість померлих","Одеська","Місячна","2019-M10","27833"
"Кількість померлих","Одеська","Місячна","2019-M11","30456"
"Кількість померлих","Одеська","Місячна","2019-M12","33091"
"Кількість померлих","Одеська","Місячна","2020-M01","3162"
"Кількість померлих","Одеська","Місячна","2020-M02","5799"
"Кількість померлих","Одеська","Місячна","2020-M03","8513"
"Кількість померлих","Одеська","Місячна","2020-M04","11137"
"Кількість померлих","Одеська","Місячна","2020-M05","13661"
"Кількість померлих","Одеська","Місячна","2020-M06","16205"
"Кількість померлих","Одеська","Місячна","2020-M07","18960"
"Кількість померлих","Одеська","Місячна","2020-M08","21542"
"Кількість померлих","Одеська","Місячна","2020-M09","24306"
"Кількість померлих","Одеська","Місячна","2020-M10","27408"
"Кількість померлих","Одеська","Місячна","2020-M11","30768"
"Кількість померлих","Одеська","Місячна","2020-M12","34809"
"Кількість померлих","Одеська","Місячна","2021-M01","3442"
"Кількість померлих","Одеська","Місячна","2021-M02","6331"
"Кількість померлих","Одеська","Місячна","2021-M03","10114"
"Кількість померлих","Одеська","Місячна","2021-M04","14412"
"Кількість померлих","Одеська","Місячна","2021-M05","17575"
"Кількість померлих","Одеська","Місячна","2021-M06","20386"
"Кількість померлих","Одеська","Місячна","2021-M07","23227"
"Кількість померлих","Одеська","Місячна","2021-M08","25809"
"Кількість померлих","Одеська","Місячна","2021-M09","28599"
"Кількість померлих","Одеська","Місячна","2021-M10","33493"
"Кількість померлих","Одеська","Місячна","2021-M11","38815"
"Кількість померлих","Одеська","Місячна","2021-M12","42422"
"Кількість померлих","Одеська","Місячна","2022-M01","3216"
"Кількість померлих","Одеська","Місячна","2022-M02",""
"Кількість померлих","Одеська","Місячна","2022-M03",""
"Кількість померлих","Одеська","Місячна","2022-M04",""
"Кількість померлих","Одеська","Місячна","2022-M05",""
"Кількість померлих","Одеська","Місячна","2022-M06",""
"Кількість померлих","Одеська","Місячна","2022-M07",""
"Кількість померлих","Одеська","Місячна","2022-M08",""
"Кількість померлих","Одеська","Місячна","2022-M09",""
"Кількість померлих","Одеська","Місячна","2022-M10",""
"Кількість померлих","Одеська","Місячна","2022-M11",""
"Кількість померлих","Одеська","Місячна","2022-M12",""
"Кількість померлих","Полтавська","Місячна","2005-M01","2683"
"Кількість померлих","Полтавська","Місячна","2005-M02","5357"
"Кількість померлих","Полтавська","Місячна","2005-M03","8174"
"Кількість померлих","Полтавська","Місячна","2005-M04","10742"
"Кількість померлих","Полтавська","Місячна","2005-M05","13422"
"Кількість померлих","Полтавська","Місячна","2005-M06","15727"
"Кількість померлих","Полтавська","Місячна","2005-M07","17994"
"Кількість померлих","Полтавська","Місячна","2005-M08","20218"
"Кількість померлих","Полтавська","Місячна","2005-M09","22323"
"Кількість померлих","Полтавська","Місячна","2005-M10","24733"
"Кількість померлих","Полтавська","Місячна","2005-M11","27207"
"Кількість померлих","Полтавська","Місячна","2005-M12","29625"
"Кількість померлих","Полтавська","Місячна","2006-M01","2830"
"Кількість померлих","Полтавська","Місячна","2006-M02","5230"
"Кількість померлих","Полтавська","Місячна","2006-M03","7737"
"Кількість померлих","Полтавська","Місячна","2006-M04","10067"
"Кількість померлих","Полтавська","Місячна","2006-M05","12515"
"Кількість померлих","Полтавська","Місячна","2006-M06","14716"
"Кількість померлих","Полтавська","Місячна","2006-M07","16836"
"Кількість померлих","Полтавська","Місячна","2006-M08","18994"
"Кількість померлих","Полтавська","Місячна","2006-M09","21156"
"Кількість померлих","Полтавська","Місячна","2006-M10","23543"
"Кількість померлих","Полтавська","Місячна","2006-M11","25863"
"Кількість померлих","Полтавська","Місячна","2006-M12","28053"
"Кількість померлих","Полтавська","Місячна","2007-M01","2585"
"Кількість померлих","Полтавська","Місячна","2007-M02","5037"
"Кількість померлих","Полтавська","Місячна","2007-M03","7705"
"Кількість померлих","Полтавська","Місячна","2007-M04","10027"
"Кількість померлих","Полтавська","Місячна","2007-M05","12687"
"Кількість померлих","Полтавська","Місячна","2007-M06","14631"
"Кількість померлих","Полтавська","Місячна","2007-M07","16835"
"Кількість померлих","Полтавська","Місячна","2007-M08","19017"
"Кількість померлих","Полтавська","Місячна","2007-M09","21072"
"Кількість померлих","Полтавська","Місячна","2007-M10","23645"
"Кількість померлих","Полтавська","Місячна","2007-M11","26076"
"Кількість померлих","Полтавська","Місячна","2007-M12","28385"
"Кількість померлих","Полтавська","Місячна","2008-M01","2822"
"Кількість померлих","Полтавська","Місячна","2008-M02","5107"
"Кількість померлих","Полтавська","Місячна","2008-M03","7438"
"Кількість померлих","Полтавська","Місячна","2008-M04","9643"
"Кількість померлих","Полтавська","Місячна","2008-M05","12049"
"Кількість померлих","Полтавська","Місячна","2008-M06","14246"
"Кількість померлих","Полтавська","Місячна","2008-M07","16559"
"Кількість померлих","Полтавська","Місячна","2008-M08","18634"
"Кількість померлих","Полтавська","Місячна","2008-M09","20889"
"Кількість померлих","Полтавська","Місячна","2008-M10","23272"
"Кількість померлих","Полтавська","Місячна","2008-M11","25505"
"Кількість померлих","Полтавська","Місячна","2008-M12","27968"
"Кількість померлих","Полтавська","Місячна","2009-M01","2623"
"Кількість померлих","Полтавська","Місячна","2009-M02","4791"
"Кількість померлих","Полтавська","Місячна","2009-M03","7202"
"Кількість померлих","Полтавська","Місячна","2009-M04","9523"
"Кількість померлих","Полтавська","Місячна","2009-M05","11836"
"Кількість померлих","Полтавська","Місячна","2009-M06","14044"
"Кількість померлих","Полтавська","Місячна","2009-M07","16158"
"Кількість померлих","Полтавська","Місячна","2009-M08","18049"
"Кількість померлих","Полтавська","Місячна","2009-M09","20039"
"Кількість померлих","Полтавська","Місячна","2009-M10","22275"
"Кількість померлих","Полтавська","Місячна","2009-M11","24428"
"Кількість померлих","Полтавська","Місячна","2009-M12","26807"
"Кількість померлих","Полтавська","Місячна","2010-M01","2357"
"Кількість померлих","Полтавська","Місячна","2010-M02","4513"
"Кількість померлих","Полтавська","Місячна","2010-M03","6804"
"Кількість померлих","Полтавська","Місячна","2010-M04","8929"
"Кількість померлих","Полтавська","Місячна","2010-M05","11015"
"Кількість померлих","Полтавська","Місячна","2010-M06","13120"
"Кількість померлих","Полтавська","Місячна","2010-M07","15304"
"Кількість померлих","Полтавська","Місячна","2010-M08","17708"
"Кількість померлих","Полтавська","Місячна","2010-M09","19657"
"Кількість померлих","Полтавська","Місячна","2010-M10","21744"
"Кількість померлих","Полтавська","Місячна","2010-M11","23817"
"Кількість померлих","Полтавська","Місячна","2010-M12","26113"
"Кількість померлих","Полтавська","Місячна","2011-M01","2246"
"Кількість померлих","Полтавська","Місячна","2011-M02","4238"
"Кількість померлих","Полтавська","Місячна","2011-M03","6516"
"Кількість померлих","Полтавська","Місячна","2011-M04","8542"
"Кількість померлих","Полтавська","Місячна","2011-M05","10692"
"Кількість померлих","Полтавська","Місячна","2011-M06","12556"
"Кількість померлих","Полтавська","Місячна","2011-M07","14598"
"Кількість померлих","Полтавська","Місячна","2011-M08","16440"
"Кількість померлих","Полтавська","Місячна","2011-M09","18330"
"Кількість померлих","Полтавська","Місячна","2011-M10","20339"
"Кількість померлих","Полтавська","Місячна","2011-M11","22393"
"Кількість померлих","Полтавська","Місячна","2011-M12","24384"
"Кількість померлих","Полтавська","Місячна","2012-M01","2203"
"Кількість померлих","Полтавська","Місячна","2012-M02","4297"
"Кількість померлих","Полтавська","Місячна","2012-M03","6422"
"Кількість померлих","Полтавська","Місячна","2012-M04","8524"
"Кількість померлих","Полтавська","Місячна","2012-M05","10488"
"Кількість померлих","Полтавська","Місячна","2012-M06","12326"
"Кількість померлих","Полтавська","Місячна","2012-M07","14316"
"Кількість померлих","Полтавська","Місячна","2012-M08","16254"
"Кількість померлих","Полтавська","Місячна","2012-M09","18009"
"Кількість померлих","Полтавська","Місячна","2012-M10","20095"
"Кількість померлих","Полтавська","Місячна","2012-M11","22095"
"Кількість померлих","Полтавська","Місячна","2012-M12","24223"
"Кількість померлих","Полтавська","Місячна","2013-M01","2374"
"Кількість померлих","Полтавська","Місячна","2013-M02","4204"
"Кількість померлих","Полтавська","Місячна","2013-M03","6282"
"Кількість померлих","Полтавська","Місячна","2013-M04","8476"
"Кількість померлих","Полтавська","Місячна","2013-M05","10571"
"Кількість померлих","Полтавська","Місячна","2013-M06","12396"
"Кількість померлих","Полтавська","Місячна","2013-M07","14346"
"Кількість померлих","Полтавська","Місячна","2013-M08","16189"
"Кількість померлих","Полтавська","Місячна","2013-M09","18120"
"Кількість померлих","Полтавська","Місячна","2013-M10","20319"
"Кількість померлих","Полтавська","Місячна","2013-M11","22281"
"Кількість померлих","Полтавська","Місячна","2013-M12","24358"
"Кількість померлих","Полтавська","Місячна","2014-M01","2244"
"Кількість померлих","Полтавська","Місячна","2014-M02","4363"
"Кількість померлих","Полтавська","Місячна","2014-M03","6578"
"Кількість померлих","Полтавська","Місячна","2014-M04","8765"
"Кількість померлих","Полтавська","Місячна","2014-M05","10952"
"Кількість померлих","Полтавська","Місячна","2014-M06","12727"
"Кількість померлих","Полтавська","Місячна","2014-M07","14713"
"Кількість померлих","Полтавська","Місячна","2014-M08","16616"
"Кількість померлих","Полтавська","Місячна","2014-M09","18537"
"Кількість померлих","Полтавська","Місячна","2014-M10","20679"
"Кількість померлих","Полтавська","Місячна","2014-M11","22536"
"Кількість померлих","Полтавська","Місячна","2014-M12","24784"
"Кількість померлих","Полтавська","Місячна","2015-M01","2253"
"Кількість померлих","Полтавська","Місячна","2015-M02","4204"
"Кількість померлих","Полтавська","Місячна","2015-M03","6481"
"Кількість померлих","Полтавська","Місячна","2015-M04","8730"
"Кількість померлих","Полтавська","Місячна","2015-M05","10803"
"Кількість померлих","Полтавська","Місячна","2015-M06","12780"
"Кількість померлих","Полтавська","Місячна","2015-M07","14769"
"Кількість померлих","Полтавська","Місячна","2015-M08","16549"
"Кількість померлих","Полтавська","Місячна","2015-M09","18319"
"Кількість померлих","Полтавська","Місячна","2015-M10","20373"
"Кількість померлих","Полтавська","Місячна","2015-M11","22440"
"Кількість померлих","Полтавська","Місячна","2015-M12","24498"
"Кількість померлих","Полтавська","Місячна","2016-M01","2363"
"Кількість померлих","Полтавська","Місячна","2016-M02","4466"
"Кількість померлих","Полтавська","Місячна","2016-M03","6491"
"Кількість померлих","Полтавська","Місячна","2016-M04","8451"
"Кількість померлих","Полтавська","Місячна","2016-M05","10480"
"Кількість померлих","Полтавська","Місячна","2016-M06","12540"
"Кількість померлих","Полтавська","Місячна","2016-M07","14375"
"Кількість померлих","Полтавська","Місячна","2016-M08","16233"
"Кількість померлих","Полтавська","Місячна","2016-M09","17994"
"Кількість померлих","Полтавська","Місячна","2016-M10","19989"
"Кількість померлих","Полтавська","Місячна","2016-M11","22084"
"Кількість померлих","Полтавська","Місячна","2016-M12","24437"
"Кількість померлих","Полтавська","Місячна","2017-M01","2330"
"Кількість померлих","Полтавська","Місячна","2017-M02","4227"
"Кількість померлих","Полтавська","Місячна","2017-M03","6245"
"Кількість померлих","Полтавська","Місячна","2017-M04","8190"
"Кількість померлих","Полтавська","Місячна","2017-M05","10335"
"Кількість померлих","Полтавська","Місячна","2017-M06","12091"
"Кількість померлих","Полтавська","Місячна","2017-M07","13877"
"Кількість померлих","Полтавська","Місячна","2017-M08","15770"
"Кількість померлих","Полтавська","Місячна","2017-M09","17427"
"Кількість померлих","Полтавська","Місячна","2017-M10","19437"
"Кількість померлих","Полтавська","Місячна","2017-M11","21418"
"Кількість померлих","Полтавська","Місячна","2017-M12","23414"
"Кількість померлих","Полтавська","Місячна","2018-M01","2183"
"Кількість померлих","Полтавська","Місячна","2018-M02","4084"
"Кількість померлих","Полтавська","Місячна","2018-M03","6365"
"Кількість померлих","Полтавська","Місячна","2018-M04","8375"
"Кількість померлих","Полтавська","Місячна","2018-M05","10462"
"Кількість померлих","Полтавська","Місячна","2018-M06","12237"
"Кількість померлих","Полтавська","Місячна","2018-M07","14092"
"Кількість померлих","Полтавська","Місячна","2018-M08","15889"
"Кількість померлих","Полтавська","Місячна","2018-M09","17528"
"Кількість померлих","Полтавська","Місячна","2018-M10","19605"
"Кількість померлих","Полтавська","Місячна","2018-M11","21525"
"Кількість померлих","Полтавська","Місячна","2018-M12","23659"
"Кількість померлих","Полтавська","Місячна","2019-M01","2384"
"Кількість померлих","Полтавська","Місячна","2019-M02","4245"
"Кількість померлих","Полтавська","Місячна","2019-M03","6202"
"Кількість померлих","Полтавська","Місячна","2019-M04","8108"
"Кількість померлих","Полтавська","Місячна","2019-M05","10258"
"Кількість померлих","Полтавська","Місячна","2019-M06","11924"
"Кількість померлих","Полтавська","Місячна","2019-M07","13820"
"Кількість померлих","Полтавська","Місячна","2019-M08","15411"
"Кількість померлих","Полтавська","Місячна","2019-M09","17168"
"Кількість померлих","Полтавська","Місячна","2019-M10","19160"
"Кількість померлих","Полтавська","Місячна","2019-M11","21016"
"Кількість померлих","Полтавська","Місячна","2019-M12","22915"
"Кількість померлих","Полтавська","Місячна","2020-M01","2056"
"Кількість померлих","Полтавська","Місячна","2020-M02","3906"
"Кількість померлих","Полтавська","Місячна","2020-M03","5868"
"Кількість померлих","Полтавська","Місячна","2020-M04","7714"
"Кількість померлих","Полтавська","Місячна","2020-M05","9521"
"Кількість померлих","Полтавська","Місячна","2020-M06","11465"
"Кількість померлих","Полтавська","Місячна","2020-M07","13333"
"Кількість померлих","Полтавська","Місячна","2020-M08","15042"
"Кількість померлих","Полтавська","Місячна","2020-M09","16772"
"Кількість померлих","Полтавська","Місячна","2020-M10","19032"
"Кількість померлих","Полтавська","Місячна","2020-M11","21759"
"Кількість померлих","Полтавська","Місячна","2020-M12","24601"
"Кількість померлих","Полтавська","Місячна","2021-M01","2232"
"Кількість померлих","Полтавська","Місячна","2021-M02","4187"
"Кількість померлих","Полтавська","Місячна","2021-M03","6533"
"Кількість померлих","Полтавська","Місячна","2021-M04","9066"
"Кількість померлих","Полтавська","Місячна","2021-M05","11362"
"Кількість померлих","Полтавська","Місячна","2021-M06","13304"
"Кількість померлих","Полтавська","Місячна","2021-M07","15119"
"Кількість померлих","Полтавська","Місячна","2021-M08","16814"
"Кількість померлих","Полтавська","Місячна","2021-M09","18664"
"Кількість померлих","Полтавська","Місячна","2021-M10","21242"
"Кількість померлих","Полтавська","Місячна","2021-M11","24725"
"Кількість померлих","Полтавська","Місячна","2021-M12","27598"
"Кількість померлих","Полтавська","Місячна","2022-M01","2370"
"Кількість померлих","Полтавська","Місячна","2022-M02",""
"Кількість померлих","Полтавська","Місячна","2022-M03",""
"Кількість померлих","Полтавська","Місячна","2022-M04",""
"Кількість померлих","Полтавська","Місячна","2022-M05",""
"Кількість померлих","Полтавська","Місячна","2022-M06",""
"Кількість померлих","Полтавська","Місячна","2022-M07",""
"Кількість померлих","Полтавська","Місячна","2022-M08",""
"Кількість померлих","Полтавська","Місячна","2022-M09",""
"Кількість померлих","Полтавська","Місячна","2022-M10",""
"Кількість померлих","Полтавська","Місячна","2022-M11",""
"Кількість померлих","Полтавська","Місячна","2022-M12",""
"Кількість померлих","Рівненська","Місячна","2005-M01","1427"
"Кількість померлих","Рівненська","Місячна","2005-M02","2977"
"Кількість померлих","Рівненська","Місячна","2005-M03","4501"
"Кількість померлих","Рівненська","Місячна","2005-M04","5847"
"Кількість померлих","Рівненська","Місячна","2005-M05","7335"
"Кількість померлих","Рівненська","Місячна","2005-M06","8579"
"Кількість померлих","Рівненська","Місячна","2005-M07","9769"
"Кількість померлих","Рівненська","Місячна","2005-M08","11021"
"Кількість померлих","Рівненська","Місячна","2005-M09","12205"
"Кількість померлих","Рівненська","Місячна","2005-M10","13532"
"Кількість померлих","Рівненська","Місячна","2005-M11","14961"
"Кількість померлих","Рівненська","Місячна","2005-M12","16421"
"Кількість померлих","Рівненська","Місячна","2006-M01","1599"
"Кількість померлих","Рівненська","Місячна","2006-M02","2909"
"Кількість померлих","Рівненська","Місячна","2006-M03","4371"
"Кількість померлих","Рівненська","Місячна","2006-M04","5651"
"Кількість померлих","Рівненська","Місячна","2006-M05","7009"
"Кількість померлих","Рівненська","Місячна","2006-M06","8333"
"Кількість померлих","Рівненська","Місячна","2006-M07","9569"
"Кількість померлих","Рівненська","Місячна","2006-M08","10697"
"Кількість померлих","Рівненська","Місячна","2006-M09","11874"
"Кількість померлих","Рівненська","Місячна","2006-M10","13335"
"Кількість померлих","Рівненська","Місячна","2006-M11","14721"
"Кількість померлих","Рівненська","Місячна","2006-M12","16072"
"Кількість померлих","Рівненська","Місячна","2007-M01","1432"
"Кількість померлих","Рівненська","Місячна","2007-M02","2753"
"Кількість померлих","Рівненська","Місячна","2007-M03","4117"
"Кількість померлих","Рівненська","Місячна","2007-M04","5443"
"Кількість померлих","Рівненська","Місячна","2007-M05","6864"
"Кількість померлих","Рівненська","Місячна","2007-M06","8040"
"Кількість померлих","Рівненська","Місячна","2007-M07","9405"
"Кількість померлих","Рівненська","Місячна","2007-M08","10564"
"Кількість померлих","Рівненська","Місячна","2007-M09","11812"
"Кількість померлих","Рівненська","Місячна","2007-M10","13284"
"Кількість померлих","Рівненська","Місячна","2007-M11","14729"
"Кількість померлих","Рівненська","Місячна","2007-M12","16156"
"Кількість померлих","Рівненська","Місячна","2008-M01","1637"
"Кількість померлих","Рівненська","Місячна","2008-M02","3028"
"Кількість померлих","Рівненська","Місячна","2008-M03","4346"
"Кількість померлих","Рівненська","Місячна","2008-M04","5712"
"Кількість померлих","Рівненська","Місячна","2008-M05","7135"
"Кількість померлих","Рівненська","Місячна","2008-M06","8400"
"Кількість померлих","Рівненська","Місячна","2008-M07","9644"
"Кількість померлих","Рівненська","Місячна","2008-M08","10837"
"Кількість померлих","Рівненська","Місячна","2008-M09","12139"
"Кількість померлих","Рівненська","Місячна","2008-M10","13511"
"Кількість померлих","Рівненська","Місячна","2008-M11","14842"
"Кількість померлих","Рівненська","Місячна","2008-M12","16245"
"Кількість померлих","Рівненська","Місячна","2009-M01","1428"
"Кількість померлих","Рівненська","Місячна","2009-M02","2654"
"Кількість померлих","Рівненська","Місячна","2009-M03","4103"
"Кількість померлих","Рівненська","Місячна","2009-M04","5441"
"Кількість померлих","Рівненська","Місячна","2009-M05","6656"
"Кількість померлих","Рівненська","Місячна","2009-M06","7860"
"Кількість померлих","Рівненська","Місячна","2009-M07","9073"
"Кількість померлих","Рівненська","Місячна","2009-M08","10193"
"Кількість померлих","Рівненська","Місячна","2009-M09","11330"
"Кількість померлих","Рівненська","Місячна","2009-M10","12708"
"Кількість померлих","Рівненська","Місячна","2009-M11","14034"
"Кількість померлих","Рівненська","Місячна","2009-M12","15415"
"Кількість померлих","Рівненська","Місячна","2010-M01","1367"
"Кількість померлих","Рівненська","Місячна","2010-M02","2671"
"Кількість померлих","Рівненська","Місячна","2010-M03","3935"
"Кількість померлих","Рівненська","Місячна","2010-M04","5131"
"Кількість померлих","Рівненська","Місячна","2010-M05","6384"
"Кількість померлих","Рівненська","Місячна","2010-M06","7598"
"Кількість померлих","Рівненська","Місячна","2010-M07","8802"
"Кількість померлих","Рівненська","Місячна","2010-M08","9938"
"Кількість померлих","Рівненська","Місячна","2010-M09","11077"
"Кількість померлих","Рівненська","Місячна","2010-M10","12382"
"Кількість померлих","Рівненська","Місячна","2010-M11","13613"
"Кількість померлих","Рівненська","Місячна","2010-M12","14997"
"Кількість померлих","Рівненська","Місячна","2011-M01","1345"
"Кількість померлих","Рівненська","Місячна","2011-M02","2556"
"Кількість померлих","Рівненська","Місячна","2011-M03","3825"
"Кількість померлих","Рівненська","Місячна","2011-M04","5002"
"Кількість померлих","Рівненська","Місячна","2011-M05","6280"
"Кількість померлих","Рівненська","Місячна","2011-M06","7371"
"Кількість померлих","Рівненська","Місячна","2011-M07","8547"
"Кількість померлих","Рівненська","Місячна","2011-M08","9630"
"Кількість померлих","Рівненська","Місячна","2011-M09","10671"
"Кількість померлих","Рівненська","Місячна","2011-M10","11796"
"Кількість померлих","Рівненська","Місячна","2011-M11","12994"
"Кількість померлих","Рівненська","Місячна","2011-M12","14168"
"Кількість померлих","Рівненська","Місячна","2012-M01","1286"
"Кількість померлих","Рівненська","Місячна","2012-M02","2529"
"Кількість померлих","Рівненська","Місячна","2012-M03","3814"
"Кількість померлих","Рівненська","Місячна","2012-M04","5053"
"Кількість померлих","Рівненська","Місячна","2012-M05","6254"
"Кількість померлих","Рівненська","Місячна","2012-M06","7363"
"Кількість померлих","Рівненська","Місячна","2012-M07","8535"
"Кількість померлих","Рівненська","Місячна","2012-M08","9608"
"Кількість померлих","Рівненська","Місячна","2012-M09","10606"
"Кількість померлих","Рівненська","Місячна","2012-M10","11901"
"Кількість померлих","Рівненська","Місячна","2012-M11","13101"
"Кількість померлих","Рівненська","Місячна","2012-M12","14302"
"Кількість померлих","Рівненська","Місячна","2013-M01","1260"
"Кількість померлих","Рівненська","Місячна","2013-M02","2376"
"Кількість померлих","Рівненська","Місячна","2013-M03","3598"
"Кількість померлих","Рівненська","Місячна","2013-M04","4988"
"Кількість померлих","Рівненська","Місячна","2013-M05","6257"
"Кількість померлих","Рівненська","Місячна","2013-M06","7351"
"Кількість померлих","Рівненська","Місячна","2013-M07","8509"
"Кількість померлих","Рівненська","Місячна","2013-M08","9634"
"Кількість померлих","Рівненська","Місячна","2013-M09","10785"
"Кількість померлих","Рівненська","Місячна","2013-M10","12084"
"Кількість померлих","Рівненська","Місячна","2013-M11","13283"
"Кількість померлих","Рівненська","Місячна","2013-M12","14556"
"Кількість померлих","Рівненська","Місячна","2014-M01","1351"
"Кількість померлих","Рівненська","Місячна","2014-M02","2562"
"Кількість померлих","Рівненська","Місячна","2014-M03","3909"
"Кількість померлих","Рівненська","Місячна","2014-M04","5164"
"Кількість померлих","Рівненська","Місячна","2014-M05","6405"
"Кількість померлих","Рівненська","Місячна","2014-M06","7474"
"Кількість померлих","Рівненська","Місячна","2014-M07","8557"
"Кількість померлих","Рівненська","Місячна","2014-M08","9691"
"Кількість померлих","Рівненська","Місячна","2014-M09","10921"
"Кількість померлих","Рівненська","Місячна","2014-M10","12130"
"Кількість померлих","Рівненська","Місячна","2014-M11","13385"
"Кількість померлих","Рівненська","Місячна","2014-M12","14714"
"Кількість померлих","Рівненська","Місячна","2015-M01","1324"
"Кількість померлих","Рівненська","Місячна","2015-M02","2529"
"Кількість померлих","Рівненська","Місячна","2015-M03","3937"
"Кількість померлих","Рівненська","Місячна","2015-M04","5237"
"Кількість померлих","Рівненська","Місячна","2015-M05","6488"
"Кількість померлих","Рівненська","Місячна","2015-M06","7658"
"Кількість померлих","Рівненська","Місячна","2015-M07","8800"
"Кількість померлих","Рівненська","Місячна","2015-M08","9899"
"Кількість померлих","Рівненська","Місячна","2015-M09","10996"
"Кількість померлих","Рівненська","Місячна","2015-M10","12211"
"Кількість померлих","Рівненська","Місячна","2015-M11","13426"
"Кількість померлих","Рівненська","Місячна","2015-M12","14695"
"Кількість померлих","Рівненська","Місячна","2016-M01","1525"
"Кількість померлих","Рівненська","Місячна","2016-M02","2754"
"Кількість померлих","Рівненська","Місячна","2016-M03","4013"
"Кількість померлих","Рівненська","Місячна","2016-M04","5163"
"Кількість померлих","Рівненська","Місячна","2016-M05","6365"
"Кількість померлих","Рівненська","Місячна","2016-M06","7512"
"Кількість померлих","Рівненська","Місячна","2016-M07","8620"
"Кількість померлих","Рівненська","Місячна","2016-M08","9702"
"Кількість померлих","Рівненська","Місячна","2016-M09","10782"
"Кількість померлих","Рівненська","Місячна","2016-M10","12047"
"Кількість померлих","Рівненська","Місячна","2016-M11","13261"
"Кількість померлих","Рівненська","Місячна","2016-M12","14483"
"Кількість померлих","Рівненська","Місячна","2017-M01","1564"
"Кількість померлих","Рівненська","Місячна","2017-M02","2709"
"Кількість померлих","Рівненська","Місячна","2017-M03","3977"
"Кількість померлих","Рівненська","Місячна","2017-M04","5181"
"Кількість померлих","Рівненська","Місячна","2017-M05","6379"
"Кількість померлих","Рівненська","Місячна","2017-M06","7524"
"Кількість померлих","Рівненська","Місячна","2017-M07","8581"
"Кількість померлих","Рівненська","Місячна","2017-M08","9705"
"Кількість померлих","Рівненська","Місячна","2017-M09","10799"
"Кількість померлих","Рівненська","Місячна","2017-M10","12082"
"Кількість померлих","Рівненська","Місячна","2017-M11","13339"
"Кількість померлих","Рівненська","Місячна","2017-M12","14660"
"Кількість померлих","Рівненська","Місячна","2018-M01","1404"
"Кількість померлих","Рівненська","Місячна","2018-M02","2524"
"Кількість померлих","Рівненська","Місячна","2018-M03","3796"
"Кількість померлих","Рівненська","Місячна","2018-M04","5096"
"Кількість померлих","Рівненська","Місячна","2018-M05","6313"
"Кількість померлих","Рівненська","Місячна","2018-M06","7383"
"Кількість померлих","Рівненська","Місячна","2018-M07","8494"
"Кількість померлих","Рівненська","Місячна","2018-M08","9534"
"Кількість померлих","Рівненська","Місячна","2018-M09","10598"
"Кількість померлих","Рівненська","Місячна","2018-M10","11916"
"Кількість померлих","Рівненська","Місячна","2018-M11","13203"
"Кількість померлих","Рівненська","Місячна","2018-M12","14528"
"Кількість померлих","Рівненська","Місячна","2019-M01","1491"
"Кількість померлих","Рівненська","Місячна","2019-M02","2666"
"Кількість померлих","Рівненська","Місячна","2019-M03","3863"
"Кількість померлих","Рівненська","Місячна","2019-M04","5055"
"Кількість померлих","Рівненська","Місячна","2019-M05","6334"
"Кількість померлих","Рівненська","Місячна","2019-M06","7417"
"Кількість померлих","Рівненська","Місячна","2019-M07","8580"
"Кількість померлих","Рівненська","Місячна","2019-M08","9554"
"Кількість померлих","Рівненська","Місячна","2019-M09","10649"
"Кількість померлих","Рівненська","Місячна","2019-M10","11828"
"Кількість померлих","Рівненська","Місячна","2019-M11","12953"
"Кількість померлих","Рівненська","Місячна","2019-M12","14182"
"Кількість померлих","Рівненська","Місячна","2020-M01","1322"
"Кількість померлих","Рівненська","Місячна","2020-M02","2441"
"Кількість померлих","Рівненська","Місячна","2020-M03","3722"
"Кількість померлих","Рівненська","Місячна","2020-M04","4960"
"Кількість померлих","Рівненська","Місячна","2020-M05","6136"
"Кількість померлих","Рівненська","Місячна","2020-M06","7347"
"Кількість померлих","Рівненська","Місячна","2020-M07","8516"
"Кількість померлих","Рівненська","Місячна","2020-M08","9718"
"Кількість померлих","Рівненська","Місячна","2020-M09","10894"
"Кількість померлих","Рівненська","Місячна","2020-M10","12293"
"Кількість померлих","Рівненська","Місячна","2020-M11","13898"
"Кількість померлих","Рівненська","Місячна","2020-M12","15552"
"Кількість померлих","Рівненська","Місячна","2021-M01","1434"
"Кількість померлих","Рівненська","Місячна","2021-M02","2666"
"Кількість померлих","Рівненська","Місячна","2021-M03","4099"
"Кількість померлих","Рівненська","Місячна","2021-M04","5645"
"Кількість померлих","Рівненська","Місячна","2021-M05","7167"
"Кількість померлих","Рівненська","Місячна","2021-M06","8384"
"Кількість померлих","Рівненська","Місячна","2021-M07","9468"
"Кількість померлих","Рівненська","Місячна","2021-M08","10524"
"Кількість померлих","Рівненська","Місячна","2021-M09","11734"
"Кількість померлих","Рівненська","Місячна","2021-M10","13416"
"Кількість померлих","Рівненська","Місячна","2021-M11","15516"
"Кількість померлих","Рівненська","Місячна","2021-M12","17028"
"Кількість померлих","Рівненська","Місячна","2022-M01","1451"
"Кількість померлих","Рівненська","Місячна","2022-M02",""
"Кількість померлих","Рівненська","Місячна","2022-M03",""
"Кількість померлих","Рівненська","Місячна","2022-M04",""
"Кількість померлих","Рівненська","Місячна","2022-M05",""
"Кількість померлих","Рівненська","Місячна","2022-M06",""
"Кількість померлих","Рівненська","Місячна","2022-M07",""
"Кількість померлих","Рівненська","Місячна","2022-M08",""
"Кількість померлих","Рівненська","Місячна","2022-M09",""
"Кількість померлих","Рівненська","Місячна","2022-M10",""
"Кількість померлих","Рівненська","Місячна","2022-M11",""
"Кількість померлих","Рівненська","Місячна","2022-M12",""
"Кількість померлих","Сумська","Місячна","2005-M01","2110"
"Кількість померлих","Сумська","Місячна","2005-M02","4170"
"Кількість померлих","Сумська","Місячна","2005-M03","6558"
"Кількість померлих","Сумська","Місячна","2005-M04","8631"
"Кількість померлих","Сумська","Місячна","2005-M05","10726"
"Кількість померлих","Сумська","Місячна","2005-M06","12535"
"Кількість померлих","Сумська","Місячна","2005-M07","14286"
"Кількість померлих","Сумська","Місячна","2005-M08","16066"
"Кількість померлих","Сумська","Місячна","2005-M09","17704"
"Кількість померлих","Сумська","Місячна","2005-M10","19656"
"Кількість померлих","Сумська","Місячна","2005-M11","21752"
"Кількість померлих","Сумська","Місячна","2005-M12","23786"
"Кількість померлих","Сумська","Місячна","2006-M01","2290"
"Кількість померлих","Сумська","Місячна","2006-M02","4108"
"Кількість померлих","Сумська","Місячна","2006-M03","6032"
"Кількість померлих","Сумська","Місячна","2006-M04","7844"
"Кількість померлих","Сумська","Місячна","2006-M05","9923"
"Кількість померлих","Сумська","Місячна","2006-M06","11772"
"Кількість померлих","Сумська","Місячна","2006-M07","13412"
"Кількість померлих","Сумська","Місячна","2006-M08","15119"
"Кількість померлих","Сумська","Місячна","2006-M09","16821"
"Кількість померлих","Сумська","Місячна","2006-M10","18669"
"Кількість померлих","Сумська","Місячна","2006-M11","20614"
"Кількість померлих","Сумська","Місячна","2006-M12","22436"
"Кількість померлих","Сумська","Місячна","2007-M01","2053"
"Кількість померлих","Сумська","Місячна","2007-M02","3943"
"Кількість померлих","Сумська","Місячна","2007-M03","6042"
"Кількість померлих","Сумська","Місячна","2007-M04","7944"
"Кількість померлих","Сумська","Місячна","2007-M05","9912"
"Кількість померлих","Сумська","Місячна","2007-M06","11472"
"Кількість померлих","Сумська","Місячна","2007-M07","13251"
"Кількість померлих","Сумська","Місячна","2007-M08","14998"
"Кількість померлих","Сумська","Місячна","2007-M09","16713"
"Кількість померлих","Сумська","Місячна","2007-M10","18566"
"Кількість померлих","Сумська","Місячна","2007-M11","20537"
"Кількість померлих","Сумська","Місячна","2007-M12","22418"
"Кількість померлих","Сумська","Місячна","2008-M01","2216"
"Кількість померлих","Сумська","Місячна","2008-M02","4103"
"Кількість померлих","Сумська","Місячна","2008-M03","5963"
"Кількість померлих","Сумська","Місячна","2008-M04","7865"
"Кількість померлих","Сумська","Місячна","2008-M05","9932"
"Кількість померлих","Сумська","Місячна","2008-M06","11614"
"Кількість померлих","Сумська","Місячна","2008-M07","13461"
"Кількість померлих","Сумська","Місячна","2008-M08","15077"
"Кількість померлих","Сумська","Місячна","2008-M09","16744"
"Кількість померлих","Сумська","Місячна","2008-M10","18573"
"Кількість померлих","Сумська","Місячна","2008-M11","20382"
"Кількість померлих","Сумська","Місячна","2008-M12","22301"
"Кількість померлих","Сумська","Місячна","2009-M01","2065"
"Кількість померлих","Сумська","Місячна","2009-M02","3846"
"Кількість померлих","Сумська","Місячна","2009-M03","5873"
"Кількість померлих","Сумська","Місячна","2009-M04","7780"
"Кількість померлих","Сумська","Місячна","2009-M05","9448"
"Кількість померлих","Сумська","Місячна","2009-M06","11136"
"Кількість померлих","Сумська","Місячна","2009-M07","12787"
"Кількість померлих","Сумська","Місячна","2009-M08","14317"
"Кількість померлих","Сумська","Місячна","2009-M09","15889"
"Кількість померлих","Сумська","Місячна","2009-M10","17602"
"Кількість померлих","Сумська","Місячна","2009-M11","19270"
"Кількість померлих","Сумська","Місячна","2009-M12","21160"
"Кількість померлих","Сумська","Місячна","2010-M01","1951"
"Кількість померлих","Сумська","Місячна","2010-M02","3591"
"Кількість померлих","Сумська","Місячна","2010-M03","5329"
"Кількість померлих","Сумська","Місячна","2010-M04","7026"
"Кількість померлих","Сумська","Місячна","2010-M05","8604"
"Кількість померлих","Сумська","Місячна","2010-M06","10207"
"Кількість померлих","Сумська","Місячна","2010-M07","11911"
"Кількість померлих","Сумська","Місячна","2010-M08","13695"
"Кількість померлих","Сумська","Місячна","2010-M09","15234"
"Кількість померлих","Сумська","Місячна","2010-M10","16893"
"Кількість померлих","Сумська","Місячна","2010-M11","18406"
"Кількість померлих","Сумська","Місячна","2010-M12","20146"
"Кількість померлих","Сумська","Місячна","2011-M01","1709"
"Кількість померлих","Сумська","Місячна","2011-M02","3247"
"Кількість померлих","Сумська","Місячна","2011-M03","5009"
"Кількість померлих","Сумська","Місячна","2011-M04","6633"
"Кількість померлих","Сумська","Місячна","2011-M05","8252"
"Кількість померлих","Сумська","Місячна","2011-M06","9728"
"Кількість померлих","Сумська","Місячна","2011-M07","11202"
"Кількість померлих","Сумська","Місячна","2011-M08","12665"
"Кількість померлих","Сумська","Місячна","2011-M09","14112"
"Кількість померлих","Сумська","Місячна","2011-M10","15698"
"Кількість померлих","Сумська","Місячна","2011-M11","17302"
"Кількість померлих","Сумська","Місячна","2011-M12","18833"
"Кількість померлих","Сумська","Місячна","2012-M01","1709"
"Кількість померлих","Сумська","Місячна","2012-M02","3317"
"Кількість померлих","Сумська","Місячна","2012-M03","4944"
"Кількість померлих","Сумська","Місячна","2012-M04","6554"
"Кількість померлих","Сумська","Місячна","2012-M05","8206"
"Кількість померлих","Сумська","Місячна","2012-M06","9679"
"Кількість померлих","Сумська","Місячна","2012-M07","11236"
"Кількість померлих","Сумська","Місячна","2012-M08","12689"
"Кількість померлих","Сумська","Місячна","2012-M09","14148"
"Кількість померлих","Сумська","Місячна","2012-M10","15846"
"Кількість померлих","Сумська","Місячна","2012-M11","17340"
"Кількість померлих","Сумська","Місячна","2012-M12","19002"
"Кількість померлих","Сумська","Місячна","2013-M01","1781"
"Кількість померлих","Сумська","Місячна","2013-M02","3319"
"Кількість померлих","Сумська","Місячна","2013-M03","5040"
"Кількість померлих","Сумська","Місячна","2013-M04","6750"
"Кількість померлих","Сумська","Місячна","2013-M05","8469"
"Кількість померлих","Сумська","Місячна","2013-M06","9846"
"Кількість померлих","Сумська","Місячна","2013-M07","11394"
"Кількість померлих","Сумська","Місячна","2013-M08","12845"
"Кількість померлих","Сумська","Місячна","2013-M09","14254"
"Кількість померлих","Сумська","Місячна","2013-M10","15978"
"Кількість померлих","Сумська","Місячна","2013-M11","17520"
"Кількість померлих","Сумська","Місячна","2013-M12","19219"
"Кількість померлих","Сумська","Місячна","2014-M01","1784"
"Кількість померлих","Сумська","Місячна","2014-M02","3409"
"Кількість померлих","Сумська","Місячна","2014-M03","5101"
"Кількість померлих","Сумська","Місячна","2014-M04","6836"
"Кількість померлих","Сумська","Місячна","2014-M05","8524"
"Кількість померлих","Сумська","Місячна","2014-M06","9820"
"Кількість померлих","Сумська","Місячна","2014-M07","11420"
"Кількість померлих","Сумська","Місячна","2014-M08","12868"
"Кількість померлих","Сумська","Місячна","2014-M09","14393"
"Кількість померлих","Сумська","Місячна","2014-M10","16092"
"Кількість померлих","Сумська","Місячна","2014-M11","17691"
"Кількість померлих","Сумська","Місячна","2014-M12","19452"
"Кількість померлих","Сумська","Місячна","2015-M01","1691"
"Кількість померлих","Сумська","Місячна","2015-M02","3269"
"Кількість померлих","Сумська","Місячна","2015-M03","5073"
"Кількість померлих","Сумська","Місячна","2015-M04","6794"
"Кількість померлих","Сумська","Місячна","2015-M05","8471"
"Кількість померлих","Сумська","Місячна","2015-M06","9940"
"Кількість померлих","Сумська","Місячна","2015-M07","11473"
"Кількість померлих","Сумська","Місячна","2015-M08","12884"
"Кількість померлих","Сумська","Місячна","2015-M09","14312"
"Кількість померлих","Сумська","Місячна","2015-M10","15892"
"Кількість померлих","Сумська","Місячна","2015-M11","17322"
"Кількість померлих","Сумська","Місячна","2015-M12","19013"
"Кількість померлих","Сумська","Місячна","2016-M01","1838"
"Кількість померлих","Сумська","Місячна","2016-M02","3482"
"Кількість померлих","Сумська","Місячна","2016-M03","5086"
"Кількість померлих","Сумська","Місячна","2016-M04","6548"
"Кількість померлих","Сумська","Місячна","2016-M05","8095"
"Кількість померлих","Сумська","Місячна","2016-M06","9678"
"Кількість померлих","Сумська","Місячна","2016-M07","11126"
"Кількість померлих","Сумська","Місячна","2016-M08","12568"
"Кількість померлих","Сумська","Місячна","2016-M09","13968"
"Кількість померлих","Сумська","Місячна","2016-M10","15487"
"Кількість померлих","Сумська","Місячна","2016-M11","16982"
"Кількість померлих","Сумська","Місячна","2016-M12","18701"
"Кількість померлих","Сумська","Місячна","2017-M01","1746"
"Кількість померлих","Сумська","Місячна","2017-M02","3192"
"Кількість померлих","Сумська","Місячна","2017-M03","4709"
"Кількість померлих","Сумська","Місячна","2017-M04","6139"
"Кількість померлих","Сумська","Місячна","2017-M05","7811"
"Кількість померлих","Сумська","Місячна","2017-M06","9214"
"Кількість померлих","Сумська","Місячна","2017-M07","10543"
"Кількість померлих","Сумська","Місячна","2017-M08","11864"
"Кількість померлих","Сумська","Місячна","2017-M09","13169"
"Кількість померлих","Сумська","Місячна","2017-M10","14617"
"Кількість померлих","Сумська","Місячна","2017-M11","16052"
"Кількість померлих","Сумська","Місячна","2017-M12","17573"
"Кількість померлих","Сумська","Місячна","2018-M01","1633"
"Кількість померлих","Сумська","Місячна","2018-M02","3078"
"Кількість померлих","Сумська","Місячна","2018-M03","4720"
"Кількість померлих","Сумська","Місячна","2018-M04","6247"
"Кількість померлих","Сумська","Місячна","2018-M05","7823"
"Кількість померлих","Сумська","Місячна","2018-M06","9054"
"Кількість померлих","Сумська","Місячна","2018-M07","10425"
"Кількість померлих","Сумська","Місячна","2018-M08","11845"
"Кількість померлих","Сумська","Місячна","2018-M09","13068"
"Кількість померлих","Сумська","Місячна","2018-M10","14747"
"Кількість померлих","Сумська","Місячна","2018-M11","16311"
"Кількість померлих","Сумська","Місячна","2018-M12","17877"
"Кількість померлих","Сумська","Місячна","2019-M01","1887"
"Кількість померлих","Сумська","Місячна","2019-M02","3248"
"Кількість померлих","Сумська","Місячна","2019-M03","4702"
"Кількість померлих","Сумська","Місячна","2019-M04","6164"
"Кількість померлих","Сумська","Місячна","2019-M05","7821"
"Кількість померлих","Сумська","Місячна","2019-M06","9182"
"Кількість померлих","Сумська","Місячна","2019-M07","10626"
"Кількість померлих","Сумська","Місячна","2019-M08","11971"
"Кількість померлих","Сумська","Місячна","2019-M09","13153"
"Кількість померлих","Сумська","Місячна","2019-M10","14649"
"Кількість померлих","Сумська","Місячна","2019-M11","16035"
"Кількість померлих","Сумська","Місячна","2019-M12","17404"
"Кількість померлих","Сумська","Місячна","2020-M01","1724"
"Кількість померлих","Сумська","Місячна","2020-M02","3127"
"Кількість померлих","Сумська","Місячна","2020-M03","4618"
"Кількість померлих","Сумська","Місячна","2020-M04","6075"
"Кількість померлих","Сумська","Місячна","2020-M05","7401"
"Кількість померлих","Сумська","Місячна","2020-M06","8912"
"Кількість померлих","Сумська","Місячна","2020-M07","10432"
"Кількість померлих","Сумська","Місячна","2020-M08","11728"
"Кількість померлих","Сумська","Місячна","2020-M09","13175"
"Кількість померлих","Сумська","Місячна","2020-M10","15060"
"Кількість померлих","Сумська","Місячна","2020-M11","17024"
"Кількість померлих","Сумська","Місячна","2020-M12","18971"
"Кількість померлих","Сумська","Місячна","2021-M01","1700"
"Кількість померлих","Сумська","Місячна","2021-M02","3152"
"Кількість померлих","Сумська","Місячна","2021-M03","4900"
"Кількість померлих","Сумська","Місячна","2021-M04","6918"
"Кількість померлих","Сумська","Місячна","2021-M05","8613"
"Кількість померлих","Сумська","Місячна","2021-M06","10129"
"Кількість померлих","Сумська","Місячна","2021-M07","11517"
"Кількість померлих","Сумська","Місячна","2021-M08","12747"
"Кількість померлих","Сумська","Місячна","2021-M09","14180"
"Кількість померлих","Сумська","Місячна","2021-M10","16375"
"Кількість померлих","Сумська","Місячна","2021-M11","19039"
"Кількість померлих","Сумська","Місячна","2021-M12","20863"
"Кількість померлих","Сумська","Місячна","2022-M01","1725"
"Кількість померлих","Сумська","Місячна","2022-M02",""
"Кількість померлих","Сумська","Місячна","2022-M03",""
"Кількість померлих","Сумська","Місячна","2022-M04",""
"Кількість померлих","Сумська","Місячна","2022-M05",""
"Кількість померлих","Сумська","Місячна","2022-M06",""
"Кількість померлих","Сумська","Місячна","2022-M07",""
"Кількість померлих","Сумська","Місячна","2022-M08",""
"Кількість померлих","Сумська","Місячна","2022-M09",""
"Кількість померлих","Сумська","Місячна","2022-M10",""
"Кількість померлих","Сумська","Місячна","2022-M11",""
"Кількість померлих","Сумська","Місячна","2022-M12",""
"Кількість померлих","Тернопільська","Місячна","2005-M01","1555"
"Кількість померлих","Тернопільська","Місячна","2005-M02","3040"
"Кількість померлих","Тернопільська","Місячна","2005-M03","4646"
"Кількість померлих","Тернопільська","Місячна","2005-M04","6055"
"Кількість померлих","Тернопільська","Місячна","2005-M05","7564"
"Кількість померлих","Тернопільська","Місячна","2005-M06","8820"
"Кількість померлих","Тернопільська","Місячна","2005-M07","10024"
"Кількість померлих","Тернопільська","Місячна","2005-M08","11328"
"Кількість померлих","Тернопільська","Місячна","2005-M09","12510"
"Кількість померлих","Тернопільська","Місячна","2005-M10","13944"
"Кількість померлих","Тернопільська","Місячна","2005-M11","15346"
"Кількість померлих","Тернопільська","Місячна","2005-M12","16802"
"Кількість померлих","Тернопільська","Місячна","2006-M01","1620"
"Кількість померлих","Тернопільська","Місячна","2006-M02","3042"
"Кількість померлих","Тернопільська","Місячна","2006-M03","4431"
"Кількість померлих","Тернопільська","Місячна","2006-M04","5795"
"Кількість померлих","Тернопільська","Місячна","2006-M05","7304"
"Кількість померлих","Тернопільська","Місячна","2006-M06","8655"
"Кількість померлих","Тернопільська","Місячна","2006-M07","9881"
"Кількість померлих","Тернопільська","Місячна","2006-M08","11087"
"Кількість померлих","Тернопільська","Місячна","2006-M09","12326"
"Кількість померлих","Тернопільська","Місячна","2006-M10","13773"
"Кількість померлих","Тернопільська","Місячна","2006-M11","15205"
"Кількість померлих","Тернопільська","Місячна","2006-M12","16556"
"Кількість померлих","Тернопільська","Місячна","2007-M01","1495"
"Кількість померлих","Тернопільська","Місячна","2007-M02","3003"
"Кількість померлих","Тернопільська","Місячна","2007-M03","4464"
"Кількість померлих","Тернопільська","Місячна","2007-M04","5789"
"Кількість померлих","Тернопільська","Місячна","2007-M05","7222"
"Кількість померлих","Тернопільська","Місячна","2007-M06","8405"
"Кількість померлих","Тернопільська","Місячна","2007-M07","9783"
"Кількість померлих","Тернопільська","Місячна","2007-M08","10944"
"Кількість померлих","Тернопільська","Місячна","2007-M09","12153"
"Кількість померлих","Тернопільська","Місячна","2007-M10","13700"
"Кількість померлих","Тернопільська","Місячна","2007-M11","15163"
"Кількість померлих","Тернопільська","Місячна","2007-M12","16473"
"Кількість померлих","Тернопільська","Місячна","2008-M01","1590"
"Кількість померлих","Тернопільська","Місячна","2008-M02","2941"
"Кількість померлих","Тернопільська","Місячна","2008-M03","4288"
"Кількість померлих","Тернопільська","Місячна","2008-M04","5581"
"Кількість померлих","Тернопільська","Місячна","2008-M05","6995"
"Кількість померлих","Тернопільська","Місячна","2008-M06","8246"
"Кількість померлих","Тернопільська","Місячна","2008-M07","9544"
"Кількість померлих","Тернопільська","Місячна","2008-M08","10748"
"Кількість померлих","Тернопільська","Місячна","2008-M09","12096"
"Кількість померлих","Тернопільська","Місячна","2008-M10","13506"
"Кількість померлих","Тернопільська","Місячна","2008-M11","14777"
"Кількість померлих","Тернопільська","Місячна","2008-M12","16200"
"Кількість померлих","Тернопільська","Місячна","2009-M01","1532"
"Кількість померлих","Тернопільська","Місячна","2009-M02","2746"
"Кількість померлих","Тернопільська","Місячна","2009-M03","4192"
"Кількість померлих","Тернопільська","Місячна","2009-M04","5629"
"Кількість померлих","Тернопільська","Місячна","2009-M05","6928"
"Кількість померлих","Тернопільська","Місячна","2009-M06","8192"
"Кількість померлих","Тернопільська","Місячна","2009-M07","9466"
"Кількість померлих","Тернопільська","Місячна","2009-M08","10566"
"Кількість померлих","Тернопільська","Місячна","2009-M09","11697"
"Кількість померлих","Тернопільська","Місячна","2009-M10","13029"
"Кількість померлих","Тернопільська","Місячна","2009-M11","14292"
"Кількість померлих","Тернопільська","Місячна","2009-M12","15652"
"Кількість померлих","Тернопільська","Місячна","2010-M01","1431"
"Кількість померлих","Тернопільська","Місячна","2010-M02","2770"
"Кількість померлих","Тернопільська","Місячна","2010-M03","4090"
"Кількість померлих","Тернопільська","Місячна","2010-M04","5407"
"Кількість померлих","Тернопільська","Місячна","2010-M05","6617"
"Кількість померлих","Тернопільська","Місячна","2010-M06","7862"
"Кількість померлих","Тернопільська","Місячна","2010-M07","9063"
"Кількість померлих","Тернопільська","Місячна","2010-M08","10256"
"Кількість померлих","Тернопільська","Місячна","2010-M09","11482"
"Кількість померлих","Тернопільська","Місячна","2010-M10","12872"
"Кількість померлих","Тернопільська","Місячна","2010-M11","14206"
"Кількість померлих","Тернопільська","Місячна","2010-M12","15616"
"Кількість померлих","Тернопільська","Місячна","2011-M01","1409"
"Кількість померлих","Тернопільська","Місячна","2011-M02","2672"
"Кількість померлих","Тернопільська","Місячна","2011-M03","4036"
"Кількість померлих","Тернопільська","Місячна","2011-M04","5274"
"Кількість померлих","Тернопільська","Місячна","2011-M05","6545"
"Кількість померлих","Тернопільська","Місячна","2011-M06","7696"
"Кількість померлих","Тернопільська","Місячна","2011-M07","8838"
"Кількість померлих","Тернопільська","Місячна","2011-M08","9974"
"Кількість померлих","Тернопільська","Місячна","2011-M09","11045"
"Кількість померлих","Тернопільська","Місячна","2011-M10","12312"
"Кількість померлих","Тернопільська","Місячна","2011-M11","13624"
"Кількість померлих","Тернопільська","Місячна","2011-M12","14829"
"Кількість померлих","Тернопільська","Місячна","2012-M01","1340"
"Кількість померлих","Тернопільська","Місячна","2012-M02","2620"
"Кількість померлих","Тернопільська","Місячна","2012-M03","3853"
"Кількість померлих","Тернопільська","Місячна","2012-M04","5230"
"Кількість померлих","Тернопільська","Місячна","2012-M05","6492"
"Кількість померлих","Тернопільська","Місячна","2012-M06","7613"
"Кількість померлих","Тернопільська","Місячна","2012-M07","8836"
"Кількість померлих","Тернопільська","Місячна","2012-M08","9987"
"Кількість померлих","Тернопільська","Місячна","2012-M09","11003"
"Кількість померлих","Тернопільська","Місячна","2012-M10","12298"
"Кількість померлих","Тернопільська","Місячна","2012-M11","13564"
"Кількість померлих","Тернопільська","Місячна","2012-M12","14838"
"Кількість померлих","Тернопільська","Місячна","2013-M01","1394"
"Кількість померлих","Тернопільська","Місячна","2013-M02","2535"
"Кількість померлих","Тернопільська","Місячна","2013-M03","3797"
"Кількість померлих","Тернопільська","Місячна","2013-M04","5077"
"Кількість померлих","Тернопільська","Місячна","2013-M05","6353"
"Кількість померлих","Тернопільська","Місячна","2013-M06","7489"
"Кількість померлих","Тернопільська","Місячна","2013-M07","8678"
"Кількість померлих","Тернопільська","Місячна","2013-M08","9763"
"Кількість померлих","Тернопільська","Місячна","2013-M09","10879"
"Кількість померлих","Тернопільська","Місячна","2013-M10","12237"
"Кількість померлих","Тернопільська","Місячна","2013-M11","13435"
"Кількість померлих","Тернопільська","Місячна","2013-M12","14682"
"Кількість померлих","Тернопільська","Місячна","2014-M01","1369"
"Кількість померлих","Тернопільська","Місячна","2014-M02","2671"
"Кількість померлих","Тернопільська","Місячна","2014-M03","4049"
"Кількість померлих","Тернопільська","Місячна","2014-M04","5348"
"Кількість померлих","Тернопільська","Місячна","2014-M05","6659"
"Кількість померлих","Тернопільська","Місячна","2014-M06","7751"
"Кількість померлих","Тернопільська","Місячна","2014-M07","9002"
"Кількість померлих","Тернопільська","Місячна","2014-M08","10122"
"Кількість померлих","Тернопільська","Місячна","2014-M09","11351"
"Кількість померлих","Тернопільська","Місячна","2014-M10","12699"
"Кількість померлих","Тернопільська","Місячна","2014-M11","13823"
"Кількість померлих","Тернопільська","Місячна","2014-M12","15180"
"Кількість померлих","Тернопільська","Місячна","2015-M01","1372"
"Кількість померлих","Тернопільська","Місячна","2015-M02","2610"
"Кількість померлих","Тернопільська","Місячна","2015-M03","4123"
"Кількість померлих","Тернопільська","Місячна","2015-M04","5540"
"Кількість померлих","Тернопільська","Місячна","2015-M05","6827"
"Кількість померлих","Тернопільська","Місячна","2015-M06","8045"
"Кількість померлих","Тернопільська","Місячна","2015-M07","9266"
"Кількість померлих","Тернопільська","Місячна","2015-M08","10387"
"Кількість померлих","Тернопільська","Місячна","2015-M09","11512"
"Кількість померлих","Тернопільська","Місячна","2015-M10","12729"
"Кількість померлих","Тернопільська","Місячна","2015-M11","13962"
"Кількість померлих","Тернопільська","Місячна","2015-M12","15253"
"Кількість померлих","Тернопільська","Місячна","2016-M01","1435"
"Кількість померлих","Тернопільська","Місячна","2016-M02","2711"
"Кількість померлих","Тернопільська","Місячна","2016-M03","3922"
"Кількість померлих","Тернопільська","Місячна","2016-M04","5108"
"Кількість померлих","Тернопільська","Місячна","2016-M05","6449"
"Кількість померлих","Тернопільська","Місячна","2016-M06","7638"
"Кількість померлих","Тернопільська","Місячна","2016-M07","8772"
"Кількість померлих","Тернопільська","Місячна","2016-M08","9927"
"Кількість померлих","Тернопільська","Місячна","2016-M09","10981"
"Кількість померлих","Тернопільська","Місячна","2016-M10","12266"
"Кількість померлих","Тернопільська","Місячна","2016-M11","13584"
"Кількість померлих","Тернопільська","Місячна","2016-M12","14954"
"Кількість померлих","Тернопільська","Місячна","2017-M01","1510"
"Кількість померлих","Тернопільська","Місячна","2017-M02","2731"
"Кількість померлих","Тернопільська","Місячна","2017-M03","3966"
"Кількість померлих","Тернопільська","Місячна","2017-M04","5217"
"Кількість померлих","Тернопільська","Місячна","2017-M05","6501"
"Кількість померлих","Тернопільська","Місячна","2017-M06","7694"
"Кількість померлих","Тернопільська","Місячна","2017-M07","8764"
"Кількість померлих","Тернопільська","Місячна","2017-M08","9947"
"Кількість померлих","Тернопільська","Місячна","2017-M09","11004"
"Кількість померлих","Тернопільська","Місячна","2017-M10","12300"
"Кількість померлих","Тернопільська","Місячна","2017-M11","13533"
"Кількість померлих","Тернопільська","Місячна","2017-M12","14814"
"Кількість померлих","Тернопільська","Місячна","2018-M01","1389"
"Кількість померлих","Тернопільська","Місячна","2018-M02","2592"
"Кількість померлих","Тернопільська","Місячна","2018-M03","4071"
"Кількість померлих","Тернопільська","Місячна","2018-M04","5324"
"Кількість померлих","Тернопільська","Місячна","2018-M05","6588"
"Кількість померлих","Тернопільська","Місячна","2018-M06","7624"
"Кількість померлих","Тернопільська","Місячна","2018-M07","8841"
"Кількість померлих","Тернопільська","Місячна","2018-M08","10055"
"Кількість померлих","Тернопільська","Місячна","2018-M09","11102"
"Кількість померлих","Тернопільська","Місячна","2018-M10","12440"
"Кількість померлих","Тернопільська","Місячна","2018-M11","13718"
"Кількість померлих","Тернопільська","Місячна","2018-M12","15013"
"Кількість померлих","Тернопільська","Місячна","2019-M01","1685"
"Кількість померлих","Тернопільська","Місячна","2019-M02","2937"
"Кількість померлих","Тернопільська","Місячна","2019-M03","4150"
"Кількість померлих","Тернопільська","Місячна","2019-M04","5363"
"Кількість померлих","Тернопільська","Місячна","2019-M05","6809"
"Кількість померлих","Тернопільська","Місячна","2019-M06","7916"
"Кількість померлих","Тернопільська","Місячна","2019-M07","9118"
"Кількість померлих","Тернопільська","Місячна","2019-M08","10163"
"Кількість померлих","Тернопільська","Місячна","2019-M09","11208"
"Кількість померлих","Тернопільська","Місячна","2019-M10","12453"
"Кількість померлих","Тернопільська","Місячна","2019-M11","13587"
"Кількість померлих","Тернопільська","Місячна","2019-M12","14754"
"Кількість померлих","Тернопільська","Місячна","2020-M01","1398"
"Кількість померлих","Тернопільська","Місячна","2020-M02","2558"
"Кількість померлих","Тернопільська","Місячна","2020-M03","3761"
"Кількість померлих","Тернопільська","Місячна","2020-M04","4929"
"Кількість померлих","Тернопільська","Місячна","2020-M05","6109"
"Кількість померлих","Тернопільська","Місячна","2020-M06","7337"
"Кількість померлих","Тернопільська","Місячна","2020-M07","8507"
"Кількість померлих","Тернопільська","Місячна","2020-M08","9668"
"Кількість померлих","Тернопільська","Місячна","2020-M09","11095"
"Кількість померлих","Тернопільська","Місячна","2020-M10","12551"
"Кількість померлих","Тернопільська","Місячна","2020-M11","14216"
"Кількість померлих","Тернопільська","Місячна","2020-M12","15829"
"Кількість померлих","Тернопільська","Місячна","2021-M01","1342"
"Кількість померлих","Тернопільська","Місячна","2021-M02","2625"
"Кількість померлих","Тернопільська","Місячна","2021-M03","4228"
"Кількість померлих","Тернопільська","Місячна","2021-M04","5904"
"Кількість померлих","Тернопільська","Місячна","2021-M05","7313"
"Кількість померлих","Тернопільська","Місячна","2021-M06","8529"
"Кількість померлих","Тернопільська","Місячна","2021-M07","9635"
"Кількість померлих","Тернопільська","Місячна","2021-M08","10627"
"Кількість померлих","Тернопільська","Місячна","2021-M09","11796"
"Кількість померлих","Тернопільська","Місячна","2021-M10","13438"
"Кількість померлих","Тернопільська","Місячна","2021-M11","15292"
"Кількість померлих","Тернопільська","Місячна","2021-M12","16841"
"Кількість померлих","Тернопільська","Місячна","2022-M01","1451"
"Кількість померлих","Тернопільська","Місячна","2022-M02",""
"Кількість померлих","Тернопільська","Місячна","2022-M03",""
"Кількість померлих","Тернопільська","Місячна","2022-M04",""
"Кількість померлих","Тернопільська","Місячна","2022-M05",""
"Кількість померлих","Тернопільська","Місячна","2022-M06",""
"Кількість померлих","Тернопільська","Місячна","2022-M07",""
"Кількість померлих","Тернопільська","Місячна","2022-M08",""
"Кількість померлих","Тернопільська","Місячна","2022-M09",""
"Кількість померлих","Тернопільська","Місячна","2022-M10",""
"Кількість померлих","Тернопільська","Місячна","2022-M11",""
"Кількість померлих","Тернопільська","Місячна","2022-M12",""
"Кількість померлих","Харківська","Місячна","2005-M01","4127"
"Кількість померлих","Харківська","Місячна","2005-M02","8268"
"Кількість померлих","Харківська","Місячна","2005-M03","12872"
"Кількість померлих","Харківська","Місячна","2005-M04","16999"
"Кількість померлих","Харківська","Місячна","2005-M05","21156"
"Кількість померлих","Харківська","Місячна","2005-M06","24856"
"Кількість померлих","Харківська","Місячна","2005-M07","28355"
"Кількість померлих","Харківська","Місячна","2005-M08","31809"
"Кількість померлих","Харківська","Місячна","2005-M09","35293"
"Кількість померлих","Харківська","Місячна","2005-M10","39066"
"Кількість померлих","Харківська","Місячна","2005-M11","43100"
"Кількість померлих","Харківська","Місячна","2005-M12","46941"
"Кількість померлих","Харківська","Місячна","2006-M01","4642"
"Кількість померлих","Харківська","Місячна","2006-M02","8526"
"Кількість померлих","Харківська","Місячна","2006-M03","12326"
"Кількість померлих","Харківська","Місячна","2006-M04","16050"
"Кількість померлих","Харківська","Місячна","2006-M05","20149"
"Кількість померлих","Харківська","Місячна","2006-M06","23741"
"Кількість померлих","Харківська","Місячна","2006-M07","27096"
"Кількість померлих","Харківська","Місячна","2006-M08","30701"
"Кількість померлих","Харківська","Місячна","2006-M09","34060"
"Кількість померлих","Харківська","Місячна","2006-M10","37952"
"Кількість померлих","Харківська","Місячна","2006-M11","41852"
"Кількість померлих","Харківська","Місячна","2006-M12","45496"
"Кількість померлих","Харківська","Місячна","2007-M01","4123"
"Кількість померлих","Харківська","Місячна","2007-M02","7787"
"Кількість померлих","Харківська","Місячна","2007-M03","11872"
"Кількість померлих","Харківська","Місячна","2007-M04","15574"
"Кількість померлих","Харківська","Місячна","2007-M05","19684"
"Кількість померлих","Харківська","Місячна","2007-M06","23004"
"Кількість померлих","Харківська","Місячна","2007-M07","26581"
"Кількість померлих","Харківська","Місячна","2007-M08","30149"
"Кількість померлих","Харківська","Місячна","2007-M09","33500"
"Кількість померлих","Харківська","Місячна","2007-M10","37635"
"Кількість померлих","Харківська","Місячна","2007-M11","41616"
"Кількість померлих","Харківська","Місячна","2007-M12","45512"
"Кількість померлих","Харківська","Місячна","2008-M01","4639"
"Кількість померлих","Харківська","Місячна","2008-M02","8276"
"Кількість померлих","Харківська","Місячна","2008-M03","12169"
"Кількість померлих","Харківська","Місячна","2008-M04","15994"
"Кількість померлих","Харківська","Місячна","2008-M05","20009"
"Кількість померлих","Харківська","Місячна","2008-M06","23449"
"Кількість померлих","Харківська","Місячна","2008-M07","27152"
"Кількість померлих","Харківська","Місячна","2008-M08","30537"
"Кількість померлих","Харківська","Місячна","2008-M09","34055"
"Кількість померлих","Харківська","Місячна","2008-M10","37742"
"Кількість померлих","Харківська","Місячна","2008-M11","41214"
"Кількість померлих","Харківська","Місячна","2008-M12","45109"
"Кількість померлих","Харківська","Місячна","2009-M01","4083"
"Кількість померлих","Харківська","Місячна","2009-M02","7450"
"Кількість померлих","Харківська","Місячна","2009-M03","11470"
"Кількість померлих","Харківська","Місячна","2009-M04","15186"
"Кількість померлих","Харківська","Місячна","2009-M05","18638"
"Кількість померлих","Харківська","Місячна","2009-M06","22156"
"Кількість померлих","Харківська","Місячна","2009-M07","25845"
"Кількість померлих","Харківська","Місячна","2009-M08","28893"
"Кількість померлих","Харківська","Місячна","2009-M09","32103"
"Кількість померлих","Харківська","Місячна","2009-M10","35541"
"Кількість померлих","Харківська","Місячна","2009-M11","38889"
"Кількість померлих","Харківська","Місячна","2009-M12","42544"
"Кількість померлих","Харківська","Місячна","2010-M01","3813"
"Кількість померлих","Харківська","Місячна","2010-M02","7269"
"Кількість померлих","Харківська","Місячна","2010-M03","10987"
"Кількість померлих","Харківська","Місячна","2010-M04","14422"
"Кількість померлих","Харківська","Місячна","2010-M05","17696"
"Кількість померлих","Харківська","Місячна","2010-M06","21277"
"Кількість померлих","Харківська","Місячна","2010-M07","24732"
"Кількість померлих","Харківська","Місячна","2010-M08","28890"
"Кількість померлих","Харківська","Місячна","2010-M09","32102"
"Кількість померлих","Харківська","Місячна","2010-M10","35333"
"Кількість померлих","Харківська","Місячна","2010-M11","38578"
"Кількість померлих","Харківська","Місячна","2010-M12","42106"
"Кількість померлих","Харківська","Місячна","2011-M01","3611"
"Кількість померлих","Харківська","Місячна","2011-M02","6897"
"Кількість померлих","Харківська","Місячна","2011-M03","10715"
"Кількість померлих","Харківська","Місячна","2011-M04","14162"
"Кількість померлих","Харківська","Місячна","2011-M05","17610"
"Кількість померлих","Харківська","Місячна","2011-M06","20739"
"Кількість померлих","Харківська","Місячна","2011-M07","24101"
"Кількість померлих","Харківська","Місячна","2011-M08","27196"
"Кількість померлих","Харківська","Місячна","2011-M09","30194"
"Кількість померлих","Харківська","Місячна","2011-M10","33445"
"Кількість померлих","Харківська","Місячна","2011-M11","36846"
"Кількість померлих","Харківська","Місячна","2011-M12","40079"
"Кількість померлих","Харківська","Місячна","2012-M01","3626"
"Кількість померлих","Харківська","Місячна","2012-M02","7156"
"Кількість померлих","Харківська","Місячна","2012-M03","10596"
"Кількість померлих","Харківська","Місячна","2012-M04","13900"
"Кількість померлих","Харківська","Місячна","2012-M05","17384"
"Кількість померлих","Харківська","Місячна","2012-M06","20431"
"Кількість померлих","Харківська","Місячна","2012-M07","23700"
"Кількість померлих","Харківська","Місячна","2012-M08","26828"
"Кількість померлих","Харківська","Місячна","2012-M09","29859"
"Кількість померлих","Харківська","Місячна","2012-M10","33424"
"Кількість померлих","Харківська","Місячна","2012-M11","36731"
"Кількість померлих","Харківська","Місячна","2012-M12","40130"
"Кількість померлих","Харківська","Місячна","2013-M01","3743"
"Кількість померлих","Харківська","Місячна","2013-M02","6897"
"Кількість померлих","Харківська","Місячна","2013-M03","10512"
"Кількість померлих","Харківська","Місячна","2013-M04","13948"
"Кількість померлих","Харківська","Місячна","2013-M05","17403"
"Кількість померлих","Харківська","Місячна","2013-M06","20277"
"Кількість померлих","Харківська","Місячна","2013-M07","23477"
"Кількість померлих","Харківська","Місячна","2013-M08","26402"
"Кількість померлих","Харківська","Місячна","2013-M09","29410"
"Кількість померлих","Харківська","Місячна","2013-M10","33058"
"Кількість померлих","Харківська","Місячна","2013-M11","36151"
"Кількість померлих","Харківська","Місячна","2013-M12","39465"
"Кількість померлих","Харківська","Місячна","2014-M01","3641"
"Кількість померлих","Харківська","Місячна","2014-M02","7063"
"Кількість померлих","Харківська","Місячна","2014-M03","10581"
"Кількість померлих","Харківська","Місячна","2014-M04","14410"
"Кількість померлих","Харківська","Місячна","2014-M05","17970"
"Кількість померлих","Харківська","Місячна","2014-M06","20907"
"Кількість померлих","Харківська","Місячна","2014-M07","24333"
"Кількість померлих","Харківська","Місячна","2014-M08","27545"
"Кількість померлих","Харківська","Місячна","2014-M09","30807"
"Кількість померлих","Харківська","Місячна","2014-M10","34539"
"Кількість померлих","Харківська","Місячна","2014-M11","37929"
"Кількість померлих","Харківська","Місячна","2014-M12","41891"
"Кількість померлих","Харківська","Місячна","2015-M01","3982"
"Кількість померлих","Харківська","Місячна","2015-M02","7663"
"Кількість померлих","Харківська","Місячна","2015-M03","11798"
"Кількість померлих","Харківська","Місячна","2015-M04","15568"
"Кількість померлих","Харківська","Місячна","2015-M05","19172"
"Кількість померлих","Харківська","Місячна","2015-M06","22434"
"Кількість померлих","Харківська","Місячна","2015-M07","26013"
"Кількість померлих","Харківська","Місячна","2015-M08","28948"
"Кількість померлих","Харківська","Місячна","2015-M09","32124"
"Кількість померлих","Харківська","Місячна","2015-M10","35692"
"Кількість померлих","Харківська","Місячна","2015-M11","38965"
"Кількість померлих","Харківська","Місячна","2015-M12","42606"
"Кількість померлих","Харківська","Місячна","2016-M01","4293"
"Кількість померлих","Харківська","Місячна","2016-M02","7716"
"Кількість померлих","Харківська","Місячна","2016-M03","11314"
"Кількість померлих","Харківська","Місячна","2016-M04","14778"
"Кількість померлих","Харківська","Місячна","2016-M05","18374"
"Кількість померлих","Харківська","Місячна","2016-M06","21844"
"Кількість померлих","Харківська","Місячна","2016-M07","25232"
"Кількість померлих","Харківська","Місячна","2016-M08","28456"
"Кількість померлих","Харківська","Місячна","2016-M09","31596"
"Кількість померлих","Харківська","Місячна","2016-M10","34913"
"Кількість померлих","Харківська","Місячна","2016-M11","38502"
"Кількість померлих","Харківська","Місячна","2016-M12","42229"
"Кількість померлих","Харківська","Місячна","2017-M01","3710"
"Кількість померлих","Харківська","Місячна","2017-M02","7036"
"Кількість померлих","Харківська","Місячна","2017-M03","10735"
"Кількість померлих","Харківська","Місячна","2017-M04","14153"
"Кількість померлих","Харківська","Місячна","2017-M05","17977"
"Кількість померлих","Харківська","Місячна","2017-M06","21156"
"Кількість померлих","Харківська","Місячна","2017-M07","24249"
"Кількість померлих","Харківська","Місячна","2017-M08","27433"
"Кількість померлих","Харківська","Місячна","2017-M09","30526"
"Кількість померлих","Харківська","Місячна","2017-M10","34107"
"Кількість померлих","Харківська","Місячна","2017-M11","37560"
"Кількість померлих","Харківська","Місячна","2017-M12","40881"
"Кількість померлих","Харківська","Місячна","2018-M01","3811"
"Кількість померлих","Харківська","Місячна","2018-M02","7128"
"Кількість померлих","Харківська","Місячна","2018-M03","10955"
"Кількість померлих","Харківська","Місячна","2018-M04","14524"
"Кількість померлих","Харківська","Місячна","2018-M05","18245"
"Кількість померлих","Харківська","Місячна","2018-M06","21526"
"Кількість померлих","Харківська","Місячна","2018-M07","24851"
"Кількість померлих","Харківська","Місячна","2018-M08","28103"
"Кількість померлих","Харківська","Місячна","2018-M09","31078"
"Кількість померлих","Харківська","Місячна","2018-M10","34793"
"Кількість померлих","Харківська","Місячна","2018-M11","38450"
"Кількість померлих","Харківська","Місячна","2018-M12","42600"
"Кількість померлих","Харківська","Місячна","2019-M01","4013"
"Кількість померлих","Харківська","Місячна","2019-M02","7223"
"Кількість померлих","Харківська","Місячна","2019-M03","10710"
"Кількість померлих","Харківська","Місячна","2019-M04","13949"
"Кількість померлих","Харківська","Місячна","2019-M05","17852"
"Кількість померлих","Харківська","Місячна","2019-M06","20905"
"Кількість померлих","Харківська","Місячна","2019-M07","24248"
"Кількість померлих","Харківська","Місячна","2019-M08","27326"
"Кількість померлих","Харківська","Місячна","2019-M09","30234"
"Кількість померлих","Харківська","Місячна","2019-M10","33924"
"Кількість померлих","Харківська","Місячна","2019-M11","37234"
"Кількість померлих","Харківська","Місячна","2019-M12","40611"
"Кількість померлих","Харківська","Місячна","2020-M01","3690"
"Кількість померлих","Харківська","Місячна","2020-M02","7019"
"Кількість померлих","Харківська","Місячна","2020-M03","10385"
"Кількість померлих","Харківська","Місячна","2020-M04","13598"
"Кількість померлих","Харківська","Місячна","2020-M05","16779"
"Кількість померлих","Харківська","Місячна","2020-M06","20183"
"Кількість померлих","Харківська","Місячна","2020-M07","23660"
"Кількість померлих","Харківська","Місячна","2020-M08","26773"
"Кількість померлих","Харківська","Місячна","2020-M09","30423"
"Кількість померлих","Харківська","Місячна","2020-M10","35126"
"Кількість померлих","Харківська","Місячна","2020-M11","39542"
"Кількість померлих","Харківська","Місячна","2020-M12","44199"
"Кількість померлих","Харківська","Місячна","2021-M01","4176"
"Кількість померлих","Харківська","Місячна","2021-M02","7888"
"Кількість померлих","Харківська","Місячна","2021-M03","12472"
"Кількість померлих","Харківська","Місячна","2021-M04","17857"
"Кількість померлих","Харківська","Місячна","2021-M05","22237"
"Кількість померлих","Харківська","Місячна","2021-M06","25837"
"Кількість померлих","Харківська","Місячна","2021-M07","29328"
"Кількість померлих","Харківська","Місячна","2021-M08","32539"
"Кількість померлих","Харківська","Місячна","2021-M09","36177"
"Кількість померлих","Харківська","Місячна","2021-M10","43071"
"Кількість померлих","Харківська","Місячна","2021-M11","50544"
"Кількість померлих","Харківська","Місячна","2021-M12","55056"
"Кількість померлих","Харківська","Місячна","2022-M01","4105"
"Кількість померлих","Харківська","Місячна","2022-M02",""
"Кількість померлих","Харківська","Місячна","2022-M03",""
"Кількість померлих","Харківська","Місячна","2022-M04",""
"Кількість померлих","Харківська","Місячна","2022-M05",""
"Кількість померлих","Харківська","Місячна","2022-M06",""
"Кількість померлих","Харківська","Місячна","2022-M07",""
"Кількість померлих","Харківська","Місячна","2022-M08",""
"Кількість померлих","Харківська","Місячна","2022-M09",""
"Кількість померлих","Харківська","Місячна","2022-M10",""
"Кількість померлих","Харківська","Місячна","2022-M11",""
"Кількість померлих","Харківська","Місячна","2022-M12",""
"Кількість померлих","Херсонська","Місячна","2005-M01","1645"
"Кількість померлих","Херсонська","Місячна","2005-M02","3298"
"Кількість померлих","Херсонська","Місячна","2005-M03","5154"
"Кількість померлих","Херсонська","Місячна","2005-M04","6747"
"Кількість померлих","Херсонська","Місячна","2005-M05","8334"
"Кількість померлих","Херсонська","Місячна","2005-M06","9642"
"Кількість померлих","Херсонська","Місячна","2005-M07","10946"
"Кількість померлих","Херсонська","Місячна","2005-M08","12381"
"Кількість померлих","Херсонська","Місячна","2005-M09","13696"
"Кількість померлих","Херсонська","Місячна","2005-M10","15130"
"Кількість померлих","Херсонська","Місячна","2005-M11","16814"
"Кількість померлих","Херсонська","Місячна","2005-M12","18384"
"Кількість померлих","Херсонська","Місячна","2006-M01","1911"
"Кількість померлих","Херсонська","Місячна","2006-M02","3437"
"Кількість померлих","Херсонська","Місячна","2006-M03","5006"
"Кількість померлих","Херсонська","Місячна","2006-M04","6498"
"Кількість померлих","Херсонська","Місячна","2006-M05","8047"
"Кількість померлих","Херсонська","Місячна","2006-M06","9369"
"Кількість померлих","Херсонська","Місячна","2006-M07","10682"
"Кількість померлих","Херсонська","Місячна","2006-M08","12039"
"Кількість померлих","Херсонська","Місячна","2006-M09","13317"
"Кількість померлих","Херсонська","Місячна","2006-M10","14822"
"Кількість померлих","Херсонська","Місячна","2006-M11","16405"
"Кількість померлих","Херсонська","Місячна","2006-M12","17864"
"Кількість померлих","Херсонська","Місячна","2007-M01","1577"
"Кількість померлих","Херсонська","Місячна","2007-M02","2980"
"Кількість померлих","Херсонська","Місячна","2007-M03","4661"
"Кількість померлих","Херсонська","Місячна","2007-M04","6157"
"Кількість померлих","Херсонська","Місячна","2007-M05","7789"
"Кількість померлих","Херсонська","Місячна","2007-M06","9042"
"Кількість померлих","Херсонська","Місячна","2007-M07","10648"
"Кількість померлих","Херсонська","Місячна","2007-M08","12118"
"Кількість померлих","Херсонська","Місячна","2007-M09","13299"
"Кількість померлих","Херсонська","Місячна","2007-M10","14868"
"Кількість померлих","Херсонська","Місячна","2007-M11","16610"
"Кількість померлих","Херсонська","Місячна","2007-M12","18143"
"Кількість померлих","Херсонська","Місячна","2008-M01","2000"
"Кількість померлих","Херсонська","Місячна","2008-M02","3557"
"Кількість померлих","Херсонська","Місячна","2008-M03","5060"
"Кількість померлих","Херсонська","Місячна","2008-M04","6547"
"Кількість померлих","Херсонська","Місячна","2008-M05","8169"
"Кількість померлих","Херсонська","Місячна","2008-M06","9424"
"Кількість померлих","Херсонська","Місячна","2008-M07","10955"
"Кількість померлих","Херсонська","Місячна","2008-M08","12297"
"Кількість померлих","Херсонська","Місячна","2008-M09","13593"
"Кількість померлих","Херсонська","Місячна","2008-M10","15065"
"Кількість померлих","Херсонська","Місячна","2008-M11","16486"
"Кількість померлих","Херсонська","Місячна","2008-M12","18016"
"Кількість померлих","Херсонська","Місячна","2009-M01","1761"
"Кількість померлих","Херсонська","Місячна","2009-M02","3131"
"Кількість померлих","Херсонська","Місячна","2009-M03","4699"
"Кількість померлих","Херсонська","Місячна","2009-M04","6182"
"Кількість померлих","Херсонська","Місячна","2009-M05","7540"
"Кількість померлих","Херсонська","Місячна","2009-M06","8869"
"Кількість померлих","Херсонська","Місячна","2009-M07","10272"
"Кількість померлих","Херсонська","Місячна","2009-M08","11400"
"Кількість померлих","Херсонська","Місячна","2009-M09","12569"
"Кількість померлих","Херсонська","Місячна","2009-M10","13920"
"Кількість померлих","Херсонська","Місячна","2009-M11","15338"
"Кількість померлих","Херсонська","Місячна","2009-M12","16883"
"Кількість померлих","Херсонська","Місячна","2010-M01","1502"
"Кількість померлих","Херсонська","Місячна","2010-M02","2898"
"Кількість померлих","Херсонська","Місячна","2010-M03","4442"
"Кількість померлих","Херсонська","Місячна","2010-M04","5833"
"Кількість померлих","Херсонська","Місячна","2010-M05","7134"
"Кількість померлих","Херсонська","Місячна","2010-M06","8418"
"Кількість померлих","Херсонська","Місячна","2010-M07","9727"
"Кількість померлих","Херсонська","Місячна","2010-M08","11277"
"Кількість померлих","Херсонська","Місячна","2010-M09","12452"
"Кількість померлих","Херсонська","Місячна","2010-M10","13722"
"Кількість померлих","Херсонська","Місячна","2010-M11","15026"
"Кількість померлих","Херсонська","Місячна","2010-M12","16432"
"Кількість померлих","Херсонська","Місячна","2011-M01","1411"
"Кількість померлих","Херсонська","Місячна","2011-M02","2799"
"Кількість померлих","Херсонська","Місячна","2011-M03","4345"
"Кількість померлих","Херсонська","Місячна","2011-M04","5678"
"Кількість померлих","Херсонська","Місячна","2011-M05","7040"
"Кількість померлих","Херсонська","Місячна","2011-M06","8264"
"Кількість померлих","Херсонська","Місячна","2011-M07","9520"
"Кількість померлих","Херсонська","Місячна","2011-M08","10737"
"Кількість померлих","Херсонська","Місячна","2011-M09","11850"
"Кількість померлих","Херсонська","Місячна","2011-M10","13142"
"Кількість померлих","Херсонська","Місячна","2011-M11","14536"
"Кількість померлих","Херсонська","Місячна","2011-M12","15828"
"Кількість померлих","Херсонська","Місячна","2012-M01","1401"
"Кількість померлих","Херсонська","Місячна","2012-M02","2869"
"Кількість померлих","Херсонська","Місячна","2012-M03","4283"
"Кількість померлих","Херсонська","Місячна","2012-M04","5564"
"Кількість померлих","Херсонська","Місячна","2012-M05","6890"
"Кількість померлих","Херсонська","Місячна","2012-M06","8142"
"Кількість померлих","Херсонська","Місячна","2012-M07","9506"
"Кількість померлих","Херсонська","Місячна","2012-M08","10824"
"Кількість померлих","Херсонська","Місячна","2012-M09","11935"
"Кількість померлих","Херсонська","Місячна","2012-M10","13249"
"Кількість померлих","Херсонська","Місячна","2012-M11","14608"
"Кількість померлих","Херсонська","Місячна","2012-M12","15904"
"Кількість померлих","Херсонська","Місячна","2013-M01","1513"
"Кількість померлих","Херсонська","Місячна","2013-M02","2806"
"Кількість померлих","Херсонська","Місячна","2013-M03","4196"
"Кількість померлих","Херсонська","Місячна","2013-M04","5602"
"Кількість померлих","Херсонська","Місячна","2013-M05","6950"
"Кількість померлих","Херсонська","Місячна","2013-M06","8072"
"Кількість померлих","Херсонська","Місячна","2013-M07","9383"
"Кількість померлих","Херсонська","Місячна","2013-M08","10647"
"Кількість померлих","Херсонська","Місячна","2013-M09","11783"
"Кількість померлих","Херсонська","Місячна","2013-M10","13292"
"Кількість померлих","Херсонська","Місячна","2013-M11","14596"
"Кількість померлих","Херсонська","Місячна","2013-M12","16048"
"Кількість померлих","Херсонська","Місячна","2014-M01","1523"
"Кількість померлих","Херсонська","Місячна","2014-M02","2921"
"Кількість померлих","Херсонська","Місячна","2014-M03","4258"
"Кількість померлих","Херсонська","Місячна","2014-M04","5627"
"Кількість померлих","Херсонська","Місячна","2014-M05","6867"
"Кількість померлих","Херсонська","Місячна","2014-M06","7982"
"Кількість померлих","Херсонська","Місячна","2014-M07","9392"
"Кількість померлих","Херсонська","Місячна","2014-M08","10690"
"Кількість померлих","Херсонська","Місячна","2014-M09","11940"
"Кількість померлих","Херсонська","Місячна","2014-M10","13328"
"Кількість померлих","Херсонська","Місячна","2014-M11","14642"
"Кількість померлих","Херсонська","Місячна","2014-M12","16141"
"Кількість померлих","Херсонська","Місячна","2015-M01","1513"
"Кількість померлих","Херсонська","Місячна","2015-M02","2910"
"Кількість померлих","Херсонська","Місячна","2015-M03","4477"
"Кількість померлих","Херсонська","Місячна","2015-M04","5935"
"Кількість померлих","Херсонська","Місячна","2015-M05","7289"
"Кількість померлих","Херсонська","Місячна","2015-M06","8552"
"Кількість померлих","Херсонська","Місячна","2015-M07","9987"
"Кількість померлих","Херсонська","Місячна","2015-M08","11210"
"Кількість померлих","Херсонська","Місячна","2015-M09","12432"
"Кількість померлих","Херсонська","Місячна","2015-M10","13760"
"Кількість померлих","Херсонська","Місячна","2015-M11","15055"
"Кількість померлих","Херсонська","Місячна","2015-M12","16591"
"Кількість померлих","Херсонська","Місячна","2016-M01","1667"
"Кількість померлих","Херсонська","Місячна","2016-M02","3020"
"Кількість померлих","Херсонська","Місячна","2016-M03","4473"
"Кількість померлих","Херсонська","Місячна","2016-M04","5826"
"Кількість померлих","Херсонська","Місячна","2016-M05","7221"
"Кількість померлих","Херсонська","Місячна","2016-M06","8540"
"Кількість померлих","Херсонська","Місячна","2016-M07","9791"
"Кількість померлих","Херсонська","Місячна","2016-M08","11056"
"Кількість померлих","Херсонська","Місячна","2016-M09","12145"
"Кількість померлих","Херсонська","Місячна","2016-M10","13531"
"Кількість померлих","Херсонська","Місячна","2016-M11","14891"
"Кількість померлих","Херсонська","Місячна","2016-M12","16442"
"Кількість померлих","Херсонська","Місячна","2017-M01","1754"
"Кількість померлих","Херсонська","Місячна","2017-M02","3134"
"Кількість померлих","Херсонська","Місячна","2017-M03","4485"
"Кількість померлих","Херсонська","Місячна","2017-M04","5790"
"Кількість померлих","Херсонська","Місячна","2017-M05","7149"
"Кількість померлих","Херсонська","Місячна","2017-M06","8363"
"Кількість померлих","Херсонська","Місячна","2017-M07","9546"
"Кількість померлих","Херсонська","Місячна","2017-M08","10895"
"Кількість померлих","Херсонська","Місячна","2017-M09","12033"
"Кількість померлих","Херсонська","Місячна","2017-M10","13343"
"Кількість померлих","Херсонська","Місячна","2017-M11","14686"
"Кількість померлих","Херсонська","Місячна","2017-M12","15885"
"Кількість померлих","Херсонська","Місячна","2018-M01","1573"
"Кількість померлих","Херсонська","Місячна","2018-M02","2868"
"Кількість померлих","Херсонська","Місячна","2018-M03","4292"
"Кількість померлих","Херсонська","Місячна","2018-M04","5682"
"Кількість померлих","Херсонська","Місячна","2018-M05","6992"
"Кількість померлих","Херсонська","Місячна","2018-M06","8162"
"Кількість померлих","Херсонська","Місячна","2018-M07","9462"
"Кількість померлих","Херсонська","Місячна","2018-M08","10695"
"Кількість померлих","Херсонська","Місячна","2018-M09","11788"
"Кількість померлих","Херсонська","Місячна","2018-M10","13208"
"Кількість померлих","Херсонська","Місячна","2018-M11","14682"
"Кількість померлих","Херсонська","Місячна","2018-M12","16163"
"Кількість померлих","Херсонська","Місячна","2019-M01","1730"
"Кількість померлих","Херсонська","Місячна","2019-M02","3042"
"Кількість померлих","Херсонська","Місячна","2019-M03","4377"
"Кількість померлих","Херсонська","Місячна","2019-M04","5717"
"Кількість померлих","Херсонська","Місячна","2019-M05","7183"
"Кількість померлих","Херсонська","Місячна","2019-M06","8364"
"Кількість померлих","Херсонська","Місячна","2019-M07","9678"
"Кількість померлих","Херсонська","Місячна","2019-M08","10829"
"Кількість померлих","Херсонська","Місячна","2019-M09","11996"
"Кількість померлих","Херсонська","Місячна","2019-M10","13334"
"Кількість померлих","Херсонська","Місячна","2019-M11","14652"
"Кількість померлих","Херсонська","Місячна","2019-M12","16027"
"Кількість померлих","Херсонська","Місячна","2020-M01","1531"
"Кількість померлих","Херсонська","Місячна","2020-M02","2839"
"Кількість померлих","Херсонська","Місячна","2020-M03","4204"
"Кількість померлих","Херсонська","Місячна","2020-M04","5517"
"Кількість померлих","Херсонська","Місячна","2020-M05","6688"
"Кількість померлих","Херсонська","Місячна","2020-M06","7964"
"Кількість померлих","Херсонська","Місячна","2020-M07","9328"
"Кількість померлих","Херсонська","Місячна","2020-M08","10490"
"Кількість померлих","Херсонська","Місячна","2020-M09","11717"
"Кількість померлих","Херсонська","Місячна","2020-M10","13139"
"Кількість померлих","Херсонська","Місячна","2020-M11","14809"
"Кількість померлих","Херсонська","Місячна","2020-M12","17057"
"Кількість померлих","Херсонська","Місячна","2021-M01","1732"
"Кількість померлих","Херсонська","Місячна","2021-M02","3128"
"Кількість померлих","Херсонська","Місячна","2021-M03","4674"
"Кількість померлих","Херсонська","Місячна","2021-M04","6344"
"Кількість померлих","Херсонська","Місячна","2021-M05","7877"
"Кількість померлих","Херсонська","Місячна","2021-M06","9141"
"Кількість померлих","Херсонська","Місячна","2021-M07","10496"
"Кількість померлих","Херсонська","Місячна","2021-M08","11789"
"Кількість померлих","Херсонська","Місячна","2021-M09","13173"
"Кількість померлих","Херсонська","Місячна","2021-M10","15696"
"Кількість померлих","Херсонська","Місячна","2021-M11","18427"
"Кількість померлих","Херсонська","Місячна","2021-M12","20149"
"Кількість померлих","Херсонська","Місячна","2022-M01","1560"
"Кількість померлих","Херсонська","Місячна","2022-M02",""
"Кількість померлих","Херсонська","Місячна","2022-M03",""
"Кількість померлих","Херсонська","Місячна","2022-M04",""
"Кількість померлих","Херсонська","Місячна","2022-M05",""
"Кількість померлих","Херсонська","Місячна","2022-M06",""
"Кількість померлих","Херсонська","Місячна","2022-M07",""
"Кількість померлих","Херсонська","Місячна","2022-M08",""
"Кількість померлих","Херсонська","Місячна","2022-M09",""
"Кількість померлих","Херсонська","Місячна","2022-M10",""
"Кількість померлих","Херсонська","Місячна","2022-M11",""
"Кількість померлих","Херсонська","Місячна","2022-M12",""
"Кількість померлих","Хмельницька","Місячна","2005-M01","2153"
"Кількість померлих","Хмельницька","Місячна","2005-M02","4408"
"Кількість померлих","Хмельницька","Місячна","2005-M03","6726"
"Кількість померлих","Хмельницька","Місячна","2005-M04","8775"
"Кількість померлих","Хмельницька","Місячна","2005-M05","10917"
"Кількість померлих","Хмельницька","Місячна","2005-M06","12720"
"Кількість померлих","Хмельницька","Місячна","2005-M07","14426"
"Кількість померлих","Хмельницька","Місячна","2005-M08","16236"
"Кількість померлих","Хмельницька","Місячна","2005-M09","17880"
"Кількість померлих","Хмельницька","Місячна","2005-M10","19783"
"Кількість померлих","Хмельницька","Місячна","2005-M11","21934"
"Кількість померлих","Хмельницька","Місячна","2005-M12","24022"
"Кількість померлих","Хмельницька","Місячна","2006-M01","2365"
"Кількість померлих","Хмельницька","Місячна","2006-M02","4416"
"Кількість померлих","Хмельницька","Місячна","2006-M03","6391"
"Кількість померлих","Хмельницька","Місячна","2006-M04","8473"
"Кількість померлих","Хмельницька","Місячна","2006-M05","10587"
"Кількість померлих","Хмельницька","Місячна","2006-M06","12454"
"Кількість померлих","Хмельницька","Місячна","2006-M07","14172"
"Кількість померлих","Хмельницька","Місячна","2006-M08","15853"
"Кількість померлих","Хмельницька","Місячна","2006-M09","17639"
"Кількість померлих","Хмельницька","Місячна","2006-M10","19594"
"Кількість померлих","Хмельницька","Місячна","2006-M11","21651"
"Кількість померлих","Хмельницька","Місячна","2006-M12","23569"
"Кількість померлих","Хмельницька","Місячна","2007-M01","2097"
"Кількість померлих","Хмельницька","Місячна","2007-M02","3966"
"Кількість померлих","Хмельницька","Місячна","2007-M03","6124"
"Кількість померлих","Хмельницька","Місячна","2007-M04","8010"
"Кількість померлих","Хмельницька","Місячна","2007-M05","9983"
"Кількість померлих","Хмельницька","Місячна","2007-M06","11590"
"Кількість померлих","Хмельницька","Місячна","2007-M07","13445"
"Кількість померлих","Хмельницька","Місячна","2007-M08","15176"
"Кількість померлих","Хмельницька","Місячна","2007-M09","16828"
"Кількість померлих","Хмельницька","Місячна","2007-M10","18987"
"Кількість померлих","Хмельницька","Місячна","2007-M11","21054"
"Кількість померлих","Хмельницька","Місячна","2007-M12","23080"
"Кількість померлих","Хмельницька","Місячна","2008-M01","2375"
"Кількість померлих","Хмельницька","Місячна","2008-M02","4303"
"Кількість померлих","Хмельницька","Місячна","2008-M03","6328"
"Кількість померлих","Хмельницька","Місячна","2008-M04","8175"
"Кількість померлих","Хмельницька","Місячна","2008-M05","10179"
"Кількість померлих","Хмельницька","Місячна","2008-M06","11910"
"Кількість померлих","Хмельницька","Місячна","2008-M07","13739"
"Кількість померлих","Хмельницька","Місячна","2008-M08","15403"
"Кількість померлих","Хмельницька","Місячна","2008-M09","17166"
"Кількість померлих","Хмельницька","Місячна","2008-M10","19128"
"Кількість померлих","Хмельницька","Місячна","2008-M11","20939"
"Кількість померлих","Хмельницька","Місячна","2008-M12","22943"
"Кількість померлих","Хмельницька","Місячна","2009-M01","2164"
"Кількість померлих","Хмельницька","Місячна","2009-M02","3955"
"Кількість померлих","Хмельницька","Місячна","2009-M03","5991"
"Кількість померлих","Хмельницька","Місячна","2009-M04","7916"
"Кількість померлих","Хмельницька","Місячна","2009-M05","9844"
"Кількість померлих","Хмельницька","Місячна","2009-M06","11576"
"Кількість померлих","Хмельницька","Місячна","2009-M07","13241"
"Кількість померлих","Хмельницька","Місячна","2009-M08","14800"
"Кількість померлих","Хмельницька","Місячна","2009-M09","16344"
"Кількість померлих","Хмельницька","Місячна","2009-M10","18088"
"Кількість померлих","Хмельницька","Місячна","2009-M11","19885"
"Кількість померлих","Хмельницька","Місячна","2009-M12","21766"
"Кількість померлих","Хмельницька","Місячна","2010-M01","1930"
"Кількість померлих","Хмельницька","Місячна","2010-M02","3726"
"Кількість померлих","Хмельницька","Місячна","2010-M03","5544"
"Кількість померлих","Хмельницька","Місячна","2010-M04","7240"
"Кількість померлих","Хмельницька","Місячна","2010-M05","8950"
"Кількість померлих","Хмельницька","Місячна","2010-M06","10627"
"Кількість померлих","Хмельницька","Місячна","2010-M07","12224"
"Кількість померлих","Хмельницька","Місячна","2010-M08","13831"
"Кількість померлих","Хмельницька","Місячна","2010-M09","15472"
"Кількість померлих","Хмельницька","Місячна","2010-M10","17283"
"Кількість померлих","Хмельницька","Місячна","2010-M11","18963"
"Кількість померлих","Хмельницька","Місячна","2010-M12","20842"
"Кількість померлих","Хмельницька","Місячна","2011-M01","1880"
"Кількість померлих","Хмельницька","Місячна","2011-M02","3489"
"Кількість померлих","Хмельницька","Місячна","2011-M03","5337"
"Кількість померлих","Хмельницька","Місячна","2011-M04","7043"
"Кількість померлих","Хмельницька","Місячна","2011-M05","8789"
"Кількість померлих","Хмельницька","Місячна","2011-M06","10326"
"Кількість померлих","Хмельницька","Місячна","2011-M07","11977"
"Кількість померлих","Хмельницька","Місячна","2011-M08","13473"
"Кількість померлих","Хмельницька","Місячна","2011-M09","14975"
"Кількість померлих","Хмельницька","Місячна","2011-M10","16674"
"Кількість померлих","Хмельницька","Місячна","2011-M11","18399"
"Кількість померлих","Хмельницька","Місячна","2011-M12","20116"
"Кількість померлих","Хмельницька","Місячна","2012-M01","1751"
"Кількість померлих","Хмельницька","Місячна","2012-M02","3577"
"Кількість померлих","Хмельницька","Місячна","2012-M03","5314"
"Кількість померлих","Хмельницька","Місячна","2012-M04","7047"
"Кількість померлих","Хмельницька","Місячна","2012-M05","8806"
"Кількість померлих","Хмельницька","Місячна","2012-M06","10357"
"Кількість померлих","Хмельницька","Місячна","2012-M07","12070"
"Кількість померлих","Хмельницька","Місячна","2012-M08","13623"
"Кількість померлих","Хмельницька","Місячна","2012-M09","15138"
"Кількість померлих","Хмельницька","Місячна","2012-M10","16889"
"Кількість померлих","Хмельницька","Місячна","2012-M11","18574"
"Кількість померлих","Хмельницька","Місячна","2012-M12","20362"
"Кількість померлих","Хмельницька","Місячна","2013-M01","1917"
"Кількість померлих","Хмельницька","Місячна","2013-M02","3491"
"Кількість померлих","Хмельницька","Місячна","2013-M03","5343"
"Кількість померлих","Хмельницька","Місячна","2013-M04","7113"
"Кількість померлих","Хмельницька","Місячна","2013-M05","8856"
"Кількість померлих","Хмельницька","Місячна","2013-M06","10347"
"Кількість померлих","Хмельницька","Місячна","2013-M07","12002"
"Кількість померлих","Хмельницька","Місячна","2013-M08","13483"
"Кількість померлих","Хмельницька","Місячна","2013-M09","15164"
"Кількість померлих","Хмельницька","Місячна","2013-M10","17067"
"Кількість померлих","Хмельницька","Місячна","2013-M11","18758"
"Кількість померлих","Хмельницька","Місячна","2013-M12","20581"
"Кількість померлих","Хмельницька","Місячна","2014-M01","1839"
"Кількість померлих","Хмельницька","Місячна","2014-M02","3552"
"Кількість померлих","Хмельницька","Місячна","2014-M03","5400"
"Кількість померлих","Хмельницька","Місячна","2014-M04","7218"
"Кількість померлих","Хмельницька","Місячна","2014-M05","8901"
"Кількість померлих","Хмельницька","Місячна","2014-M06","10317"
"Кількість померлих","Хмельницька","Місячна","2014-M07","11911"
"Кількість померлих","Хмельницька","Місячна","2014-M08","13391"
"Кількість померлих","Хмельницька","Місячна","2014-M09","15024"
"Кількість померлих","Хмельницька","Місячна","2014-M10","16804"
"Кількість померлих","Хмельницька","Місячна","2014-M11","18460"
"Кількість померлих","Хмельницька","Місячна","2014-M12","20408"
"Кількість померлих","Хмельницька","Місячна","2015-M01","1898"
"Кількість померлих","Хмельницька","Місячна","2015-M02","3739"
"Кількість померлих","Хмельницька","Місячна","2015-M03","5658"
"Кількість померлих","Хмельницька","Місячна","2015-M04","7457"
"Кількість померлих","Хмельницька","Місячна","2015-M05","9180"
"Кількість померлих","Хмельницька","Місячна","2015-M06","10773"
"Кількість померлих","Хмельницька","Місячна","2015-M07","12412"
"Кількість померлих","Хмельницька","Місячна","2015-M08","13898"
"Кількість померлих","Хмельницька","Місячна","2015-M09","15345"
"Кількість померлих","Хмельницька","Місячна","2015-M10","17025"
"Кількість померлих","Хмельницька","Місячна","2015-M11","18702"
"Кількість померлих","Хмельницька","Місячна","2015-M12","20448"
"Кількість померлих","Хмельницька","Місячна","2016-M01","1778"
"Кількість померлих","Хмельницька","Місячна","2016-M02","3502"
"Кількість померлих","Хмельницька","Місячна","2016-M03","5201"
"Кількість померлих","Хмельницька","Місячна","2016-M04","6788"
"Кількість померлих","Хмельницька","Місячна","2016-M05","8488"
"Кількість померлих","Хмельницька","Місячна","2016-M06","10113"
"Кількість померлих","Хмельницька","Місячна","2016-M07","11592"
"Кількість померлих","Хмельницька","Місячна","2016-M08","13121"
"Кількість померлих","Хмельницька","Місячна","2016-M09","14647"
"Кількість померлих","Хмельницька","Місячна","2016-M10","16384"
"Кількість померлих","Хмельницька","Місячна","2016-M11","18097"
"Кількість померлих","Хмельницька","Місячна","2016-M12","19982"
"Кількість померлих","Хмельницька","Місячна","2017-M01","2022"
"Кількість померлих","Хмельницька","Місячна","2017-M02","3640"
"Кількість померлих","Хмельницька","Місячна","2017-M03","5344"
"Кількість померлих","Хмельницька","Місячна","2017-M04","6880"
"Кількість померлих","Хмельницька","Місячна","2017-M05","8676"
"Кількість померлих","Хмельницька","Місячна","2017-M06","10131"
"Кількість померлих","Хмельницька","Місячна","2017-M07","11520"
"Кількість померлих","Хмельницька","Місячна","2017-M08","13011"
"Кількість померлих","Хмельницька","Місячна","2017-M09","14507"
"Кількість померлих","Хмельницька","Місячна","2017-M10","16309"
"Кількість померлих","Хмельницька","Місячна","2017-M11","17901"
"Кількість померлих","Хмельницька","Місячна","2017-M12","19559"
"Кількість померлих","Хмельницька","Місячна","2018-M01","1798"
"Кількість померлих","Хмельницька","Місячна","2018-M02","3345"
"Кількість померлих","Хмельницька","Місячна","2018-M03","5162"
"Кількість померлих","Хмельницька","Місячна","2018-M04","6725"
"Кількість померлих","Хмельницька","Місячна","2018-M05","8514"
"Кількість померлих","Хмельницька","Місячна","2018-M06","9939"
"Кількість померлих","Хмельницька","Місячна","2018-M07","11555"
"Кількість померлих","Хмельницька","Місячна","2018-M08","13033"
"Кількість померлих","Хмельницька","Місячна","2018-M09","14401"
"Кількість померлих","Хмельницька","Місячна","2018-M10","16246"
"Кількість померлих","Хмельницька","Місячна","2018-M11","17928"
"Кількість померлих","Хмельницька","Місячна","2018-M12","19736"
"Кількість померлих","Хмельницька","Місячна","2019-M01","2071"
"Кількість померлих","Хмельницька","Місячна","2019-M02","3673"
"Кількість померлих","Хмельницька","Місячна","2019-M03","5372"
"Кількість померлих","Хмельницька","Місячна","2019-M04","6996"
"Кількість померлих","Хмельницька","Місячна","2019-M05","8744"
"Кількість померлих","Хмельницька","Місячна","2019-M06","10182"
"Кількість померлих","Хмельницька","Місячна","2019-M07","11763"
"Кількість померлих","Хмельницька","Місячна","2019-M08","13128"
"Кількість померлих","Хмельницька","Місячна","2019-M09","14552"
"Кількість померлих","Хмельницька","Місячна","2019-M10","16265"
"Кількість померлих","Хмельницька","Місячна","2019-M11","17816"
"Кількість померлих","Хмельницька","Місячна","2019-M12","19399"
"Кількість померлих","Хмельницька","Місячна","2020-M01","1775"
"Кількість померлих","Хмельницька","Місячна","2020-M02","3370"
"Кількість померлих","Хмельницька","Місячна","2020-M03","4930"
"Кількість померлих","Хмельницька","Місячна","2020-M04","6488"
"Кількість померлих","Хмельницька","Місячна","2020-M05","8100"
"Кількість померлих","Хмельницька","Місячна","2020-M06","9690"
"Кількість померлих","Хмельницька","Місячна","2020-M07","11120"
"Кількість померлих","Хмельницька","Місячна","2020-M08","12617"
"Кількість померлих","Хмельницька","Місячна","2020-M09","14282"
"Кількість померлих","Хмельницька","Місячна","2020-M10","16434"
"Кількість померлих","Хмельницька","Місячна","2020-M11","18670"
"Кількість померлих","Хмельницька","Місячна","2020-M12","20823"
"Кількість померлих","Хмельницька","Місячна","2021-M01","1925"
"Кількість померлих","Хмельницька","Місячна","2021-M02","3628"
"Кількість померлих","Хмельницька","Місячна","2021-M03","5856"
"Кількість померлих","Хмельницька","Місячна","2021-M04","8374"
"Кількість померлих","Хмельницька","Місячна","2021-M05","10300"
"Кількість померлих","Хмельницька","Місячна","2021-M06","11856"
"Кількість померлих","Хмельницька","Місячна","2021-M07","13310"
"Кількість померлих","Хмельницька","Місячна","2021-M08","14730"
"Кількість померлих","Хмельницька","Місячна","2021-M09","16313"
"Кількість померлих","Хмельницька","Місячна","2021-M10","18561"
"Кількість померлих","Хмельницька","Місячна","2021-M11","21263"
"Кількість померлих","Хмельницька","Місячна","2021-M12","23506"
"Кількість померлих","Хмельницька","Місячна","2022-M01","1937"
"Кількість померлих","Хмельницька","Місячна","2022-M02",""
"Кількість померлих","Хмельницька","Місячна","2022-M03",""
"Кількість померлих","Хмельницька","Місячна","2022-M04",""
"Кількість померлих","Хмельницька","Місячна","2022-M05",""
"Кількість померлих","Хмельницька","Місячна","2022-M06",""
"Кількість померлих","Хмельницька","Місячна","2022-M07",""
"Кількість померлих","Хмельницька","Місячна","2022-M08",""
"Кількість померлих","Хмельницька","Місячна","2022-M09",""
"Кількість померлих","Хмельницька","Місячна","2022-M10",""
"Кількість померлих","Хмельницька","Місячна","2022-M11",""
"Кількість померлих","Хмельницька","Місячна","2022-M12",""
"Кількість померлих","Черкаська","Місячна","2005-M01","2231"
"Кількість померлих","Черкаська","Місячна","2005-M02","4585"
"Кількість померлих","Черкаська","Місячна","2005-M03","7129"
"Кількість померлих","Черкаська","Місячна","2005-M04","9395"
"Кількість померлих","Черкаська","Місячна","2005-M05","11628"
"Кількість померлих","Черкаська","Місячна","2005-M06","13482"
"Кількість померлих","Черкаська","Місячна","2005-M07","15317"
"Кількість померлих","Черкаська","Місячна","2005-M08","17214"
"Кількість померлих","Черкаська","Місячна","2005-M09","18902"
"Кількість померлих","Черкаська","Місячна","2005-M10","20944"
"Кількість померлих","Черкаська","Місячна","2005-M11","22986"
"Кількість померлих","Черкаська","Місячна","2005-M12","25090"
"Кількість померлих","Черкаська","Місячна","2006-M01","2476"
"Кількість померлих","Черкаська","Місячна","2006-M02","4507"
"Кількість померлих","Черкаська","Місячна","2006-M03","6588"
"Кількість померлих","Черкаська","Місячна","2006-M04","8462"
"Кількість померлих","Черкаська","Місячна","2006-M05","10685"
"Кількість померлих","Черкаська","Місячна","2006-M06","12575"
"Кількість померлих","Черкаська","Місячна","2006-M07","14389"
"Кількість померлих","Черкаська","Місячна","2006-M08","16128"
"Кількість померлих","Черкаська","Місячна","2006-M09","17936"
"Кількість померлих","Черкаська","Місячна","2006-M10","19992"
"Кількість померлих","Черкаська","Місячна","2006-M11","22060"
"Кількість померлих","Черкаська","Місячна","2006-M12","24029"
"Кількість померлих","Черкаська","Місячна","2007-M01","2202"
"Кількість померлих","Черкаська","Місячна","2007-M02","4286"
"Кількість померлих","Черкаська","Місячна","2007-M03","6628"
"Кількість померлих","Черкаська","Місячна","2007-M04","8565"
"Кількість померлих","Черкаська","Місячна","2007-M05","10724"
"Кількість померлих","Черкаська","Місячна","2007-M06","12455"
"Кількість померлих","Черкаська","Місячна","2007-M07","14293"
"Кількість померлих","Черкаська","Місячна","2007-M08","16049"
"Кількість померлих","Черкаська","Місячна","2007-M09","17714"
"Кількість померлих","Черкаська","Місячна","2007-M10","19939"
"Кількість померлих","Черкаська","Місячна","2007-M11","22055"
"Кількість померлих","Черкаська","Місячна","2007-M12","24060"
"Кількість померлих","Черкаська","Місячна","2008-M01","2445"
"Кількість померлих","Черкаська","Місячна","2008-M02","4406"
"Кількість померлих","Черкаська","Місячна","2008-M03","6407"
"Кількість померлих","Черкаська","Місячна","2008-M04","8297"
"Кількість померлих","Черкаська","Місячна","2008-M05","10391"
"Кількість померлих","Черкаська","Місячна","2008-M06","12167"
"Кількість померлих","Черкаська","Місячна","2008-M07","14038"
"Кількість померлих","Черкаська","Місячна","2008-M08","15765"
"Кількість померлих","Черкаська","Місячна","2008-M09","17590"
"Кількість померлих","Черкаська","Місячна","2008-M10","19471"
"Кількість померлих","Черкаська","Місячна","2008-M11","21338"
"Кількість померлих","Черкаська","Місячна","2008-M12","23386"
"Кількість померлих","Черкаська","Місячна","2009-M01","2188"
"Кількість померлих","Черкаська","Місячна","2009-M02","3954"
"Кількість померлих","Черкаська","Місячна","2009-M03","6019"
"Кількість померлих","Черкаська","Місячна","2009-M04","8007"
"Кількість померлих","Черкаська","Місячна","2009-M05","9828"
"Кількість померлих","Черкаська","Місячна","2009-M06","11595"
"Кількість померлих","Черкаська","Місячна","2009-M07","13316"
"Кількість померлих","Черкаська","Місячна","2009-M08","14801"
"Кількість померлих","Черкаська","Місячна","2009-M09","16492"
"Кількість померлих","Черкаська","Місячна","2009-M10","18261"
"Кількість померлих","Черкаська","Місячна","2009-M11","20019"
"Кількість померлих","Черкаська","Місячна","2009-M12","22001"
"Кількість померлих","Черкаська","Місячна","2010-M01","1956"
"Кількість померлих","Черкаська","Місячна","2010-M02","3725"
"Кількість померлих","Черкаська","Місячна","2010-M03","5679"
"Кількість померлих","Черкаська","Місячна","2010-M04","7488"
"Кількість померлих","Черкаська","Місячна","2010-M05","9230"
"Кількість померлих","Черкаська","Місячна","2010-M06","10983"
"Кількість померлих","Черкаська","Місячна","2010-M07","12736"
"Кількість померлих","Черкаська","Місячна","2010-M08","14668"
"Кількість померлих","Черкаська","Місячна","2010-M09","16420"
"Кількість померлих","Черкаська","Місячна","2010-M10","18183"
"Кількість померлих","Черкаська","Місячна","2010-M11","19975"
"Кількість померлих","Черкаська","Місячна","2010-M12","21820"
"Кількість померлих","Черкаська","Місячна","2011-M01","1796"
"Кількість померлих","Черкаська","Місячна","2011-M02","3540"
"Кількість померлих","Черкаська","Місячна","2011-M03","5535"
"Кількість померлих","Черкаська","Місячна","2011-M04","7223"
"Кількість померлих","Черкаська","Місячна","2011-M05","9001"
"Кількість померлих","Черкаська","Місячна","2011-M06","10659"
"Кількість померлих","Черкаська","Місячна","2011-M07","12360"
"Кількість померлих","Черкаська","Місячна","2011-M08","13969"
"Кількість померлих","Черкаська","Місячна","2011-M09","15546"
"Кількість померлих","Черкаська","Місячна","2011-M10","17284"
"Кількість померлих","Черкаська","Місячна","2011-M11","19132"
"Кількість померлих","Черкаська","Місячна","2011-M12","20848"
"Кількість померлих","Черкаська","Місячна","2012-M01","1780"
"Кількість померлих","Черкаська","Місячна","2012-M02","3637"
"Кількість померлих","Черкаська","Місячна","2012-M03","5474"
"Кількість померлих","Черкаська","Місячна","2012-M04","7170"
"Кількість померлих","Черкаська","Місячна","2012-M05","8948"
"Кількість померлих","Черкаська","Місячна","2012-M06","10543"
"Кількість померлих","Черкаська","Місячна","2012-M07","12274"
"Кількість померлих","Черкаська","Місячна","2012-M08","13921"
"Кількість померлих","Черкаська","Місячна","2012-M09","15408"
"Кількість померлих","Черкаська","Місячна","2012-M10","17206"
"Кількість померлих","Черкаська","Місячна","2012-M11","18882"
"Кількість померлих","Черкаська","Місячна","2012-M12","20667"
"Кількість померлих","Черкаська","Місячна","2013-M01","1965"
"Кількість померлих","Черкаська","Місячна","2013-M02","3615"
"Кількість померлих","Черкаська","Місячна","2013-M03","5394"
"Кількість померлих","Черкаська","Місячна","2013-M04","7238"
"Кількість померлих","Черкаська","Місячна","2013-M05","9049"
"Кількість померлих","Черкаська","Місячна","2013-M06","10531"
"Кількість померлих","Черкаська","Місячна","2013-M07","12193"
"Кількість померлих","Черкаська","Місячна","2013-M08","13701"
"Кількість померлих","Черкаська","Місячна","2013-M09","15238"
"Кількість померлих","Черкаська","Місячна","2013-M10","17162"
"Кількість померлих","Черкаська","Місячна","2013-M11","18731"
"Кількість померлих","Черкаська","Місячна","2013-M12","20477"
"Кількість померлих","Черкаська","Місячна","2014-M01","1875"
"Кількість померлих","Черкаська","Місячна","2014-M02","3580"
"Кількість померлих","Черкаська","Місячна","2014-M03","5447"
"Кількість померлих","Черкаська","Місячна","2014-M04","7332"
"Кількість померлих","Черкаська","Місячна","2014-M05","9047"
"Кількість померлих","Черкаська","Місячна","2014-M06","10436"
"Кількість померлих","Черкаська","Місячна","2014-M07","12194"
"Кількість померлих","Черкаська","Місячна","2014-M08","13725"
"Кількість померлих","Черкаська","Місячна","2014-M09","15318"
"Кількість померлих","Черкаська","Місячна","2014-M10","17154"
"Кількість померлих","Черкаська","Місячна","2014-M11","18849"
"Кількість померлих","Черкаська","Місячна","2014-M12","20800"
"Кількість померлих","Черкаська","Місячна","2015-M01","1984"
"Кількість померлих","Черкаська","Місячна","2015-M02","3680"
"Кількість померлих","Черкаська","Місячна","2015-M03","5373"
"Кількість померлих","Черкаська","Місячна","2015-M04","7252"
"Кількість померлих","Черкаська","Місячна","2015-M05","8939"
"Кількість померлих","Черкаська","Місячна","2015-M06","10428"
"Кількість померлих","Черкаська","Місячна","2015-M07","12040"
"Кількість померлих","Черкаська","Місячна","2015-M08","13425"
"Кількість померлих","Черкаська","Місячна","2015-M09","14923"
"Кількість померлих","Черкаська","Місячна","2015-M10","16682"
"Кількість померлих","Черкаська","Місячна","2015-M11","18315"
"Кількість померлих","Черкаська","Місячна","2015-M12","20171"
"Кількість померлих","Черкаська","Місячна","2016-M01","1972"
"Кількість померлих","Черкаська","Місячна","2016-M02","3670"
"Кількість померлих","Черкаська","Місячна","2016-M03","5526"
"Кількість померлих","Черкаська","Місячна","2016-M04","7157"
"Кількість померлих","Черкаська","Місячна","2016-M05","8853"
"Кількість померлих","Черкаська","Місячна","2016-M06","10508"
"Кількість померлих","Черкаська","Місячна","2016-M07","11975"
"Кількість померлих","Черкаська","Місячна","2016-M08","13516"
"Кількість померлих","Черкаська","Місячна","2016-M09","15007"
"Кількість померлих","Черкаська","Місячна","2016-M10","16626"
"Кількість померлих","Черкаська","Місячна","2016-M11","18437"
"Кількість померлих","Черкаська","Місячна","2016-M12","20267"
"Кількість померлих","Черкаська","Місячна","2017-M01","2029"
"Кількість померлих","Черкаська","Місячна","2017-M02","3714"
"Кількість померлих","Черкаська","Місячна","2017-M03","5563"
"Кількість померлих","Черкаська","Місячна","2017-M04","7199"
"Кількість померлих","Черкаська","Місячна","2017-M05","9015"
"Кількість померлих","Черкаська","Місячна","2017-M06","10629"
"Кількість померлих","Черкаська","Місячна","2017-M07","12093"
"Кількість померлих","Черкаська","Місячна","2017-M08","13687"
"Кількість померлих","Черкаська","Місячна","2017-M09","15086"
"Кількість померлих","Черкаська","Місячна","2017-M10","16745"
"Кількість померлих","Черкаська","Місячна","2017-M11","18376"
"Кількість померлих","Черкаська","Місячна","2017-M12","20034"
"Кількість померлих","Черкаська","Місячна","2018-M01","1952"
"Кількість померлих","Черкаська","Місячна","2018-M02","3616"
"Кількість померлих","Черкаська","Місячна","2018-M03","5492"
"Кількість померлих","Черкаська","Місячна","2018-M04","7094"
"Кількість померлих","Черкаська","Місячна","2018-M05","8869"
"Кількість померлих","Черкаська","Місячна","2018-M06","10356"
"Кількість померлих","Черкаська","Місячна","2018-M07","11892"
"Кількість померлих","Черкаська","Місячна","2018-M08","13493"
"Кількість померлих","Черкаська","Місячна","2018-M09","14885"
"Кількість померлих","Черкаська","Місячна","2018-M10","16752"
"Кількість померлих","Черкаська","Місячна","2018-M11","18445"
"Кількість померлих","Черкаська","Місячна","2018-M12","20181"
"Кількість померлих","Черкаська","Місячна","2019-M01","2309"
"Кількість померлих","Черкаська","Місячна","2019-M02","3894"
"Кількість померлих","Черкаська","Місячна","2019-M03","5595"
"Кількість померлих","Черкаська","Місячна","2019-M04","7175"
"Кількість померлих","Черкаська","Місячна","2019-M05","9083"
"Кількість померлих","Черкаська","Місячна","2019-M06","10486"
"Кількість померлих","Черкаська","Місячна","2019-M07","12079"
"Кількість померлих","Черкаська","Місячна","2019-M08","13485"
"Кількість померлих","Черкаська","Місячна","2019-M09","14896"
"Кількість померлих","Черкаська","Місячна","2019-M10","16562"
"Кількість померлих","Черкаська","Місячна","2019-M11","18133"
"Кількість померлих","Черкаська","Місячна","2019-M12","19702"
"Кількість померлих","Черкаська","Місячна","2020-M01","1795"
"Кількість померлих","Черкаська","Місячна","2020-M02","3423"
"Кількість померлих","Черкаська","Місячна","2020-M03","5046"
"Кількість померлих","Черкаська","Місячна","2020-M04","6595"
"Кількість померлих","Черкаська","Місячна","2020-M05","8222"
"Кількість померлих","Черкаська","Місячна","2020-M06","9830"
"Кількість померлих","Черкаська","Місячна","2020-M07","11371"
"Кількість померлих","Черкаська","Місячна","2020-M08","12709"
"Кількість померлих","Черкаська","Місячна","2020-M09","14224"
"Кількість померлих","Черкаська","Місячна","2020-M10","16096"
"Кількість померлих","Черкаська","Місячна","2020-M11","18240"
"Кількість померлих","Черкаська","Місячна","2020-M12","20761"
"Кількість померлих","Черкаська","Місячна","2021-M01","2022"
"Кількість померлих","Черкаська","Місячна","2021-M02","3759"
"Кількість померлих","Черкаська","Місячна","2021-M03","5821"
"Кількість померлих","Черкаська","Місячна","2021-M04","7926"
"Кількість померлих","Черкаська","Місячна","2021-M05","9844"
"Кількість померлих","Черкаська","Місячна","2021-M06","11533"
"Кількість померлих","Черкаська","Місячна","2021-M07","13061"
"Кількість померлих","Черкаська","Місячна","2021-M08","14522"
"Кількість померлих","Черкаська","Місячна","2021-M09","16007"
"Кількість померлих","Черкаська","Місячна","2021-M10","18158"
"Кількість померлих","Черкаська","Місячна","2021-M11","20864"
"Кількість померлих","Черкаська","Місячна","2021-M12","22951"
"Кількість померлих","Черкаська","Місячна","2022-M01","1984"
"Кількість померлих","Черкаська","Місячна","2022-M02",""
"Кількість померлих","Черкаська","Місячна","2022-M03",""
"Кількість померлих","Черкаська","Місячна","2022-M04",""
"Кількість померлих","Черкаська","Місячна","2022-M05",""
"Кількість померлих","Черкаська","Місячна","2022-M06",""
"Кількість померлих","Черкаська","Місячна","2022-M07",""
"Кількість померлих","Черкаська","Місячна","2022-M08",""
"Кількість померлих","Черкаська","Місячна","2022-M09",""
"Кількість померлих","Черкаська","Місячна","2022-M10",""
"Кількість померлих","Черкаська","Місячна","2022-M11",""
"Кількість померлих","Черкаська","Місячна","2022-M12",""
"Кількість померлих","Чернівецька","Місячна","2005-M01","1194"
"Кількість померлих","Чернівецька","Місячна","2005-M02","2296"
"Кількість померлих","Чернівецька","Місячна","2005-M03","3458"
"Кількість померлих","Чернівецька","Місячна","2005-M04","4541"
"Кількість померлих","Чернівецька","Місячна","2005-M05","5662"
"Кількість померлих","Чернівецька","Місячна","2005-M06","6651"
"Кількість померлих","Чернівецька","Місячна","2005-M07","7601"
"Кількість померлих","Чернівецька","Місячна","2005-M08","8586"
"Кількість померлих","Чернівецька","Місячна","2005-M09","9565"
"Кількість померлих","Чернівецька","Місячна","2005-M10","10655"
"Кількість померлих","Чернівецька","Місячна","2005-M11","11759"
"Кількість померлих","Чернівецька","Місячна","2005-M12","12870"
"Кількість померлих","Чернівецька","Місячна","2006-M01","1169"
"Кількість померлих","Чернівецька","Місячна","2006-M02","2168"
"Кількість померлих","Чернівецька","Місячна","2006-M03","3272"
"Кількість померлих","Чернівецька","Місячна","2006-M04","4278"
"Кількість померлих","Чернівецька","Місячна","2006-M05","5376"
"Кількість померлих","Чернівецька","Місячна","2006-M06","6364"
"Кількість померлих","Чернівецька","Місячна","2006-M07","7290"
"Кількість померлих","Чернівецька","Місячна","2006-M08","8169"
"Кількість померлих","Чернівецька","Місячна","2006-M09","9050"
"Кількість померлих","Чернівецька","Місячна","2006-M10","10135"
"Кількість померлих","Чернівецька","Місячна","2006-M11","11227"
"Кількість померлих","Чернівецька","Місячна","2006-M12","12258"
"Кількість померлих","Чернівецька","Місячна","2007-M01","1136"
"Кількість померлих","Чернівецька","Місячна","2007-M02","2210"
"Кількість померлих","Чернівецька","Місячна","2007-M03","3343"
"Кількість померлих","Чернівецька","Місячна","2007-M04","4305"
"Кількість померлих","Чернівецька","Місячна","2007-M05","5373"
"Кількість померлих","Чернівецька","Місячна","2007-M06","6268"
"Кількість померлих","Чернівецька","Місячна","2007-M07","7257"
"Кількість померлих","Чернівецька","Місячна","2007-M08","8174"
"Кількість померлих","Чернівецька","Місячна","2007-M09","9107"
"Кількість померлих","Чернівецька","Місячна","2007-M10","10234"
"Кількість померлих","Чернівецька","Місячна","2007-M11","11333"
"Кількість померлих","Чернівецька","Місячна","2007-M12","12386"
"Кількість померлих","Чернівецька","Місячна","2008-M01","1304"
"Кількість померлих","Чернівецька","Місячна","2008-M02","2328"
"Кількість померлих","Чернівецька","Місячна","2008-M03","3425"
"Кількість померлих","Чернівецька","Місячна","2008-M04","4346"
"Кількість померлих","Чернівецька","Місячна","2008-M05","5487"
"Кількість померлих","Чернівецька","Місячна","2008-M06","6361"
"Кількість померлих","Чернівецька","Місячна","2008-M07","7291"
"Кількість померлих","Чернівецька","Місячна","2008-M08","8210"
"Кількість померлих","Чернівецька","Місячна","2008-M09","9143"
"Кількість померлих","Чернівецька","Місячна","2008-M10","10175"
"Кількість померлих","Чернівецька","Місячна","2008-M11","11202"
"Кількість померлих","Чернівецька","Місячна","2008-M12","12194"
"Кількість померлих","Чернівецька","Місячна","2009-M01","1231"
"Кількість померлих","Чернівецька","Місячна","2009-M02","2116"
"Кількість померлих","Чернівецька","Місячна","2009-M03","3163"
"Кількість померлих","Чернівецька","Місячна","2009-M04","4239"
"Кількість померлих","Чернівецька","Місячна","2009-M05","5166"
"Кількість померлих","Чернівецька","Місячна","2009-M06","6097"
"Кількість померлих","Чернівецька","Місячна","2009-M07","6966"
"Кількість померлих","Чернівецька","Місячна","2009-M08","7783"
"Кількість померлих","Чернівецька","Місячна","2009-M09","8626"
"Кількість померлих","Чернівецька","Місячна","2009-M10","9656"
"Кількість померлих","Чернівецька","Місячна","2009-M11","10657"
"Кількість померлих","Чернівецька","Місячна","2009-M12","11665"
"Кількість померлих","Чернівецька","Місячна","2010-M01","1054"
"Кількість померлих","Чернівецька","Місячна","2010-M02","2047"
"Кількість померлих","Чернівецька","Місячна","2010-M03","3140"
"Кількість померлих","Чернівецька","Місячна","2010-M04","4052"
"Кількість померлих","Чернівецька","Місячна","2010-M05","4971"
"Кількість померлих","Чернівецька","Місячна","2010-M06","5941"
"Кількість померлих","Чернівецька","Місячна","2010-M07","6854"
"Кількість померлих","Чернівецька","Місячна","2010-M08","7779"
"Кількість померлих","Чернівецька","Місячна","2010-M09","8704"
"Кількість померлих","Чернівецька","Місячна","2010-M10","9697"
"Кількість померлих","Чернівецька","Місячна","2010-M11","10686"
"Кількість померлих","Чернівецька","Місячна","2010-M12","11761"
"Кількість померлих","Чернівецька","Місячна","2011-M01","1125"
"Кількість померлих","Чернівецька","Місячна","2011-M02","2032"
"Кількість померлих","Чернівецька","Місячна","2011-M03","3121"
"Кількість померлих","Чернівецька","Місячна","2011-M04","3945"
"Кількість померлих","Чернівецька","Місячна","2011-M05","4962"
"Кількість померлих","Чернівецька","Місячна","2011-M06","5813"
"Кількість померлих","Чернівецька","Місячна","2011-M07","6666"
"Кількість померлих","Чернівецька","Місячна","2011-M08","7520"
"Кількість померлих","Чернівецька","Місячна","2011-M09","8395"
"Кількість померлих","Чернівецька","Місячна","2011-M10","9301"
"Кількість померлих","Чернівецька","Місячна","2011-M11","10247"
"Кількість померлих","Чернівецька","Місячна","2011-M12","11192"
"Кількість померлих","Чернівецька","Місячна","2012-M01","1073"
"Кількість померлих","Чернівецька","Місячна","2012-M02","2089"
"Кількість померлих","Чернівецька","Місячна","2012-M03","3065"
"Кількість померлих","Чернівецька","Місячна","2012-M04","4114"
"Кількість померлих","Чернівецька","Місячна","2012-M05","5106"
"Кількість померлих","Чернівецька","Місячна","2012-M06","5958"
"Кількість померлих","Чернівецька","Місячна","2012-M07","6861"
"Кількість померлих","Чернівецька","Місячна","2012-M08","7693"
"Кількість померлих","Чернівецька","Місячна","2012-M09","8512"
"Кількість померлих","Чернівецька","Місячна","2012-M10","9462"
"Кількість померлих","Чернівецька","Місячна","2012-M11","10347"
"Кількість померлих","Чернівецька","Місячна","2012-M12","11321"
"Кількість померлих","Чернівецька","Місячна","2013-M01","1050"
"Кількість померлих","Чернівецька","Місячна","2013-M02","1979"
"Кількість померлих","Чернівецька","Місячна","2013-M03","2917"
"Кількість померлих","Чернівецька","Місячна","2013-M04","3991"
"Кількість померлих","Чернівецька","Місячна","2013-M05","4947"
"Кількість померлих","Чернівецька","Місячна","2013-M06","5824"
"Кількість померлих","Чернівецька","Місячна","2013-M07","6717"
"Кількість померлих","Чернівецька","Місячна","2013-M08","7596"
"Кількість померлих","Чернівецька","Місячна","2013-M09","8494"
"Кількість померлих","Чернівецька","Місячна","2013-M10","9582"
"Кількість померлих","Чернівецька","Місячна","2013-M11","10521"
"Кількість померлих","Чернівецька","Місячна","2013-M12","11520"
"Кількість померлих","Чернівецька","Місячна","2014-M01","1078"
"Кількість померлих","Чернівецька","Місячна","2014-M02","2074"
"Кількість померлих","Чернівецька","Місячна","2014-M03","3097"
"Кількість померлих","Чернівецька","Місячна","2014-M04","4116"
"Кількість померлих","Чернівецька","Місячна","2014-M05","5106"
"Кількість померлих","Чернівецька","Місячна","2014-M06","5946"
"Кількість померлих","Чернівецька","Місячна","2014-M07","6855"
"Кількість померлих","Чернівецька","Місячна","2014-M08","7684"
"Кількість померлих","Чернівецька","Місячна","2014-M09","8553"
"Кількість померлих","Чернівецька","Місячна","2014-M10","9596"
"Кількість померлих","Чернівецька","Місячна","2014-M11","10578"
"Кількість померлих","Чернівецька","Місячна","2014-M12","11619"
"Кількість померлих","Чернівецька","Місячна","2015-M01","1165"
"Кількість померлих","Чернівецька","Місячна","2015-M02","2131"
"Кількість померлих","Чернівецька","Місячна","2015-M03","3300"
"Кількість померлих","Чернівецька","Місячна","2015-M04","4323"
"Кількість померлих","Чернівецька","Місячна","2015-M05","5215"
"Кількість померлих","Чернівецька","Місячна","2015-M06","6125"
"Кількість померлих","Чернівецька","Місячна","2015-M07","7117"
"Кількість померлих","Чернівецька","Місячна","2015-M08","7931"
"Кількість померлих","Чернівецька","Місячна","2015-M09","8783"
"Кількість померлих","Чернівецька","Місячна","2015-M10","9787"
"Кількість померлих","Чернівецька","Місячна","2015-M11","10738"
"Кількість померлих","Чернівецька","Місячна","2015-M12","11725"
"Кількість померлих","Чернівецька","Місячна","2016-M01","1177"
"Кількість померлих","Чернівецька","Місячна","2016-M02","2114"
"Кількість померлих","Чернівецька","Місячна","2016-M03","3071"
"Кількість померлих","Чернівецька","Місячна","2016-M04","3970"
"Кількість померлих","Чернівецька","Місячна","2016-M05","4923"
"Кількість померлих","Чернівецька","Місячна","2016-M06","5878"
"Кількість померлих","Чернівецька","Місячна","2016-M07","6730"
"Кількість померлих","Чернівецька","Місячна","2016-M08","7574"
"Кількість померлих","Чернівецька","Місячна","2016-M09","8429"
"Кількість померлих","Чернівецька","Місячна","2016-M10","9348"
"Кількість померлих","Чернівецька","Місячна","2016-M11","10399"
"Кількість померлих","Чернівецька","Місячна","2016-M12","11513"
"Кількість померлих","Чернівецька","Місячна","2017-M01","1163"
"Кількість померлих","Чернівецька","Місячна","2017-M02","2082"
"Кількість померлих","Чернівецька","Місячна","2017-M03","3031"
"Кількість померлих","Чернівецька","Місячна","2017-M04","3990"
"Кількість померлих","Чернівецька","Місячна","2017-M05","4932"
"Кількість померлих","Чернівецька","Місячна","2017-M06","5843"
"Кількість померлих","Чернівецька","Місячна","2017-M07","6684"
"Кількість померлих","Чернівецька","Місячна","2017-M08","7534"
"Кількість померлих","Чернівецька","Місячна","2017-M09","8366"
"Кількість померлих","Чернівецька","Місячна","2017-M10","9293"
"Кількість померлих","Чернівецька","Місячна","2017-M11","10306"
"Кількість померлих","Чернівецька","Місячна","2017-M12","11216"
"Кількість померлих","Чернівецька","Місячна","2018-M01","1079"
"Кількість померлих","Чернівецька","Місячна","2018-M02","1957"
"Кількість померлих","Чернівецька","Місячна","2018-M03","3013"
"Кількість померлих","Чернівецька","Місячна","2018-M04","3911"
"Кількість померлих","Чернівецька","Місячна","2018-M05","4871"
"Кількість померлих","Чернівецька","Місячна","2018-M06","5649"
"Кількість померлих","Чернівецька","Місячна","2018-M07","6570"
"Кількість померлих","Чернівецька","Місячна","2018-M08","7493"
"Кількість померлих","Чернівецька","Місячна","2018-M09","8276"
"Кількість померлих","Чернівецька","Місячна","2018-M10","9323"
"Кількість померлих","Чернівецька","Місячна","2018-M11","10305"
"Кількість померлих","Чернівецька","Місячна","2018-M12","11259"
"Кількість померлих","Чернівецька","Місячна","2019-M01","1181"
"Кількість померлих","Чернівецька","Місячна","2019-M02","2203"
"Кількість померлих","Чернівецька","Місячна","2019-M03","3184"
"Кількість померлих","Чернівецька","Місячна","2019-M04","4075"
"Кількість померлих","Чернівецька","Місячна","2019-M05","5118"
"Кількість померлих","Чернівецька","Місячна","2019-M06","5948"
"Кількість померлих","Чернівецька","Місячна","2019-M07","6796"
"Кількість померлих","Чернівецька","Місячна","2019-M08","7577"
"Кількість померлих","Чернівецька","Місячна","2019-M09","8374"
"Кількість померлих","Чернівецька","Місячна","2019-M10","9285"
"Кількість померлих","Чернівецька","Місячна","2019-M11","10219"
"Кількість померлих","Чернівецька","Місячна","2019-M12","11084"
"Кількість померлих","Чернівецька","Місячна","2020-M01","1107"
"Кількість померлих","Чернівецька","Місячна","2020-M02","1997"
"Кількість померлих","Чернівецька","Місячна","2020-M03","2982"
"Кількість померлих","Чернівецька","Місячна","2020-M04","3936"
"Кількість померлих","Чернівецька","Місячна","2020-M05","4992"
"Кількість померлих","Чернівецька","Місячна","2020-M06","5975"
"Кількість померлих","Чернівецька","Місячна","2020-M07","6954"
"Кількість померлих","Чернівецька","Місячна","2020-M08","7891"
"Кількість померлих","Чернівецька","Місячна","2020-M09","8931"
"Кількість померлих","Чернівецька","Місячна","2020-M10","10096"
"Кількість померлих","Чернівецька","Місячна","2020-M11","11324"
"Кількість померлих","Чернівецька","Місячна","2020-M12","12636"
"Кількість померлих","Чернівецька","Місячна","2021-M01","1070"
"Кількість померлих","Чернівецька","Місячна","2021-M02","2246"
"Кількість померлих","Чернівецька","Місячна","2021-M03","3818"
"Кількість померлих","Чернівецька","Місячна","2021-M04","5126"
"Кількість померлих","Чернівецька","Місячна","2021-M05","6175"
"Кількість померлих","Чернівецька","Місячна","2021-M06","7130"
"Кількість померлих","Чернівецька","Місячна","2021-M07","8007"
"Кількість померлих","Чернівецька","Місячна","2021-M08","8888"
"Кількість померлих","Чернівецька","Місячна","2021-M09","10011"
"Кількість померлих","Чернівецька","Місячна","2021-M10","11569"
"Кількість померлих","Чернівецька","Місячна","2021-M11","13176"
"Кількість померлих","Чернівецька","Місячна","2021-M12","14376"
"Кількість померлих","Чернівецька","Місячна","2022-M01","1130"
"Кількість померлих","Чернівецька","Місячна","2022-M02",""
"Кількість померлих","Чернівецька","Місячна","2022-M03",""
"Кількість померлих","Чернівецька","Місячна","2022-M04",""
"Кількість померлих","Чернівецька","Місячна","2022-M05",""
"Кількість померлих","Чернівецька","Місячна","2022-M06",""
"Кількість померлих","Чернівецька","Місячна","2022-M07",""
"Кількість померлих","Чернівецька","Місячна","2022-M08",""
"Кількість померлих","Чернівецька","Місячна","2022-M09",""
"Кількість померлих","Чернівецька","Місячна","2022-M10",""
"Кількість померлих","Чернівецька","Місячна","2022-M11",""
"Кількість померлих","Чернівецька","Місячна","2022-M12",""
"Кількість померлих","Чернігівська","Місячна","2005-M01","2202"
"Кількість померлих","Чернігівська","Місячна","2005-M02","4494"
"Кількість померлих","Чернігівська","Місячна","2005-M03","7164"
"Кількість померлих","Чернігівська","Місячна","2005-M04","9331"
"Кількість померлих","Чернігівська","Місячна","2005-M05","11523"
"Кількість померлих","Чернігівська","Місячна","2005-M06","13376"
"Кількість померлих","Чернігівська","Місячна","2005-M07","15239"
"Кількість померлих","Чернігівська","Місячна","2005-M08","17107"
"Кількість померлих","Чернігівська","Місячна","2005-M09","18985"
"Кількість померлих","Чернігівська","Місячна","2005-M10","21092"
"Кількість померлих","Чернігівська","Місячна","2005-M11","23240"
"Кількість померлих","Чернігівська","Місячна","2005-M12","25405"
"Кількість померлих","Чернігівська","Місячна","2006-M01","2533"
"Кількість померлих","Чернігівська","Місячна","2006-M02","4660"
"Кількість померлих","Чернігівська","Місячна","2006-M03","6721"
"Кількість померлих","Чернігівська","Місячна","2006-M04","8704"
"Кількість померлих","Чернігівська","Місячна","2006-M05","10898"
"Кількість померлих","Чернігівська","Місячна","2006-M06","12859"
"Кількість померлих","Чернігівська","Місячна","2006-M07","14664"
"Кількість померлих","Чернігівська","Місячна","2006-M08","16438"
"Кількість померлих","Чернігівська","Місячна","2006-M09","18280"
"Кількість померлих","Чернігівська","Місячна","2006-M10","20428"
"Кількість померлих","Чернігівська","Місячна","2006-M11","22457"
"Кількість померлих","Чернігівська","Місячна","2006-M12","24501"
"Кількість померлих","Чернігівська","Місячна","2007-M01","2119"
"Кількість померлих","Чернігівська","Місячна","2007-M02","4292"
"Кількість померлих","Чернігівська","Місячна","2007-M03","6705"
"Кількість померлих","Чернігівська","Місячна","2007-M04","8636"
"Кількість померлих","Чернігівська","Місячна","2007-M05","10886"
"Кількість померлих","Чернігівська","Місячна","2007-M06","12590"
"Кількість померлих","Чернігівська","Місячна","2007-M07","14436"
"Кількість померлих","Чернігівська","Місячна","2007-M08","16242"
"Кількість померлих","Чернігівська","Місячна","2007-M09","18038"
"Кількість померлих","Чернігівська","Місячна","2007-M10","20169"
"Кількість померлих","Чернігівська","Місячна","2007-M11","22346"
"Кількість померлих","Чернігівська","Місячна","2007-M12","24433"
"Кількість померлих","Чернігівська","Місячна","2008-M01","2520"
"Кількість померлих","Чернігівська","Місячна","2008-M02","4485"
"Кількість померлих","Чернігівська","Місячна","2008-M03","6484"
"Кількість померлих","Чернігівська","Місячна","2008-M04","8442"
"Кількість померлих","Чернігівська","Місячна","2008-M05","10578"
"Кількість померлих","Чернігівська","Місячна","2008-M06","12396"
"Кількість померлих","Чернігівська","Місячна","2008-M07","14325"
"Кількість померлих","Чернігівська","Місячна","2008-M08","16034"
"Кількість померлих","Чернігівська","Місячна","2008-M09","17839"
"Кількість померлих","Чернігівська","Місячна","2008-M10","19815"
"Кількість померлих","Чернігівська","Місячна","2008-M11","21709"
"Кількість померлих","Чернігівська","Місячна","2008-M12","23782"
"Кількість померлих","Чернігівська","Місячна","2009-M01","2139"
"Кількість померлих","Чернігівська","Місячна","2009-M02","3843"
"Кількість померлих","Чернігівська","Місячна","2009-M03","5868"
"Кількість померлих","Чернігівська","Місячна","2009-M04","7882"
"Кількість померлих","Чернігівська","Місячна","2009-M05","9778"
"Кількість померлих","Чернігівська","Місячна","2009-M06","11539"
"Кількість померлих","Чернігівська","Місячна","2009-M07","13260"
"Кількість померлих","Чернігівська","Місячна","2009-M08","14839"
"Кількість померлих","Чернігівська","Місячна","2009-M09","16469"
"Кількість померлих","Чернігівська","Місячна","2009-M10","18376"
"Кількість померлих","Чернігівська","Місячна","2009-M11","20139"
"Кількість померлих","Чернігівська","Місячна","2009-M12","22232"
"Кількість померлих","Чернігівська","Місячна","2010-M01","1987"
"Кількість померлих","Чернігівська","Місячна","2010-M02","3770"
"Кількість померлих","Чернігівська","Місячна","2010-M03","5659"
"Кількість померлих","Чернігівська","Місячна","2010-M04","7402"
"Кількість померлих","Чернігівська","Місячна","2010-M05","9130"
"Кількість померлих","Чернігівська","Місячна","2010-M06","10951"
"Кількість померлих","Чернігівська","Місячна","2010-M07","12821"
"Кількість померлих","Чернігівська","Місячна","2010-M08","14673"
"Кількість померлих","Чернігівська","Місячна","2010-M09","16345"
"Кількість померлих","Чернігівська","Місячна","2010-M10","18093"
"Кількість померлих","Чернігівська","Місячна","2010-M11","19758"
"Кількість померлих","Чернігівська","Місячна","2010-M12","21644"
"Кількість померлих","Чернігівська","Місячна","2011-M01","1838"
"Кількість померлих","Чернігівська","Місячна","2011-M02","3498"
"Кількість померлих","Чернігівська","Місячна","2011-M03","5396"
"Кількість померлих","Чернігівська","Місячна","2011-M04","7052"
"Кількість померлих","Чернігівська","Місячна","2011-M05","8787"
"Кількість померлих","Чернігівська","Місячна","2011-M06","10349"
"Кількість померлих","Чернігівська","Місячна","2011-M07","11954"
"Кількість померлих","Чернігівська","Місячна","2011-M08","13504"
"Кількість померлих","Чернігівська","Місячна","2011-M09","15059"
"Кількість померлих","Чернігівська","Місячна","2011-M10","16829"
"Кількість померлих","Чернігівська","Місячна","2011-M11","18515"
"Кількість померлих","Чернігівська","Місячна","2011-M12","20179"
"Кількість померлих","Чернігівська","Місячна","2012-M01","1737"
"Кількість померлих","Чернігівська","Місячна","2012-M02","3596"
"Кількість померлих","Чернігівська","Місячна","2012-M03","5442"
"Кількість померлих","Чернігівська","Місячна","2012-M04","7059"
"Кількість померлих","Чернігівська","Місячна","2012-M05","8786"
"Кількість померлих","Чернігівська","Місячна","2012-M06","10231"
"Кількість померлих","Чернігівська","Місячна","2012-M07","11949"
"Кількість померлих","Чернігівська","Місячна","2012-M08","13552"
"Кількість померлих","Чернігівська","Місячна","2012-M09","15008"
"Кількість померлих","Чернігівська","Місячна","2012-M10","16785"
"Кількість померлих","Чернігівська","Місячна","2012-M11","18448"
"Кількість померлих","Чернігівська","Місячна","2012-M12","20208"
"Кількість померлих","Чернігівська","Місячна","2013-M01","1926"
"Кількість померлих","Чернігівська","Місячна","2013-M02","3462"
"Кількість померлих","Чернігівська","Місячна","2013-M03","5218"
"Кількість померлих","Чернігівська","Місячна","2013-M04","7148"
"Кількість померлих","Чернігівська","Місячна","2013-M05","8891"
"Кількість померлих","Чернігівська","Місячна","2013-M06","10318"
"Кількість померлих","Чернігівська","Місячна","2013-M07","11914"
"Кількість померлих","Чернігівська","Місячна","2013-M08","13425"
"Кількість померлих","Чернігівська","Місячна","2013-M09","14857"
"Кількість померлих","Чернігівська","Місячна","2013-M10","16609"
"Кількість померлих","Чернігівська","Місячна","2013-M11","18213"
"Кількість померлих","Чернігівська","Місячна","2013-M12","19909"
"Кількість померлих","Чернігівська","Місячна","2014-M01","1814"
"Кількість померлих","Чернігівська","Місячна","2014-M02","3567"
"Кількість померлих","Чернігівська","Місячна","2014-M03","5370"
"Кількість померлих","Чернігівська","Місячна","2014-M04","7149"
"Кількість померлих","Чернігівська","Місячна","2014-M05","8854"
"Кількість померлих","Чернігівська","Місячна","2014-M06","10229"
"Кількість померлих","Чернігівська","Місячна","2014-M07","11865"
"Кількість померлих","Чернігівська","Місячна","2014-M08","13269"
"Кількість померлих","Чернігівська","Місячна","2014-M09","14865"
"Кількість померлих","Чернігівська","Місячна","2014-M10","16716"
"Кількість померлих","Чернігівська","Місячна","2014-M11","18337"
"Кількість померлих","Чернігівська","Місячна","2014-M12","20324"
"Кількість померлих","Чернігівська","Місячна","2015-M01","1870"
"Кількість померлих","Чернігівська","Місячна","2015-M02","3548"
"Кількість померлих","Чернігівська","Місячна","2015-M03","5460"
"Кількість померлих","Чернігівська","Місячна","2015-M04","7257"
"Кількість померлих","Чернігівська","Місячна","2015-M05","8920"
"Кількість померлих","Чернігівська","Місячна","2015-M06","10407"
"Кількість померлих","Чернігівська","Місячна","2015-M07","12046"
"Кількість померлих","Чернігівська","Місячна","2015-M08","13453"
"Кількість померлих","Чернігівська","Місячна","2015-M09","14877"
"Кількість померлих","Чернігівська","Місячна","2015-M10","16599"
"Кількість померлих","Чернігівська","Місячна","2015-M11","18199"
"Кількість померлих","Чернігівська","Місячна","2015-M12","19957"
"Кількість померлих","Чернігівська","Місячна","2016-M01","1783"
"Кількість померлих","Чернігівська","Місячна","2016-M02","3452"
"Кількість померлих","Чернігівська","Місячна","2016-M03","5130"
"Кількість померлих","Чернігівська","Місячна","2016-M04","6710"
"Кількість померлих","Чернігівська","Місячна","2016-M05","8340"
"Кількість померлих","Чернігівська","Місячна","2016-M06","9872"
"Кількість померлих","Чернігівська","Місячна","2016-M07","11387"
"Кількість померлих","Чернігівська","Місячна","2016-M08","12841"
"Кількість померлих","Чернігівська","Місячна","2016-M09","14273"
"Кількість померлих","Чернігівська","Місячна","2016-M10","15834"
"Кількість померлих","Чернігівська","Місячна","2016-M11","17515"
"Кількість померлих","Чернігівська","Місячна","2016-M12","19235"
"Кількість померлих","Чернігівська","Місячна","2017-M01","1914"
"Кількість померлих","Чернігівська","Місячна","2017-M02","3473"
"Кількість померлих","Чернігівська","Місячна","2017-M03","5195"
"Кількість померлих","Чернігівська","Місячна","2017-M04","6777"
"Кількість померлих","Чернігівська","Місячна","2017-M05","8485"
"Кількість померлих","Чернігівська","Місячна","2017-M06","9990"
"Кількість померлих","Чернігівська","Місячна","2017-M07","11316"
"Кількість померлих","Чернігівська","Місячна","2017-M08","12762"
"Кількість померлих","Чернігівська","Місячна","2017-M09","14121"
"Кількість померлих","Чернігівська","Місячна","2017-M10","15759"
"Кількість померлих","Чернігівська","Місячна","2017-M11","17269"
"Кількість померлих","Чернігівська","Місячна","2017-M12","18856"
"Кількість померлих","Чернігівська","Місячна","2018-M01","1794"
"Кількість померлих","Чернігівська","Місячна","2018-M02","3346"
"Кількість померлих","Чернігівська","Місячна","2018-M03","5169"
"Кількість померлих","Чернігівська","Місячна","2018-M04","6772"
"Кількість померлих","Чернігівська","Місячна","2018-M05","8411"
"Кількість померлих","Чернігівська","Місячна","2018-M06","9831"
"Кількість померлих","Чернігівська","Місячна","2018-M07","11341"
"Кількість померлих","Чернігівська","Місячна","2018-M08","12805"
"Кількість померлих","Чернігівська","Місячна","2018-M09","14224"
"Кількість померлих","Чернігівська","Місячна","2018-M10","15961"
"Кількість померлих","Чернігівська","Місячна","2018-M11","17542"
"Кількість померлих","Чернігівська","Місячна","2018-M12","19304"
"Кількість померлих","Чернігівська","Місячна","2019-M01","2186"
"Кількість померлих","Чернігівська","Місячна","2019-M02","3773"
"Кількість померлих","Чернігівська","Місячна","2019-M03","5258"
"Кількість померлих","Чернігівська","Місячна","2019-M04","6808"
"Кількість померлих","Чернігівська","Місячна","2019-M05","8490"
"Кількість померлих","Чернігівська","Місячна","2019-M06","9834"
"Кількість померлих","Чернігівська","Місячна","2019-M07","11352"
"Кількість померлих","Чернігівська","Місячна","2019-M08","12689"
"Кількість померлих","Чернігівська","Місячна","2019-M09","14039"
"Кількість померлих","Чернігівська","Місячна","2019-M10","15543"
"Кількість померлих","Чернігівська","Місячна","2019-M11","17043"
"Кількість померлих","Чернігівська","Місячна","2019-M12","18584"
"Кількість померлих","Чернігівська","Місячна","2020-M01","1614"
"Кількість померлих","Чернігівська","Місячна","2020-M02","3065"
"Кількість померлих","Чернігівська","Місячна","2020-M03","4630"
"Кількість померлих","Чернігівська","Місячна","2020-M04","6079"
"Кількість померлих","Чернігівська","Місячна","2020-M05","7455"
"Кількість померлих","Чернігівська","Місячна","2020-M06","8940"
"Кількість померлих","Чернігівська","Місячна","2020-M07","10493"
"Кількість померлих","Чернігівська","Місячна","2020-M08","11768"
"Кількість померлих","Чернігівська","Місячна","2020-M09","13323"
"Кількість померлих","Чернігівська","Місячна","2020-M10","15207"
"Кількість померлих","Чернігівська","Місячна","2020-M11","17342"
"Кількість померлих","Чернігівська","Місячна","2020-M12","19519"
"Кількість померлих","Чернігівська","Місячна","2021-M01","1862"
"Кількість померлих","Чернігівська","Місячна","2021-M02","3452"
"Кількість померлих","Чернігівська","Місячна","2021-M03","5307"
"Кількість померлих","Чернігівська","Місячна","2021-M04","7410"
"Кількість померлих","Чернігівська","Місячна","2021-M05","9203"
"Кількість померлих","Чернігівська","Місячна","2021-M06","10753"
"Кількість померлих","Чернігівська","Місячна","2021-M07","12190"
"Кількість померлих","Чернігівська","Місячна","2021-M08","13512"
"Кількість померлих","Чернігівська","Місячна","2021-M09","15006"
"Кількість померлих","Чернігівська","Місячна","2021-M10","16897"
"Кількість померлих","Чернігівська","Місячна","2021-M11","19257"
"Кількість померлих","Чернігівська","Місячна","2021-M12","21275"
"Кількість померлих","Чернігівська","Місячна","2022-M01","1877"
"Кількість померлих","Чернігівська","Місячна","2022-M02",""
"Кількість померлих","Чернігівська","Місячна","2022-M03",""
"Кількість померлих","Чернігівська","Місячна","2022-M04",""
"Кількість померлих","Чернігівська","Місячна","2022-M05",""
"Кількість померлих","Чернігівська","Місячна","2022-M06",""
"Кількість померлих","Чернігівська","Місячна","2022-M07",""
"Кількість померлих","Чернігівська","Місячна","2022-M08",""
"Кількість померлих","Чернігівська","Місячна","2022-M09",""
"Кількість померлих","Чернігівська","Місячна","2022-M10",""
"Кількість померлих","Чернігівська","Місячна","2022-M11",""
"Кількість померлих","Чернігівська","Місячна","2022-M12",""
"Кількість померлих","Київ","Місячна","2005-M01","2576"
"Кількість померлих","Київ","Місячна","2005-M02","5116"
"Кількість померлих","Київ","Місячна","2005-M03","7956"
"Кількість померлих","Київ","Місячна","2005-M04","10466"
"Кількість померлих","Київ","Місячна","2005-M05","13104"
"Кількість померлих","Київ","Місячна","2005-M06","15359"
"Кількість померлих","Київ","Місячна","2005-M07","17718"
"Кількість померлих","Київ","Місячна","2005-M08","20213"
"Кількість померлих","Київ","Місячна","2005-M09","22482"
"Кількість померлих","Київ","Місячна","2005-M10","24993"
"Кількість померлих","Київ","Місячна","2005-M11","27444"
"Кількість померлих","Київ","Місячна","2005-M12","30075"
"Кількість померлих","Київ","Місячна","2006-M01","2810"
"Кількість померлих","Київ","Місячна","2006-M02","5222"
"Кількість померлих","Київ","Місячна","2006-M03","7751"
"Кількість померлих","Київ","Місячна","2006-M04","10105"
"Кількість померлих","Київ","Місячна","2006-M05","12741"
"Кількість померлих","Київ","Місячна","2006-M06","15241"
"Кількість померлих","Київ","Місячна","2006-M07","17610"
"Кількість померлих","Київ","Місячна","2006-M08","19906"
"Кількість померлих","Київ","Місячна","2006-M09","22232"
"Кількість померлих","Київ","Місячна","2006-M10","24864"
"Кількість померлих","Київ","Місячна","2006-M11","27432"
"Кількість померлих","Київ","Місячна","2006-M12","29920"
"Кількість померлих","Київ","Місячна","2007-M01","2693"
"Кількість померлих","Київ","Місячна","2007-M02","5248"
"Кількість померлих","Київ","Місячна","2007-M03","7963"
"Кількість померлих","Київ","Місячна","2007-M04","10515"
"Кількість померлих","Київ","Місячна","2007-M05","13432"
"Кількість померлих","Київ","Місячна","2007-M06","15737"
"Кількість померлих","Київ","Місячна","2007-M07","18157"
"Кількість померлих","Київ","Місячна","2007-M08","20565"
"Кількість померлих","Київ","Місячна","2007-M09","22979"
"Кількість померлих","Київ","Місячна","2007-M10","25799"
"Кількість померлих","Київ","Місячна","2007-M11","28412"
"Кількість померлих","Київ","Місячна","2007-M12","31111"
"Кількість померлих","Київ","Місячна","2008-M01","2835"
"Кількість померлих","Київ","Місячна","2008-M02","5285"
"Кількість померлих","Київ","Місячна","2008-M03","7800"
"Кількість померлих","Київ","Місячна","2008-M04","10256"
"Кількість померлих","Київ","Місячна","2008-M05","12795"
"Кількість померлих","Київ","Місячна","2008-M06","15072"
"Кількість померлих","Київ","Місячна","2008-M07","17637"
"Кількість померлих","Київ","Місячна","2008-M08","20019"
"Кількість померлих","Київ","Місячна","2008-M09","22433"
"Кількість померлих","Київ","Місячна","2008-M10","25029"
"Кількість померлих","Київ","Місячна","2008-M11","27467"
"Кількість померлих","Київ","Місячна","2008-M12","30067"
"Кількість померлих","Київ","Місячна","2009-M01","2591"
"Кількість померлих","Київ","Місячна","2009-M02","4796"
"Кількість померлих","Київ","Місячна","2009-M03","7386"
"Кількість померлих","Київ","Місячна","2009-M04","9834"
"Кількість померлих","Київ","Місячна","2009-M05","12182"
"Кількість померлих","Київ","Місячна","2009-M06","14520"
"Кількість померлих","Київ","Місячна","2009-M07","16797"
"Кількість померлих","Київ","Місячна","2009-M08","19002"
"Кількість померлих","Київ","Місячна","2009-M09","21115"
"Кількість померлих","Київ","Місячна","2009-M10","23546"
"Кількість померлих","Київ","Місячна","2009-M11","25869"
"Кількість померлих","Київ","Місячна","2009-M12","28292"
"Кількість померлих","Київ","Місячна","2010-M01","2537"
"Кількість померлих","Київ","Місячна","2010-M02","4765"
"Кількість померлих","Київ","Місячна","2010-M03","7200"
"Кількість померлих","Київ","Місячна","2010-M04","9490"
"Кількість померлих","Київ","Місячна","2010-M05","11758"
"Кількість померлих","Київ","Місячна","2010-M06","14107"
"Кількість померлих","Київ","Місячна","2010-M07","16580"
"Кількість померлих","Київ","Місячна","2010-M08","19492"
"Кількість померлих","Київ","Місячна","2010-M09","21681"
"Кількість померлих","Київ","Місячна","2010-M10","24063"
"Кількість померлих","Київ","Місячна","2010-M11","26249"
"Кількість померлих","Київ","Місячна","2010-M12","28625"
"Кількість померлих","Київ","Місячна","2011-M01","2435"
"Кількість померлих","Київ","Місячна","2011-M02","4532"
"Кількість померлих","Київ","Місячна","2011-M03","6988"
"Кількість померлих","Київ","Місячна","2011-M04","9282"
"Кількість померлих","Київ","Місячна","2011-M05","11659"
"Кількість померлих","Київ","Місячна","2011-M06","13909"
"Кількість померлих","Київ","Місячна","2011-M07","16078"
"Кількість померлих","Київ","Місячна","2011-M08","18110"
"Кількість померлих","Київ","Місячна","2011-M09","20173"
"Кількість померлих","Київ","Місячна","2011-M10","22505"
"Кількість померлих","Київ","Місячна","2011-M11","24725"
"Кількість померлих","Київ","Місячна","2011-M12","27050"
"Кількість померлих","Київ","Місячна","2012-M01","2406"
"Кількість померлих","Київ","Місячна","2012-M02","4752"
"Кількість померлих","Київ","Місячна","2012-M03","7256"
"Кількість померлих","Київ","Місячна","2012-M04","9590"
"Кількість померлих","Київ","Місячна","2012-M05","11933"
"Кількість померлих","Київ","Місячна","2012-M06","14049"
"Кількість померлих","Київ","Місячна","2012-M07","16394"
"Кількість померлих","Київ","Місячна","2012-M08","18627"
"Кількість померлих","Київ","Місячна","2012-M09","20663"
"Кількість померлих","Київ","Місячна","2012-M10","23084"
"Кількість померлих","Київ","Місячна","2012-M11","25367"
"Кількість померлих","Київ","Місячна","2012-M12","27840"
"Кількість померлих","Київ","Місячна","2013-M01","2568"
"Кількість померлих","Київ","Місячна","2013-M02","4781"
"Кількість померлих","Київ","Місячна","2013-M03","7231"
"Кількість померлих","Київ","Місячна","2013-M04","9572"
"Кількість померлих","Київ","Місячна","2013-M05","11951"
"Кількість померлих","Київ","Місячна","2013-M06","13992"
"Кількість померлих","Київ","Місячна","2013-M07","16243"
"Кількість померлих","Київ","Місячна","2013-M08","18408"
"Кількість померлих","Київ","Місячна","2013-M09","20710"
"Кількість померлих","Київ","Місячна","2013-M10","23304"
"Кількість померлих","Київ","Місячна","2013-M11","25531"
"Кількість померлих","Київ","Місячна","2013-M12","28003"
"Кількість померлих","Київ","Місячна","2014-M01","2566"
"Кількість померлих","Київ","Місячна","2014-M02","5046"
"Кількість померлих","Київ","Місячна","2014-M03","7591"
"Кількість померлих","Київ","Місячна","2014-M04","10017"
"Кількість померлих","Київ","Місячна","2014-M05","12563"
"Кількість померлих","Київ","Місячна","2014-M06","14726"
"Кількість померлих","Київ","Місячна","2014-M07","17256"
"Кількість померлих","Київ","Місячна","2014-M08","19643"
"Кількість померлих","Київ","Місячна","2014-M09","22017"
"Кількість померлих","Київ","Місячна","2014-M10","24664"
"Кількість померлих","Київ","Місячна","2014-M11","27242"
"Кількість померлих","Київ","Місячна","2014-M12","29992"
"Кількість померлих","Київ","Місячна","2015-M01","2875"
"Кількість померлих","Київ","Місячна","2015-M02","5402"
"Кількість померлих","Київ","Місячна","2015-M03","8202"
"Кількість померлих","Київ","Місячна","2015-M04","10883"
"Кількість померлих","Київ","Місячна","2015-M05","13423"
"Кількість померлих","Київ","Місячна","2015-M06","15819"
"Кількість померлих","Київ","Місячна","2015-M07","18227"
"Кількість померлих","Київ","Місячна","2015-M08","20475"
"Кількість померлих","Київ","Місячна","2015-M09","22818"
"Кількість померлих","Київ","Місячна","2015-M10","25378"
"Кількість померлих","Київ","Місячна","2015-M11","27767"
"Кількість померлих","Київ","Місячна","2015-M12","30425"
"Кількість померлих","Київ","Місячна","2016-M01","2901"
"Кількість померлих","Київ","Місячна","2016-M02","5245"
"Кількість померлих","Київ","Місячна","2016-M03","7802"
"Кількість померлих","Київ","Місячна","2016-M04","10369"
"Кількість померлих","Київ","Місячна","2016-M05","12960"
"Кількість померлих","Київ","Місячна","2016-M06","15466"
"Кількість померлих","Київ","Місячна","2016-M07","17868"
"Кількість померлих","Київ","Місячна","2016-M08","20230"
"Кількість померлих","Київ","Місячна","2016-M09","22588"
"Кількість померлих","Київ","Місячна","2016-M10","25214"
"Кількість померлих","Київ","Місячна","2016-M11","27772"
"Кількість померлих","Київ","Місячна","2016-M12","30666"
"Кількість померлих","Київ","Місячна","2017-M01","2919"
"Кількість померлих","Київ","Місячна","2017-M02","5402"
"Кількість померлих","Київ","Місячна","2017-M03","8063"
"Кількість померлих","Київ","Місячна","2017-M04","10623"
"Кількість померлих","Київ","Місячна","2017-M05","13382"
"Кількість померлих","Київ","Місячна","2017-M06","15670"
"Кількість померлих","Київ","Місячна","2017-M07","18023"
"Кількість померлих","Київ","Місячна","2017-M08","20449"
"Кількість померлих","Київ","Місячна","2017-M09","22887"
"Кількість померлих","Київ","Місячна","2017-M10","25585"
"Кількість померлих","Київ","Місячна","2017-M11","28164"
"Кількість померлих","Київ","Місячна","2017-M12","30808"
"Кількість померлих","Київ","Місячна","2018-M01","2905"
"Кількість померлих","Київ","Місячна","2018-M02","5465"
"Кількість померлих","Київ","Місячна","2018-M03","8391"
"Кількість померлих","Київ","Місячна","2018-M04","11025"
"Кількість померлих","Київ","Місячна","2018-M05","13667"
"Кількість померлих","Київ","Місячна","2018-M06","16049"
"Кількість померлих","Київ","Місячна","2018-M07","18560"
"Кількість померлих","Київ","Місячна","2018-M08","21095"
"Кількість померлих","Київ","Місячна","2018-M09","23546"
"Кількість померлих","Київ","Місячна","2018-M10","26495"
"Кількість померлих","Київ","Місячна","2018-M11","29248"
"Кількість померлих","Київ","Місячна","2018-M12","32231"
"Кількість померлих","Київ","Місячна","2019-M01","3373"
"Кількість померлих","Київ","Місячна","2019-M02","5915"
"Кількість померлих","Київ","Місячна","2019-M03","8652"
"Кількість померлих","Київ","Місячна","2019-M04","11374"
"Кількість померлих","Київ","Місячна","2019-M05","14208"
"Кількість померлих","Київ","Місячна","2019-M06","16939"
"Кількість померлих","Київ","Місячна","2019-M07","19690"
"Кількість померлих","Київ","Місячна","2019-M08","22207"
"Кількість померлих","Київ","Місячна","2019-M09","24699"
"Кількість померлих","Київ","Місячна","2019-M10","27557"
"Кількість померлих","Київ","Місячна","2019-M11","30288"
"Кількість померлих","Київ","Місячна","2019-M12","33137"
"Кількість померлих","Київ","Місячна","2020-M01","2864"
"Кількість померлих","Київ","Місячна","2020-M02","5549"
"Кількість померлих","Київ","Місячна","2020-M03","8217"
"Кількість померлих","Київ","Місячна","2020-M04","10846"
"Кількість померлих","Київ","Місячна","2020-M05","13398"
"Кількість померлих","Київ","Місячна","2020-M06","16295"
"Кількість померлих","Київ","Місячна","2020-M07","18836"
"Кількість померлих","Київ","Місячна","2020-M08","21331"
"Кількість померлих","Київ","Місячна","2020-M09","24243"
"Кількість померлих","Київ","Місячна","2020-M10","27771"
"Кількість померлих","Київ","Місячна","2020-M11","31800"
"Кількість померлих","Київ","Місячна","2020-M12","36091"
"Кількість померлих","Київ","Місячна","2021-M01","3719"
"Кількість померлих","Київ","Місячна","2021-M02","6941"
"Кількість померлих","Київ","Місячна","2021-M03","11396"
"Кількість померлих","Київ","Місячна","2021-M04","16148"
"Кількість померлих","Київ","Місячна","2021-M05","19833"
"Кількість померлих","Київ","Місячна","2021-M06","22817"
"Кількість померлих","Київ","Місячна","2021-M07","25751"
"Кількість померлих","Київ","Місячна","2021-M08","28439"
"Кількість померлих","Київ","Місячна","2021-M09","31480"
"Кількість померлих","Київ","Місячна","2021-M10","36022"
"Кількість померлих","Київ","Місячна","2021-M11","41284"
"Кількість померлих","Київ","Місячна","2021-M12","45223"
"Кількість померлих","Київ","Місячна","2022-M01","3355"
"Кількість померлих","Київ","Місячна","2022-M02",""
"Кількість померлих","Київ","Місячна","2022-M03",""
"Кількість померлих","Київ","Місячна","2022-M04",""
"Кількість померлих","Київ","Місячна","2022-M05",""
"Кількість померлих","Київ","Місячна","2022-M06",""
"Кількість померлих","Київ","Місячна","2022-M07",""
"Кількість померлих","Київ","Місячна","2022-M08",""
"Кількість померлих","Київ","Місячна","2022-M09",""
"Кількість померлих","Київ","Місячна","2022-M10",""
"Кількість померлих","Київ","Місячна","2022-M11",""
"Кількість померлих","Київ","Місячна","2022-M12",""
"Кількість померлих","Севастополь","Місячна","2005-M01","563"
"Кількість померлих","Севастополь","Місячна","2005-M02","1042"
"Кількість померлих","Севастополь","Місячна","2005-M03","1576"
"Кількість померлих","Севастополь","Місячна","2005-M04","2107"
"Кількість померлих","Севастополь","Місячна","2005-M05","2617"
"Кількість померлих","Севастополь","Місячна","2005-M06","3015"
"Кількість померлих","Севастополь","Місячна","2005-M07","3433"
"Кількість померлих","Севастополь","Місячна","2005-M08","3920"
"Кількість померлих","Севастополь","Місячна","2005-M09","4319"
"Кількість померлих","Севастополь","Місячна","2005-M10","4809"
"Кількість померлих","Севастополь","Місячна","2005-M11","5328"
"Кількість померлих","Севастополь","Місячна","2005-M12","5818"
"Кількість померлих","Севастополь","Місячна","2006-M01","511"
"Кількість померлих","Севастополь","Місячна","2006-M02","1013"
"Кількість померлих","Севастополь","Місячна","2006-M03","1509"
"Кількість померлих","Севастополь","Місячна","2006-M04","1948"
"Кількість померлих","Севастополь","Місячна","2006-M05","2465"
"Кількість померлих","Севастополь","Місячна","2006-M06","2936"
"Кількість померлих","Севастополь","Місячна","2006-M07","3384"
"Кількість померлих","Севастополь","Місячна","2006-M08","3876"
"Кількість померлих","Севастополь","Місячна","2006-M09","4283"
"Кількість померлих","Севастополь","Місячна","2006-M10","4757"
"Кількість померлих","Севастополь","Місячна","2006-M11","5244"
"Кількість померлих","Севастополь","Місячна","2006-M12","5744"
"Кількість померлих","Севастополь","Місячна","2007-M01","552"
"Кількість померлих","Севастополь","Місячна","2007-M02","999"
"Кількість померлих","Севастополь","Місячна","2007-M03","1501"
"Кількість померлих","Севастополь","Місячна","2007-M04","1970"
"Кількість померлих","Севастополь","Місячна","2007-M05","2479"
"Кількість померлих","Севастополь","Місячна","2007-M06","2915"
"Кількість померлих","Севастополь","Місячна","2007-M07","3424"
"Кількість померлих","Севастополь","Місячна","2007-M08","3933"
"Кількість померлих","Севастополь","Місячна","2007-M09","4329"
"Кількість померлих","Севастополь","Місячна","2007-M10","4813"
"Кількість померлих","Севастополь","Місячна","2007-M11","5385"
"Кількість померлих","Севастополь","Місячна","2007-M12","5867"
"Кількість померлих","Севастополь","Місячна","2008-M01","636"
"Кількість померлих","Севастополь","Місячна","2008-M02","1161"
"Кількість померлих","Севастополь","Місячна","2008-M03","1668"
"Кількість померлих","Севастополь","Місячна","2008-M04","2150"
"Кількість померлих","Севастополь","Місячна","2008-M05","2652"
"Кількість померлих","Севастополь","Місячна","2008-M06","3069"
"Кількість померлих","Севастополь","Місячна","2008-M07","3581"
"Кількість померлих","Севастополь","Місячна","2008-M08","4044"
"Кількість померлих","Севастополь","Місячна","2008-M09","4501"
"Кількість померлих","Севастополь","Місячна","2008-M10","4984"
"Кількість померлих","Севастополь","Місячна","2008-M11","5465"
"Кількість померлих","Севастополь","Місячна","2008-M12","5941"
"Кількість померлих","Севастополь","Місячна","2009-M01","527"
"Кількість померлих","Севастополь","Місячна","2009-M02","995"
"Кількість померлих","Севастополь","Місячна","2009-M03","1484"
"Кількість померлих","Севастополь","Місячна","2009-M04","2010"
"Кількість померлих","Севастополь","Місячна","2009-M05","2471"
"Кількість померлих","Севастополь","Місячна","2009-M06","2911"
"Кількість померлих","Севастополь","Місячна","2009-M07","3317"
"Кількість померлих","Севастополь","Місячна","2009-M08","3700"
"Кількість померлих","Севастополь","Місячна","2009-M09","4116"
"Кількість померлих","Севастополь","Місячна","2009-M10","4557"
"Кількість померлих","Севастополь","Місячна","2009-M11","5043"
"Кількість померлих","Севастополь","Місячна","2009-M12","5526"
"Кількість померлих","Севастополь","Місячна","2010-M01","420"
"Кількість померлих","Севастополь","Місячна","2010-M02","873"
"Кількість померлих","Севастополь","Місячна","2010-M03","1371"
"Кількість померлих","Севастополь","Місячна","2010-M04","1826"
"Кількість померлих","Севастополь","Місячна","2010-M05","2300"
"Кількість померлих","Севастополь","Місячна","2010-M06","2747"
"Кількість померлих","Севастополь","Місячна","2010-M07","3197"
"Кількість померлих","Севастополь","Місячна","2010-M08","3838"
"Кількість померлих","Севастополь","Місячна","2010-M09","4266"
"Кількість померлих","Севастополь","Місячна","2010-M10","4693"
"Кількість померлих","Севастополь","Місячна","2010-M11","5151"
"Кількість померлих","Севастополь","Місячна","2010-M12","5595"
"Кількість померлих","Севастополь","Місячна","2011-M01","499"
"Кількість померлих","Севастополь","Місячна","2011-M02","948"
"Кількість померлих","Севастополь","Місячна","2011-M03","1473"
"Кількість померлих","Севастополь","Місячна","2011-M04","1933"
"Кількість померлих","Севастополь","Місячна","2011-M05","2409"
"Кількість померлих","Севастополь","Місячна","2011-M06","2866"
"Кількість померлих","Севастополь","Місячна","2011-M07","3281"
"Кількість померлих","Севастополь","Місячна","2011-M08","3669"
"Кількість померлих","Севастополь","Місячна","2011-M09","4050"
"Кількість померлих","Севастополь","Місячна","2011-M10","4477"
"Кількість померлих","Севастополь","Місячна","2011-M11","4970"
"Кількість померлих","Севастополь","Місячна","2011-M12","5391"
"Кількість померлих","Севастополь","Місячна","2012-M01","469"
"Кількість померлих","Севастополь","Місячна","2012-M02","944"
"Кількість померлих","Севастополь","Місячна","2012-M03","1419"
"Кількість померлих","Севастополь","Місячна","2012-M04","1860"
"Кількість померлих","Севастополь","Місячна","2012-M05","2272"
"Кількість померлих","Севастополь","Місячна","2012-M06","2679"
"Кількість померлих","Севастополь","Місячна","2012-M07","3163"
"Кількість померлих","Севастополь","Місячна","2012-M08","3566"
"Кількість померлих","Севастополь","Місячна","2012-M09","3904"
"Кількість померлих","Севастополь","Місячна","2012-M10","4358"
"Кількість померлих","Севастополь","Місячна","2012-M11","4812"
"Кількість померлих","Севастополь","Місячна","2012-M12","5252"
"Кількість померлих","Севастополь","Місячна","2013-M01","469"
"Кількість померлих","Севастополь","Місячна","2013-M02","864"
"Кількість померлих","Севастополь","Місячна","2013-M03","1306"
"Кількість померлих","Севастополь","Місячна","2013-M04","1800"
"Кількість померлих","Севастополь","Місячна","2013-M05","2253"
"Кількість померлих","Севастополь","Місячна","2013-M06","2582"
"Кількість померлих","Севастополь","Місячна","2013-M07","3074"
"Кількість померлих","Севастополь","Місячна","2013-M08","3521"
"Кількість померлих","Севастополь","Місячна","2013-M09","3931"
"Кількість померлих","Севастополь","Місячна","2013-M10","4391"
"Кількість померлих","Севастополь","Місячна","2013-M11","4820"
"Кількість померлих","Севастополь","Місячна","2013-M12","5326"
"Кількість померлих","Севастополь","Місячна","2014-M01",""
"Кількість померлих","Севастополь","Місячна","2014-M02",""
"Кількість померлих","Севастополь","Місячна","2014-M03",""
"Кількість померлих","Севастополь","Місячна","2014-M04",""
"Кількість померлих","Севастополь","Місячна","2014-M05",""
"Кількість померлих","Севастополь","Місячна","2014-M06",""
"Кількість померлих","Севастополь","Місячна","2014-M07",""
"Кількість померлих","Севастополь","Місячна","2014-M08",""
"Кількість померлих","Севастополь","Місячна","2014-M09",""
"Кількість померлих","Севастополь","Місячна","2014-M10",""
"Кількість померлих","Севастополь","Місячна","2014-M11",""
"Кількість померлих","Севастополь","Місячна","2014-M12",""
"Кількість померлих","Севастополь","Місячна","2015-M01",""
"Кількість померлих","Севастополь","Місячна","2015-M02",""
"Кількість померлих","Севастополь","Місячна","2015-M03",""
"Кількість померлих","Севастополь","Місячна","2015-M04",""
"Кількість померлих","Севастополь","Місячна","2015-M05",""
"Кількість померлих","Севастополь","Місячна","2015-M06",""
"Кількість померлих","Севастополь","Місячна","2015-M07",""
"Кількість померлих","Севастополь","Місячна","2015-M08",""
"Кількість померлих","Севастополь","Місячна","2015-M09",""
"Кількість померлих","Севастополь","Місячна","2015-M10",""
"Кількість померлих","Севастополь","Місячна","2015-M11",""
"Кількість померлих","Севастополь","Місячна","2015-M12",""
"Кількість померлих","Севастополь","Місячна","2016-M01",""
"Кількість померлих","Севастополь","Місячна","2016-M02",""
"Кількість померлих","Севастополь","Місячна","2016-M03",""
"Кількість померлих","Севастополь","Місячна","2016-M04",""
"Кількість померлих","Севастополь","Місячна","2016-M05",""
"Кількість померлих","Севастополь","Місячна","2016-M06",""
"Кількість померлих","Севастополь","Місячна","2016-M07",""
"Кількість померлих","Севастополь","Місячна","2016-M08",""
"Кількість померлих","Севастополь","Місячна","2016-M09",""
"Кількість померлих","Севастополь","Місячна","2016-M10",""
"Кількість померлих","Севастополь","Місячна","2016-M11",""
"Кількість померлих","Севастополь","Місячна","2016-M12",""
"Кількість померлих","Севастополь","Місячна","2017-M01",""
"Кількість померлих","Севастополь","Місячна","2017-M02",""
"Кількість померлих","Севастополь","Місячна","2017-M03",""
"Кількість померлих","Севастополь","Місячна","2017-M04",""
"Кількість померлих","Севастополь","Місячна","2017-M05",""
"Кількість померлих","Севастополь","Місячна","2017-M06",""
"Кількість померлих","Севастополь","Місячна","2017-M07",""
"Кількість померлих","Севастополь","Місячна","2017-M08",""
"Кількість померлих","Севастополь","Місячна","2017-M09",""
"Кількість померлих","Севастополь","Місячна","2017-M10",""
"Кількість померлих","Севастополь","Місячна","2017-M11",""
"Кількість померлих","Севастополь","Місячна","2017-M12",""
"Кількість померлих","Севастополь","Місячна","2018-M01",""
"Кількість померлих","Севастополь","Місячна","2018-M02",""
"Кількість померлих","Севастополь","Місячна","2018-M03",""
"Кількість померлих","Севастополь","Місячна","2018-M04",""
"Кількість померлих","Севастополь","Місячна","2018-M05",""
"Кількість померлих","Севастополь","Місячна","2018-M06",""
"Кількість померлих","Севастополь","Місячна","2018-M07",""
"Кількість померлих","Севастополь","Місячна","2018-M08",""
"Кількість померлих","Севастополь","Місячна","2018-M09",""
"Кількість померлих","Севастополь","Місячна","2018-M10",""
"Кількість померлих","Севастополь","Місячна","2018-M11",""
"Кількість померлих","Севастополь","Місячна","2018-M12",""
"Кількість померлих","Севастополь","Місячна","2019-M01",""
"Кількість померлих","Севастополь","Місячна","2019-M02",""
"Кількість померлих","Севастополь","Місячна","2019-M03",""
"Кількість померлих","Севастополь","Місячна","2019-M04",""
"Кількість померлих","Севастополь","Місячна","2019-M05",""
"Кількість померлих","Севастополь","Місячна","2019-M06",""
"Кількість померлих","Севастополь","Місячна","2019-M07",""
"Кількість померлих","Севастополь","Місячна","2019-M08",""
"Кількість померлих","Севастополь","Місячна","2019-M09",""
"Кількість померлих","Севастополь","Місячна","2019-M10",""
"Кількість померлих","Севастополь","Місячна","2019-M11",""
"Кількість померлих","Севастополь","Місячна","2019-M12",""
"Кількість померлих","Севастополь","Місячна","2020-M01",""
"Кількість померлих","Севастополь","Місячна","2020-M02",""
"Кількість померлих","Севастополь","Місячна","2020-M03",""
"Кількість померлих","Севастополь","Місячна","2020-M04",""
"Кількість померлих","Севастополь","Місячна","2020-M05",""
"Кількість померлих","Севастополь","Місячна","2020-M06",""
"Кількість померлих","Севастополь","Місячна","2020-M07",""
"Кількість померлих","Севастополь","Місячна","2020-M08",""
"Кількість померлих","Севастополь","Місячна","2020-M09",""
"Кількість померлих","Севастополь","Місячна","2020-M10",""
"Кількість померлих","Севастополь","Місячна","2020-M11",""
"Кількість померлих","Севастополь","Місячна","2020-M12",""
"Кількість померлих","Севастополь","Місячна","2021-M01",""
"Кількість померлих","Севастополь","Місячна","2021-M02",""
"Кількість померлих","Севастополь","Місячна","2021-M03",""
"Кількість померлих","Севастополь","Місячна","2021-M04",""
"Кількість померлих","Севастополь","Місячна","2021-M05",""
"Кількість померлих","Севастополь","Місячна","2021-M06",""
"Кількість померлих","Севастополь","Місячна","2021-M07",""
"Кількість померлих","Севастополь","Місячна","2021-M08",""
"Кількість померлих","Севастополь","Місячна","2021-M09",""
"Кількість померлих","Севастополь","Місячна","2021-M10",""
"Кількість померлих","Севастополь","Місячна","2021-M11",""
"Кількість померлих","Севастополь","Місячна","2021-M12",""
"Кількість померлих","Севастополь","Місячна","2022-M01",""
"Кількість померлих","Севастополь","Місячна","2022-M02",""
"Кількість померлих","Севастополь","Місячна","2022-M03",""
"Кількість померлих","Севастополь","Місячна","2022-M04",""
"Кількість померлих","Севастополь","Місячна","2022-M05",""
"Кількість померлих","Севастополь","Місячна","2022-M06",""
"Кількість померлих","Севастополь","Місячна","2022-M07",""
"Кількість померлих","Севастополь","Місячна","2022-M08",""
"Кількість померлих","Севастополь","Місячна","2022-M09",""
"Кількість померлих","Севастополь","Місячна","2022-M10",""
"Кількість померлих","Севастополь","Місячна","2022-M11",""
"Кількість померлих","Севастополь","Місячна","2022-M12",""
