Date;Індекс фінансового стресу для України (ІФС)
29.04.2008 0:00;0,00161
30.04.2008 0:00;0,00142
05.05.2008 0:00;0,00106
06.05.2008 0:00;0,00094
07.05.2008 0:00;0,00088
08.05.2008 0:00;0,00098
12.05.2008 0:00;0,00046
13.05.2008 0:00;0,00038
14.05.2008 0:00;0,00049
15.05.2008 0:00;0,00029
16.05.2008 0:00;0,0005
19.05.2008 0:00;0,00091
20.05.2008 0:00;0,00081
21.05.2008 0:00;0
22.05.2008 0:00;0,00158
23.05.2008 0:00;0,00221
26.05.2008 0:00;0,00256
27.05.2008 0:00;0,00215
28.05.2008 0:00;0,00102
29.05.2008 0:00;0,0009
30.05.2008 0:00;0,00058
02.06.2008 0:00;0,00073
03.06.2008 0:00;0,00099
04.06.2008 0:00;0,00252
05.06.2008 0:00;0,00292
06.06.2008 0:00;0,00188
09.06.2008 0:00;0,00255
10.06.2008 0:00;0,00499
11.06.2008 0:00;0,00369
12.06.2008 0:00;0,00427
13.06.2008 0:00;0,00294
17.06.2008 0:00;0,00299
18.06.2008 0:00;0,004
19.06.2008 0:00;0,0038
20.06.2008 0:00;0,00266
23.06.2008 0:00;0,00237
24.06.2008 0:00;0,00527
25.06.2008 0:00;0,0041
26.06.2008 0:00;0,0066
27.06.2008 0:00;0,00657
01.07.2008 0:00;0,00407
02.07.2008 0:00;0,00497
03.07.2008 0:00;0,00363
04.07.2008 0:00;0,00403
07.07.2008 0:00;0,00439
08.07.2008 0:00;0,0054
09.07.2008 0:00;0,00531
10.07.2008 0:00;0,0031
11.07.2008 0:00;0,00316
14.07.2008 0:00;0,00211
15.07.2008 0:00;0,00238
16.07.2008 0:00;0,00231
17.07.2008 0:00;0,00371
18.07.2008 0:00;0,00323
21.07.2008 0:00;0,00296
22.07.2008 0:00;0,00532
23.07.2008 0:00;0,00324
24.07.2008 0:00;0,00358
25.07.2008 0:00;0,00406
28.07.2008 0:00;0,00275
29.07.2008 0:00;0,00523
30.07.2008 0:00;0,0062
31.07.2008 0:00;0,00586
01.08.2008 0:00;0,00307
04.08.2008 0:00;0,00573
05.08.2008 0:00;0,00497
06.08.2008 0:00;0,00353
07.08.2008 0:00;0,00452
08.08.2008 0:00;0,00327
11.08.2008 0:00;0,00141
12.08.2008 0:00;0,00235
13.08.2008 0:00;0,00121
14.08.2008 0:00;0,00145
15.08.2008 0:00;0,00186
18.08.2008 0:00;0,00156
19.08.2008 0:00;0,00153
20.08.2008 0:00;0,00215
21.08.2008 0:00;0,00103
22.08.2008 0:00;0,00225
26.08.2008 0:00;0,00245
27.08.2008 0:00;0,00251
28.08.2008 0:00;0,00288
29.08.2008 0:00;0,00269
01.09.2008 0:00;0,0011
02.09.2008 0:00;0,00528
03.09.2008 0:00;0,00538
04.09.2008 0:00;0,00414
05.09.2008 0:00;0,00306
08.09.2008 0:00;0,00339
09.09.2008 0:00;0,00411
10.09.2008 0:00;0,0055
11.09.2008 0:00;0,0031
12.09.2008 0:00;0,00584
15.09.2008 0:00;0,00654
16.09.2008 0:00;0,01164
17.09.2008 0:00;0,01103
18.09.2008 0:00;0,01246
19.09.2008 0:00;0,01998
22.09.2008 0:00;0,02125
23.09.2008 0:00;0,03145
24.09.2008 0:00;0,03456
25.09.2008 0:00;0,03432
26.09.2008 0:00;0,03372
29.09.2008 0:00;0,03444
30.09.2008 0:00;0,03765
01.10.2008 0:00;0,03563
02.10.2008 0:00;0,05685
03.10.2008 0:00;0,09317
06.10.2008 0:00;0,11212
07.10.2008 0:00;0,13938
08.10.2008 0:00;0,15123
09.10.2008 0:00;0,1743
10.10.2008 0:00;0,21515
13.10.2008 0:00;0,31044
14.10.2008 0:00;0,39434
15.10.2008 0:00;0,43793
16.10.2008 0:00;0,4816
17.10.2008 0:00;0,49672
20.10.2008 0:00;0,53589
21.10.2008 0:00;0,53904
22.10.2008 0:00;0,61584
23.10.2008 0:00;0,67916
24.10.2008 0:00;0,71114
27.10.2008 0:00;0,78549
28.10.2008 0:00;0,80078
29.10.2008 0:00;0,83132
30.10.2008 0:00;0,82987
31.10.2008 0:00;0,77976
03.11.2008 0:00;0,7408
04.11.2008 0:00;0,82241
05.11.2008 0:00;0,80075
06.11.2008 0:00;0,81258
07.11.2008 0:00;0,8192
10.11.2008 0:00;0,79778
11.11.2008 0:00;0,79203
12.11.2008 0:00;0,80157
13.11.2008 0:00;0,81785
14.11.2008 0:00;0,82542
17.11.2008 0:00;0,81353
18.11.2008 0:00;0,80411
19.11.2008 0:00;0,83075
20.11.2008 0:00;0,84634
21.11.2008 0:00;0,87331
24.11.2008 0:00;0,83239
25.11.2008 0:00;0,85877
26.11.2008 0:00;0,86468
27.11.2008 0:00;0,85843
28.11.2008 0:00;0,87521
01.12.2008 0:00;0,78506
02.12.2008 0:00;0,79687
03.12.2008 0:00;0,79386
04.12.2008 0:00;0,77011
05.12.2008 0:00;0,77411
08.12.2008 0:00;0,77644
09.12.2008 0:00;0,76934
10.12.2008 0:00;0,75325
11.12.2008 0:00;0,73519
12.12.2008 0:00;0,71988
15.12.2008 0:00;0,71864
16.12.2008 0:00;0,70667
17.12.2008 0:00;0,68408
18.12.2008 0:00;0,71833
19.12.2008 0:00;0,73487
22.12.2008 0:00;0,70361
23.12.2008 0:00;0,72053
24.12.2008 0:00;0,72217
25.12.2008 0:00;0,71461
26.12.2008 0:00;0,70337
29.12.2008 0:00;0,67954
30.12.2008 0:00;0,7667
31.12.2008 0:00;0,69955
08.01.2009 0:00;0,71647
09.01.2009 0:00;0,73893
12.01.2009 0:00;0,77998
13.01.2009 0:00;0,77863
14.01.2009 0:00;0,75869
15.01.2009 0:00;0,80139
16.01.2009 0:00;0,74664
19.01.2009 0:00;0,77157
20.01.2009 0:00;0,76567
21.01.2009 0:00;0,75413
22.01.2009 0:00;0,71611
23.01.2009 0:00;0,73835
26.01.2009 0:00;0,74331
27.01.2009 0:00;0,77286
28.01.2009 0:00;0,8084
29.01.2009 0:00;0,77549
30.01.2009 0:00;0,77325
02.02.2009 0:00;0,78183
03.02.2009 0:00;0,83756
04.02.2009 0:00;0,83731
05.02.2009 0:00;0,8646
06.02.2009 0:00;0,77902
09.02.2009 0:00;0,73228
10.02.2009 0:00;0,7704
11.02.2009 0:00;0,75985
12.02.2009 0:00;0,77532
13.02.2009 0:00;0,78136
16.02.2009 0:00;0,79117
17.02.2009 0:00;0,84019
18.02.2009 0:00;0,87678
19.02.2009 0:00;0,88229
20.02.2009 0:00;0,91678
23.02.2009 0:00;0,90291
24.02.2009 0:00;0,96082
25.02.2009 0:00;0,98304
26.02.2009 0:00;0,93006
27.02.2009 0:00;0,96543
02.03.2009 0:00;0,89467
03.03.2009 0:00;1
04.03.2009 0:00;0,93215
05.03.2009 0:00;0,92447
06.03.2009 0:00;0,98253
10.03.2009 0:00;0,89822
11.03.2009 0:00;0,86495
12.03.2009 0:00;0,83917
13.03.2009 0:00;0,87383
16.03.2009 0:00;0,77363
17.03.2009 0:00;0,75545
18.03.2009 0:00;0,7192
19.03.2009 0:00;0,69276
20.03.2009 0:00;0,69403
23.03.2009 0:00;0,65233
24.03.2009 0:00;0,63847
25.03.2009 0:00;0,63724
26.03.2009 0:00;0,64821
27.03.2009 0:00;0,63836
30.03.2009 0:00;0,62041
31.03.2009 0:00;0,60641
01.04.2009 0:00;0,59562
02.04.2009 0:00;0,58404
03.04.2009 0:00;0,56926
06.04.2009 0:00;0,57698
07.04.2009 0:00;0,56039
08.04.2009 0:00;0,52539
09.04.2009 0:00;0,55237
10.04.2009 0:00;0,5472
13.04.2009 0:00;0,52505
14.04.2009 0:00;0,50359
15.04.2009 0:00;0,48285
16.04.2009 0:00;0,46066
17.04.2009 0:00;0,42849
21.04.2009 0:00;0,42588
22.04.2009 0:00;0,43708
23.04.2009 0:00;0,42775
24.04.2009 0:00;0,41778
27.04.2009 0:00;0,4071
28.04.2009 0:00;0,4058
29.04.2009 0:00;0,40977
30.04.2009 0:00;0,39588
05.05.2009 0:00;0,37718
06.05.2009 0:00;0,36795
07.05.2009 0:00;0,33992
08.05.2009 0:00;0,32988
12.05.2009 0:00;0,32689
13.05.2009 0:00;0,29331
14.05.2009 0:00;0,26913
15.05.2009 0:00;0,24583
18.05.2009 0:00;0,21232
19.05.2009 0:00;0,20577
20.05.2009 0:00;0,19699
21.05.2009 0:00;0,18266
22.05.2009 0:00;0,17316
25.05.2009 0:00;0,17435
26.05.2009 0:00;0,16191
27.05.2009 0:00;0,16191
28.05.2009 0:00;0,16358
29.05.2009 0:00;0,1581
01.06.2009 0:00;0,15318
02.06.2009 0:00;0,15773
03.06.2009 0:00;0,15595
04.06.2009 0:00;0,15427
05.06.2009 0:00;0,14604
09.06.2009 0:00;0,14302
10.06.2009 0:00;0,14365
11.06.2009 0:00;0,12515
12.06.2009 0:00;0,12802
15.06.2009 0:00;0,12678
16.06.2009 0:00;0,11842
17.06.2009 0:00;0,12803
18.06.2009 0:00;0,1226
19.06.2009 0:00;0,11897
22.06.2009 0:00;0,12823
23.06.2009 0:00;0,12841
24.06.2009 0:00;0,12645
25.06.2009 0:00;0,12036
26.06.2009 0:00;0,11658
30.06.2009 0:00;0,10885
01.07.2009 0:00;0,10573
02.07.2009 0:00;0,08999
03.07.2009 0:00;0,08408
06.07.2009 0:00;0,08452
07.07.2009 0:00;0,08496
08.07.2009 0:00;0,08459
09.07.2009 0:00;0,08633
10.07.2009 0:00;0,08495
13.07.2009 0:00;0,06742
14.07.2009 0:00;0,07514
15.07.2009 0:00;0,07594
16.07.2009 0:00;0,0712
17.07.2009 0:00;0,07948
20.07.2009 0:00;0,0769
21.07.2009 0:00;0,07607
22.07.2009 0:00;0,07553
23.07.2009 0:00;0,07556
24.07.2009 0:00;0,07943
27.07.2009 0:00;0,0812
28.07.2009 0:00;0,06788
29.07.2009 0:00;0,06456
30.07.2009 0:00;0,06612
31.07.2009 0:00;0,06043
03.08.2009 0:00;0,0475
04.08.2009 0:00;0,03211
05.08.2009 0:00;0,02928
06.08.2009 0:00;0,02374
07.08.2009 0:00;0,02235
10.08.2009 0:00;0,02253
11.08.2009 0:00;0,02075
12.08.2009 0:00;0,01906
13.08.2009 0:00;0,02475
14.08.2009 0:00;0,02663
17.08.2009 0:00;0,02389
18.08.2009 0:00;0,01897
19.08.2009 0:00;0,02131
20.08.2009 0:00;0,01781
21.08.2009 0:00;0,01864
25.08.2009 0:00;0,01682
26.08.2009 0:00;0,01747
27.08.2009 0:00;0,01518
28.08.2009 0:00;0,01719
31.08.2009 0:00;0,02083
01.09.2009 0:00;0,04512
02.09.2009 0:00;0,05024
03.09.2009 0:00;0,07059
04.09.2009 0:00;0,08676
07.09.2009 0:00;0,09265
08.09.2009 0:00;0,08383
09.09.2009 0:00;0,09365
10.09.2009 0:00;0,09526
11.09.2009 0:00;0,10771
14.09.2009 0:00;0,09962
15.09.2009 0:00;0,10427
16.09.2009 0:00;0,12006
17.09.2009 0:00;0,12988
18.09.2009 0:00;0,13423
21.09.2009 0:00;0,14888
22.09.2009 0:00;0,13397
23.09.2009 0:00;0,13199
24.09.2009 0:00;0,12399
25.09.2009 0:00;0,12002
28.09.2009 0:00;0,12037
29.09.2009 0:00;0,11333
30.09.2009 0:00;0,11051
01.10.2009 0:00;0,11211
02.10.2009 0:00;0,11049
05.10.2009 0:00;0,11516
06.10.2009 0:00;0,11972
07.10.2009 0:00;0,12896
08.10.2009 0:00;0,16091
09.10.2009 0:00;0,15312
12.10.2009 0:00;0,13734
13.10.2009 0:00;0,13666
14.10.2009 0:00;0,13368
15.10.2009 0:00;0,15341
16.10.2009 0:00;0,1503
19.10.2009 0:00;0,15396
20.10.2009 0:00;0,15336
21.10.2009 0:00;0,13261
22.10.2009 0:00;0,10403
23.10.2009 0:00;0,09038
26.10.2009 0:00;0,08389
27.10.2009 0:00;0,07223
28.10.2009 0:00;0,07452
29.10.2009 0:00;0,06544
30.10.2009 0:00;0,0695
02.11.2009 0:00;0,06329
03.11.2009 0:00;0,06784
04.11.2009 0:00;0,06814
05.11.2009 0:00;0,06463
06.11.2009 0:00;0,06648
09.11.2009 0:00;0,06433
10.11.2009 0:00;0,06306
11.11.2009 0:00;0,06028
12.11.2009 0:00;0,05411
13.11.2009 0:00;0,0555
16.11.2009 0:00;0,05582
17.11.2009 0:00;0,06668
18.11.2009 0:00;0,05824
19.11.2009 0:00;0,05536
20.11.2009 0:00;0,05407
23.11.2009 0:00;0,05248
24.11.2009 0:00;0,05281
25.11.2009 0:00;0,04561
26.11.2009 0:00;0,04531
27.11.2009 0:00;0,04362
30.11.2009 0:00;0,04832
01.12.2009 0:00;0,05051
02.12.2009 0:00;0,0445
03.12.2009 0:00;0,04374
04.12.2009 0:00;0,04189
07.12.2009 0:00;0,03791
08.12.2009 0:00;0,03589
09.12.2009 0:00;0,03324
10.12.2009 0:00;0,03286
11.12.2009 0:00;0,03321
14.12.2009 0:00;0,02785
15.12.2009 0:00;0,02719
16.12.2009 0:00;0,02346
17.12.2009 0:00;0,02259
18.12.2009 0:00;0,02203
21.12.2009 0:00;0,02035
22.12.2009 0:00;0,01537
23.12.2009 0:00;0,01049
24.12.2009 0:00;0,00896
25.12.2009 0:00;0,00824
28.12.2009 0:00;0,00523
29.12.2009 0:00;0,00521
30.12.2009 0:00;0,00678
05.01.2010 0:00;0,00404
06.01.2010 0:00;0,0111
11.01.2010 0:00;0,01314
12.01.2010 0:00;0,01667
13.01.2010 0:00;0,01957
14.01.2010 0:00;0,02414
15.01.2010 0:00;0,02785
18.01.2010 0:00;0,03246
19.01.2010 0:00;0,03206
20.01.2010 0:00;0,0305
21.01.2010 0:00;0,03411
22.01.2010 0:00;0,038
25.01.2010 0:00;0,03668
26.01.2010 0:00;0,03351
27.01.2010 0:00;0,03343
28.01.2010 0:00;0,03436
29.01.2010 0:00;0,03507
01.02.2010 0:00;0,03206
02.02.2010 0:00;0,03186
03.02.2010 0:00;0,03289
04.02.2010 0:00;0,03294
05.02.2010 0:00;0,03142
08.02.2010 0:00;0,03407
09.02.2010 0:00;0,03633
10.02.2010 0:00;0,03755
11.02.2010 0:00;0,04043
12.02.2010 0:00;0,03958
15.02.2010 0:00;0,03436
16.02.2010 0:00;0,03488
17.02.2010 0:00;0,019
18.02.2010 0:00;0,02197
19.02.2010 0:00;0,02203
22.02.2010 0:00;0,02773
23.02.2010 0:00;0,03066
24.02.2010 0:00;0,02892
25.02.2010 0:00;0,02873
26.02.2010 0:00;0,03086
01.03.2010 0:00;0,02683
02.03.2010 0:00;0,02717
03.03.2010 0:00;0,0288
04.03.2010 0:00;0,02954
05.03.2010 0:00;0,02642
09.03.2010 0:00;0,0279
10.03.2010 0:00;0,02945
11.03.2010 0:00;0,02877
12.03.2010 0:00;0,028
15.03.2010 0:00;0,03012
16.03.2010 0:00;0,03209
17.03.2010 0:00;0,03007
18.03.2010 0:00;0,0307
19.03.2010 0:00;0,04038
22.03.2010 0:00;0,03931
23.03.2010 0:00;0,03606
24.03.2010 0:00;0,02912
25.03.2010 0:00;0,02606
26.03.2010 0:00;0,02084
29.03.2010 0:00;0,01337
30.03.2010 0:00;0,0108
31.03.2010 0:00;0,00976
01.04.2010 0:00;0,00809
02.04.2010 0:00;0,00784
06.04.2010 0:00;0,0058
07.04.2010 0:00;0,00807
08.04.2010 0:00;0,01142
09.04.2010 0:00;0,01064
12.04.2010 0:00;0,01246
13.04.2010 0:00;0,01277
14.04.2010 0:00;0,00981
15.04.2010 0:00;0,00857
16.04.2010 0:00;0,0089
19.04.2010 0:00;0,00732
20.04.2010 0:00;0,00619
21.04.2010 0:00;0,00582
22.04.2010 0:00;0,00513
23.04.2010 0:00;0,00499
26.04.2010 0:00;0,0053
27.04.2010 0:00;0,0071
28.04.2010 0:00;0,00695
29.04.2010 0:00;0,00662
30.04.2010 0:00;0,00635
05.05.2010 0:00;0,00448
06.05.2010 0:00;0,00394
07.05.2010 0:00;0,00382
11.05.2010 0:00;0,0047
12.05.2010 0:00;0,00548
13.05.2010 0:00;0,00735
14.05.2010 0:00;0,00832
17.05.2010 0:00;0,00773
18.05.2010 0:00;0,0064
19.05.2010 0:00;0,00756
20.05.2010 0:00;0,00372
21.05.2010 0:00;0,00276
25.05.2010 0:00;0,00249
26.05.2010 0:00;0,00096
27.05.2010 0:00;0,00107
28.05.2010 0:00;0,00111
31.05.2010 0:00;0,00198
01.06.2010 0:00;0,00161
02.06.2010 0:00;0,00188
03.06.2010 0:00;0,00238
04.06.2010 0:00;0,00185
07.06.2010 0:00;0,00273
08.06.2010 0:00;0,00269
09.06.2010 0:00;0,00316
10.06.2010 0:00;0,00288
11.06.2010 0:00;0,00343
14.06.2010 0:00;0,00295
15.06.2010 0:00;0,00211
16.06.2010 0:00;0,00334
17.06.2010 0:00;0,00257
18.06.2010 0:00;0,00259
21.06.2010 0:00;0,00257
22.06.2010 0:00;0,00302
23.06.2010 0:00;0,00311
24.06.2010 0:00;0,00305
25.06.2010 0:00;0,00266
29.06.2010 0:00;0,00197
30.06.2010 0:00;0,00188
01.07.2010 0:00;0,00162
02.07.2010 0:00;0,00177
05.07.2010 0:00;0,00292
06.07.2010 0:00;0,00276
07.07.2010 0:00;0,00375
08.07.2010 0:00;0,00544
09.07.2010 0:00;0,00801
12.07.2010 0:00;0,00936
13.07.2010 0:00;0,00912
14.07.2010 0:00;0,01115
15.07.2010 0:00;0,01077
16.07.2010 0:00;0,01015
19.07.2010 0:00;0,00955
20.07.2010 0:00;0,00987
21.07.2010 0:00;0,00872
22.07.2010 0:00;0,00906
23.07.2010 0:00;0,00885
26.07.2010 0:00;0,0089
27.07.2010 0:00;0,00839
28.07.2010 0:00;0,01042
29.07.2010 0:00;0,00934
30.07.2010 0:00;0,01081
02.08.2010 0:00;0,00846
03.08.2010 0:00;0,01101
04.08.2010 0:00;0,01249
05.08.2010 0:00;0,01089
06.08.2010 0:00;0,01247
09.08.2010 0:00;0,01301
10.08.2010 0:00;0,01366
11.08.2010 0:00;0,01561
12.08.2010 0:00;0,02625
13.08.2010 0:00;0,03555
16.08.2010 0:00;0,03495
17.08.2010 0:00;0,03512
18.08.2010 0:00;0,03725
19.08.2010 0:00;0,03746
20.08.2010 0:00;0,04036
25.08.2010 0:00;0,03557
26.08.2010 0:00;0,03787
27.08.2010 0:00;0,04529
30.08.2010 0:00;0,04702
31.08.2010 0:00;0,04738
01.09.2010 0:00;0,04352
02.09.2010 0:00;0,048
03.09.2010 0:00;0,04508
06.09.2010 0:00;0,04867
07.09.2010 0:00;0,04554
08.09.2010 0:00;0,04939
09.09.2010 0:00;0,04797
10.09.2010 0:00;0,05236
13.09.2010 0:00;0,05046
14.09.2010 0:00;0,04611
15.09.2010 0:00;0,04787
16.09.2010 0:00;0,04469
17.09.2010 0:00;0,04277
20.09.2010 0:00;0,04626
21.09.2010 0:00;0,04643
22.09.2010 0:00;0,04537
23.09.2010 0:00;0,04614
24.09.2010 0:00;0,04689
27.09.2010 0:00;0,0447
28.09.2010 0:00;0,04641
29.09.2010 0:00;0,04452
30.09.2010 0:00;0,04862
01.10.2010 0:00;0,04278
04.10.2010 0:00;0,0476
05.10.2010 0:00;0,04638
06.10.2010 0:00;0,04977
07.10.2010 0:00;0,04658
08.10.2010 0:00;0,04705
11.10.2010 0:00;0,04682
12.10.2010 0:00;0,04787
13.10.2010 0:00;0,04496
14.10.2010 0:00;0,04462
15.10.2010 0:00;0,04662
18.10.2010 0:00;0,03927
19.10.2010 0:00;0,04079
20.10.2010 0:00;0,04247
21.10.2010 0:00;0,0452
22.10.2010 0:00;0,04814
25.10.2010 0:00;0,04712
26.10.2010 0:00;0,04534
27.10.2010 0:00;0,04787
28.10.2010 0:00;0,04871
29.10.2010 0:00;0,05274
01.11.2010 0:00;0,04994
02.11.2010 0:00;0,04947
03.11.2010 0:00;0,05422
04.11.2010 0:00;0,05201
05.11.2010 0:00;0,05462
08.11.2010 0:00;0,05559
09.11.2010 0:00;0,05412
10.11.2010 0:00;0,05848
11.11.2010 0:00;0,0595
12.11.2010 0:00;0,06328
15.11.2010 0:00;0,06231
16.11.2010 0:00;0,05782
17.11.2010 0:00;0,05769
18.11.2010 0:00;0,06045
19.11.2010 0:00;0,06171
22.11.2010 0:00;0,06233
23.11.2010 0:00;0,0611
24.11.2010 0:00;0,06165
25.11.2010 0:00;0,06163
26.11.2010 0:00;0,06666
29.11.2010 0:00;0,06895
30.11.2010 0:00;0,06625
01.12.2010 0:00;0,06253
02.12.2010 0:00;0,06255
03.12.2010 0:00;0,06968
06.12.2010 0:00;0,05661
07.12.2010 0:00;0,04656
08.12.2010 0:00;0,04054
09.12.2010 0:00;0,02888
10.12.2010 0:00;0,02545
13.12.2010 0:00;0,02737
14.12.2010 0:00;0,03546
15.12.2010 0:00;0,04623
16.12.2010 0:00;0,04846
17.12.2010 0:00;0,04929
20.12.2010 0:00;0,05273
21.12.2010 0:00;0,05792
22.12.2010 0:00;0,05556
23.12.2010 0:00;0,05509
24.12.2010 0:00;0,05423
27.12.2010 0:00;0,0523
28.12.2010 0:00;0,05199
29.12.2010 0:00;0,05304
30.12.2010 0:00;0,05153
31.12.2010 0:00;0,05153
05.01.2011 0:00;0,04291
06.01.2011 0:00;0,04086
10.01.2011 0:00;0,04341
11.01.2011 0:00;0,04495
12.01.2011 0:00;0,05056
13.01.2011 0:00;0,04666
14.01.2011 0:00;0,04446
17.01.2011 0:00;0,04208
18.01.2011 0:00;0,04043
19.01.2011 0:00;0,04382
20.01.2011 0:00;0,04687
21.01.2011 0:00;0,04126
24.01.2011 0:00;0,04273
25.01.2011 0:00;0,04032
26.01.2011 0:00;0,04032
27.01.2011 0:00;0,04371
28.01.2011 0:00;0,05186
31.01.2011 0:00;0,05296
01.02.2011 0:00;0,04685
02.02.2011 0:00;0,0473
03.02.2011 0:00;0,05108
04.02.2011 0:00;0,05459
07.02.2011 0:00;0,05211
08.02.2011 0:00;0,05354
09.02.2011 0:00;0,05009
10.02.2011 0:00;0,05666
11.02.2011 0:00;0,05456
14.02.2011 0:00;0,05381
15.02.2011 0:00;0,0543
16.02.2011 0:00;0,05218
17.02.2011 0:00;0,04895
18.02.2011 0:00;0,05048
21.02.2011 0:00;0,05328
22.02.2011 0:00;0,05349
23.02.2011 0:00;0,04348
24.02.2011 0:00;0,04702
25.02.2011 0:00;0,04084
28.02.2011 0:00;0,04955
01.03.2011 0:00;0,04485
02.03.2011 0:00;0,05004
03.03.2011 0:00;0,04679
04.03.2011 0:00;0,03902
09.03.2011 0:00;0,04626
10.03.2011 0:00;0,04129
11.03.2011 0:00;0,03513
14.03.2011 0:00;0,04342
15.03.2011 0:00;0,04971
16.03.2011 0:00;0,04983
17.03.2011 0:00;0,05216
18.03.2011 0:00;0,05627
21.03.2011 0:00;0,05242
22.03.2011 0:00;0,05291
23.03.2011 0:00;0,0509
24.03.2011 0:00;0,0499
25.03.2011 0:00;0,05484
28.03.2011 0:00;0,05565
29.03.2011 0:00;0,05435
30.03.2011 0:00;0,05167
31.03.2011 0:00;0,05394
01.04.2011 0:00;0,05208
04.04.2011 0:00;0,05213
05.04.2011 0:00;0,05298
06.04.2011 0:00;0,05356
07.04.2011 0:00;0,05087
08.04.2011 0:00;0,04994
11.04.2011 0:00;0,04994
12.04.2011 0:00;0,05195
13.04.2011 0:00;0,05019
14.04.2011 0:00;0,05102
15.04.2011 0:00;0,05209
18.04.2011 0:00;0,0488
19.04.2011 0:00;0,04877
20.04.2011 0:00;0,05196
21.04.2011 0:00;0,05404
22.04.2011 0:00;0,045
26.04.2011 0:00;0,04236
27.04.2011 0:00;0,04581
28.04.2011 0:00;0,04269
29.04.2011 0:00;0,04232
04.05.2011 0:00;0,03921
05.05.2011 0:00;0,04062
06.05.2011 0:00;0,04078
10.05.2011 0:00;0,03815
11.05.2011 0:00;0,03955
12.05.2011 0:00;0,0447
13.05.2011 0:00;0,04886
16.05.2011 0:00;0,05565
17.05.2011 0:00;0,05025
18.05.2011 0:00;0,04299
19.05.2011 0:00;0,04101
20.05.2011 0:00;0,04336
23.05.2011 0:00;0,04431
24.05.2011 0:00;0,04329
25.05.2011 0:00;0,04714
26.05.2011 0:00;0,04766
27.05.2011 0:00;0,05052
30.05.2011 0:00;0,05592
31.05.2011 0:00;0,05295
01.06.2011 0:00;0,04869
02.06.2011 0:00;0,04496
03.06.2011 0:00;0,04655
06.06.2011 0:00;0,0461
07.06.2011 0:00;0,0477
08.06.2011 0:00;0,05135
09.06.2011 0:00;0,04679
10.06.2011 0:00;0,04676
14.06.2011 0:00;0,04283
15.06.2011 0:00;0,04959
16.06.2011 0:00;0,05024
17.06.2011 0:00;0,04659
20.06.2011 0:00;0,05291
21.06.2011 0:00;0,04988
22.06.2011 0:00;0,04464
23.06.2011 0:00;0,03197
24.06.2011 0:00;0,02556
29.06.2011 0:00;0,0293
30.06.2011 0:00;0,0294
01.07.2011 0:00;0,03624
04.07.2011 0:00;0,0427
05.07.2011 0:00;0,04563
06.07.2011 0:00;0,04725
07.07.2011 0:00;0,03863
08.07.2011 0:00;0,02553
11.07.2011 0:00;0,0192
12.07.2011 0:00;0,02085
13.07.2011 0:00;0,02024
14.07.2011 0:00;0,02097
15.07.2011 0:00;0,03322
18.07.2011 0:00;0,03876
19.07.2011 0:00;0,03868
20.07.2011 0:00;0,04443
21.07.2011 0:00;0,04634
22.07.2011 0:00;0,04977
25.07.2011 0:00;0,04467
26.07.2011 0:00;0,04375
27.07.2011 0:00;0,04775
28.07.2011 0:00;0,03679
29.07.2011 0:00;0,04283
01.08.2011 0:00;0,04533
02.08.2011 0:00;0,04618
03.08.2011 0:00;0,04958
04.08.2011 0:00;0,05372
05.08.2011 0:00;0,05375
08.08.2011 0:00;0,04681
09.08.2011 0:00;0,03829
10.08.2011 0:00;0,03357
11.08.2011 0:00;0,02524
12.08.2011 0:00;0,02382
15.08.2011 0:00;0,02479
16.08.2011 0:00;0,02195
17.08.2011 0:00;0,02139
18.08.2011 0:00;0,02164
19.08.2011 0:00;0,02356
22.08.2011 0:00;0,02476
23.08.2011 0:00;0,02132
25.08.2011 0:00;0,01524
26.08.2011 0:00;0,01022
29.08.2011 0:00;0,00661
30.08.2011 0:00;0,00714
31.08.2011 0:00;0,01184
01.09.2011 0:00;0,01411
02.09.2011 0:00;0,01557
05.09.2011 0:00;0,01727
06.09.2011 0:00;0,01902
07.09.2011 0:00;0,02176
08.09.2011 0:00;0,02375
09.09.2011 0:00;0,01137
12.09.2011 0:00;0,01136
13.09.2011 0:00;0,0098
14.09.2011 0:00;0,00985
15.09.2011 0:00;0,01267
16.09.2011 0:00;0,0155
19.09.2011 0:00;0,01633
20.09.2011 0:00;0,02022
21.09.2011 0:00;0,02164
22.09.2011 0:00;0,02519
23.09.2011 0:00;0,02794
26.09.2011 0:00;0,03404
27.09.2011 0:00;0,03845
28.09.2011 0:00;0,04031
29.09.2011 0:00;0,03805
30.09.2011 0:00;0,03532
03.10.2011 0:00;0,039
04.10.2011 0:00;0,04437
05.10.2011 0:00;0,05617
06.10.2011 0:00;0,06046
07.10.2011 0:00;0,06638
10.10.2011 0:00;0,07408
11.10.2011 0:00;0,0682
12.10.2011 0:00;0,06512
13.10.2011 0:00;0,06072
14.10.2011 0:00;0,05756
17.10.2011 0:00;0,05691
18.10.2011 0:00;0,05626
19.10.2011 0:00;0,05429
20.10.2011 0:00;0,05909
21.10.2011 0:00;0,06445
24.10.2011 0:00;0,06357
25.10.2011 0:00;0,0622
26.10.2011 0:00;0,06209
27.10.2011 0:00;0,05752
28.10.2011 0:00;0,05047
31.10.2011 0:00;0,0533
01.11.2011 0:00;0,05127
02.11.2011 0:00;0,05492
03.11.2011 0:00;0,04688
04.11.2011 0:00;0,03962
07.11.2011 0:00;0,04115
08.11.2011 0:00;0,03465
09.11.2011 0:00;0,0273
10.11.2011 0:00;0,0245
11.11.2011 0:00;0,02656
14.11.2011 0:00;0,02292
15.11.2011 0:00;0,01557
16.11.2011 0:00;0,01097
17.11.2011 0:00;0,00751
18.11.2011 0:00;0,00693
21.11.2011 0:00;0,00707
22.11.2011 0:00;0,00715
23.11.2011 0:00;0,00842
24.11.2011 0:00;0,01164
25.11.2011 0:00;0,00967
28.11.2011 0:00;0,01255
29.11.2011 0:00;0,02748
30.11.2011 0:00;0,04038
01.12.2011 0:00;0,04363
02.12.2011 0:00;0,03933
05.12.2011 0:00;0,04244
06.12.2011 0:00;0,04009
07.12.2011 0:00;0,03939
08.12.2011 0:00;0,03838
09.12.2011 0:00;0,03819
12.12.2011 0:00;0,02752
13.12.2011 0:00;0,03184
14.12.2011 0:00;0,03535
15.12.2011 0:00;0,03463
16.12.2011 0:00;0,03936
19.12.2011 0:00;0,04244
20.12.2011 0:00;0,03906
21.12.2011 0:00;0,04012
22.12.2011 0:00;0,03927
23.12.2011 0:00;0,03449
26.12.2011 0:00;0,01947
27.12.2011 0:00;0,01533
28.12.2011 0:00;0,00814
29.12.2011 0:00;0,00661
30.12.2011 0:00;0,00661
04.01.2012 0:00;0,00519
05.01.2012 0:00;0,00408
06.01.2012 0:00;0,00379
10.01.2012 0:00;0,00317
11.01.2012 0:00;0,00908
12.01.2012 0:00;0,01076
13.01.2012 0:00;0,01228
16.01.2012 0:00;0,01299
17.01.2012 0:00;0,01168
18.01.2012 0:00;0,01157
19.01.2012 0:00;0,01259
20.01.2012 0:00;0,01488
23.01.2012 0:00;0,01535
24.01.2012 0:00;0,01138
25.01.2012 0:00;0,00401
26.01.2012 0:00;0,00638
27.01.2012 0:00;0,01104
30.01.2012 0:00;0,0073
31.01.2012 0:00;0,00519
01.02.2012 0:00;0,00478
02.02.2012 0:00;0,01043
03.02.2012 0:00;0,00921
06.02.2012 0:00;0,00902
07.02.2012 0:00;0,01041
08.02.2012 0:00;0,01462
09.02.2012 0:00;0,01331
10.02.2012 0:00;0,00871
13.02.2012 0:00;0,00656
14.02.2012 0:00;0,00637
15.02.2012 0:00;0,00419
16.02.2012 0:00;0,00764
17.02.2012 0:00;0,00969
20.02.2012 0:00;0,01028
21.02.2012 0:00;0,00671
22.02.2012 0:00;0,00528
23.02.2012 0:00;0,00499
24.02.2012 0:00;0,00512
27.02.2012 0:00;0,00673
28.02.2012 0:00;0,00696
29.02.2012 0:00;0,0063
01.03.2012 0:00;0,00647
02.03.2012 0:00;0,00526
05.03.2012 0:00;0,00572
06.03.2012 0:00;0,00544
07.03.2012 0:00;0,00524
12.03.2012 0:00;0,00604
13.03.2012 0:00;0,00444
14.03.2012 0:00;0,00813
15.03.2012 0:00;0,00976
16.03.2012 0:00;0,01148
19.03.2012 0:00;0,01308
20.03.2012 0:00;0,01853
21.03.2012 0:00;0,02398
22.03.2012 0:00;0,028
23.03.2012 0:00;0,0295
26.03.2012 0:00;0,03136
27.03.2012 0:00;0,03088
28.03.2012 0:00;0,03277
29.03.2012 0:00;0,03194
30.03.2012 0:00;0,02962
02.04.2012 0:00;0,03125
03.04.2012 0:00;0,0338
04.04.2012 0:00;0,03268
05.04.2012 0:00;0,03243
06.04.2012 0:00;0,0317
09.04.2012 0:00;0,03313
10.04.2012 0:00;0,03245
11.04.2012 0:00;0,03074
12.04.2012 0:00;0,02744
13.04.2012 0:00;0,02936
17.04.2012 0:00;0,03131
18.04.2012 0:00;0,02909
19.04.2012 0:00;0,03176
20.04.2012 0:00;0,03223
23.04.2012 0:00;0,03341
24.04.2012 0:00;0,03097
25.04.2012 0:00;0,03208
26.04.2012 0:00;0,03464
27.04.2012 0:00;0,03304
03.05.2012 0:00;0,03254
04.05.2012 0:00;0,03356
07.05.2012 0:00;0,03461
08.05.2012 0:00;0,03455
10.05.2012 0:00;0,03447
11.05.2012 0:00;0,0368
14.05.2012 0:00;0,03813
15.05.2012 0:00;0,0279
16.05.2012 0:00;0,02209
17.05.2012 0:00;0,01891
18.05.2012 0:00;0,01606
21.05.2012 0:00;0,01619
22.05.2012 0:00;0,01563
23.05.2012 0:00;0,01388
24.05.2012 0:00;0,01184
25.05.2012 0:00;0,00945
28.05.2012 0:00;0,00698
29.05.2012 0:00;0,00821
30.05.2012 0:00;0,00996
31.05.2012 0:00;0,01114
01.06.2012 0:00;0,00669
05.06.2012 0:00;0,00739
06.06.2012 0:00;0,00359
07.06.2012 0:00;0,00397
08.06.2012 0:00;0,00383
11.06.2012 0:00;0,00323
12.06.2012 0:00;0,00315
13.06.2012 0:00;0,00332
14.06.2012 0:00;0,0031
15.06.2012 0:00;0,00419
18.06.2012 0:00;0,02139
19.06.2012 0:00;0,03106
20.06.2012 0:00;0,02519
21.06.2012 0:00;0,02217
22.06.2012 0:00;0,01682
25.06.2012 0:00;0,01443
26.06.2012 0:00;0,01268
27.06.2012 0:00;0,00911
02.07.2012 0:00;0,00545
03.07.2012 0:00;0,0059
04.07.2012 0:00;0,00386
05.07.2012 0:00;0,00273
06.07.2012 0:00;0,00294
09.07.2012 0:00;0,00438
10.07.2012 0:00;0,00331
11.07.2012 0:00;0,00267
12.07.2012 0:00;0,00236
13.07.2012 0:00;0,00209
16.07.2012 0:00;0,00217
17.07.2012 0:00;0,00196
18.07.2012 0:00;0,00242
19.07.2012 0:00;0,003
20.07.2012 0:00;0,00357
23.07.2012 0:00;0,00388
24.07.2012 0:00;0,00384
25.07.2012 0:00;0,00343
26.07.2012 0:00;0,00469
27.07.2012 0:00;0,00442
30.07.2012 0:00;0,00497
31.07.2012 0:00;0,00831
01.08.2012 0:00;0,01175
02.08.2012 0:00;0,0096
03.08.2012 0:00;0,00775
06.08.2012 0:00;0,00894
07.08.2012 0:00;0,0105
08.08.2012 0:00;0,01065
09.08.2012 0:00;0,00939
10.08.2012 0:00;0,00723
13.08.2012 0:00;0,00688
14.08.2012 0:00;0,00839
15.08.2012 0:00;0,00859
16.08.2012 0:00;0,00977
17.08.2012 0:00;0,01062
20.08.2012 0:00;0,01384
21.08.2012 0:00;0,01804
22.08.2012 0:00;0,01715
23.08.2012 0:00;0,0169
27.08.2012 0:00;0,01623
28.08.2012 0:00;0,01409
29.08.2012 0:00;0,01318
30.08.2012 0:00;0,01251
31.08.2012 0:00;0,01209
03.09.2012 0:00;0,00946
04.09.2012 0:00;0,00999
05.09.2012 0:00;0,00858
06.09.2012 0:00;0,00783
07.09.2012 0:00;0,00699
10.09.2012 0:00;0,00815
11.09.2012 0:00;0,00608
12.09.2012 0:00;0,00702
13.09.2012 0:00;0,00713
14.09.2012 0:00;0,00478
17.09.2012 0:00;0,00407
18.09.2012 0:00;0,0038
19.09.2012 0:00;0,00372
20.09.2012 0:00;0,00445
21.09.2012 0:00;0,00541
24.09.2012 0:00;0,00475
25.09.2012 0:00;0,00394
26.09.2012 0:00;0,00385
27.09.2012 0:00;0,00334
28.09.2012 0:00;0,00507
01.10.2012 0:00;0,00399
02.10.2012 0:00;0,00352
03.10.2012 0:00;0,00427
04.10.2012 0:00;0,00493
05.10.2012 0:00;0,00772
08.10.2012 0:00;0,00895
09.10.2012 0:00;0,00511
10.10.2012 0:00;0,0077
11.10.2012 0:00;0,00693
12.10.2012 0:00;0,00826
15.10.2012 0:00;0,00733
16.10.2012 0:00;0,00766
17.10.2012 0:00;0,00638
18.10.2012 0:00;0,00717
19.10.2012 0:00;0,00769
22.10.2012 0:00;0,00892
23.10.2012 0:00;0,00759
24.10.2012 0:00;0,00737
25.10.2012 0:00;0,01
26.10.2012 0:00;0,01247
29.10.2012 0:00;0,01453
30.10.2012 0:00;0,01609
31.10.2012 0:00;0,01639
01.11.2012 0:00;0,01033
02.11.2012 0:00;0,01052
05.11.2012 0:00;0,0119
06.11.2012 0:00;0,02748
07.11.2012 0:00;0,0296
08.11.2012 0:00;0,04284
09.11.2012 0:00;0,04924
12.11.2012 0:00;0,05464
13.11.2012 0:00;0,06383
14.11.2012 0:00;0,07188
15.11.2012 0:00;0,08039
16.11.2012 0:00;0,08413
19.11.2012 0:00;0,08287
20.11.2012 0:00;0,0929
21.11.2012 0:00;0,09033
22.11.2012 0:00;0,0822
23.11.2012 0:00;0,07511
26.11.2012 0:00;0,06741
27.11.2012 0:00;0,05514
28.11.2012 0:00;0,04632
29.11.2012 0:00;0,03464
30.11.2012 0:00;0,02085
03.12.2012 0:00;0,02544
04.12.2012 0:00;0,02419
05.12.2012 0:00;0,02348
06.12.2012 0:00;0,01351
07.12.2012 0:00;0,01095
10.12.2012 0:00;0,01069
11.12.2012 0:00;0,01087
12.12.2012 0:00;0,0067
13.12.2012 0:00;0,00767
14.12.2012 0:00;0,00685
17.12.2012 0:00;0,00664
18.12.2012 0:00;0,00583
19.12.2012 0:00;0,0058
20.12.2012 0:00;0,00603
21.12.2012 0:00;0,00574
24.12.2012 0:00;0,00536
25.12.2012 0:00;0,00551
26.12.2012 0:00;0,00534
27.12.2012 0:00;0,00556
28.12.2012 0:00;0,00498
03.01.2013 0:00;0,00498
04.01.2013 0:00;0,0028
08.01.2013 0:00;0,00215
09.01.2013 0:00;0,00213
10.01.2013 0:00;0,00129
11.01.2013 0:00;0,00204
14.01.2013 0:00;0,00187
15.01.2013 0:00;0,00217
16.01.2013 0:00;0,00579
17.01.2013 0:00;0,00434
18.01.2013 0:00;0,00616
21.01.2013 0:00;0,0066
22.01.2013 0:00;0,00619
23.01.2013 0:00;0,00749
24.01.2013 0:00;0,00774
25.01.2013 0:00;0,00697
28.01.2013 0:00;0,00654
29.01.2013 0:00;0,00854
30.01.2013 0:00;0,00778
31.01.2013 0:00;0,00774
01.02.2013 0:00;0,00901
04.02.2013 0:00;0,02201
05.02.2013 0:00;0,0278
06.02.2013 0:00;0,03824
07.02.2013 0:00;0,04713
08.02.2013 0:00;0,05469
11.02.2013 0:00;0,05058
12.02.2013 0:00;0,05642
13.02.2013 0:00;0,05597
14.02.2013 0:00;0,05076
15.02.2013 0:00;0,04138
18.02.2013 0:00;0,02641
19.02.2013 0:00;0,03223
20.02.2013 0:00;0,02698
21.02.2013 0:00;0,03201
22.02.2013 0:00;0,03321
25.02.2013 0:00;0,03943
26.02.2013 0:00;0,04544
27.02.2013 0:00;0,05009
28.02.2013 0:00;0,05552
01.03.2013 0:00;0,05341
04.03.2013 0:00;0,05713
05.03.2013 0:00;0,05624
06.03.2013 0:00;0,05616
07.03.2013 0:00;0,05072
11.03.2013 0:00;0,0541
12.03.2013 0:00;0,05474
13.03.2013 0:00;0,05738
14.03.2013 0:00;0,05588
15.03.2013 0:00;0,05744
18.03.2013 0:00;0,05947
19.03.2013 0:00;0,05784
20.03.2013 0:00;0,05561
21.03.2013 0:00;0,05915
22.03.2013 0:00;0,06105
25.03.2013 0:00;0,046
26.03.2013 0:00;0,03614
27.03.2013 0:00;0,02341
28.03.2013 0:00;0,02031
29.03.2013 0:00;0,01683
01.04.2013 0:00;0,01327
02.04.2013 0:00;0,02641
03.04.2013 0:00;0,02554
04.04.2013 0:00;0,02083
05.04.2013 0:00;0,01891
08.04.2013 0:00;0,01675
09.04.2013 0:00;0,01871
10.04.2013 0:00;0,03147
11.04.2013 0:00;0,0394
12.04.2013 0:00;0,04923
15.04.2013 0:00;0,05663
16.04.2013 0:00;0,03748
17.04.2013 0:00;0,02897
18.04.2013 0:00;0,02857
19.04.2013 0:00;0,02259
22.04.2013 0:00;0,01421
23.04.2013 0:00;0,00999
24.04.2013 0:00;0,00885
25.04.2013 0:00;0,01499
26.04.2013 0:00;0,01753
29.04.2013 0:00;0,02143
30.04.2013 0:00;0,02285
06.05.2013 0:00;0,02285
07.05.2013 0:00;0,01779
08.05.2013 0:00;0,01574
13.05.2013 0:00;0,00982
14.05.2013 0:00;0,01484
15.05.2013 0:00;0,01914
16.05.2013 0:00;0,0213
17.05.2013 0:00;0,02162
20.05.2013 0:00;0,02357
21.05.2013 0:00;0,0177
22.05.2013 0:00;0,01853
23.05.2013 0:00;0,0193
24.05.2013 0:00;0,00995
27.05.2013 0:00;0,01123
28.05.2013 0:00;0,01647
29.05.2013 0:00;0,01878
30.05.2013 0:00;0,02087
31.05.2013 0:00;0,0214
03.06.2013 0:00;0,02995
04.06.2013 0:00;0,02537
05.06.2013 0:00;0,0249
06.06.2013 0:00;0,01929
07.06.2013 0:00;0,01808
10.06.2013 0:00;0,01869
11.06.2013 0:00;0,01354
12.06.2013 0:00;0,01245
13.06.2013 0:00;0,01163
14.06.2013 0:00;0,01194
17.06.2013 0:00;0,0187
18.06.2013 0:00;0,02114
19.06.2013 0:00;0,01879
20.06.2013 0:00;0,01786
21.06.2013 0:00;0,01391
24.06.2013 0:00;0,01391
25.06.2013 0:00;0,0113
26.06.2013 0:00;0,00801
27.06.2013 0:00;0,00775
01.07.2013 0:00;0,01155
02.07.2013 0:00;0,01149
03.07.2013 0:00;0,01329
04.07.2013 0:00;0,01379
05.07.2013 0:00;0,0126
08.07.2013 0:00;0,01167
09.07.2013 0:00;0,00545
10.07.2013 0:00;0,004
11.07.2013 0:00;0,00758
12.07.2013 0:00;0,00809
15.07.2013 0:00;0,00783
16.07.2013 0:00;0,00797
17.07.2013 0:00;0,01466
18.07.2013 0:00;0,01173
19.07.2013 0:00;0,00576
22.07.2013 0:00;0,0058
23.07.2013 0:00;0,00592
24.07.2013 0:00;0,00629
25.07.2013 0:00;0,00536
26.07.2013 0:00;0,00575
29.07.2013 0:00;0,00544
30.07.2013 0:00;0,00715
31.07.2013 0:00;0,00555
01.08.2013 0:00;0,006
02.08.2013 0:00;0,00854
05.08.2013 0:00;0,00794
06.08.2013 0:00;0,00749
07.08.2013 0:00;0,00719
08.08.2013 0:00;0,00696
09.08.2013 0:00;0,00654
12.08.2013 0:00;0,00745
13.08.2013 0:00;0,00727
14.08.2013 0:00;0,01059
15.08.2013 0:00;0,0098
16.08.2013 0:00;0,02204
19.08.2013 0:00;0,02601
20.08.2013 0:00;0,01809
21.08.2013 0:00;0,01522
22.08.2013 0:00;0,01404
23.08.2013 0:00;0,01129
27.08.2013 0:00;0,00924
28.08.2013 0:00;0,00911
29.08.2013 0:00;0,00919
30.08.2013 0:00;0,00872
02.09.2013 0:00;0,00889
03.09.2013 0:00;0,00978
04.09.2013 0:00;0,01001
05.09.2013 0:00;0,00992
06.09.2013 0:00;0,00904
09.09.2013 0:00;0,01107
10.09.2013 0:00;0,01059
11.09.2013 0:00;0,00944
12.09.2013 0:00;0,00799
13.09.2013 0:00;0,00757
16.09.2013 0:00;0,00718
17.09.2013 0:00;0,01126
18.09.2013 0:00;0,00939
19.09.2013 0:00;0,00885
20.09.2013 0:00;0,00926
23.09.2013 0:00;0,00772
24.09.2013 0:00;0,00545
25.09.2013 0:00;0,00264
26.09.2013 0:00;0,00208
27.09.2013 0:00;0,0018
30.09.2013 0:00;0,00183
01.10.2013 0:00;0,0014
02.10.2013 0:00;0,00451
03.10.2013 0:00;0,00305
04.10.2013 0:00;0,00289
07.10.2013 0:00;0,00261
08.10.2013 0:00;0,00222
09.10.2013 0:00;0,00187
10.10.2013 0:00;0,00143
11.10.2013 0:00;0,00105
14.10.2013 0:00;0,00153
15.10.2013 0:00;0,00187
16.10.2013 0:00;0,0027
17.10.2013 0:00;0,00212
18.10.2013 0:00;0,00214
21.10.2013 0:00;0,00217
22.10.2013 0:00;0,00409
23.10.2013 0:00;0,00622
24.10.2013 0:00;0,0065
25.10.2013 0:00;0,00859
28.10.2013 0:00;0,0031
29.10.2013 0:00;0,0023
30.10.2013 0:00;0,00227
31.10.2013 0:00;0,00278
01.11.2013 0:00;0,00214
04.11.2013 0:00;0,004
05.11.2013 0:00;0,00514
06.11.2013 0:00;0,00514
07.11.2013 0:00;0,00547
08.11.2013 0:00;0,00498
11.11.2013 0:00;0,00456
12.11.2013 0:00;0,00348
13.11.2013 0:00;0,00969
14.11.2013 0:00;0,01898
15.11.2013 0:00;0,02475
18.11.2013 0:00;0,02575
19.11.2013 0:00;0,02313
20.11.2013 0:00;0,03228
21.11.2013 0:00;0,03976
22.11.2013 0:00;0,03682
25.11.2013 0:00;0,03525
26.11.2013 0:00;0,03541
27.11.2013 0:00;0,02408
28.11.2013 0:00;0,02254
29.11.2013 0:00;0,02394
02.12.2013 0:00;0,02734
03.12.2013 0:00;0,0198
04.12.2013 0:00;0,03429
05.12.2013 0:00;0,04505
06.12.2013 0:00;0,05164
09.12.2013 0:00;0,06091
10.12.2013 0:00;0,05495
11.12.2013 0:00;0,05092
12.12.2013 0:00;0,05274
13.12.2013 0:00;0,05009
16.12.2013 0:00;0,04798
17.12.2013 0:00;0,04363
18.12.2013 0:00;0,03542
19.12.2013 0:00;0,02915
20.12.2013 0:00;0,03184
23.12.2013 0:00;0,02987
24.12.2013 0:00;0,03003
25.12.2013 0:00;0,03024
26.12.2013 0:00;0,03394
27.12.2013 0:00;0,03159
30.12.2013 0:00;0,02854
31.12.2013 0:00;0,02957
08.01.2014 0:00;0,01828
09.01.2014 0:00;0,0198
10.01.2014 0:00;0,02147
13.01.2014 0:00;0,01813
14.01.2014 0:00;0,01663
15.01.2014 0:00;0,01568
16.01.2014 0:00;0,01444
17.01.2014 0:00;0,01332
20.01.2014 0:00;0,01594
21.01.2014 0:00;0,01386
22.01.2014 0:00;0,01193
23.01.2014 0:00;0,01423
24.01.2014 0:00;0,02246
27.01.2014 0:00;0,02581
28.01.2014 0:00;0,02974
29.01.2014 0:00;0,03738
30.01.2014 0:00;0,04342
31.01.2014 0:00;0,05279
03.02.2014 0:00;0,06226
04.02.2014 0:00;0,0859
05.02.2014 0:00;0,11264
06.02.2014 0:00;0,14039
07.02.2014 0:00;0,17517
10.02.2014 0:00;0,19116
11.02.2014 0:00;0,19619
12.02.2014 0:00;0,20089
13.02.2014 0:00;0,19742
14.02.2014 0:00;0,20257
17.02.2014 0:00;0,19117
18.02.2014 0:00;0,20513
19.02.2014 0:00;0,23994
20.02.2014 0:00;0,25053
21.02.2014 0:00;0,26804
24.02.2014 0:00;0,26481
25.02.2014 0:00;0,2681
26.02.2014 0:00;0,2776
27.02.2014 0:00;0,2937
28.02.2014 0:00;0,29366
03.03.2014 0:00;0,37453
04.03.2014 0:00;0,3791
05.03.2014 0:00;0,38975
06.03.2014 0:00;0,4039
07.03.2014 0:00;0,40138
11.03.2014 0:00;0,39758
12.03.2014 0:00;0,41663
13.03.2014 0:00;0,43696
14.03.2014 0:00;0,4345
17.03.2014 0:00;0,43962
18.03.2014 0:00;0,44834
19.03.2014 0:00;0,44645
20.03.2014 0:00;0,45576
21.03.2014 0:00;0,45002
24.03.2014 0:00;0,45166
25.03.2014 0:00;0,4421
26.03.2014 0:00;0,42939
27.03.2014 0:00;0,42402
28.03.2014 0:00;0,40889
31.03.2014 0:00;0,40829
01.04.2014 0:00;0,41052
02.04.2014 0:00;0,40918
03.04.2014 0:00;0,40683
04.04.2014 0:00;0,39426
07.04.2014 0:00;0,39794
08.04.2014 0:00;0,39925
09.04.2014 0:00;0,40327
10.04.2014 0:00;0,41345
11.04.2014 0:00;0,43139
14.04.2014 0:00;0,37165
15.04.2014 0:00;0,35134
16.04.2014 0:00;0,36573
17.04.2014 0:00;0,37715
18.04.2014 0:00;0,37419
22.04.2014 0:00;0,37708
23.04.2014 0:00;0,37113
24.04.2014 0:00;0,36422
25.04.2014 0:00;0,34919
28.04.2014 0:00;0,36187
29.04.2014 0:00;0,35912
30.04.2014 0:00;0,33834
05.05.2014 0:00;0,33829
06.05.2014 0:00;0,33481
07.05.2014 0:00;0,32738
08.05.2014 0:00;0,32927
12.05.2014 0:00;0,31879
13.05.2014 0:00;0,32903
14.05.2014 0:00;0,33122
15.05.2014 0:00;0,32603
16.05.2014 0:00;0,32057
19.05.2014 0:00;0,3099
20.05.2014 0:00;0,30719
21.05.2014 0:00;0,29744
22.05.2014 0:00;0,28019
23.05.2014 0:00;0,29083
26.05.2014 0:00;0,32454
27.05.2014 0:00;0,31136
28.05.2014 0:00;0,30721
29.05.2014 0:00;0,30503
30.05.2014 0:00;0,29958
02.06.2014 0:00;0,30774
03.06.2014 0:00;0,30221
04.06.2014 0:00;0,2927
05.06.2014 0:00;0,27787
06.06.2014 0:00;0,2645
10.06.2014 0:00;0,26205
11.06.2014 0:00;0,23804
12.06.2014 0:00;0,23786
13.06.2014 0:00;0,24424
16.06.2014 0:00;0,24478
17.06.2014 0:00;0,26148
18.06.2014 0:00;0,26076
19.06.2014 0:00;0,26333
20.06.2014 0:00;0,26045
23.06.2014 0:00;0,25231
24.06.2014 0:00;0,2458
25.06.2014 0:00;0,25033
26.06.2014 0:00;0,24189
27.06.2014 0:00;0,23914
01.07.2014 0:00;0,22554
02.07.2014 0:00;0,22104
03.07.2014 0:00;0,22085
04.07.2014 0:00;0,2199
07.07.2014 0:00;0,21446
08.07.2014 0:00;0,18702
09.07.2014 0:00;0,17927
10.07.2014 0:00;0,15933
11.07.2014 0:00;0,14898
14.07.2014 0:00;0,14986
15.07.2014 0:00;0,14718
16.07.2014 0:00;0,14781
17.07.2014 0:00;0,14884
18.07.2014 0:00;0,15978
21.07.2014 0:00;0,16926
22.07.2014 0:00;0,17232
23.07.2014 0:00;0,17686
24.07.2014 0:00;0,16872
25.07.2014 0:00;0,17164
28.07.2014 0:00;0,18364
29.07.2014 0:00;0,18379
30.07.2014 0:00;0,18815
31.07.2014 0:00;0,18675
01.08.2014 0:00;0,18465
04.08.2014 0:00;0,19203
05.08.2014 0:00;0,20199
06.08.2014 0:00;0,20985
07.08.2014 0:00;0,21314
08.08.2014 0:00;0,21549
11.08.2014 0:00;0,22427
12.08.2014 0:00;0,24362
13.08.2014 0:00;0,23999
14.08.2014 0:00;0,23295
15.08.2014 0:00;0,23757
18.08.2014 0:00;0,24429
19.08.2014 0:00;0,24235
20.08.2014 0:00;0,24051
21.08.2014 0:00;0,24371
22.08.2014 0:00;0,2507
26.08.2014 0:00;0,24718
27.08.2014 0:00;0,24205
28.08.2014 0:00;0,26548
29.08.2014 0:00;0,28092
01.09.2014 0:00;0,28243
02.09.2014 0:00;0,28446
03.09.2014 0:00;0,30307
04.09.2014 0:00;0,30538
05.09.2014 0:00;0,28976
08.09.2014 0:00;0,29952
09.09.2014 0:00;0,3071
10.09.2014 0:00;0,31584
11.09.2014 0:00;0,31509
12.09.2014 0:00;0,32148
15.09.2014 0:00;0,33814
16.09.2014 0:00;0,34793
17.09.2014 0:00;0,35846
18.09.2014 0:00;0,35723
19.09.2014 0:00;0,3585
22.09.2014 0:00;0,3714
23.09.2014 0:00;0,37864
24.09.2014 0:00;0,36236
25.09.2014 0:00;0,34919
26.09.2014 0:00;0,36161
29.09.2014 0:00;0,38623
30.09.2014 0:00;0,37901
01.10.2014 0:00;0,36748
02.10.2014 0:00;0,37349
03.10.2014 0:00;0,37062
06.10.2014 0:00;0,37111
07.10.2014 0:00;0,37359
08.10.2014 0:00;0,36629
09.10.2014 0:00;0,35007
10.10.2014 0:00;0,36818
13.10.2014 0:00;0,36131
14.10.2014 0:00;0,35097
15.10.2014 0:00;0,32849
16.10.2014 0:00;0,33306
17.10.2014 0:00;0,32943
20.10.2014 0:00;0,33745
21.10.2014 0:00;0,32997
22.10.2014 0:00;0,32289
23.10.2014 0:00;0,31843
24.10.2014 0:00;0,32004
27.10.2014 0:00;0,31621
28.10.2014 0:00;0,31436
29.10.2014 0:00;0,32232
30.10.2014 0:00;0,31753
31.10.2014 0:00;0,31637
03.11.2014 0:00;0,30645
04.11.2014 0:00;0,31715
05.11.2014 0:00;0,32061
06.11.2014 0:00;0,31716
07.11.2014 0:00;0,3197
10.11.2014 0:00;0,31
11.11.2014 0:00;0,31386
12.11.2014 0:00;0,33593
13.11.2014 0:00;0,36324
14.11.2014 0:00;0,3613
17.11.2014 0:00;0,37032
18.11.2014 0:00;0,38025
19.11.2014 0:00;0,39911
20.11.2014 0:00;0,39256
21.11.2014 0:00;0,38867
24.11.2014 0:00;0,39316
25.11.2014 0:00;0,39082
26.11.2014 0:00;0,40782
27.11.2014 0:00;0,41417
28.11.2014 0:00;0,42924
01.12.2014 0:00;0,44026
02.12.2014 0:00;0,4534
03.12.2014 0:00;0,45932
04.12.2014 0:00;0,44864
05.12.2014 0:00;0,46951
08.12.2014 0:00;0,47452
09.12.2014 0:00;0,47041
10.12.2014 0:00;0,49445
11.12.2014 0:00;0,48859
12.12.2014 0:00;0,4999
15.12.2014 0:00;0,52201
16.12.2014 0:00;0,56027
17.12.2014 0:00;0,532
18.12.2014 0:00;0,53285
19.12.2014 0:00;0,53911
22.12.2014 0:00;0,51993
23.12.2014 0:00;0,54644
24.12.2014 0:00;0,54001
25.12.2014 0:00;0,53593
26.12.2014 0:00;0,51243
29.12.2014 0:00;0,53917
30.12.2014 0:00;0,56037
05.01.2015 0:00;0,52263
06.01.2015 0:00;0,54663
08.01.2015 0:00;0,52025
09.01.2015 0:00;0,52154
12.01.2015 0:00;0,54047
13.01.2015 0:00;0,54629
14.01.2015 0:00;0,54104
15.01.2015 0:00;0,55621
16.01.2015 0:00;0,55528
19.01.2015 0:00;0,53653
20.01.2015 0:00;0,54051
21.01.2015 0:00;0,5582
22.01.2015 0:00;0,57507
23.01.2015 0:00;0,56633
26.01.2015 0:00;0,56341
27.01.2015 0:00;0,57313
28.01.2015 0:00;0,58363
29.01.2015 0:00;0,608
30.01.2015 0:00;0,61343
02.02.2015 0:00;0,62472
03.02.2015 0:00;0,63127
04.02.2015 0:00;0,62676
05.02.2015 0:00;0,67224
06.02.2015 0:00;0,68654
09.02.2015 0:00;0,75956
10.02.2015 0:00;0,70473
11.02.2015 0:00;0,75914
12.02.2015 0:00;0,70087
13.02.2015 0:00;0,69071
16.02.2015 0:00;0,71539
17.02.2015 0:00;0,7172
18.02.2015 0:00;0,78741
19.02.2015 0:00;0,80083
20.02.2015 0:00;0,80449
23.02.2015 0:00;0,82421
24.02.2015 0:00;0,80892
25.02.2015 0:00;0,87022
26.02.2015 0:00;0,82374
27.02.2015 0:00;0,83803
02.03.2015 0:00;0,82801
03.03.2015 0:00;0,82849
04.03.2015 0:00;0,81889
05.03.2015 0:00;0,8072
06.03.2015 0:00;0,81392
10.03.2015 0:00;0,80266
11.03.2015 0:00;0,79797
12.03.2015 0:00;0,79821
13.03.2015 0:00;0,78502
16.03.2015 0:00;0,83343
17.03.2015 0:00;0,84554
18.03.2015 0:00;0,90008
19.03.2015 0:00;0,83806
20.03.2015 0:00;0,90068
23.03.2015 0:00;0,89448
24.03.2015 0:00;0,88649
25.03.2015 0:00;0,85394
26.03.2015 0:00;0,83197
27.03.2015 0:00;0,85399
30.03.2015 0:00;0,84446
31.03.2015 0:00;0,85038
01.04.2015 0:00;0,88218
02.04.2015 0:00;0,88391
03.04.2015 0:00;0,90314
06.04.2015 0:00;0,90399
07.04.2015 0:00;0,88183
08.04.2015 0:00;0,87677
09.04.2015 0:00;0,82949
10.04.2015 0:00;0,82399
14.04.2015 0:00;0,80055
15.04.2015 0:00;0,75631
16.04.2015 0:00;0,73809
17.04.2015 0:00;0,73272
20.04.2015 0:00;0,74447
21.04.2015 0:00;0,67749
22.04.2015 0:00;0,68977
23.04.2015 0:00;0,65903
24.04.2015 0:00;0,68026
27.04.2015 0:00;0,66851
28.04.2015 0:00;0,6523
29.04.2015 0:00;0,64959
30.04.2015 0:00;0,6577
05.05.2015 0:00;0,63268
06.05.2015 0:00;0,61574
07.05.2015 0:00;0,58695
08.05.2015 0:00;0,56751
12.05.2015 0:00;0,56497
13.05.2015 0:00;0,56983
14.05.2015 0:00;0,5741
15.05.2015 0:00;0,56514
18.05.2015 0:00;0,57212
19.05.2015 0:00;0,60932
20.05.2015 0:00;0,59632
21.05.2015 0:00;0,59249
22.05.2015 0:00;0,59175
25.05.2015 0:00;0,59893
26.05.2015 0:00;0,59475
27.05.2015 0:00;0,60299
28.05.2015 0:00;0,57247
29.05.2015 0:00;0,55892
02.06.2015 0:00;0,55089
03.06.2015 0:00;0,5373
04.06.2015 0:00;0,53207
05.06.2015 0:00;0,52453
08.06.2015 0:00;0,51011
09.06.2015 0:00;0,50411
10.06.2015 0:00;0,51341
11.06.2015 0:00;0,52309
12.06.2015 0:00;0,53626
15.06.2015 0:00;0,5444
16.06.2015 0:00;0,56637
17.06.2015 0:00;0,56596
18.06.2015 0:00;0,56545
19.06.2015 0:00;0,57234
22.06.2015 0:00;0,5621
23.06.2015 0:00;0,54423
24.06.2015 0:00;0,56975
25.06.2015 0:00;0,55286
26.06.2015 0:00;0,52929
30.06.2015 0:00;0,5569
01.07.2015 0:00;0,54065
02.07.2015 0:00;0,53144
03.07.2015 0:00;0,54335
06.07.2015 0:00;0,52876
07.07.2015 0:00;0,5194
08.07.2015 0:00;0,48188
09.07.2015 0:00;0,47728
10.07.2015 0:00;0,46085
13.07.2015 0:00;0,45221
14.07.2015 0:00;0,45573
15.07.2015 0:00;0,45386
16.07.2015 0:00;0,48371
17.07.2015 0:00;0,47228
20.07.2015 0:00;0,48204
21.07.2015 0:00;0,47173
22.07.2015 0:00;0,48105
23.07.2015 0:00;0,48148
24.07.2015 0:00;0,48035
27.07.2015 0:00;0,49553
28.07.2015 0:00;0,49943
29.07.2015 0:00;0,48797
30.07.2015 0:00;0,49123
31.07.2015 0:00;0,48438
03.08.2015 0:00;0,48438
04.08.2015 0:00;0,4927
05.08.2015 0:00;0,51057
06.08.2015 0:00;0,48791
07.08.2015 0:00;0,49341
10.08.2015 0:00;0,47315
11.08.2015 0:00;0,46846
12.08.2015 0:00;0,45666
13.08.2015 0:00;0,45542
14.08.2015 0:00;0,46129
17.08.2015 0:00;0,45336
18.08.2015 0:00;0,44161
19.08.2015 0:00;0,44692
20.08.2015 0:00;0,464
21.08.2015 0:00;0,47038
25.08.2015 0:00;0,47313
26.08.2015 0:00;0,50639
27.08.2015 0:00;0,4375
28.08.2015 0:00;0,40312
31.08.2015 0:00;0,4217
01.09.2015 0:00;0,3902
02.09.2015 0:00;0,38829
03.09.2015 0:00;0,38849
04.09.2015 0:00;0,3699
07.09.2015 0:00;0,36441
08.09.2015 0:00;0,38795
09.09.2015 0:00;0,38474
10.09.2015 0:00;0,37211
11.09.2015 0:00;0,34088
14.09.2015 0:00;0,3456
15.09.2015 0:00;0,34002
16.09.2015 0:00;0,3365
17.09.2015 0:00;0,34757
18.09.2015 0:00;0,38151
21.09.2015 0:00;0,36822
22.09.2015 0:00;0,36637
23.09.2015 0:00;0,35539
24.09.2015 0:00;0,36142
25.09.2015 0:00;0,37779
28.09.2015 0:00;0,37193
29.09.2015 0:00;0,36852
30.09.2015 0:00;0,37113
01.10.2015 0:00;0,36972
02.10.2015 0:00;0,36109
05.10.2015 0:00;0,34109
06.10.2015 0:00;0,35667
07.10.2015 0:00;0,34388
08.10.2015 0:00;0,33293
09.10.2015 0:00;0,33956
12.10.2015 0:00;0,34338
13.10.2015 0:00;0,33683
15.10.2015 0:00;0,32735
16.10.2015 0:00;0,32642
19.10.2015 0:00;0,33165
20.10.2015 0:00;0,33344
21.10.2015 0:00;0,31531
22.10.2015 0:00;0,33083
23.10.2015 0:00;0,34923
26.10.2015 0:00;0,28827
27.10.2015 0:00;0,29684
28.10.2015 0:00;0,35454
29.10.2015 0:00;0,35463
30.10.2015 0:00;0,35275
02.11.2015 0:00;0,34821
03.11.2015 0:00;0,34353
04.11.2015 0:00;0,34865
05.11.2015 0:00;0,31547
06.11.2015 0:00;0,32196
09.11.2015 0:00;0,31267
10.11.2015 0:00;0,32328
11.11.2015 0:00;0,29768
12.11.2015 0:00;0,35108
13.11.2015 0:00;0,31382
16.11.2015 0:00;0,34279
17.11.2015 0:00;0,28043
18.11.2015 0:00;0,26716
19.11.2015 0:00;0,28116
20.11.2015 0:00;0,27846
23.11.2015 0:00;0,28484
24.11.2015 0:00;0,27913
25.11.2015 0:00;0,2757
26.11.2015 0:00;0,28322
27.11.2015 0:00;0,28243
30.11.2015 0:00;0,2965
01.12.2015 0:00;0,29749
02.12.2015 0:00;0,30685
03.12.2015 0:00;0,30516
04.12.2015 0:00;0,31788
07.12.2015 0:00;0,25894
08.12.2015 0:00;0,30436
09.12.2015 0:00;0,28785
10.12.2015 0:00;0,27618
11.12.2015 0:00;0,28716
14.12.2015 0:00;0,29991
15.12.2015 0:00;0,3082
16.12.2015 0:00;0,30742
17.12.2015 0:00;0,3044
18.12.2015 0:00;0,31352
21.12.2015 0:00;0,32398
22.12.2015 0:00;0,31568
23.12.2015 0:00;0,31394
24.12.2015 0:00;0,31776
25.12.2015 0:00;0,31359
28.12.2015 0:00;0,30423
29.12.2015 0:00;0,30582
30.12.2015 0:00;0,30604
05.01.2016 0:00;0,30604
06.01.2016 0:00;0,2673
11.01.2016 0:00;0,22107
12.01.2016 0:00;0,28877
13.01.2016 0:00;0,27142
14.01.2016 0:00;0,23305
15.01.2016 0:00;0,23679
18.01.2016 0:00;0,23745
19.01.2016 0:00;0,24747
20.01.2016 0:00;0,28307
21.01.2016 0:00;0,24751
22.01.2016 0:00;0,28877
25.01.2016 0:00;0,27981
26.01.2016 0:00;0,29381
27.01.2016 0:00;0,29931
28.01.2016 0:00;0,30674
29.01.2016 0:00;0,3114
01.02.2016 0:00;0,29423
02.02.2016 0:00;0,30725
03.02.2016 0:00;0,30209
04.02.2016 0:00;0,27901
05.02.2016 0:00;0,24095
08.02.2016 0:00;0,22931
09.02.2016 0:00;0,23042
10.02.2016 0:00;0,2539
11.02.2016 0:00;0,24443
12.02.2016 0:00;0,23482
15.02.2016 0:00;0,26025
16.02.2016 0:00;0,25842
17.02.2016 0:00;0,2447
18.02.2016 0:00;0,24258
19.02.2016 0:00;0,25555
22.02.2016 0:00;0,24786
23.02.2016 0:00;0,22804
24.02.2016 0:00;0,23572
25.02.2016 0:00;0,24745
26.02.2016 0:00;0,24872
29.02.2016 0:00;0,24222
01.03.2016 0:00;0,22927
02.03.2016 0:00;0,2162
03.03.2016 0:00;0,22408
04.03.2016 0:00;0,21976
09.03.2016 0:00;0,1991
10.03.2016 0:00;0,1974
11.03.2016 0:00;0,20332
12.03.2016 0:00;0,20285
14.03.2016 0:00;0,21914
15.03.2016 0:00;0,2159
16.03.2016 0:00;0,20333
17.03.2016 0:00;0,19483
18.03.2016 0:00;0,22216
21.03.2016 0:00;0,22512
22.03.2016 0:00;0,19482
23.03.2016 0:00;0,2025
24.03.2016 0:00;0,20812
25.03.2016 0:00;0,2092
28.03.2016 0:00;0,2145
29.03.2016 0:00;0,22154
30.03.2016 0:00;0,23447
31.03.2016 0:00;0,21389
01.04.2016 0:00;0,21234
04.04.2016 0:00;0,20826
05.04.2016 0:00;0,21733
06.04.2016 0:00;0,21058
07.04.2016 0:00;0,20343
08.04.2016 0:00;0,20685
11.04.2016 0:00;0,20331
12.04.2016 0:00;0,22255
13.04.2016 0:00;0,19029
14.04.2016 0:00;0,19341
15.04.2016 0:00;0,19015
18.04.2016 0:00;0,20041
19.04.2016 0:00;0,2294
20.04.2016 0:00;0,20245
21.04.2016 0:00;0,19275
22.04.2016 0:00;0,1787
25.04.2016 0:00;0,17941
26.04.2016 0:00;0,17534
27.04.2016 0:00;0,17697
28.04.2016 0:00;0,17132
29.04.2016 0:00;0,16268
04.05.2016 0:00;0,15787
05.05.2016 0:00;0,16086
06.05.2016 0:00;0,1681
10.05.2016 0:00;0,15525
11.05.2016 0:00;0,15429
12.05.2016 0:00;0,14839
13.05.2016 0:00;0,14621
16.05.2016 0:00;0,14664
17.05.2016 0:00;0,14645
18.05.2016 0:00;0,14952
19.05.2016 0:00;0,14909
20.05.2016 0:00;0,14572
23.05.2016 0:00;0,14488
24.05.2016 0:00;0,15064
25.05.2016 0:00;0,14611
26.05.2016 0:00;0,14768
27.05.2016 0:00;0,14342
30.05.2016 0:00;0,14987
31.05.2016 0:00;0,13782
01.06.2016 0:00;0,13521
02.06.2016 0:00;0,13192
03.06.2016 0:00;0,13104
06.06.2016 0:00;0,10704
07.06.2016 0:00;0,07894
08.06.2016 0:00;0,08599
09.06.2016 0:00;0,09429
10.06.2016 0:00;0,09419
13.06.2016 0:00;0,10133
14.06.2016 0:00;0,10889
15.06.2016 0:00;0,12409
16.06.2016 0:00;0,13337
17.06.2016 0:00;0,12851
21.06.2016 0:00;0,13066
22.06.2016 0:00;0,12913
23.06.2016 0:00;0,11807
24.06.2016 0:00;0,12561
29.06.2016 0:00;0,1116
30.06.2016 0:00;0,11118
01.07.2016 0:00;0,09327
02.07.2016 0:00;0,08514
04.07.2016 0:00;0,08944
05.07.2016 0:00;0,09054
06.07.2016 0:00;0,08547
07.07.2016 0:00;0,07935
08.07.2016 0:00;0,08141
11.07.2016 0:00;0,07437
12.07.2016 0:00;0,07024
13.07.2016 0:00;0,05572
14.07.2016 0:00;0,04018
15.07.2016 0:00;0,02624
18.07.2016 0:00;0,01964
19.07.2016 0:00;0,01759
20.07.2016 0:00;0,01478
21.07.2016 0:00;0,01527
22.07.2016 0:00;0,01208
25.07.2016 0:00;0,01242
26.07.2016 0:00;0,01331
27.07.2016 0:00;0,0127
28.07.2016 0:00;0,01293
29.07.2016 0:00;0,01445
01.08.2016 0:00;0,01777
02.08.2016 0:00;0,01692
03.08.2016 0:00;0,01454
04.08.2016 0:00;0,01251
05.08.2016 0:00;0,01274
08.08.2016 0:00;0,01946
09.08.2016 0:00;0,01851
10.08.2016 0:00;0,01338
11.08.2016 0:00;0,01361
12.08.2016 0:00;0,01145
15.08.2016 0:00;0,01517
16.08.2016 0:00;0,01599
17.08.2016 0:00;0,01554
18.08.2016 0:00;0,01127
19.08.2016 0:00;0,01433
22.08.2016 0:00;0,0148
23.08.2016 0:00;0,01388
25.08.2016 0:00;0,02008
26.08.2016 0:00;0,02488
29.08.2016 0:00;0,03866
30.08.2016 0:00;0,04701
31.08.2016 0:00;0,05637
01.09.2016 0:00;0,05477
02.09.2016 0:00;0,0428
05.09.2016 0:00;0,03689
06.09.2016 0:00;0,04698
07.09.2016 0:00;0,04666
08.09.2016 0:00;0,04444
09.09.2016 0:00;0,03719
12.09.2016 0:00;0,03729
13.09.2016 0:00;0,04018
14.09.2016 0:00;0,04142
15.09.2016 0:00;0,04334
16.09.2016 0:00;0,0407
19.09.2016 0:00;0,03244
20.09.2016 0:00;0,04962
21.09.2016 0:00;0,06111
22.09.2016 0:00;0,0689
23.09.2016 0:00;0,06283
26.09.2016 0:00;0,06791
27.09.2016 0:00;0,05562
28.09.2016 0:00;0,05072
29.09.2016 0:00;0,05525
30.09.2016 0:00;0,05373
03.10.2016 0:00;0,05275
04.10.2016 0:00;0,04733
05.10.2016 0:00;0,05012
06.10.2016 0:00;0,04792
07.10.2016 0:00;0,04745
10.10.2016 0:00;0,04423
11.10.2016 0:00;0,04341
12.10.2016 0:00;0,04465
13.10.2016 0:00;0,04559
17.10.2016 0:00;0,04313
18.10.2016 0:00;0,04467
19.10.2016 0:00;0,04407
20.10.2016 0:00;0,04393
21.10.2016 0:00;0,0455
24.10.2016 0:00;0,04551
25.10.2016 0:00;0,05038
26.10.2016 0:00;0,04575
27.10.2016 0:00;0,04581
28.10.2016 0:00;0,04761
31.10.2016 0:00;0,04743
01.11.2016 0:00;0,03812
02.11.2016 0:00;0,02995
03.11.2016 0:00;0,02551
04.11.2016 0:00;0,02392
07.11.2016 0:00;0,02768
08.11.2016 0:00;0,0318
09.11.2016 0:00;0,03375
10.11.2016 0:00;0,03157
11.11.2016 0:00;0,03514
14.11.2016 0:00;0,03472
15.11.2016 0:00;0,03781
16.11.2016 0:00;0,03202
17.11.2016 0:00;0,02799
18.11.2016 0:00;0,02254
21.11.2016 0:00;0,01973
22.11.2016 0:00;0,02914
23.11.2016 0:00;0,03673
24.11.2016 0:00;0,03532
25.11.2016 0:00;0,02989
28.11.2016 0:00;0,05333
29.11.2016 0:00;0,05548
30.11.2016 0:00;0,05844
01.12.2016 0:00;0,0557
02.12.2016 0:00;0,0568
05.12.2016 0:00;0,06014
06.12.2016 0:00;0,06614
07.12.2016 0:00;0,04901
08.12.2016 0:00;0,0434
09.12.2016 0:00;0,05028
12.12.2016 0:00;0,04078
13.12.2016 0:00;0,05434
14.12.2016 0:00;0,05119
15.12.2016 0:00;0,05177
16.12.2016 0:00;0,04709
19.12.2016 0:00;0,04929
20.12.2016 0:00;0,05007
21.12.2016 0:00;0,04196
22.12.2016 0:00;0,05324
23.12.2016 0:00;0,05529
26.12.2016 0:00;0,04875
27.12.2016 0:00;0,04304
28.12.2016 0:00;0,0356
29.12.2016 0:00;0,03837
30.12.2016 0:00;0,0334
03.01.2017 0:00;0,02717
04.01.2017 0:00;0,02416
05.01.2017 0:00;0,02419
06.01.2017 0:00;0,02254
10.01.2017 0:00;0,01428
11.01.2017 0:00;0,01456
12.01.2017 0:00;0,01533
13.01.2017 0:00;0,01718
16.01.2017 0:00;0,01855
17.01.2017 0:00;0,02685
18.01.2017 0:00;0,0342
19.01.2017 0:00;0,03544
20.01.2017 0:00;0,03387
23.01.2017 0:00;0,0356
24.01.2017 0:00;0,03657
25.01.2017 0:00;0,03788
26.01.2017 0:00;0,03682
27.01.2017 0:00;0,03631
01.02.2017 0:00;0,03053
02.02.2017 0:00;0,03315
03.02.2017 0:00;0,0359
06.02.2017 0:00;0,03014
07.02.2017 0:00;0,02732
08.02.2017 0:00;0,01715
09.02.2017 0:00;0,03121
10.02.2017 0:00;0,02594
13.02.2017 0:00;0,02081
14.02.2017 0:00;0,02147
15.02.2017 0:00;0,02159
16.02.2017 0:00;0,02437
17.02.2017 0:00;0,02408
20.02.2017 0:00;0,02446
21.02.2017 0:00;0,01806
22.02.2017 0:00;0,02119
23.02.2017 0:00;0,01384
24.02.2017 0:00;0,01271
27.02.2017 0:00;0,01166
28.02.2017 0:00;0,00761
01.03.2017 0:00;0,01146
02.03.2017 0:00;0,00819
03.03.2017 0:00;0,00956
06.03.2017 0:00;0,00865
07.03.2017 0:00;0,0067
08.03.2017 0:00;0,01243
09.03.2017 0:00;0,01062
10.03.2017 0:00;0,00974
13.03.2017 0:00;0,0104
14.03.2017 0:00;0,00858
15.03.2017 0:00;0,00938
16.03.2017 0:00;0,01004
17.03.2017 0:00;0,01003
20.03.2017 0:00;0,00992
21.03.2017 0:00;0,01148
22.03.2017 0:00;0,00716
23.03.2017 0:00;0,01451
24.03.2017 0:00;0,01332
27.03.2017 0:00;0,01286
28.03.2017 0:00;0,01227
29.03.2017 0:00;0,01213
30.03.2017 0:00;0,01123
31.03.2017 0:00;0,01076
03.04.2017 0:00;0,01177
04.04.2017 0:00;0,01035
05.04.2017 0:00;0,01067
06.04.2017 0:00;0,01188
07.04.2017 0:00;0,00961
10.04.2017 0:00;0,00803
11.04.2017 0:00;0,00814
12.04.2017 0:00;0,00868
13.04.2017 0:00;0,00858
14.04.2017 0:00;0,00797
18.04.2017 0:00;0,00713
19.04.2017 0:00;0,0076
20.04.2017 0:00;0,0077
21.04.2017 0:00;0,00939
24.04.2017 0:00;0,00422
25.04.2017 0:00;0,01088
26.04.2017 0:00;0,01019
27.04.2017 0:00;0,01818
28.04.2017 0:00;0,02569
03.05.2017 0:00;0,02813
04.05.2017 0:00;0,05008
05.05.2017 0:00;0,04533
10.05.2017 0:00;0,04647
11.05.2017 0:00;0,04372
12.05.2017 0:00;0,04462
13.05.2017 0:00;0,04466
15.05.2017 0:00;0,04309
16.05.2017 0:00;0,04635
17.05.2017 0:00;0,04932
18.05.2017 0:00;0,05173
19.05.2017 0:00;0,03766
22.05.2017 0:00;0,03065
23.05.2017 0:00;0,04383
24.05.2017 0:00;0,04357
25.05.2017 0:00;0,04621
26.05.2017 0:00;0,05008
29.05.2017 0:00;0,04148
30.05.2017 0:00;0,04434
31.05.2017 0:00;0,04457
01.06.2017 0:00;0,04682
02.06.2017 0:00;0,05165
06.06.2017 0:00;0,04447
07.06.2017 0:00;0,04555
08.06.2017 0:00;0,03724
09.06.2017 0:00;0,04797
12.06.2017 0:00;0,04423
13.06.2017 0:00;0,04602
14.06.2017 0:00;0,04831
15.06.2017 0:00;0,04855
16.06.2017 0:00;0,05232
19.06.2017 0:00;0,03721
20.06.2017 0:00;0,04143
21.06.2017 0:00;0,04766
22.06.2017 0:00;0,04466
23.06.2017 0:00;0,04375
26.06.2017 0:00;0,04489
27.06.2017 0:00;0,04995
29.06.2017 0:00;0,05821
30.06.2017 0:00;0,04797
03.07.2017 0:00;0,0484
04.07.2017 0:00;0,05053
05.07.2017 0:00;0,05367
06.07.2017 0:00;0,04864
07.07.2017 0:00;0,04984
10.07.2017 0:00;0,04518
11.07.2017 0:00;0,04813
12.07.2017 0:00;0,04965
13.07.2017 0:00;0,05006
14.07.2017 0:00;0,04978
17.07.2017 0:00;0,05468
18.07.2017 0:00;0,03164
19.07.2017 0:00;0,03782
20.07.2017 0:00;0,04114
21.07.2017 0:00;0,04778
24.07.2017 0:00;0,03951
25.07.2017 0:00;0,04495
26.07.2017 0:00;0,03372
27.07.2017 0:00;0,03531
28.07.2017 0:00;0,04088
31.07.2017 0:00;0,04047
01.08.2017 0:00;0,03801
02.08.2017 0:00;0,02532
03.08.2017 0:00;0,03006
04.08.2017 0:00;0,02299
07.08.2017 0:00;0,018
08.08.2017 0:00;0,0289
09.08.2017 0:00;0,03366
10.08.2017 0:00;0,03714
11.08.2017 0:00;0,0412
14.08.2017 0:00;0,04436
15.08.2017 0:00;0,04501
16.08.2017 0:00;0,04608
17.08.2017 0:00;0,04997
18.08.2017 0:00;0,05339
19.08.2017 0:00;0,05535
21.08.2017 0:00;0,03554
22.08.2017 0:00;0,03576
23.08.2017 0:00;0,03914
28.08.2017 0:00;0,04447
29.08.2017 0:00;0,04732
30.08.2017 0:00;0,02934
31.08.2017 0:00;0,02612
01.09.2017 0:00;0,031
04.09.2017 0:00;0,03657
05.09.2017 0:00;0,04422
06.09.2017 0:00;0,02581
07.09.2017 0:00;0,02349
08.09.2017 0:00;0,04097
11.09.2017 0:00;0,04031
12.09.2017 0:00;0,04559
13.09.2017 0:00;0,04695
14.09.2017 0:00;0,04851
15.09.2017 0:00;0,04346
18.09.2017 0:00;0,05029
19.09.2017 0:00;0,05659
20.09.2017 0:00;0,05457
21.09.2017 0:00;0,04323
22.09.2017 0:00;0,04018
25.09.2017 0:00;0,03983
26.09.2017 0:00;0,04156
27.09.2017 0:00;0,03776
28.09.2017 0:00;0,03124
29.09.2017 0:00;0,0155
02.10.2017 0:00;0,01364
03.10.2017 0:00;0,0197
04.10.2017 0:00;0,0329
05.10.2017 0:00;0,02334
06.10.2017 0:00;0,0252
09.10.2017 0:00;0,04115
10.10.2017 0:00;0,04252
11.10.2017 0:00;0,03193
12.10.2017 0:00;0,02446
13.10.2017 0:00;0,01944
17.10.2017 0:00;0,01684
18.10.2017 0:00;0,01701
19.10.2017 0:00;0,0154
20.10.2017 0:00;0,0133
23.10.2017 0:00;0,01087
24.10.2017 0:00;0,00934
25.10.2017 0:00;0,01103
26.10.2017 0:00;0,00876
27.10.2017 0:00;0,00673
30.10.2017 0:00;0,02212
31.10.2017 0:00;0,04166
01.11.2017 0:00;0,02968
02.11.2017 0:00;0,04128
03.11.2017 0:00;0,02943
06.11.2017 0:00;0,02185
07.11.2017 0:00;0,03588
08.11.2017 0:00;0,04516
09.11.2017 0:00;0,03054
10.11.2017 0:00;0,02513
13.11.2017 0:00;0,01858
14.11.2017 0:00;0,03784
15.11.2017 0:00;0,03125
16.11.2017 0:00;0,01844
17.11.2017 0:00;0,01342
20.11.2017 0:00;0,01066
21.11.2017 0:00;0,01034
22.11.2017 0:00;0,01007
23.11.2017 0:00;0,0051
24.11.2017 0:00;0,00885
27.11.2017 0:00;0,00602
28.11.2017 0:00;0,00812
29.11.2017 0:00;0,0085
30.11.2017 0:00;0,00632
01.12.2017 0:00;0,00509
04.12.2017 0:00;0,00494
05.12.2017 0:00;0,00554
06.12.2017 0:00;0,00898
07.12.2017 0:00;0,01076
08.12.2017 0:00;0,01211
11.12.2017 0:00;0,01058
12.12.2017 0:00;0,0105
13.12.2017 0:00;0,00934
14.12.2017 0:00;0,01522
15.12.2017 0:00;0,01203
18.12.2017 0:00;0,00834
19.12.2017 0:00;0,00878
20.12.2017 0:00;0,00815
21.12.2017 0:00;0,00828
22.12.2017 0:00;0,00614
26.12.2017 0:00;0,00445
27.12.2017 0:00;0,00813
28.12.2017 0:00;0,00897
03.01.2018 0:00;0,00693
04.01.2018 0:00;0,00691
05.01.2018 0:00;0,00821
09.01.2018 0:00;0,00743
10.01.2018 0:00;0,01186
11.01.2018 0:00;0,01129
12.01.2018 0:00;0,00997
15.01.2018 0:00;0,00892
16.01.2018 0:00;0,009
17.01.2018 0:00;0,00869
18.01.2018 0:00;0,00857
19.01.2018 0:00;0,00475
22.01.2018 0:00;0,00886
23.01.2018 0:00;0,00702
24.01.2018 0:00;0,00476
25.01.2018 0:00;0,00478
26.01.2018 0:00;0,00412
29.01.2018 0:00;0,00432
30.01.2018 0:00;0,00708
31.01.2018 0:00;0,00672
01.02.2018 0:00;0,00122
02.02.2018 0:00;0,01007
05.02.2018 0:00;0,01102
06.02.2018 0:00;0,01045
07.02.2018 0:00;0,00915
08.02.2018 0:00;0,00926
09.02.2018 0:00;0,01009
12.02.2018 0:00;0,01166
13.02.2018 0:00;0,01322
14.02.2018 0:00;0,01684
15.02.2018 0:00;0,01893
16.02.2018 0:00;0,01363
19.02.2018 0:00;0,01082
20.02.2018 0:00;0,01077
21.02.2018 0:00;0,00907
22.02.2018 0:00;0,00528
23.02.2018 0:00;0,01059
26.02.2018 0:00;0,01117
27.02.2018 0:00;0,01609
28.02.2018 0:00;0,00971
01.03.2018 0:00;0,00908
02.03.2018 0:00;0,00998
03.03.2018 0:00;0,00966
05.03.2018 0:00;0,00849
06.03.2018 0:00;0,00884
07.03.2018 0:00;0,00908
12.03.2018 0:00;0,00931
13.03.2018 0:00;0,01259
14.03.2018 0:00;0,01258
15.03.2018 0:00;0,01323
16.03.2018 0:00;0,01287
19.03.2018 0:00;0,01156
20.03.2018 0:00;0,01207
21.03.2018 0:00;0,01232
22.03.2018 0:00;0,01321
23.03.2018 0:00;0,01946
26.03.2018 0:00;0,01586
27.03.2018 0:00;0,01205
28.03.2018 0:00;0,01478
29.03.2018 0:00;0,0074
30.03.2018 0:00;0,00759
02.04.2018 0:00;0,01086
03.04.2018 0:00;0,0067
04.04.2018 0:00;0,0078
05.04.2018 0:00;0,00798
06.04.2018 0:00;0,01193
10.04.2018 0:00;0,01594
11.04.2018 0:00;0,00809
12.04.2018 0:00;0,00807
13.04.2018 0:00;0,00429
16.04.2018 0:00;0,00779
17.04.2018 0:00;0,00247
18.04.2018 0:00;0,01056
19.04.2018 0:00;0,03629
20.04.2018 0:00;0,03647
23.04.2018 0:00;0,04232
24.04.2018 0:00;0,03032
25.04.2018 0:00;0,02251
26.04.2018 0:00;0,01554
27.04.2018 0:00;0,02692
02.05.2018 0:00;0,02234
03.05.2018 0:00;0,05156
04.05.2018 0:00;0,04879
05.05.2018 0:00;0,03729
07.05.2018 0:00;0,02861
08.05.2018 0:00;0,01934
10.05.2018 0:00;0,01555
11.05.2018 0:00;0,03188
14.05.2018 0:00;0,02989
15.05.2018 0:00;0,01967
16.05.2018 0:00;0,01831
17.05.2018 0:00;0,0162
18.05.2018 0:00;0,01445
21.05.2018 0:00;0,01095
22.05.2018 0:00;0,03659
23.05.2018 0:00;0,03852
24.05.2018 0:00;0,03355
25.05.2018 0:00;0,03192
29.05.2018 0:00;0,02413
30.05.2018 0:00;0,05455
31.05.2018 0:00;0,04898
01.06.2018 0:00;0,04106
04.06.2018 0:00;0,02719
05.06.2018 0:00;0,02113
06.06.2018 0:00;0,03722
07.06.2018 0:00;0,0328
08.06.2018 0:00;0,01995
11.06.2018 0:00;0,04316
12.06.2018 0:00;0,03653
13.06.2018 0:00;0,03138
14.06.2018 0:00;0,05559
15.06.2018 0:00;0,04018
18.06.2018 0:00;0,02527
19.06.2018 0:00;0,03748
20.06.2018 0:00;0,05452
21.06.2018 0:00;0,04999
22.06.2018 0:00;0,03207
23.06.2018 0:00;0,0384
25.06.2018 0:00;0,03895
26.06.2018 0:00;0,04142
27.06.2018 0:00;0,04447
02.07.2018 0:00;0,06457
03.07.2018 0:00;0,0548
04.07.2018 0:00;0,04203
05.07.2018 0:00;0,04508
06.07.2018 0:00;0,03426
09.07.2018 0:00;0,02863
10.07.2018 0:00;0,02161
11.07.2018 0:00;0,04801
12.07.2018 0:00;0,04362
13.07.2018 0:00;0,03415
16.07.2018 0:00;0,02927
17.07.2018 0:00;0,01882
18.07.2018 0:00;0,02846
19.07.2018 0:00;0,03825
20.07.2018 0:00;0,04485
23.07.2018 0:00;0,06241
24.07.2018 0:00;0,04845
25.07.2018 0:00;0,05751
26.07.2018 0:00;0,04602
27.07.2018 0:00;0,03245
30.07.2018 0:00;0,02471
31.07.2018 0:00;0,0377
01.08.2018 0:00;0,0299
02.08.2018 0:00;0,02221
03.08.2018 0:00;0,01939
06.08.2018 0:00;0,01848
07.08.2018 0:00;0,02127
08.08.2018 0:00;0,02505
09.08.2018 0:00;0,02723
10.08.2018 0:00;0,0267
13.08.2018 0:00;0,02407
14.08.2018 0:00;0,02345
15.08.2018 0:00;0,01603
16.08.2018 0:00;0,01324
17.08.2018 0:00;0,00841
20.08.2018 0:00;0,0102
21.08.2018 0:00;0,02339
22.08.2018 0:00;0,02755
23.08.2018 0:00;0,03277
27.08.2018 0:00;0,03157
28.08.2018 0:00;0,02849
29.08.2018 0:00;0,04415
30.08.2018 0:00;0,05022
31.08.2018 0:00;0,04556
03.09.2018 0:00;0,04812
04.09.2018 0:00;0,04307
05.09.2018 0:00;0,05305
06.09.2018 0:00;0,05265
07.09.2018 0:00;0,045
10.09.2018 0:00;0,02691
11.09.2018 0:00;0,01867
12.09.2018 0:00;0,018
13.09.2018 0:00;0,01466
14.09.2018 0:00;0,01287
17.09.2018 0:00;0,01401
18.09.2018 0:00;0,01313
19.09.2018 0:00;0,01503
20.09.2018 0:00;0,02143
21.09.2018 0:00;0,04334
24.09.2018 0:00;0,04262
25.09.2018 0:00;0,03568
26.09.2018 0:00;0,04572
27.09.2018 0:00;0,03919
28.09.2018 0:00;0,03552
01.10.2018 0:00;0,03814
02.10.2018 0:00;0,0243
03.10.2018 0:00;0,0254
04.10.2018 0:00;0,03172
05.10.2018 0:00;0,03866
08.10.2018 0:00;0,03282
09.10.2018 0:00;0,01857
10.10.2018 0:00;0,01765
11.10.2018 0:00;0,01345
12.10.2018 0:00;0,01326
16.10.2018 0:00;0,01304
17.10.2018 0:00;0,01204
18.10.2018 0:00;0,01083
19.10.2018 0:00;0,01032
22.10.2018 0:00;0,01162
23.10.2018 0:00;0,01273
24.10.2018 0:00;0,03859
25.10.2018 0:00;0,04392
26.10.2018 0:00;0,04896
29.10.2018 0:00;0,05235
30.10.2018 0:00;0,04305
31.10.2018 0:00;0,05632
01.11.2018 0:00;0,05378
02.11.2018 0:00;0,04236
05.11.2018 0:00;0,02904
06.11.2018 0:00;0,02385
07.11.2018 0:00;0,028
08.11.2018 0:00;0,01845
09.11.2018 0:00;0,01474
12.11.2018 0:00;0,01226
13.11.2018 0:00;0,01087
14.11.2018 0:00;0,01541
15.11.2018 0:00;0,01412
16.11.2018 0:00;0,01396
19.11.2018 0:00;0,0129
20.11.2018 0:00;0,01035
21.11.2018 0:00;0,02098
22.11.2018 0:00;0,01961
23.11.2018 0:00;0,01715
26.11.2018 0:00;0,00526
27.11.2018 0:00;0,0135
28.11.2018 0:00;0,05941
29.11.2018 0:00;0,07059
30.11.2018 0:00;0,08586
03.12.2018 0:00;0,08891
04.12.2018 0:00;0,08604
05.12.2018 0:00;0,08958
06.12.2018 0:00;0,08869
07.12.2018 0:00;0,08638
10.12.2018 0:00;0,06406
11.12.2018 0:00;0,04847
12.12.2018 0:00;0,04707
13.12.2018 0:00;0,04413
14.12.2018 0:00;0,07792
17.12.2018 0:00;0,09084
18.12.2018 0:00;0,09533
19.12.2018 0:00;0,11771
20.12.2018 0:00;0,14517
21.12.2018 0:00;0,15443
22.12.2018 0:00;0,16248
26.12.2018 0:00;0,14694
27.12.2018 0:00;0,13979
28.12.2018 0:00;0,12163
03.01.2019 0:00;0,10445
04.01.2019 0:00;0,10525
08.01.2019 0:00;0,11946
09.01.2019 0:00;0,11122
10.01.2019 0:00;0,12714
11.01.2019 0:00;0,12576
14.01.2019 0:00;0,11566
15.01.2019 0:00;0,09684
16.01.2019 0:00;0,08015
17.01.2019 0:00;0,05572
18.01.2019 0:00;0,04055
21.01.2019 0:00;0,03272
22.01.2019 0:00;0,02389
23.01.2019 0:00;0,02242
24.01.2019 0:00;0,02429
25.01.2019 0:00;0,02389
28.01.2019 0:00;0,02581
29.01.2019 0:00;0,02191
30.01.2019 0:00;0,02554
31.01.2019 0:00;0,02621
01.02.2019 0:00;0,02335
04.02.2019 0:00;0,02293
05.02.2019 0:00;0,02103
06.02.2019 0:00;0,01739
07.02.2019 0:00;0,01994
08.02.2019 0:00;0,01266
11.02.2019 0:00;0,01038
12.02.2019 0:00;0,01006
13.02.2019 0:00;0,02526
14.02.2019 0:00;0,03411
15.02.2019 0:00;0,04355
18.02.2019 0:00;0,03998
19.02.2019 0:00;0,0281
20.02.2019 0:00;0,03305
21.02.2019 0:00;0,03083
22.02.2019 0:00;0,0255
25.02.2019 0:00;0,01854
26.02.2019 0:00;0,01531
27.02.2019 0:00;0,0144
28.02.2019 0:00;0,01326
01.03.2019 0:00;0,01487
04.03.2019 0:00;0,00512
05.03.2019 0:00;0,00548
06.03.2019 0:00;0,00317
07.03.2019 0:00;0,00788
11.03.2019 0:00;0,01246
12.03.2019 0:00;0,01659
13.03.2019 0:00;0,01824
14.03.2019 0:00;0,01461
15.03.2019 0:00;0,01362
18.03.2019 0:00;0,01133
19.03.2019 0:00;0,00917
20.03.2019 0:00;0,00447
21.03.2019 0:00;0,02139
22.03.2019 0:00;0,02079
25.03.2019 0:00;0,02148
26.03.2019 0:00;0,02094
27.03.2019 0:00;0,02521
28.03.2019 0:00;0,02535
29.03.2019 0:00;0,0269
01.04.2019 0:00;0,01767
02.04.2019 0:00;0,03719
03.04.2019 0:00;0,03018
04.04.2019 0:00;0,02809
05.04.2019 0:00;0,02466
08.04.2019 0:00;0,02345
09.04.2019 0:00;0,00949
10.04.2019 0:00;0,00949
11.04.2019 0:00;0,00663
12.04.2019 0:00;0,01288
15.04.2019 0:00;0,01414
16.04.2019 0:00;0,01236
17.04.2019 0:00;0,01623
18.04.2019 0:00;0,02167
19.04.2019 0:00;0,03391
22.04.2019 0:00;0,02306
23.04.2019 0:00;0,01439
24.04.2019 0:00;0,02236
25.04.2019 0:00;0,02456
26.04.2019 0:00;0,01639
02.05.2019 0:00;0,01038
03.05.2019 0:00;0,01628
06.05.2019 0:00;0,01949
07.05.2019 0:00;0,0185
08.05.2019 0:00;0,01168
10.05.2019 0:00;0,01585
11.05.2019 0:00;0,01519
13.05.2019 0:00;0,01626
14.05.2019 0:00;0,01257
15.05.2019 0:00;0,01869
16.05.2019 0:00;0,01941
17.05.2019 0:00;0,01674
20.05.2019 0:00;0,0147
21.05.2019 0:00;0,01139
22.05.2019 0:00;0,02101
23.05.2019 0:00;0,02734
24.05.2019 0:00;0,02113
27.05.2019 0:00;0,02042
28.05.2019 0:00;0,01621
29.05.2019 0:00;0,01204
30.05.2019 0:00;0,01817
31.05.2019 0:00;0,02617
03.06.2019 0:00;0,02724
04.06.2019 0:00;0,03525
05.06.2019 0:00;0,03637
06.06.2019 0:00;0,03251
07.06.2019 0:00;0,02969
10.06.2019 0:00;0,0149
11.06.2019 0:00;0,02621
12.06.2019 0:00;0,03301
13.06.2019 0:00;0,03193
14.06.2019 0:00;0,02803
18.06.2019 0:00;0,02275
19.06.2019 0:00;0,02059
20.06.2019 0:00;0,01505
21.06.2019 0:00;0,00851
24.06.2019 0:00;0,01076
25.06.2019 0:00;0,01061
26.06.2019 0:00;0,01066
27.06.2019 0:00;0,00897
01.07.2019 0:00;0,00802
02.07.2019 0:00;0,00866
03.07.2019 0:00;0,00686
04.07.2019 0:00;0,00858
05.07.2019 0:00;0,0148
08.07.2019 0:00;0,00689
09.07.2019 0:00;0,01147
10.07.2019 0:00;0,01304
11.07.2019 0:00;0,01103
12.07.2019 0:00;0,00957
15.07.2019 0:00;0,00977
16.07.2019 0:00;0,01057
17.07.2019 0:00;0,00701
18.07.2019 0:00;0,00604
19.07.2019 0:00;0,00395
22.07.2019 0:00;0,00867
23.07.2019 0:00;0,01022
24.07.2019 0:00;0,01371
25.07.2019 0:00;0,0109
26.07.2019 0:00;0,00746
29.07.2019 0:00;0,01105
30.07.2019 0:00;0,00723
31.07.2019 0:00;0,01224
01.08.2019 0:00;0,01416
02.08.2019 0:00;0,01237
05.08.2019 0:00;0,0132
06.08.2019 0:00;0,01468
07.08.2019 0:00;0,00919
08.08.2019 0:00;0,00461
09.08.2019 0:00;0,00534
12.08.2019 0:00;0,0097
13.08.2019 0:00;0,01124
14.08.2019 0:00;0,01216
15.08.2019 0:00;0,0118
16.08.2019 0:00;0,01065
19.08.2019 0:00;0,01361
20.08.2019 0:00;0,01559
21.08.2019 0:00;0,0186
22.08.2019 0:00;0,01942
23.08.2019 0:00;0,01751
27.08.2019 0:00;0,01245
28.08.2019 0:00;0,0146
29.08.2019 0:00;0,01736
30.08.2019 0:00;0,02365
02.09.2019 0:00;0,02414
03.09.2019 0:00;0,02205
04.09.2019 0:00;0,02485
05.09.2019 0:00;0,02483
06.09.2019 0:00;0,02277
09.09.2019 0:00;0,01099
10.09.2019 0:00;0,022
11.09.2019 0:00;0,02263
12.09.2019 0:00;0,02208
13.09.2019 0:00;0,02197
16.09.2019 0:00;0,01852
17.09.2019 0:00;0,01671
18.09.2019 0:00;0,01053
19.09.2019 0:00;0,01539
20.09.2019 0:00;0,01797
23.09.2019 0:00;0,01086
24.09.2019 0:00;0,01493
25.09.2019 0:00;0,00961
26.09.2019 0:00;0,01154
27.09.2019 0:00;0,01308
30.09.2019 0:00;0,01391
01.10.2019 0:00;0,01701
02.10.2019 0:00;0,01408
03.10.2019 0:00;0,01417
04.10.2019 0:00;0,01229
07.10.2019 0:00;0,01486
08.10.2019 0:00;0,02839
09.10.2019 0:00;0,03428
10.10.2019 0:00;0,04313
11.10.2019 0:00;0,03841
15.10.2019 0:00;0,04978
16.10.2019 0:00;0,04375
17.10.2019 0:00;0,0437
18.10.2019 0:00;0,04468
21.10.2019 0:00;0,03663
22.10.2019 0:00;0,04627
23.10.2019 0:00;0,03366
24.10.2019 0:00;0,03309
25.10.2019 0:00;0,02756
28.10.2019 0:00;0,02718
29.10.2019 0:00;0,02905
30.10.2019 0:00;0,01896
31.10.2019 0:00;0,02324
01.11.2019 0:00;0,0384
04.11.2019 0:00;0,04145
05.11.2019 0:00;0,04744
06.11.2019 0:00;0,03651
07.11.2019 0:00;0,04351
08.11.2019 0:00;0,04293
11.11.2019 0:00;0,04298
12.11.2019 0:00;0,05001
13.11.2019 0:00;0,04757
14.11.2019 0:00;0,04635
15.11.2019 0:00;0,04873
18.11.2019 0:00;0,04753
19.11.2019 0:00;0,05922
20.11.2019 0:00;0,0549
21.11.2019 0:00;0,05617
22.11.2019 0:00;0,05331
25.11.2019 0:00;0,0499
26.11.2019 0:00;0,05427
27.11.2019 0:00;0,05081
28.11.2019 0:00;0,05112
29.11.2019 0:00;0,04935
02.12.2019 0:00;0,04661
03.12.2019 0:00;0,05317
04.12.2019 0:00;0,05195
05.12.2019 0:00;0,04773
06.12.2019 0:00;0,04467
09.12.2019 0:00;0,03925
10.12.2019 0:00;0,04207
11.12.2019 0:00;0,03959
12.12.2019 0:00;0,03988
13.12.2019 0:00;0,03955
16.12.2019 0:00;0,03636
17.12.2019 0:00;0,03885
18.12.2019 0:00;0,03968
19.12.2019 0:00;0,03868
20.12.2019 0:00;0,04339
21.12.2019 0:00;0,03894
23.12.2019 0:00;0,03629
24.12.2019 0:00;0,03664
25.12.2019 0:00;0,03718
27.12.2019 0:00;0,03783
03.01.2020 0:00;0,04177
08.01.2020 0:00;0,03519
09.01.2020 0:00;0,03424
10.01.2020 0:00;0,03222
11.01.2020 0:00;0,03144
13.01.2020 0:00;0,02353
14.01.2020 0:00;0,03228
15.01.2020 0:00;0,03419
16.01.2020 0:00;0,03225
17.01.2020 0:00;0,03596
20.01.2020 0:00;0,03754
21.01.2020 0:00;0,0335
22.01.2020 0:00;0,03504
23.01.2020 0:00;0,03569
24.01.2020 0:00;0,03981
27.01.2020 0:00;0,04844
28.01.2020 0:00;0,0483
29.01.2020 0:00;0,04915
30.01.2020 0:00;0,04832
31.01.2020 0:00;0,04611
03.02.2020 0:00;0,04227
04.02.2020 0:00;0,03903
05.02.2020 0:00;0,03862
06.02.2020 0:00;0,03479
07.02.2020 0:00;0,0343
10.02.2020 0:00;0,03445
11.02.2020 0:00;0,03947
12.02.2020 0:00;0,04253
13.02.2020 0:00;0,03933
14.02.2020 0:00;0,04287
17.02.2020 0:00;0,04082
18.02.2020 0:00;0,046
19.02.2020 0:00;0,04186
20.02.2020 0:00;0,03921
21.02.2020 0:00;0,03957
24.02.2020 0:00;0,03872
25.02.2020 0:00;0,04329
26.02.2020 0:00;0,04292
27.02.2020 0:00;0,0337
28.02.2020 0:00;0,04136
02.03.2020 0:00;0,04004
03.03.2020 0:00;0,03139
04.03.2020 0:00;0,02621
05.03.2020 0:00;0,02385
06.03.2020 0:00;0,02195
10.03.2020 0:00;0,02751
11.03.2020 0:00;0,03006
12.03.2020 0:00;0,04538
13.03.2020 0:00;0,04601
16.03.2020 0:00;0,05273
17.03.2020 0:00;0,05003
18.03.2020 0:00;0,06665
19.03.2020 0:00;0,06103
20.03.2020 0:00;0,07597
23.03.2020 0:00;0,09691
24.03.2020 0:00;0,09339
25.03.2020 0:00;0,11469
26.03.2020 0:00;0,1121
27.03.2020 0:00;0,10787
30.03.2020 0:00;0,11372
31.03.2020 0:00;0,10086
01.04.2020 0:00;0,11057
02.04.2020 0:00;0,09984
03.04.2020 0:00;0,10159
06.04.2020 0:00;0,10138
07.04.2020 0:00;0,08516
08.04.2020 0:00;0,10047
09.04.2020 0:00;0,09201
10.04.2020 0:00;0,09231
13.04.2020 0:00;0,08779
14.04.2020 0:00;0,08972
15.04.2020 0:00;0,0907
16.04.2020 0:00;0,08913
17.04.2020 0:00;0,08377
21.04.2020 0:00;0,09115
22.04.2020 0:00;0,08101
23.04.2020 0:00;0,09411
24.04.2020 0:00;0,09537
27.04.2020 0:00;0,07709
28.04.2020 0:00;0,06072
29.04.2020 0:00;0,05836
30.04.2020 0:00;0,05774
04.05.2020 0:00;0,05411
05.05.2020 0:00;0,05464
06.05.2020 0:00;0,04882
07.05.2020 0:00;0,05012
08.05.2020 0:00;0,04846
12.05.2020 0:00;0,04682
13.05.2020 0:00;0,03816
14.05.2020 0:00;0,03567
15.05.2020 0:00;0,03529
18.05.2020 0:00;0,02692
19.05.2020 0:00;0,01558
20.05.2020 0:00;0,01343
21.05.2020 0:00;0,01539
22.05.2020 0:00;0,01335
25.05.2020 0:00;0,01292
26.05.2020 0:00;0,01683
27.05.2020 0:00;0,01931
28.05.2020 0:00;0,01932
29.05.2020 0:00;0,01943
01.06.2020 0:00;0,02356
02.06.2020 0:00;0,02254
03.06.2020 0:00;0,01287
04.06.2020 0:00;0,01274
05.06.2020 0:00;0,00988
09.06.2020 0:00;0,01547
10.06.2020 0:00;0,01808
11.06.2020 0:00;0,01979
12.06.2020 0:00;0,02145
15.06.2020 0:00;0,0281
16.06.2020 0:00;0,04631
17.06.2020 0:00;0,04843
18.06.2020 0:00;0,05065
19.06.2020 0:00;0,05395
22.06.2020 0:00;0,05027
23.06.2020 0:00;0,05204
24.06.2020 0:00;0,05495
25.06.2020 0:00;0,05516
26.06.2020 0:00;0,05381
30.06.2020 0:00;0,0494
01.07.2020 0:00;0,05115
02.07.2020 0:00;0,05878
03.07.2020 0:00;0,04042
06.07.2020 0:00;0,03252
07.07.2020 0:00;0,03364
08.07.2020 0:00;0,03615
09.07.2020 0:00;0,02831
10.07.2020 0:00;0,02482
13.07.2020 0:00;0,01688
14.07.2020 0:00;0,01364
15.07.2020 0:00;0,00916
16.07.2020 0:00;0,0113
17.07.2020 0:00;0,00602
20.07.2020 0:00;0,00513
21.07.2020 0:00;0,0039
22.07.2020 0:00;0,00346
23.07.2020 0:00;0,00305
24.07.2020 0:00;0,0015
27.07.2020 0:00;0,00745
28.07.2020 0:00;0,01568
29.07.2020 0:00;0,01568
30.07.2020 0:00;0,01797
31.07.2020 0:00;0,02616
03.08.2020 0:00;0,02452
04.08.2020 0:00;0,01393
05.08.2020 0:00;0,01195
06.08.2020 0:00;0,00766
07.08.2020 0:00;0,00519
10.08.2020 0:00;0,00192
11.08.2020 0:00;0,00309
12.08.2020 0:00;0,00662
13.08.2020 0:00;0,00445
14.08.2020 0:00;0,00703
17.08.2020 0:00;0,00818
18.08.2020 0:00;0,00837
19.08.2020 0:00;0,00823
20.08.2020 0:00;0,00633
21.08.2020 0:00;0,00718
25.08.2020 0:00;0,00467
26.08.2020 0:00;0,00387
27.08.2020 0:00;0,00883
28.08.2020 0:00;0,00729
31.08.2020 0:00;0,00495
01.09.2020 0:00;0,00378
02.09.2020 0:00;0,0026
03.09.2020 0:00;0,00212
04.09.2020 0:00;0,0027
07.09.2020 0:00;0,00181
08.09.2020 0:00;0,00186
09.09.2020 0:00;0,00217
10.09.2020 0:00;0,00203
11.09.2020 0:00;0,00177
14.09.2020 0:00;0,0019
15.09.2020 0:00;0,00303
16.09.2020 0:00;0,00238
17.09.2020 0:00;0,00306
18.09.2020 0:00;0,00362
21.09.2020 0:00;0,00414
22.09.2020 0:00;0,00544
23.09.2020 0:00;0,0041
24.09.2020 0:00;0,00334
25.09.2020 0:00;0,00418
28.09.2020 0:00;0,0037
29.09.2020 0:00;0,00449
30.09.2020 0:00;0,00332
01.10.2020 0:00;0,00181
02.10.2020 0:00;0,00137
05.10.2020 0:00;0,00151
06.10.2020 0:00;0,00322
07.10.2020 0:00;0,00142
08.10.2020 0:00;0,00065
09.10.2020 0:00;0,00048
12.10.2020 0:00;0,00098
13.10.2020 0:00;0,00185
15.10.2020 0:00;0,00153
16.10.2020 0:00;0,00106
19.10.2020 0:00;0,0011
20.10.2020 0:00;0,00266
21.10.2020 0:00;0,00257
22.10.2020 0:00;0,00268
23.10.2020 0:00;0,00236
26.10.2020 0:00;0,00211
27.10.2020 0:00;0,00325
28.10.2020 0:00;0,00309
29.10.2020 0:00;0,00284
30.10.2020 0:00;0,00293
02.11.2020 0:00;0,00214
03.11.2020 0:00;0,0047
04.11.2020 0:00;0,00357
05.11.2020 0:00;0,00355
06.11.2020 0:00;0,00294
09.11.2020 0:00;0,00205
10.11.2020 0:00;0,00181
11.11.2020 0:00;0,00255
12.11.2020 0:00;0,0018
13.11.2020 0:00;0,00134
16.11.2020 0:00;0,00226
17.11.2020 0:00;0,00167
18.11.2020 0:00;0,00289
19.11.2020 0:00;0,00292
20.11.2020 0:00;0,00172
23.11.2020 0:00;0,00195
24.11.2020 0:00;0,00177
25.11.2020 0:00;0,00239
26.11.2020 0:00;0,00207
27.11.2020 0:00;0,00159
30.11.2020 0:00;0,00195
01.12.2020 0:00;0,00249
02.12.2020 0:00;0,00211
03.12.2020 0:00;0,00582
04.12.2020 0:00;0,0091
07.12.2020 0:00;0,00927
08.12.2020 0:00;0,0119
09.12.2020 0:00;0,01585
10.12.2020 0:00;0,01782
11.12.2020 0:00;0,01909
14.12.2020 0:00;0,01956
15.12.2020 0:00;0,01799
16.12.2020 0:00;0,01989
17.12.2020 0:00;0,02148
18.12.2020 0:00;0,0274
21.12.2020 0:00;0,03122
22.12.2020 0:00;0,02955
23.12.2020 0:00;0,02172
24.12.2020 0:00;0,02217
28.12.2020 0:00;0,02144
29.12.2020 0:00;0,02495
30.12.2020 0:00;0,02507
31.12.2020 0:00;0,02359
04.01.2021 0:00;0,02458
05.01.2021 0:00;0,02798
06.01.2021 0:00;0,03092
11.01.2021 0:00;0,03125
12.01.2021 0:00;0,04362
13.01.2021 0:00;0,0482
14.01.2021 0:00;0,05585
15.01.2021 0:00;0,05293
16.01.2021 0:00;0,04482
18.01.2021 0:00;0,03967
19.01.2021 0:00;0,03427
20.01.2021 0:00;0,03469
21.01.2021 0:00;0,03578
22.01.2021 0:00;0,03378
25.01.2021 0:00;0,03102
26.01.2021 0:00;0,03262
27.01.2021 0:00;0,03112
28.01.2021 0:00;0,03405
29.01.2021 0:00;0,03101
01.02.2021 0:00;0,02662
02.02.2021 0:00;0,02879
03.02.2021 0:00;0,02816
04.02.2021 0:00;0,02867
05.02.2021 0:00;0,02303
08.02.2021 0:00;0,01969
09.02.2021 0:00;0,02503
10.02.2021 0:00;0,02874
11.02.2021 0:00;0,02451
12.02.2021 0:00;0,02722
15.02.2021 0:00;0,02396
16.02.2021 0:00;0,0253
17.02.2021 0:00;0,02182
18.02.2021 0:00;0,02416
19.02.2021 0:00;0,02748
22.02.2021 0:00;0,02366
23.02.2021 0:00;0,02378
24.02.2021 0:00;0,02418
25.02.2021 0:00;0,02714
26.02.2021 0:00;0,03215
01.03.2021 0:00;0,02933
02.03.2021 0:00;0,02815
03.03.2021 0:00;0,02682
04.03.2021 0:00;0,02732
05.03.2021 0:00;0,02727
09.03.2021 0:00;0,02317
10.03.2021 0:00;0,02517
11.03.2021 0:00;0,02601
12.03.2021 0:00;0,02708
15.03.2021 0:00;0,03095
16.03.2021 0:00;0,03918
17.03.2021 0:00;0,04039
18.03.2021 0:00;0,03915
19.03.2021 0:00;0,03639
22.03.2021 0:00;0,04526
23.03.2021 0:00;0,05483
24.03.2021 0:00;0,05383
25.03.2021 0:00;0,05255
26.03.2021 0:00;0,04829
29.03.2021 0:00;0,05042
30.03.2021 0:00;0,05494
31.03.2021 0:00;0,05108
01.04.2021 0:00;0,05397
02.04.2021 0:00;0,05358
05.04.2021 0:00;0,05524
06.04.2021 0:00;0,06015
07.04.2021 0:00;0,04682
08.04.2021 0:00;0,0294
09.04.2021 0:00;0,02694
12.04.2021 0:00;0,0253
13.04.2021 0:00;0,02678
14.04.2021 0:00;0,02055
15.04.2021 0:00;0,02298
16.04.2021 0:00;0,02296
19.04.2021 0:00;0,01996
20.04.2021 0:00;0,03063
21.04.2021 0:00;0,02489
22.04.2021 0:00;0,01104
23.04.2021 0:00;0,01331
26.04.2021 0:00;0,01576
27.04.2021 0:00;0,01783
28.04.2021 0:00;0,01831
29.04.2021 0:00;0,01848
30.04.2021 0:00;0,01735
05.05.2021 0:00;0,01679
06.05.2021 0:00;0,01692
07.05.2021 0:00;0,01539
11.05.2021 0:00;0,01214
12.05.2021 0:00;0,01484
13.05.2021 0:00;0,01624
14.05.2021 0:00;0,01489
17.05.2021 0:00;0,01361
18.05.2021 0:00;0,01589
19.05.2021 0:00;0,01655
20.05.2021 0:00;0,01687
21.05.2021 0:00;0,0166
24.05.2021 0:00;0,01815
25.05.2021 0:00;0,02319
26.05.2021 0:00;0,02464
27.05.2021 0:00;0,02474
28.05.2021 0:00;0,02262
31.05.2021 0:00;0,02204
01.06.2021 0:00;0,02842
02.06.2021 0:00;0,03195
03.06.2021 0:00;0,03108
04.06.2021 0:00;0,02575
07.06.2021 0:00;0,0264
08.06.2021 0:00;0,02463
09.06.2021 0:00;0,02747
10.06.2021 0:00;0,02822
11.06.2021 0:00;0,02555
14.06.2021 0:00;0,02479
15.06.2021 0:00;0,02366
16.06.2021 0:00;0,02399
17.06.2021 0:00;0,02661
18.06.2021 0:00;0,02502
22.06.2021 0:00;0,02496
23.06.2021 0:00;0,02991
24.06.2021 0:00;0,02767
25.06.2021 0:00;0,02635
29.06.2021 0:00;0,02447
30.06.2021 0:00;0,02847
01.07.2021 0:00;0,02507
02.07.2021 0:00;0,02675
05.07.2021 0:00;0,02417
06.07.2021 0:00;0,02494
07.07.2021 0:00;0,02575
08.07.2021 0:00;0,02133
09.07.2021 0:00;0,01954
12.07.2021 0:00;0,02049
13.07.2021 0:00;0,02297
14.07.2021 0:00;0,02513
15.07.2021 0:00;0,02427
16.07.2021 0:00;0,02957
19.07.2021 0:00;0,03404
20.07.2021 0:00;0,03992
21.07.2021 0:00;0,04947
22.07.2021 0:00;0,05413
23.07.2021 0:00;0,05493
26.07.2021 0:00;0,05382
27.07.2021 0:00;0,05599
28.07.2021 0:00;0,0568
29.07.2021 0:00;0,05669
30.07.2021 0:00;0,05941
02.08.2021 0:00;0,05443
03.08.2021 0:00;0,05777
04.08.2021 0:00;0,06202
05.08.2021 0:00;0,05727
06.08.2021 0:00;0,05459
09.08.2021 0:00;0,04844
10.08.2021 0:00;0,05524
11.08.2021 0:00;0,05422
12.08.2021 0:00;0,05545
13.08.2021 0:00;0,05405
16.08.2021 0:00;0,05271
17.08.2021 0:00;0,05581
18.08.2021 0:00;0,05711
19.08.2021 0:00;0,06003
20.08.2021 0:00;0,0608
25.08.2021 0:00;0,05496
26.08.2021 0:00;0,05705
27.08.2021 0:00;0,05728
28.08.2021 0:00;0,05937
30.08.2021 0:00;0,0534
31.08.2021 0:00;0,05246
01.09.2021 0:00;0,04874
02.09.2021 0:00;0,04959
03.09.2021 0:00;0,04937
06.09.2021 0:00;0,0486
07.09.2021 0:00;0,05046
08.09.2021 0:00;0,04459
09.09.2021 0:00;0,04481
10.09.2021 0:00;0,04462
13.09.2021 0:00;0,04528
14.09.2021 0:00;0,05184
15.09.2021 0:00;0,04725
16.09.2021 0:00;0,04719
17.09.2021 0:00;0,04555
20.09.2021 0:00;0,05604
21.09.2021 0:00;0,06418
22.09.2021 0:00;0,05831
23.09.2021 0:00;0,0565
24.09.2021 0:00;0,05774
27.09.2021 0:00;0,06005
28.09.2021 0:00;0,06406
29.09.2021 0:00;0,0601
30.09.2021 0:00;0,05752
01.10.2021 0:00;0,05669
04.10.2021 0:00;0,06195
05.10.2021 0:00;0,06905
06.10.2021 0:00;0,06087
07.10.2021 0:00;0,05617
08.10.2021 0:00;0,05099
11.10.2021 0:00;0,05269
12.10.2021 0:00;0,05819
13.10.2021 0:00;0,05592
18.10.2021 0:00;0,04947
19.10.2021 0:00;0,05323
20.10.2021 0:00;0,05572
21.10.2021 0:00;0,05648
22.10.2021 0:00;0,0576
23.10.2021 0:00;0,0531
25.10.2021 0:00;0,05363
26.10.2021 0:00;0,03749
27.10.2021 0:00;0,03229
28.10.2021 0:00;0,03134
29.10.2021 0:00;0,02921
01.11.2021 0:00;0,02713
02.11.2021 0:00;0,03075
03.11.2021 0:00;0,03009
04.11.2021 0:00;0,02845
05.11.2021 0:00;0,02702
08.11.2021 0:00;0,0201
09.11.2021 0:00;0,02184
10.11.2021 0:00;0,01799
11.11.2021 0:00;0,01799
12.11.2021 0:00;0,02035
15.11.2021 0:00;0,02116
16.11.2021 0:00;0,02296
17.11.2021 0:00;0,02313
18.11.2021 0:00;0,02603
19.11.2021 0:00;0,02578
22.11.2021 0:00;0,03079
23.11.2021 0:00;0,03354
24.11.2021 0:00;0,0321
25.11.2021 0:00;0,0307
26.11.2021 0:00;0,03328
29.11.2021 0:00;0,03239
30.11.2021 0:00;0,02274
01.12.2021 0:00;0,02249
02.12.2021 0:00;0,01633
03.12.2021 0:00;0,01796
06.12.2021 0:00;0,01736
07.12.2021 0:00;0,01913
08.12.2021 0:00;0,01551
09.12.2021 0:00;0,01936
10.12.2021 0:00;0,02401
13.12.2021 0:00;0,02802
14.12.2021 0:00;0,02989
15.12.2021 0:00;0,02923
16.12.2021 0:00;0,02071
17.12.2021 0:00;0,02023
20.12.2021 0:00;0,01495
21.12.2021 0:00;0,01492
22.12.2021 0:00;0,0132
23.12.2021 0:00;0,00995
24.12.2021 0:00;0,0094
28.12.2021 0:00;0,00973
29.12.2021 0:00;0,00942
30.12.2021 0:00;0,00991
31.12.2021 0:00;0,01144
04.01.2022 0:00;0,0098
05.01.2022 0:00;0,00769
06.01.2022 0:00;0,00858
10.01.2022 0:00;0,01045
11.01.2022 0:00;0,00945
12.01.2022 0:00;0,00763
13.01.2022 0:00;0,00904
14.01.2022 0:00;0,01515
17.01.2022 0:00;0,02522
18.01.2022 0:00;0,0388
19.01.2022 0:00;0,03811
20.01.2022 0:00;0,04112
21.01.2022 0:00;0,04182
24.01.2022 0:00;0,05621
25.01.2022 0:00;0,06422
26.01.2022 0:00;0,06323
27.01.2022 0:00;0,06158
28.01.2022 0:00;0,05784
31.01.2022 0:00;0,05753
01.02.2022 0:00;0,05741
02.02.2022 0:00;0,0526
03.02.2022 0:00;0,05173
04.02.2022 0:00;0,05681
07.02.2022 0:00;0,05743
08.02.2022 0:00;0,05558
09.02.2022 0:00;0,05172
10.02.2022 0:00;0,04732
11.02.2022 0:00;0,05489
14.02.2022 0:00;0,0606
15.02.2022 0:00;0,0632
16.02.2022 0:00;0,09763
17.02.2022 0:00;0,11311
18.02.2022 0:00;0,11157
21.02.2022 0:00;0,1555
22.02.2022 0:00;0,15853
23.02.2022 0:00;0,19928
24.02.2022 0:00;0,4656
25.02.2022 0:00;0,5853
28.02.2022 0:00;0,6113
01.03.2022 0:00;0,6485
02.03.2022 0:00;0,72
03.03.2022 0:00;0,7588
04.03.2022 0:00;0,8009
07.03.2022 0:00;0,7738
08.03.2022 0:00;0,5974
09.03.2022 0:00;0,5181
10.03.2022 0:00;0,5365
11.03.2022 0:00;0,5214
12.03.2022 0:00;0,5339
14.03.2022 0:00;0,5344
15.03.2022 0:00;0,5279
16.03.2022 0:00;0,4948
17.03.2022 0:00;0,4905
18.03.2022 0:00;0,4982
21.03.2022 0:00;0,5274
22.03.2022 0:00;0,4959
23.03.2022 0:00;0,5184
24.03.2022 0:00;0,4517
25.03.2022 0:00;0,4036
28.03.2022 0:00;0,4317
29.03.2022 0:00;0,4202
30.03.2022 0:00;0,4209
31.03.2022 0:00;0,4129
01.04.2022 0:00;0,4586
04.04.2022 0:00;0,4459
05.04.2022 0:00;0,4444
06.04.2022 0:00;0,4539
07.04.2022 0:00;0,3783
08.04.2022 0:00;0,3706
11.04.2022 0:00;0,3718
12.04.2022 0:00;0,3602
13.04.2022 0:00;0,3281
14.04.2022 0:00;0,3184
15.04.2022 0:00;0,3141
18.04.2022 0:00;0,2953
19.04.2022 0:00;0,329
20.04.2022 0:00;0,3148
21.04.2022 0:00;0,3037
22.04.2022 0:00;0,3133
25.04.2022 0:00;0,3184
26.04.2022 0:00;0,3207
27.04.2022 0:00;0,3168
28.04.2022 0:00;0,2907
29.04.2022 0:00;0,3101
02.05.2022 0:00;0,316
03.05.2022 0:00;0,2939
04.05.2022 0:00;0,2977
05.05.2022 0:00;0,2739
06.05.2022 0:00;0,2687
09.05.2022 0:00;0,2705
10.05.2022 0:00;0,2562
11.05.2022 0:00;0,2555
12.05.2022 0:00;0,2532
13.05.2022 0:00;0,2372
16.05.2022 0:00;0,2834
17.05.2022 0:00;0,2405
18.05.2022 0:00;0,2158
19.05.2022 0:00;0,2235
20.05.2022 0:00;0,2377
23.05.2022 0:00;0,2373
24.05.2022 0:00;0,2217
25.05.2022 0:00;0,2044
26.05.2022 0:00;0,203
27.05.2022 0:00;0,1972
30.05.2022 0:00;0,1915
01.06.2022 0:00;0,1959
02.06.2022 0:00;0,1982
03.06.2022 0:00;0,2104
06.06.2022 0:00;0,2138
07.06.2022 0:00;0,2125
08.06.2022 0:00;0,2217
09.06.2022 0:00;0,2185
10.06.2022 0:00;0,2228
13.06.2022 0:00;0,2315
14.06.2022 0:00;0,232
15.06.2022 0:00;0,2438
16.06.2022 0:00;0,2459
17.06.2022 0:00;0,2491
20.06.2022 0:00;0,2386
21.06.2022 0:00;0,2233
22.06.2022 0:00;0,2422
23.06.2022 0:00;0,2783
24.06.2022 0:00;0,2891
27.06.2022 0:00;0,2575
28.06.2022 0:00;0,2481
29.06.2022 0:00;0,2454
30.06.2022 0:00;0,2479
01.07.2022 0:00;0,252
04.07.2022 0:00;0,2402
05.07.2022 0:00;0,2545
06.07.2022 0:00;0,2585
07.07.2022 0:00;0,2677
08.07.2022 0:00;0,2704
11.07.2022 0:00;0,2643
12.07.2022 0:00;0,2785
13.07.2022 0:00;0,3065
14.07.2022 0:00;0,3131
15.07.2022 0:00;0,2919
18.07.2022 0:00;0,2881
19.07.2022 0:00;0,3164
20.07.2022 0:00;0,3039
21.07.2022 0:00;0,376
22.07.2022 0:00;0,3254
25.07.2022 0:00;0,4237
26.07.2022 0:00;0,4081
27.07.2022 0:00;0,4354
28.07.2022 0:00;0,4205
29.07.2022 0:00;0,4374
01.08.2022 0:00;0,4149
02.08.2022 0:00;0,3748
03.08.2022 0:00;0,3468
04.08.2022 0:00;0,33
05.08.2022 0:00;0,3466
08.08.2022 0:00;0,4307
09.08.2022 0:00;0,4361
10.08.2022 0:00;0,4427
11.08.2022 0:00;0,4443
12.08.2022 0:00;0,4708
15.08.2022 0:00;0,4578
16.08.2022 0:00;0,4674
17.08.2022 0:00;0,4755
18.08.2022 0:00;0,4705
19.08.2022 0:00;0,4806
22.08.2022 0:00;0,4824
23.08.2022 0:00;0,474
24.08.2022 0:00;0,4523
25.08.2022 0:00;0,4044
26.08.2022 0:00;0,4005
29.08.2022 0:00;0,4244
30.08.2022 0:00;0,4395
31.08.2022 0:00;0,4348
01.09.2022 0:00;0,3995
02.09.2022 0:00;0,3327
05.09.2022 0:00;0,2898
06.09.2022 0:00;0,2927
07.09.2022 0:00;0,2864
08.09.2022 0:00;0,2721
09.09.2022 0:00;0,2699
12.09.2022 0:00;0,2559
13.09.2022 0:00;0,2523
14.09.2022 0:00;0,2477
15.09.2022 0:00;0,2443
16.09.2022 0:00;0,2404
19.09.2022 0:00;0,2361
20.09.2022 0:00;0,2436
21.09.2022 0:00;0,2464
22.09.2022 0:00;0,2598
23.09.2022 0:00;0,2616
26.09.2022 0:00;0,2632
27.09.2022 0:00;0,2823
28.09.2022 0:00;0,3559
29.09.2022 0:00;0,4038
30.09.2022 0:00;0,3986
03.10.2022 0:00;0,3765
04.10.2022 0:00;0,3301
05.10.2022 0:00;0,3561
06.10.2022 0:00;0,4109
07.10.2022 0:00;0,4129
10.10.2022 0:00;0,3641
11.10.2022 0:00;0,3184
12.10.2022 0:00;0,2967
13.10.2022 0:00;0,298
14.10.2022 0:00;0,349
17.10.2022 0:00;0,3668
18.10.2022 0:00;0,3801
19.10.2022 0:00;0,4014
20.10.2022 0:00;0,4262
21.10.2022 0:00;0,4397
24.10.2022 0:00;0,4421
25.10.2022 0:00;0,4511
26.10.2022 0:00;0,4675
27.10.2022 0:00;0,4594
28.10.2022 0:00;0,474
31.10.2022 0:00;0,4604
01.11.2022 0:00;0,4383
02.11.2022 0:00;0,3946
03.11.2022 0:00;0,3561
04.11.2022 0:00;0,3237
07.11.2022 0:00;0,286
08.11.2022 0:00;0,2666
09.11.2022 0:00;0,2499
10.11.2022 0:00;0,2348
11.11.2022 0:00;0,2246
14.11.2022 0:00;0,2164
15.11.2022 0:00;0,214
16.11.2022 0:00;0,209
17.11.2022 0:00;0,2072
18.11.2022 0:00;0,2064
21.11.2022 0:00;0,2019
22.11.2022 0:00;0,2129
23.11.2022 0:00;0,1911
24.11.2022 0:00;0,1799
25.11.2022 0:00;0,1777
28.11.2022 0:00;0,1826
29.11.2022 0:00;0,1716
30.11.2022 0:00;0,1753
01.12.2022 0:00;0,1845
02.12.2022 0:00;0,1781
05.12.2022 0:00;0,1882
06.12.2022 0:00;0,1989
07.12.2022 0:00;0,198
08.12.2022 0:00;0,2078
09.12.2022 0:00;0,2134
12.12.2022 0:00;0,2077
13.12.2022 0:00;0,199
14.12.2022 0:00;0,1988
15.12.2022 0:00;0,194
16.12.2022 0:00;0,2045
19.12.2022 0:00;0,2016
20.12.2022 0:00;0,1932
21.12.2022 0:00;0,2026
22.12.2022 0:00;0,1964
23.12.2022 0:00;0,1983
26.12.2022 0:00;0,1956
27.12.2022 0:00;0,1787
28.12.2022 0:00;0,1817
29.12.2022 0:00;0,1806
30.12.2022 0:00;0,1844
02.01.2023 0:00;0,1722
03.01.2023 0:00;0,1718
04.01.2023 0:00;0,1693
05.01.2023 0:00;0,1658
06.01.2023 0:00;0,1685
09.01.2023 0:00;0,1706
10.01.2023 0:00;0,1701
11.01.2023 0:00;0,1664
12.01.2023 0:00;0,1627
13.01.2023 0:00;0,1612
16.01.2023 0:00;0,1576
17.01.2023 0:00;0,1564
18.01.2023 0:00;0,1563
19.01.2023 0:00;0,1538
20.01.2023 0:00;0,1539
23.01.2023 0:00;0,1519
24.01.2023 0:00;0,146
25.01.2023 0:00;0,1458
26.01.2023 0:00;0,1478
27.01.2023 0:00;0,1419
30.01.2023 0:00;0,1417
31.01.2023 0:00;0,1249
01.02.2023 0:00;0,1247
02.02.2023 0:00;0,1162
03.02.2023 0:00;0,1312
06.02.2023 0:00;0,1542
07.02.2023 0:00;0,1422
08.02.2023 0:00;0,1343
09.02.2023 0:00;0,1292
10.02.2023 0:00;0,1271
13.02.2023 0:00;0,14
14.02.2023 0:00;0,1307
15.02.2023 0:00;0,1211
16.02.2023 0:00;0,1212
17.02.2023 0:00;0,1194
20.02.2023 0:00;0,1242
21.02.2023 0:00;0,1245
22.02.2023 0:00;0,1278
23.02.2023 0:00;0,1231
24.02.2023 0:00;0,1217
27.02.2023 0:00;0,1255
28.02.2023 0:00;0,1207
01.03.2023 0:00;0,1351
02.03.2023 0:00;0,1253
03.03.2023 0:00;0,1309
06.03.2023 0:00;0,1972
07.03.2023 0:00;0,2171
08.03.2023 0:00;0,2172
09.03.2023 0:00;0,2153
10.03.2023 0:00;0,1906
13.03.2023 0:00;0,1577
14.03.2023 0:00;0,1343
15.03.2023 0:00;0,132
16.03.2023 0:00;0,1397
17.03.2023 0:00;0,1337
20.03.2023 0:00;0,1686
21.03.2023 0:00;0,2162
22.03.2023 0:00;0,2275
23.03.2023 0:00;0,241
24.03.2023 0:00;0,2445
27.03.2023 0:00;0,2536
28.03.2023 0:00;0,2611
29.03.2023 0:00;0,265
30.03.2023 0:00;0,2738
31.03.2023 0:00;0,262
03.04.2023 0:00;0,2643
04.04.2023 0:00;0,2661
05.04.2023 0:00;0,2742
06.04.2023 0:00;0,2732
07.04.2023 0:00;0,2613
10.04.2023 0:00;0,2621
11.04.2023 0:00;0,258
12.04.2023 0:00;0,2637
13.04.2023 0:00;0,265
14.04.2023 0:00;0,261
17.04.2023 0:00;0,2564
18.04.2023 0:00;0,2609
19.04.2023 0:00;0,2589
20.04.2023 0:00;0,2587
21.04.2023 0:00;0,2639
24.04.2023 0:00;0,266
25.04.2023 0:00;0,2627
26.04.2023 0:00;0,2561
27.04.2023 0:00;0,2528
28.04.2023 0:00;0,2524
01.05.2023 0:00;0,2485
02.05.2023 0:00;0,2171
03.05.2023 0:00;0,2148
04.05.2023 0:00;0,1905
05.05.2023 0:00;0,1771
08.05.2023 0:00;0,1629
09.05.2023 0:00;0,1702
10.05.2023 0:00;0,1902
11.05.2023 0:00;0,2095
12.05.2023 0:00;0,2263
15.05.2023 0:00;0,2375
16.05.2023 0:00;0,2396
17.05.2023 0:00;0,2463
18.05.2023 0:00;0,2558
19.05.2023 0:00;0,2611
22.05.2023 0:00;0,2603
23.05.2023 0:00;0,2538
24.05.2023 0:00;0,2485
25.05.2023 0:00;0,2555
26.05.2023 0:00;0,2617
29.05.2023 0:00;0,2646
30.05.2023 0:00;0,2572
31.05.2023 0:00;0,2563
01.06.2023 0:00;0,2534
02.06.2023 0:00;0,2588
03.06.2023 0:00;0,2552
06.06.2023 0:00;0,2584
07.06.2023 0:00;0,25
08.06.2023 0:00;0,2537
09.06.2023 0:00;0,2379
10.06.2023 0:00;0,2296
13.06.2023 0:00;0,2295
14.06.2023 0:00;0,2192
15.06.2023 0:00;0,2136
16.06.2023 0:00;0,1979
17.06.2023 0:00;0,1915
20.06.2023 0:00;0,1797
21.06.2023 0:00;0,1592
22.06.2023 0:00;0,1448
23.06.2023 0:00;0,1351
24.06.2023 0:00;0,1329
27.06.2023 0:00;0,1297
28.06.2023 0:00;0,1222
29.06.2023 0:00;0,1163
30.06.2023 0:00;0,1168
01.07.2023 0:00;0,1148
04.07.2023 0:00;0,1148
05.07.2023 0:00;0,1232
06.07.2023 0:00;0,125
07.07.2023 0:00;0,1238
10.07.2023 0:00;0,118
11.07.2023 0:00;0,1238
12.07.2023 0:00;0,1187
13.07.2023 0:00;0,1146
14.07.2023 0:00;0,1195
17.07.2023 0:00;0,1163
18.07.2023 0:00;0,1221
19.07.2023 0:00;0,1219
20.07.2023 0:00;0,1278
21.07.2023 0:00;0,1254
24.07.2023 0:00;0,1242
25.07.2023 0:00;0,1235
26.07.2023 0:00;0,1264
27.07.2023 0:00;0,1268
28.07.2023 0:00;0,1243
31.07.2023 0:00;0,1281
01.08.2023 0:00;0,1283
02.08.2023 0:00;0,1373
03.08.2023 0:00;0,135
04.08.2023 0:00;0,1372
07.08.2023 0:00;0,1435
08.08.2023 0:00;0,1364
09.08.2023 0:00;0,1303
10.08.2023 0:00;0,1309
11.08.2023 0:00;0,1294
14.08.2023 0:00;0,1325
15.08.2023 0:00;0,1322
16.08.2023 0:00;0,1278
17.08.2023 0:00;0,1324
18.08.2023 0:00;0,1329
21.08.2023 0:00;0,1269
22.08.2023 0:00;0,1355
23.08.2023 0:00;0,1276
24.08.2023 0:00;0,1307
25.08.2023 0:00;0,1339
28.08.2023 0:00;0,1302
29.08.2023 0:00;0,1345
30.08.2023 0:00;0,1364
31.08.2023 0:00;0,1365
01.09.2023 0:00;0,1371
04.09.2023 0:00;0,1344
05.09.2023 0:00;0,1414
06.09.2023 0:00;0,1373
07.09.2023 0:00;0,1401
08.09.2023 0:00;0,1272
11.09.2023 0:00;0,1313
12.09.2023 0:00;0,1323
13.09.2023 0:00;0,1304
14.09.2023 0:00;0,134
15.09.2023 0:00;0,1264
18.09.2023 0:00;0,1323
19.09.2023 0:00;0,1376
20.09.2023 0:00;0,1336
21.09.2023 0:00;0,1343
22.09.2023 0:00;0,1381
25.09.2023 0:00;0,1313
26.09.2023 0:00;0,1344
27.09.2023 0:00;0,1366
28.09.2023 0:00;0,1368
29.09.2023 0:00;0,1378
02.10.2023 0:00;0,1392
03.10.2023 0:00;0,1401
04.10.2023 0:00;0,1487
05.10.2023 0:00;0,1414
06.10.2023 0:00;0,1347
09.10.2023 0:00;0,1268
10.10.2023 0:00;0,1187
11.10.2023 0:00;0,0878
12.10.2023 0:00;0,0813
13.10.2023 0:00;0,094
16.10.2023 0:00;0,1025
17.10.2023 0:00;0,1064
18.10.2023 0:00;0,1163
19.10.2023 0:00;0,1284
20.10.2023 0:00;0,1302
23.10.2023 0:00;0,1313
24.10.2023 0:00;0,1319
25.10.2023 0:00;0,1317
26.10.2023 0:00;0,1352
27.10.2023 0:00;0,1354
30.10.2023 0:00;0,1339
31.10.2023 0:00;0,1271
01.11.2023 0:00;0,1232
02.11.2023 0:00;0,124
03.11.2023 0:00;0,1277
06.11.2023 0:00;0,126
07.11.2023 0:00;0,1172
08.11.2023 0:00;0,1126
09.11.2023 0:00;0,1067
10.11.2023 0:00;0,1174
13.11.2023 0:00;0,1164
14.11.2023 0:00;0,1165
15.11.2023 0:00;0,1195
16.11.2023 0:00;0,1165
17.11.2023 0:00;0,1191
20.11.2023 0:00;0,1164
21.11.2023 0:00;0,1186
22.11.2023 0:00;0,1267
23.11.2023 0:00;0,12
24.11.2023 0:00;0,1266
27.11.2023 0:00;0,124
28.11.2023 0:00;0,1247
29.11.2023 0:00;0,1266
30.11.2023 0:00;0,1214
01.12.2023 0:00;0,1187
04.12.2023 0:00;0,1201
05.12.2023 0:00;0,1207
06.12.2023 0:00;0,1183
07.12.2023 0:00;0,1138
08.12.2023 0:00;0,0991
11.12.2023 0:00;0,0678
12.12.2023 0:00;0,0661
13.12.2023 0:00;0,0978
14.12.2023 0:00;0,1088
15.12.2023 0:00;0,1129
18.12.2023 0:00;0,1175
19.12.2023 0:00;0,127
20.12.2023 0:00;0,1363
21.12.2023 0:00;0,1402
22.12.2023 0:00;0,1381
25.12.2023 0:00;0,1352
26.12.2023 0:00;0,125
27.12.2023 0:00;0,1109
28.12.2023 0:00;0,0955
29.12.2023 0:00;0,098
01.01.2024 0:00;0,1047
02.01.2024 0:00;0,0998
03.01.2024 0:00;0,115
04.01.2024 0:00;0,1256
05.01.2024 0:00;0,1317
08.01.2024 0:00;0,1355
09.01.2024 0:00;0,1358
10.01.2024 0:00;0,1356
11.01.2024 0:00;0,1421
12.01.2024 0:00;0,1435
15.01.2024 0:00;0,142
16.01.2024 0:00;0,1488
17.01.2024 0:00;0,1502
18.01.2024 0:00;0,1568
19.01.2024 0:00;0,1613
22.01.2024 0:00;0,1621
23.01.2024 0:00;0,1589
24.01.2024 0:00;0,1577
25.01.2024 0:00;0,1592
26.01.2024 0:00;0,1601
29.01.2024 0:00;0,1608
30.01.2024 0:00;0,1602
31.01.2024 0:00;0,1616
01.02.2024 0:00;0,1594
02.02.2024 0:00;0,1608
05.02.2024 0:00;0,1584
06.02.2024 0:00;0,1604
07.02.2024 0:00;0,1584
08.02.2024 0:00;0,1539
09.02.2024 0:00;0,1572
12.02.2024 0:00;0,1599
13.02.2024 0:00;0,1597
14.02.2024 0:00;0,1553
15.02.2024 0:00;0,1497
16.02.2024 0:00;0,1526
19.02.2024 0:00;0,1557
20.02.2024 0:00;0,1568
21.02.2024 0:00;0,1561
22.02.2024 0:00;0,1501
23.02.2024 0:00;0,1448
26.02.2024 0:00;0,1419
27.02.2024 0:00;0,1434
28.02.2024 0:00;0,1418
29.02.2024 0:00;0,1363
01.03.2024 0:00;0,1339
04.03.2024 0:00;0,1303
05.03.2024 0:00;0,1306
06.03.2024 0:00;0,1274
07.03.2024 0:00;0,1255
08.03.2024 0:00;0,1218
11.03.2024 0:00;0,1183
12.03.2024 0:00;0,125
13.03.2024 0:00;0,1245
14.03.2024 0:00;0,1293
15.03.2024 0:00;0,1243
18.03.2024 0:00;0,1268
19.03.2024 0:00;0,1323
20.03.2024 0:00;0,132
21.03.2024 0:00;0,1307
22.03.2024 0:00;0,1295
25.03.2024 0:00;0,1271
26.03.2024 0:00;0,1309
27.03.2024 0:00;0,1332
28.03.2024 0:00;0,132
29.03.2024 0:00;0,1359
01.04.2024 0:00;0,1294
02.04.2024 0:00;0,1308
03.04.2024 0:00;0,1332
04.04.2024 0:00;0,1354
05.04.2024 0:00;0,1338
08.04.2024 0:00;0,1341
09.04.2024 0:00;0,128
10.04.2024 0:00;0,1268
11.04.2024 0:00;0,1312
12.04.2024 0:00;0,1316
15.04.2024 0:00;0,1334
16.04.2024 0:00;0,1365
17.04.2024 0:00;0,142
18.04.2024 0:00;0,148
19.04.2024 0:00;0,1527
22.04.2024 0:00;0,1527
23.04.2024 0:00;0,1472
24.04.2024 0:00;0,1432
25.04.2024 0:00;0,1491
26.04.2024 0:00;0,1569
29.04.2024 0:00;0,156
30.04.2024 0:00;0,1526
01.05.2024 0:00;0,1517
02.05.2024 0:00;0,1571
03.05.2024 0:00;0,1537
06.05.2024 0:00;0,1548
07.05.2024 0:00;0,1457
08.05.2024 0:00;0,1438
09.05.2024 0:00;0,1444
10.05.2024 0:00;0,1455
13.05.2024 0:00;0,1428
14.05.2024 0:00;0,1417
15.05.2024 0:00;0,1398
16.05.2024 0:00;0,1387
17.05.2024 0:00;0,1405
20.05.2024 0:00;0,1402
21.05.2024 0:00;0,1472
22.05.2024 0:00;0,1411
23.05.2024 0:00;0,1403
24.05.2024 0:00;0,1403
27.05.2024 0:00;0,1427
28.05.2024 0:00;0,1482
29.05.2024 0:00;0,1502
30.05.2024 0:00;0,1531
31.05.2024 0:00;0,1484
03.06.2024 0:00;0,1499
04.06.2024 0:00;0,1516
05.06.2024 0:00;0,1525
06.06.2024 0:00;0,1473
07.06.2024 0:00;0,1428
10.06.2024 0:00;0,1444
11.06.2024 0:00;0,1478
12.06.2024 0:00;0,1529
13.06.2024 0:00;0,1526
14.06.2024 0:00;0,1479
17.06.2024 0:00;0,1496
18.06.2024 0:00;0,1522
19.06.2024 0:00;0,1638
20.06.2024 0:00;0,1602
21.06.2024 0:00;0,1539
24.06.2024 0:00;0,148
25.06.2024 0:00;0,1492
26.06.2024 0:00;0,1516
27.06.2024 0:00;0,1522
28.06.2024 0:00;0,1533
01.07.2024 0:00;0,1459
02.07.2024 0:00;0,1503
03.07.2024 0:00;0,1531
04.07.2024 0:00;0,1524
05.07.2024 0:00;0,1547
08.07.2024 0:00;0,1559
09.07.2024 0:00;0,1448
10.07.2024 0:00;0,1393
11.07.2024 0:00;0,1414
12.07.2024 0:00;0,1455
15.07.2024 0:00;0,148
16.07.2024 0:00;0,1473
17.07.2024 0:00;0,1483
18.07.2024 0:00;0,1523
19.07.2024 0:00;0,1547
22.07.2024 0:00;0,1508
23.07.2024 0:00;0,1432
24.07.2024 0:00;0,1418
25.07.2024 0:00;0,1493
26.07.2024 0:00;0,1523
29.07.2024 0:00;0,1536
30.07.2024 0:00;0,1547
31.07.2024 0:00;0,152
01.08.2024 0:00;0,1576
02.08.2024 0:00;0,1606
05.08.2024 0:00;0,1608
06.08.2024 0:00;0,153
07.08.2024 0:00;0,1497
08.08.2024 0:00;0,1485
09.08.2024 0:00;0,152
12.08.2024 0:00;0,1515
13.08.2024 0:00;0,1518
14.08.2024 0:00;0,1522
15.08.2024 0:00;0,1496
16.08.2024 0:00;0,1492
19.08.2024 0:00;0,1483
20.08.2024 0:00;0,1555
21.08.2024 0:00;0,1516
22.08.2024 0:00;0,1478
23.08.2024 0:00;0,1512
26.08.2024 0:00;0,1493
27.08.2024 0:00;0,1524
28.08.2024 0:00;0,1543
29.08.2024 0:00;0,1495
30.08.2024 0:00;0,1479
02.09.2024 0:00;0,1025
03.09.2024 0:00;0,0991
04.09.2024 0:00;0,0958
05.09.2024 0:00;0,1157
06.09.2024 0:00;0,101
09.09.2024 0:00;0,087
10.09.2024 0:00;0,0833
11.09.2024 0:00;0,0978
12.09.2024 0:00;0,0901
13.09.2024 0:00;0,0916
16.09.2024 0:00;0,0948
17.09.2024 0:00;0,0938
18.09.2024 0:00;0,0969
19.09.2024 0:00;0,1021
20.09.2024 0:00;0,0983
21.09.2024 0:00;0,0917
22.09.2024 0:00;0,0908
23.09.2024 0:00;0,0895
24.09.2024 0:00;0,0947
25.09.2024 0:00;0,1009
26.09.2024 0:00;0,0991
27.09.2024 0:00;0,1063
28.09.2024 0:00;0,1007
29.09.2024 0:00;0,0992
30.09.2024 0:00;0,0995
01.10.2024 0:00;0,0952
02.10.2024 0:00;0,0995
03.10.2024 0:00;0,0944
04.10.2024 0:00;0,0924
05.10.2024 0:00;0,0866
06.10.2024 0:00;0,0819
07.10.2024 0:00;0,0858
08.10.2024 0:00;0,0825
09.10.2024 0:00;0,0822
10.10.2024 0:00;0,0829
11.10.2024 0:00;0,0908
14.10.2024 0:00;0,1134
15.10.2024 0:00;0,1073
16.10.2024 0:00;0,0881
17.10.2024 0:00;0,0887
18.10.2024 0:00;0,0851
21.10.2024 0:00;0,0876
22.10.2024 0:00;0,0886
23.10.2024 0:00;0,0922
24.10.2024 0:00;0,0907
25.10.2024 0:00;0,091
28.10.2024 0:00;0,0881
29.10.2024 0:00;0,0998
30.10.2024 0:00;0,0874
31.10.2024 0:00;0,0931
01.11.2024 0:00;0,0949
04.11.2024 0:00;0,0935
05.11.2024 0:00;0,0872
06.11.2024 0:00;0,0854
07.11.2024 0:00;0,0817
08.11.2024 0:00;0,077
11.11.2024 0:00;0,0592
12.11.2024 0:00;0,0481
13.11.2024 0:00;0,0629
14.11.2024 0:00;0,0671
15.11.2024 0:00;0,0702
18.11.2024 0:00;0,0725
19.11.2024 0:00;0,079
20.11.2024 0:00;0,0769
21.11.2024 0:00;0,0751
22.11.2024 0:00;0,0817
25.11.2024 0:00;0,0881
26.11.2024 0:00;0,0837
27.11.2024 0:00;0,0838
28.11.2024 0:00;0,0852
29.11.2024 0:00;0,0839
02.12.2024 0:00;0,0848
03.12.2024 0:00;0,0929
04.12.2024 0:00;0,0871
05.12.2024 0:00;0,0912
06.12.2024 0:00;0,0846
09.12.2024 0:00;0,0817
10.12.2024 0:00;0,0832
11.12.2024 0:00;0,0813
12.12.2024 0:00;0,0823
13.12.2024 0:00;0,0824
16.12.2024 0:00;0,082
17.12.2024 0:00;0,0851
18.12.2024 0:00;0,0878
19.12.2024 0:00;0,092
20.12.2024 0:00;0,0899
23.12.2024 0:00;0,0862
24.12.2024 0:00;0,0915
25.12.2024 0:00;0,0902
26.12.2024 0:00;0,0929
27.12.2024 0:00;0,09
30.12.2024 0:00;0,08
31.12.2024 0:00;0,0817
01.01.2025 0:00;0,0843
02.01.2025 0:00;0,0917
03.01.2025 0:00;0,0848
06.01.2025 0:00;0,0843
07.01.2025 0:00;0,0829
08.01.2025 0:00;0,0835
09.01.2025 0:00;0,084
10.01.2025 0:00;0,0832
13.01.2025 0:00;0,0856
14.01.2025 0:00;0,0846
15.01.2025 0:00;0,0827
16.01.2025 0:00;0,0787
17.01.2025 0:00;0,0816
20.01.2025 0:00;0,0805
21.01.2025 0:00;0,082
22.01.2025 0:00;0,0704
23.01.2025 0:00;0,0661
24.01.2025 0:00;0,0568
27.01.2025 0:00;0,0538
28.01.2025 0:00;0,0503
29.01.2025 0:00;0,0505
30.01.2025 0:00;0,0507
31.01.2025 0:00;0,0488
03.02.2025 0:00;0,0449
04.02.2025 0:00;0,0457
05.02.2025 0:00;0,0477
06.02.2025 0:00;0,0372
07.02.2025 0:00;0,0506
10.02.2025 0:00;0,0552
11.02.2025 0:00;0,0621
12.02.2025 0:00;0,0726
13.02.2025 0:00;0,0728
14.02.2025 0:00;0,0711
17.02.2025 0:00;0,083
18.02.2025 0:00;0,0854
19.02.2025 0:00;0,0923
20.02.2025 0:00;0,0974
21.02.2025 0:00;0,0976
24.02.2025 0:00;0,0962
25.02.2025 0:00;0,098
26.02.2025 0:00;0,0882
27.02.2025 0:00;0,0903
28.02.2025 0:00;0,0954
03.03.2025 0:00;0,0969
04.03.2025 0:00;0,0921
05.03.2025 0:00;0,0948
06.03.2025 0:00;0,0897
07.03.2025 0:00;0,0782
10.03.2025 0:00;0,0729
11.03.2025 0:00;0,063
12.03.2025 0:00;0,0653
13.03.2025 0:00;0,0743
14.03.2025 0:00;0,0768
17.03.2025 0:00;0,0813
18.03.2025 0:00;0,0872
19.03.2025 0:00;0,0938
20.03.2025 0:00;0,095
21.03.2025 0:00;0,0928
24.03.2025 0:00;0,096
25.03.2025 0:00;0,1001
26.03.2025 0:00;0,0969
27.03.2025 0:00;0,0955
28.03.2025 0:00;0,1023
31.03.2025 0:00;0,1034
01.04.2025 0:00;0,097
02.04.2025 0:00;0,0991
03.04.2025 0:00;0,0986
04.04.2025 0:00;0,1023
07.04.2025 0:00;0,1103
08.04.2025 0:00;0,1209
09.04.2025 0:00;0,0861
10.04.2025 0:00;0,0968
11.04.2025 0:00;0,083
14.04.2025 0:00;0,0536
15.04.2025 0:00;0,0606
16.04.2025 0:00;0,0728
17.04.2025 0:00;0,0805
18.04.2025 0:00;0,0867
21.04.2025 0:00;0,0774
22.04.2025 0:00;0,0791
23.04.2025 0:00;0,0743
24.04.2025 0:00;0,0927
25.04.2025 0:00;0,0801
28.04.2025 0:00;0,0758
29.04.2025 0:00;0,0716
30.04.2025 0:00;0,0737
01.05.2025 0:00;0,0771
02.05.2025 0:00;0,0815
05.05.2025 0:00;0,0762
06.05.2025 0:00;0,0716
07.05.2025 0:00;0,0685
08.05.2025 0:00;0,0658
09.05.2025 0:00;0,0542
12.05.2025 0:00;0,0591
13.05.2025 0:00;0,0607
14.05.2025 0:00;0,0712
15.05.2025 0:00;0,0681
16.05.2025 0:00;0,0717
19.05.2025 0:00;0,07
20.05.2025 0:00;0,0735
21.05.2025 0:00;0,0786
22.05.2025 0:00;0,0935
23.05.2025 0:00;0,078
26.05.2025 0:00;0,0788
27.05.2025 0:00;0,121
28.05.2025 0:00;0,1173
29.05.2025 0:00;0,1141
30.05.2025 0:00;0,1306
02.06.2025 0:00;0,1223
03.06.2025 0:00;0,1226
04.06.2025 0:00;0,1308
05.06.2025 0:00;0,1439
06.06.2025 0:00;0,1393
09.06.2025 0:00;0,1416
10.06.2025 0:00;0,1359
11.06.2025 0:00;0,1461
12.06.2025 0:00;0,1418
13.06.2025 0:00;0,1502
16.06.2025 0:00;0,1458
17.06.2025 0:00;0,1527
18.06.2025 0:00;0,1489
19.06.2025 0:00;0,153
20.06.2025 0:00;0,161
23.06.2025 0:00;0,1534
24.06.2025 0:00;0,1374
25.06.2025 0:00;0,1268
26.06.2025 0:00;0,135
27.06.2025 0:00;0,133
30.06.2025 0:00;0,1299
01.07.2025 0:00;0,1242
02.07.2025 0:00;0,1143
03.07.2025 0:00;0,1142
04.07.2025 0:00;0,0958
07.07.2025 0:00;0,0927
08.07.2025 0:00;0,0986
09.07.2025 0:00;0,0761
10.07.2025 0:00;0,0656
11.07.2025 0:00;0,0623
14.07.2025 0:00;0,0761
15.07.2025 0:00;0,0844
16.07.2025 0:00;0,0899
17.07.2025 0:00;0,0887
18.07.2025 0:00;0,0882
21.07.2025 0:00;0,0879
22.07.2025 0:00;0,0984
23.07.2025 0:00;0,0982
24.07.2025 0:00;0,0914
25.07.2025 0:00;0,0933
28.07.2025 0:00;0,094
29.07.2025 0:00;0,1019
30.07.2025 0:00;0,098
31.07.2025 0:00;0,0978
01.08.2025 0:00;0,0967
04.08.2025 0:00;0,097
05.08.2025 0:00;0,098
06.08.2025 0:00;0,0961
07.08.2025 0:00;0,0894
08.08.2025 0:00;0,119
11.08.2025 0:00;0,1215
12.08.2025 0:00;0,1363
13.08.2025 0:00;0,1356
14.08.2025 0:00;0,1403
15.08.2025 0:00;0,1418
18.08.2025 0:00;0,1405
19.08.2025 0:00;0,1483
20.08.2025 0:00;0,126
21.08.2025 0:00;0,1151
22.08.2025 0:00;0,0954
25.08.2025 0:00;0,0837
26.08.2025 0:00;0,0849
27.08.2025 0:00;0,0806
28.08.2025 0:00;0,0765
29.08.2025 0:00;0,0741
01.09.2025 0:00;0,0744
02.09.2025 0:00;0,0749
03.09.2025 0:00;0,0729
04.09.2025 0:00;0,0778
05.09.2025 0:00;0,073
08.09.2025 0:00;0,0754
09.09.2025 0:00;0,074
10.09.2025 0:00;0,0723
11.09.2025 0:00;0,0725
12.09.2025 0:00;0,0708
15.09.2025 0:00;0,0705
16.09.2025 0:00;0,0703
17.09.2025 0:00;0,0667
18.09.2025 0:00;0,0649
19.09.2025 0:00;0,0662
22.09.2025 0:00;0,0629
23.09.2025 0:00;0,0543
24.09.2025 0:00;0,0455
25.09.2025 0:00;0,0449
26.09.2025 0:00;0,0427
29.09.2025 0:00;0,0399
30.09.2025 0:00;0,039
01.10.2025 0:00;0,0359
02.10.2025 0:00;0,0393
03.10.2025 0:00;0,0408
06.10.2025 0:00;0,0397
07.10.2025 0:00;0,0367
08.10.2025 0:00;0,0389
09.10.2025 0:00;0,0405
10.10.2025 0:00;0,0419
13.10.2025 0:00;0,0484
14.10.2025 0:00;0,0522
15.10.2025 0:00;0,0508
16.10.2025 0:00;0,0421
17.10.2025 0:00;0,0377
20.10.2025 0:00;0,0397
21.10.2025 0:00;0,0442
22.10.2025 0:00;0,0561
23.10.2025 0:00;0,0558
24.10.2025 0:00;0,0609
27.10.2025 0:00;0,0555
28.10.2025 0:00;0,0622
29.10.2025 0:00;0,0666
30.10.2025 0:00;0,0661
31.10.2025 0:00;0,065
03.11.2025 0:00;0,0686
04.11.2025 0:00;0,0682
05.11.2025 0:00;0,07
06.11.2025 0:00;0,0754
07.11.2025 0:00;0,0697
10.11.2025 0:00;0,0615
11.11.2025 0:00;0,0529
12.11.2025 0:00;0,0501
13.11.2025 0:00;0,0482
14.11.2025 0:00;0,0441
17.11.2025 0:00;0,0467
18.11.2025 0:00;0,0475
19.11.2025 0:00;0,0504
20.11.2025 0:00;0,0475
21.11.2025 0:00;0,047
24.11.2025 0:00;0,0559
25.11.2025 0:00;0,0674
26.11.2025 0:00;0,0695
27.11.2025 0:00;0,0707
28.11.2025 0:00;0,0732
